$MeshFormat
4.1 0 8
$EndMeshFormat
$PhysicalNames
5
1 1 "Gamma1"
1 2 "Gamma2"
1 3 "Gamma3"
1 4 "Gamma4"
2 5 "Omega"
$EndPhysicalNames
$Entities
6 6 1 0
1 0 0 0 0 
2 1 0 0 0 
3 1 -1 0 0 
4 4 -1 0 0 
5 4 1 0 0 
6 0 1 0 0 
1 0 0 0 1 0 0 1 1 2 1 -2 
2 1 -1 0 1 0 0 1 1 2 2 -3 
3 1 -1 0 4 -1 0 1 1 2 3 -4 
4 4 -1 0 4 1 0 1 4 2 4 -5 
5 0 1 0 4 1 0 1 2 2 5 -6 
6 0 0 0 0 1 0 1 3 2 6 -1 
1 0 -1 0 4 1 0 1 5 6 1 2 3 4 5 6 
$EndEntities
$Nodes
13 2215 1 2215
0 1 0 1
1
0 0 0
0 2 0 1
2
1 0 0
0 3 0 1
3
1 -1 0
0 4 0 1
4
4 -1 0
0 5 0 1
5
4 1 0
0 6 0 1
6
0 1 0
1 1 0 7
7
8
9
10
11
12
13
0.1439920860744455 0 0
0.2879841721487502 0 0
0.4319762582230549 0 0
0.5759683442977813 0 0
0.7199604303728864 0 0
0.8448617356737109 0 0
0.9349236869783781 0 0
1 2 0 39
14
15
16
17
18
19
20
21
22
23
24
25
26
27
28
29
30
31
32
33
34
35
36
37
38
39
40
41
42
43
44
45
46
47
48
49
50
51
52
1 -0.02897638028137062 0
1 -0.05376278713141613 0
1 -0.07855497902892446 0
1 -0.103358991532876 0
1 -0.128145398382931 0
1 -0.1529552030954424 0
1 -0.1777416099454693 0
1 -0.2025280167954963 0
1 -0.2273144236455232 0
1 -0.2521008304955502 0
1 -0.276887237345577 0
1 -0.3016970504968268 0
1 -0.3264834573468537 0
1 -0.3512698641968806 0
1 -0.3760562710469076 0
1 -0.4008426778969345 0
1 -0.4256290847469615 0
1 -0.4504154915969884 0
1 -0.4752018984470153 0
1 -0.4999999999986829 0
1 -0.5247981015505344 0
1 -0.5495845084006988 0
1 -0.5743709152508633 0
1 -0.5991573221010277 0
1 -0.6239437289511922 0
1 -0.6487301358013566 0
1 -0.6735165426515211 0
1 -0.6983029495016855 0
1 -0.7231127626530567 0
1 -0.7478991695032211 0
1 -0.7726855763533855 0
1 -0.79747198320355 0
1 -0.8222583900537145 0
1 -0.8470447969038789 0
1 -0.8718546016165276 0
1 -0.896641008466692 0
1 -0.9214450209707428 0
1 -0.9462372128683646 0
1 -0.9710236197185291 0
1 3 0 97
53
54
55
56
57
58
59
60
61
62
63
64
65
66
67
68
69
70
71
72
73
74
75
76
77
78
79
80
81
82
83
84
85
86
87
88
89
90
91
92
93
94
95
96
97
98
99
100
101
102
103
104
105
106
107
108
109
110
111
112
113
114
115
116
117
118
119
120
121
122
123
124
125
126
127
128
129
130
131
132
133
134
135
136
137
138
139
140
141
142
143
144
145
146
147
148
149
1.057697413234499 -1 0
1.100287923528034 -1 0
1.130652913217413 -1 0
1.155445130770647 -1 0
1.180203675601629 -1 0
1.208651012260266 -1 0
1.247506650360007 -1 0
1.280936080589334 -1 0
1.306303933158836 -1 0
1.331062477989819 -1 0
1.357476286542374 -1 0
1.393656928745352 -1 0
1.430450903084011 -1 0
1.457162567985069 -1 0
1.481921112816052 -1 0
1.507132900722106 -1 0
1.539996962613006 -1 0
1.579120297137475 -1 0
1.608021506344763 -1 0
1.632780051175746 -1 0
1.657544918697042 -1 0
1.687396066813567 -1 0
1.726858322046214 -1 0
1.75866090379151 -1 0
1.783638795120734 -1 0
1.808397339951717 -1 0
1.835757456292578 -1 0
1.873571598117283 -1 0
1.908584012537167 -1 0
1.934498006673789 -1 0
1.959256551504772 -1 0
1.984993198163482 -1 0
2.019538494155931 -1 0
2.057702507668324 -1 0
2.085356945034397 -1 0
2.110115489865563 -1 0
2.1350224216069 -1 0
2.166400868551849 -1 0
2.205935091604197 -1 0
2.236189794428677 -1 0
2.260974350704107 -1 0
2.285732895535273 -1 0
2.314274765042689 -1 0
2.353192940517032 -1 0
2.386501024860122 -1 0
2.411833592591622 -1 0
2.436592137422788 -1 0
2.463067297609592 -1 0
2.499379909387829 -1 0
2.536046343078035 -1 0
2.562692227424829 -1 0
2.587450772255995 -1 0
2.612693865911115 -1 0
2.645677799380446 -1 0
2.684749415505394 -1 0
2.713551469312343 -1 0
2.73831001414351 -1 0
2.763078901313774 -1 0
2.793039169004155 -1 0
2.832524837599522 -1 0
2.864211657018969 -1 0
2.889168874982053 -1 0
2.913927419813219 -1 0
2.9413657811598 -1 0
2.979278789177214 -1 0
3.014163580426017 -1 0
3.040027813343059 -1 0
3.064786358174225 -1 0
3.090569681622155 -1 0
3.125241357218928 -1 0
3.163314224367399 -1 0
3.190887024896886 -1 0
3.215645569728053 -1 0
3.240570376374291 -1 0
3.272063455848894 -1 0
3.311581928119674 -1 0
3.341726439679164 -1 0
3.366504313673819 -1 0
3.391262858504985 -1 0
3.419900330455343 -1 0
3.458877881753416 -1 0
3.492064915747739 -1 0
3.51736325203429 -1 0
3.542121796865456 -1 0
3.568659504288493 -1 0
3.605104566862386 -1 0
3.64164057558963 -1 0
3.668221886861307 -1 0
3.692980431692473 -1 0
3.718255876907023 -1 0
3.751359974858307 -1 0
3.790376715662339 -1 0
3.819080689250266 -1 0
3.843839234081432 -1 0
3.868613116658347 -1 0
3.898682596704043 -1 0
3.940858613996959 -1 0
1 4 0 13
150
151
152
153
154
155
156
157
158
159
160
161
162
4 -0.8571428571432541 0
4 -0.7142857142865082 0
4 -0.5714285714297623 0
4 -0.4285714285730164 0
4 -0.2857142857162706 0
4 -0.1428571428595247 0
4 -2.757016837051651e-12 0
4 0.1428571428547603 0
4 0.2857142857122996 0
4 0.4285714285698397 0
4 0.5714285714273799 0
4 0.7142857142849199 0
4 0.85714285714246 0
1 5 0 26
163
164
165
166
167
168
169
170
171
172
173
174
175
176
177
178
179
180
181
182
183
184
185
186
187
188
3.851851851851236 1 0
3.703703703702471 1 0
3.555555555553707 1 0
3.40740740740597 1 0
3.259259259258851 1 0
3.111111111111731 1 0
2.962962962964611 1 0
2.814814814817491 1 0
2.666666666670372 1 0
2.518518518523252 1 0
2.370370370376132 1 0
2.222222222229012 1 0
2.074074074081893 1 0
1.92592592593395 1 0
1.777777777785186 1 0
1.629629629636422 1 0
1.481481481487656 1 0
1.333333333338891 1 0
1.185185185190125 1 0
1.03703703704136 1 0
0.8888888888925934 1 0
0.7407407407438278 1 0
0.5925925925950621 1 0
0.4444444444462965 1 0
0.2962962962975313 1 0
0.1481481481487656 1 0
1 6 0 6
189
190
191
192
193
194
0 0.8571428571424611 0
0 0.7142857142863099 0
0 0.5714285714301588 0
0 0.4285714285732146 0
0 0.2857142857154765 0
0 0.1428571428577383 0
2 1 0 2021
195
196
197
198
199
200
201
202
203
204
205
206
207
208
209
210
211
212
213
214
215
216
217
218
219
220
221
222
223
224
225
226
227
228
229
230
231
232
233
234
235
236
237
238
239
240
241
242
243
244
245
246
247
248
249
250
251
252
253
254
255
256
257
258
259
260
261
262
263
264
265
266
267
268
269
270
271
272
273
274
275
276
277
278
279
280
281
282
283
284
285
286
287
288
289
290
291
292
293
294
295
296
297
298
299
300
301
302
303
304
305
306
307
308
309
310
311
312
313
314
315
316
317
318
319
320
321
322
323
324
325
326
327
328
329
330
331
332
333
334
335
336
337
338
339
340
341
342
343
344
345
346
347
348
349
350
351
352
353
354
355
356
357
358
359
360
361
362
363
364
365
366
367
368
369
370
371
372
373
374
375
376
377
378
379
380
381
382
383
384
385
386
387
388
389
390
391
392
393
394
395
396
397
398
399
400
401
402
403
404
405
406
407
408
409
410
411
412
413
414
415
416
417
418
419
420
421
422
423
424
425
426
427
428
429
430
431
432
433
434
435
436
437
438
439
440
441
442
443
444
445
446
447
448
449
450
451
452
453
454
455
456
457
458
459
460
461
462
463
464
465
466
467
468
469
470
471
472
473
474
475
476
477
478
479
480
481
482
483
484
485
486
487
488
489
490
491
492
493
494
495
496
497
498
499
500
501
502
503
504
505
506
507
508
509
510
511
512
513
514
515
516
517
518
519
520
521
522
523
524
525
526
527
528
529
530
531
532
533
534
535
536
537
538
539
540
541
542
543
544
545
546
547
548
549
550
551
552
553
554
555
556
557
558
559
560
561
562
563
564
565
566
567
568
569
570
571
572
573
574
575
576
577
578
579
580
581
582
583
584
585
586
587
588
589
590
591
592
593
594
595
596
597
598
599
600
601
602
603
604
605
606
607
608
609
610
611
612
613
614
615
616
617
618
619
620
621
622
623
624
625
626
627
628
629
630
631
632
633
634
635
636
637
638
639
640
641
642
643
644
645
646
647
648
649
650
651
652
653
654
655
656
657
658
659
660
661
662
663
664
665
666
667
668
669
670
671
672
673
674
675
676
677
678
679
680
681
682
683
684
685
686
687
688
689
690
691
692
693
694
695
696
697
698
699
700
701
702
703
704
705
706
707
708
709
710
711
712
713
714
715
716
717
718
719
720
721
722
723
724
725
726
727
728
729
730
731
732
733
734
735
736
737
738
739
740
741
742
743
744
745
746
747
748
749
750
751
752
753
754
755
756
757
758
759
760
761
762
763
764
765
766
767
768
769
770
771
772
773
774
775
776
777
778
779
780
781
782
783
784
785
786
787
788
789
790
791
792
793
794
795
796
797
798
799
800
801
802
803
804
805
806
807
808
809
810
811
812
813
814
815
816
817
818
819
820
821
822
823
824
825
826
827
828
829
830
831
832
833
834
835
836
837
838
839
840
841
842
843
844
845
846
847
848
849
850
851
852
853
854
855
856
857
858
859
860
861
862
863
864
865
866
867
868
869
870
871
872
873
874
875
876
877
878
879
880
881
882
883
884
885
886
887
888
889
890
891
892
893
894
895
896
897
898
899
900
901
902
903
904
905
906
907
908
909
910
911
912
913
914
915
916
917
918
919
920
921
922
923
924
925
926
927
928
929
930
931
932
933
934
935
936
937
938
939
940
941
942
943
944
945
946
947
948
949
950
951
952
953
954
955
956
957
958
959
960
961
962
963
964
965
966
967
968
969
970
971
972
973
974
975
976
977
978
979
980
981
982
983
984
985
986
987
988
989
990
991
992
993
994
995
996
997
998
999
1000
1001
1002
1003
1004
1005
1006
1007
1008
1009
1010
1011
1012
1013
1014
1015
1016
1017
1018
1019
1020
1021
1022
1023
1024
1025
1026
1027
1028
1029
1030
1031
1032
1033
1034
1035
1036
1037
1038
1039
1040
1041
1042
1043
1044
1045
1046
1047
1048
1049
1050
1051
1052
1053
1054
1055
1056
1057
1058
1059
1060
1061
1062
1063
1064
1065
1066
1067
1068
1069
1070
1071
1072
1073
1074
1075
1076
1077
1078
1079
1080
1081
1082
1083
1084
1085
1086
1087
1088
1089
1090
1091
1092
1093
1094
1095
1096
1097
1098
1099
1100
1101
1102
1103
1104
1105
1106
1107
1108
1109
1110
1111
1112
1113
1114
1115
1116
1117
1118
1119
1120
1121
1122
1123
1124
1125
1126
1127
1128
1129
1130
1131
1132
1133
1134
1135
1136
1137
1138
1139
1140
1141
1142
1143
1144
1145
1146
1147
1148
1149
1150
1151
1152
1153
1154
1155
1156
1157
1158
1159
1160
1161
1162
1163
1164
1165
1166
1167
1168
1169
1170
1171
1172
1173
1174
1175
1176
1177
1178
1179
1180
1181
1182
1183
1184
1185
1186
1187
1188
1189
1190
1191
1192
1193
1194
1195
1196
1197
1198
1199
1200
1201
1202
1203
1204
1205
1206
1207
1208
1209
1210
1211
1212
1213
1214
1215
1216
1217
1218
1219
1220
1221
1222
1223
1224
1225
1226
1227
1228
1229
1230
1231
1232
1233
1234
1235
1236
1237
1238
1239
1240
1241
1242
1243
1244
1245
1246
1247
1248
1249
1250
1251
1252
1253
1254
1255
1256
1257
1258
1259
1260
1261
1262
1263
1264
1265
1266
1267
1268
1269
1270
1271
1272
1273
1274
1275
1276
1277
1278
1279
1280
1281
1282
1283
1284
1285
1286
1287
1288
1289
1290
1291
1292
1293
1294
1295
1296
1297
1298
1299
1300
1301
1302
1303
1304
1305
1306
1307
1308
1309
1310
1311
1312
1313
1314
1315
1316
1317
1318
1319
1320
1321
1322
1323
1324
1325
1326
1327
1328
1329
1330
1331
1332
1333
1334
1335
1336
1337
1338
1339
1340
1341
1342
1343
1344
1345
1346
1347
1348
1349
1350
1351
1352
1353
1354
1355
1356
1357
1358
1359
1360
1361
1362
1363
1364
1365
1366
1367
1368
1369
1370
1371
1372
1373
1374
1375
1376
1377
1378
1379
1380
1381
1382
1383
1384
1385
1386
1387
1388
1389
1390
1391
1392
1393
1394
1395
1396
1397
1398
1399
1400
1401
1402
1403
1404
1405
1406
1407
1408
1409
1410
1411
1412
1413
1414
1415
1416
1417
1418
1419
1420
1421
1422
1423
1424
1425
1426
1427
1428
1429
1430
1431
1432
1433
1434
1435
1436
1437
1438
1439
1440
1441
1442
1443
1444
1445
1446
1447
1448
1449
1450
1451
1452
1453
1454
1455
1456
1457
1458
1459
1460
1461
1462
1463
1464
1465
1466
1467
1468
1469
1470
1471
1472
1473
1474
1475
1476
1477
1478
1479
1480
1481
1482
1483
1484
1485
1486
1487
1488
1489
1490
1491
1492
1493
1494
1495
1496
1497
1498
1499
1500
1501
1502
1503
1504
1505
1506
1507
1508
1509
1510
1511
1512
1513
1514
1515
1516
1517
1518
1519
1520
1521
1522
1523
1524
1525
1526
1527
1528
1529
1530
1531
1532
1533
1534
1535
1536
1537
1538
1539
1540
1541
1542
1543
1544
1545
1546
1547
1548
1549
1550
1551
1552
1553
1554
1555
1556
1557
1558
1559
1560
1561
1562
1563
1564
1565
1566
1567
1568
1569
1570
1571
1572
1573
1574
1575
1576
1577
1578
1579
1580
1581
1582
1583
1584
1585
1586
1587
1588
1589
1590
1591
1592
1593
1594
1595
1596
1597
1598
1599
1600
1601
1602
1603
1604
1605
1606
1607
1608
1609
1610
1611
1612
1613
1614
1615
1616
1617
1618
1619
1620
1621
1622
1623
1624
1625
1626
1627
1628
1629
1630
1631
1632
1633
1634
1635
1636
1637
1638
1639
1640
1641
1642
1643
1644
1645
1646
1647
1648
1649
1650
1651
1652
1653
1654
1655
1656
1657
1658
1659
1660
1661
1662
1663
1664
1665
1666
1667
1668
1669
1670
1671
1672
1673
1674
1675
1676
1677
1678
1679
1680
1681
1682
1683
1684
1685
1686
1687
1688
1689
1690
1691
1692
1693
1694
1695
1696
1697
1698
1699
1700
1701
1702
1703
1704
1705
1706
1707
1708
1709
1710
1711
1712
1713
1714
1715
1716
1717
1718
1719
1720
1721
1722
1723
1724
1725
1726
1727
1728
1729
1730
1731
1732
1733
1734
1735
1736
1737
1738
1739
1740
1741
1742
1743
1744
1745
1746
1747
1748
1749
1750
1751
1752
1753
1754
1755
1756
1757
1758
1759
1760
1761
1762
1763
1764
1765
1766
1767
1768
1769
1770
1771
1772
1773
1774
1775
1776
1777
1778
1779
1780
1781
1782
1783
1784
1785
1786
1787
1788
1789
1790
1791
1792
1793
1794
1795
1796
1797
1798
1799
1800
1801
1802
1803
1804
1805
1806
1807
1808
1809
1810
1811
1812
1813
1814
1815
1816
1817
1818
1819
1820
1821
1822
1823
1824
1825
1826
1827
1828
1829
1830
1831
1832
1833
1834
1835
1836
1837
1838
1839
1840
1841
1842
1843
1844
1845
1846
1847
1848
1849
1850
1851
1852
1853
1854
1855
1856
1857
1858
1859
1860
1861
1862
1863
1864
1865
1866
1867
1868
1869
1870
1871
1872
1873
1874
1875
1876
1877
1878
1879
1880
1881
1882
1883
1884
1885
1886
1887
1888
1889
1890
1891
1892
1893
1894
1895
1896
1897
1898
1899
1900
1901
1902
1903
1904
1905
1906
1907
1908
1909
1910
1911
1912
1913
1914
1915
1916
1917
1918
1919
1920
1921
1922
1923
1924
1925
1926
1927
1928
1929
1930
1931
1932
1933
1934
1935
1936
1937
1938
1939
1940
1941
1942
1943
1944
1945
1946
1947
1948
1949
1950
1951
1952
1953
1954
1955
1956
1957
1958
1959
1960
1961
1962
1963
1964
1965
1966
1967
1968
1969
1970
1971
1972
1973
1974
1975
1976
1977
1978
1979
1980
1981
1982
1983
1984
1985
1986
1987
1988
1989
1990
1991
1992
1993
1994
1995
1996
1997
1998
1999
2000
2001
2002
2003
2004
2005
2006
2007
2008
2009
2010
2011
2012
2013
2014
2015
2016
2017
2018
2019
2020
2021
2022
2023
2024
2025
2026
2027
2028
2029
2030
2031
2032
2033
2034
2035
2036
2037
2038
2039
2040
2041
2042
2043
2044
2045
2046
2047
2048
2049
2050
2051
2052
2053
2054
2055
2056
2057
2058
2059
2060
2061
2062
2063
2064
2065
2066
2067
2068
2069
2070
2071
2072
2073
2074
2075
2076
2077
2078
2079
2080
2081
2082
2083
2084
2085
2086
2087
2088
2089
2090
2091
2092
2093
2094
2095
2096
2097
2098
2099
2100
2101
2102
2103
2104
2105
2106
2107
2108
2109
2110
2111
2112
2113
2114
2115
2116
2117
2118
2119
2120
2121
2122
2123
2124
2125
2126
2127
2128
2129
2130
2131
2132
2133
2134
2135
2136
2137
2138
2139
2140
2141
2142
2143
2144
2145
2146
2147
2148
2149
2150
2151
2152
2153
2154
2155
2156
2157
2158
2159
2160
2161
2162
2163
2164
2165
2166
2167
2168
2169
2170
2171
2172
2173
2174
2175
2176
2177
2178
2179
2180
2181
2182
2183
2184
2185
2186
2187
2188
2189
2190
2191
2192
2193
2194
2195
2196
2197
2198
2199
2200
2201
2202
2203
2204
2205
2206
2207
2208
2209
2210
2211
2212
2213
2214
2215
1.971809628327696 -0.9778961821402612 0
1.0176235194958 -0.04233505143692257 0
1.771608951904368 -0.9778004681841548 0
1.021921440389702 -0.2381725395037341 0
2.152886018279964 -0.9789824808562929 0
2.369846982688577 -0.9746078528044605 0
2.575155563926884 -0.9779687824013443 0
2.777952143637935 -0.9732142014368979 0
1.593686466056752 -0.9773604292544606 0
1.02508841292984 -0.4133442167489481 0
2.960322285168507 -0.9730132833042321 0
3.14520670798158 -0.9734156011572836 0
3.326654183899419 -0.9762179094368335 0
1.445097655393871 -0.9819575579277002 0
1.018982511543879 -0.5617571878990288 0
3.475913819434453 -0.9746951312338248 0
1.318683205574328 -0.978558471215633 0
1.020771332974305 -0.6843736963321113 0
1.021465658000672 -0.1405503007391867 0
2.597849771347442 0.8695553906656156 0
2.001440325593493 0.8549115209293774 0
3.883722304018085 -0.06249192866742699 0
1.020845772011005 -0.7854832701102068 0
3.589551058287721 -0.9715283331278557 0
3.708907524110535 -0.9808318017728708 0
2.27335362311969 -0.9785584712154741 0
2.482623306159274 -0.9732345222020545 0
1.194017338655697 -0.9769389159485473 0
2.6650651466352 -0.973606518770378 0
3.051661970639549 -0.9706724893329685 0
0.9674618434891891 0.04226830519601445 0
1.015266647746399 0.04530907245125625 0
0.988870516854275 0.08446281500579962 0
1.036900639910042 0.08624783105543762 0
1.853041080187046 -0.9738418695873621 0
3.031134548639179 0.8768630565279749 0
1.010988888499698 0.1279854388695711 0
1.060011007622943 0.1278923311978143 0
1.021536495931804 -0.3386220824369202 0
1.02188869412711 -0.488185420619653 0
1.672470492755305 -0.9763505715020794 0
1.084551349577929 0.08563235843243801 0
1.109204589632923 0.1273805449660183 0
1.133928189605961 0.08311279132375962 0
1.160697060374375 0.1266348998758163 0
1.185979985383252 0.08075634186889818 0
1.214602189384099 0.1270130112669888 0
1.240115834656137 0.0792486794334806 0
1.270439161992857 0.1264608664715655 0
1.297644465068913 0.07896383697515395 0
1.329775565043963 0.1262435616544178 0
1.359124619497849 0.07584111017150789 0
1.391498636107722 0.1267113446548238 0
1.421104337153684 0.0713966618722854 0
1.37939638359201 0.01584760803447416 0
1.447924434028919 0.01534426716076273 0
1.416680724570164 -0.03599785073368799 0
1.476240748369731 -0.03835207250388693 0
1.44771985558927 -0.08816117253290229 0
1.503171570522185 -0.09063871117200489 0
1.477809689725668 -0.137955835486965 0
1.528738561661331 -0.1415349356536877 0
1.503466434025474 -0.1878176617169881 0
1.553391982815734 -0.1909553856126948 0
1.526439097332361 -0.2369480688485265 0
1.577392917235953 -0.2391044543786861 0
1.606073581382757 -0.19263992476683 0
1.63093343259831 -0.2423067602041472 0
1.511155615046035 0.0101077936409472 0
1.661007479116907 -0.1947631962055685 0
1.687007747623405 -0.2462509218237484 0
1.718123336279365 -0.1988758871004811 0
1.743738267285013 -0.2505340496201885 0
1.776058591238188 -0.2020100568399422 0
1.803345150286801 -0.2552940238357316 0
1.835143527064849 -0.205055364131185 0
1.863529044347506 -0.2595161797782963 0
1.896320858516306 -0.2096001878161407 0
1.924635582799761 -0.2631723510859467 0
1.958385127783088 -0.2130410138199022 0
1.987170202080889 -0.2671677377434831 0
1.548211552409215 -0.2827382445051762 0
2.021278661132616 -0.2141358482293355 0
2.051216179700519 -0.2715092149037824 0
2.08554053927697 -0.2194666042700553 0
2.115734432906025 -0.2758676274679963 0
2.154490690270334 -0.21325249689849 0
2.181104719410023 -0.2775289833578532 0
2.217019806461023 -0.2240026744240172 0
2.246433326987439 -0.2823211239642566 0
2.282281981281453 -0.2271204222897124 0
2.312592693891053 -0.2864068724645817 0
2.348847363985528 -0.2305101190066039 0
2.379581414748521 -0.2904682329036187 0
2.415924943804576 -0.2344145777531046 0
2.447029971766821 -0.2947507367801696 0
2.48463136436214 -0.2379509068100223 0
2.514438571473666 -0.2980350194821682 0
2.554385573977106 -0.2407511217243566 0
1.770945672890615 -0.3035450401770866 0
2.581362024203471 -0.301237000987671 0
2.62620547384672 -0.2427283194060705 0
2.654301955114458 -0.3154064280138663 0
2.015963339227688 -0.3226709064318618 0
2.700548000684464 -0.2471391103240846 0
2.735687120628095 -0.3150042726275929 0
1.865649526043808 -0.1568278595267301 0
2.278030925041208 -0.3402855011131039 0
2.778109268130818 -0.2494999725221352 0
2.814465845979419 -0.3188624499012264 0
1.49909636448251 -0.2814061164710174 0
1.521226189857871 -0.3247508134706595 0
2.252947683653474 -0.1624085891368236 0
1.472486167583199 -0.3226565995194051 0
1.494806057323321 -0.364606376116195 0
1.448218432758442 -0.362601082809322 0
1.469169997247286 -0.4030558101501761 0
2.474113207276324 -0.3531185183206501 0
1.425011737956451 -0.4010054959361129 0
1.445419029699128 -0.4390344607561441 0
1.406978781811632 -0.4346277372476546 0
1.419944377489786 -0.4752020151505852 0
1.463412327207523 -0.4763752828201843 0
1.442037654945043 -0.5109186910747735 0
1.481301818547234 -0.5124607199765976 0
1.459425912173481 -0.5452515811202215 0
1.498462631711916 -0.5475670988012211 0
1.421883394384519 -0.5440095448023917 0
1.438409952192062 -0.5771881745741905 0
1.400907702491209 -0.5755564942670465 0
1.417896944113822 -0.6077394689082176 0
1.38208090750944 -0.6064474578559089 0
1.404180571425251 -0.3632015209276694 0
1.39835436681268 -0.6374355012824962 0
1.363670373985421 -0.6356269498254962 0
1.347539926048818 -0.6056326497077944 0
2.856591899199766 -0.2529347096767003 0
2.891767954743045 -0.3235457604368707 0
2.516752751075668 -0.1778926022951466 0
1.330009172543392 -0.6343196830915007 0
1.314185909483145 -0.604904245847358 0
1.344771240375193 -0.6632506355533825 0
1.312200055737225 -0.662190288776265 0
2.696273219836672 -0.3749348206287238 0
2.820580289674543 -0.1795641134128514 0
1.431946787395504 -0.638590250877312 0
2.903660736468835 -0.1825855403878432 0
1.326547664871987 -0.69010831145292 0
1.295569417270365 -0.689405523515952 0
1.084830600639111 0.1715353355685112 0
2.055872664357176 -0.1512276540825269 0
3.227654332320116 -0.9784714997982175 0
1.023315610883568 -0.8561973815675354 0
1.249368735095171 0.1759116504513016 0
2.865365201191775 -0.1057122145644439 0
2.95484732954008 -0.1083776390926501 0
1.309512444191663 -0.7166658075552126 0
1.279036222620354 -0.7154177840843634 0
1.264770671807975 -0.6885132007140442 0
2.876771713241812 -0.9750025036455094 0
2.070142507784669 -0.9770021409450167 0
1.248883095477753 -0.7142393122468281 0
1.26273133474779 -0.7408386255249643 0
1.234765330732208 -0.6877423314350881 0
1.391286831309874 -0.08604983052316613 0
2.911921136264118 -0.02421542010427549 0
3.008619219019133 -0.03118479182312616 0
3.045517047327812 -0.1141983310509761 0
3.867068807204064 0.3558988309861284 0
1.233014326456238 -0.7395268851605279 0
3.880964435125621 -0.4984881711003781 0
1.339610429112616 -0.71644309629103 0
3.104463689199147 -0.03400797929492161 0
1.520425715046815 -0.5146933677103038 0
1.538117747976513 -0.5503327476971833 0
1.246676273873351 -0.7657961290107732 0
3.14360998794274 -0.1364517770350422 0
1.217396104983864 -0.7644863742476092 0
1.523068445997356 -0.9752152992933297 0
2.961520222145863 0.05577679938145656 0
2.864904373209739 0.06065295583382822 0
0.8148148148182106 0.8716999401795484 0
1.560173258925607 -0.5171482162167702 0
1.577974257565258 -0.5532498253243469 0
1.11507186692724 -0.9767574380262466 0
3.407782396918241 -0.9753988524201038 0
1.23075185244336 -0.7904184032852677 0
1.260068454179979 -0.7918992479817895 0
1.201647135324934 -0.7889643926825438 0
1.18849987481141 -0.7636386238787023 0
1.555555555562039 0.8716999401795491 0
3.20864835895683 -0.04163012660709146 0
3.254266048373482 -0.1370298088196251 0
1.600550603347749 -0.5194599668586474 0
1.618280112434368 -0.5560220014392812 0
1.59597410236997 -0.5891408560958173 0
1.635225671473335 -0.5922093199726833 0
1.613609539753865 -0.6242501453386725 0
1.651665206057042 -0.6274098428308497 0
1.630616261164047 -0.6583886623629782 0
1.667656419109346 -0.6615963645838148 0
1.689213114045272 -0.6311997029122414 0
1.704889954860317 -0.6649746548582345 0
1.726916353005356 -0.6343850806595628 0
1.74314389245143 -0.6685127297219615 0
1.765206509130895 -0.6378993169892513 0
1.781874343715363 -0.6722151586212974 0
1.804045233131863 -0.6412365577021301 0
1.820948834858891 -0.6758752663697735 0
1.843289965177252 -0.6434953367993629 0
1.859940634541968 -0.6790975953828471 0
1.88316458914546 -0.6465784895831015 0
1.899922050137496 -0.682730531388304 0
1.923423112235262 -0.6516346102560059 0
1.942291454214628 -0.6879385279079236 0
1.964696620418478 -0.6552565006475909 0
1.984495475906507 -0.692835189318552 0
2.004998221806602 -0.6579194955153588 0
2.024927331127327 -0.6959034844937145 0
1.646303748020474 -0.6915875624793039 0
2.047027370545135 -0.6534630442455749 0
2.067077654681449 -0.6981485354242035 0
2.091455432523917 -0.6630489503448804 0
2.110223945883985 -0.7026911391459938 0
2.134352564704915 -0.6670346213362472 0
2.153102403168957 -0.7060997121933166 0
2.177572109556677 -0.6705903535184788 0
2.196293326854455 -0.7097103349053003 0
2.22218004770899 -0.6716620545285991 0
2.239143721857058 -0.7137511946048919 0
2.265785000546063 -0.675319373456376 0
2.28066549178671 -0.7185578785159406 0
2.307350625886484 -0.6815707979336919 0
2.323259185120773 -0.7295952139059108 0
2.34986304429104 -0.6866948866874039 0
1.760488159062381 -0.7031707008785474 0
2.368310345833897 -0.7249410741844513 0
2.393279234442187 -0.6891133052257504 0
2.411845603574206 -0.7283552723704163 0
2.437716834238707 -0.689992382904199 0
2.455603451832645 -0.7303435111408728 0
2.481441112776406 -0.6932989034526212 0
2.49888250853216 -0.734893688255388 0
2.524154175889575 -0.6991534522109228 0
1.918774732006955 -0.7264691831468599 0
2.541202319208679 -0.7389021252917485 0
2.567865829879951 -0.7032519304396134 0
2.585375933389007 -0.7429706436867326 0
2.609886210560197 -0.7051806525848634 0
1.866037580117369 -0.6112047965024249 0
2.630486588768964 -0.7464631274339064 0
2.655155694938297 -0.7077380021974369 0
1.749426403203336 -0.5993925094244411 0
2.675812048766574 -0.7502460281246522 0
2.70346913020574 -0.7118300480735824 0
2.722811655192834 -0.7545664823163021 0
2.751700628853978 -0.7142900331321185 0
2.118035861362807 -0.6301669179706254 0
2.043171279134595 -0.7338149649290381 0
2.769758473072755 -0.7584936420821897 0
2.796827851952788 -0.7202825308879831 0
2.81633750490823 -0.7631450395952877 0
2.844478353815493 -0.7246918496214598 0
1.610717910356857 -0.6889015055382997 0
1.626364378349506 -0.7208318397833277 0
1.591918955743001 -0.7185385407228747 0
1.606945203434511 -0.7489368493781382 0
1.573674852392216 -0.7468414969191614 0
1.588152476791686 -0.776146605903058 0
1.555998850755585 -0.774120228308115 0
1.619335427738855 -0.7789839012538385 0
2.825631744945764 -0.6832604266623556 0
2.874765401042766 -0.685583184212482 0
2.894213342263591 -0.7301535931326045 0
2.923461701774586 -0.689205192069378 0
2.944615262621793 -0.7354471444787272 0
2.974171070601099 -0.6941750839643979 0
2.995868577947587 -0.7407985415675548 0
3.025711150317424 -0.6988281548723569 0
2.915865389989126 0.1461058766471398 0
2.812836046445665 0.1506032629354271 0
2.212943380785779 -0.7490324633234151 0
2.331827771637025 -0.6466939513580441 0
2.547017408805697 -0.6660823210332787 0
0.1239492096334111 0.4904378199426227 0
3.046091950198513 -0.7461219680325 0
3.077335221543251 -0.7043371946047123 0
3.055833237403315 -0.6542238400289476 0
3.11107623739818 -0.660071349451844 0
3.133159501692345 -0.7123967183589359 0
3.16788158453827 -0.6670995558268268 0
3.190546036543718 -0.719206735522895 0
3.226935711558907 -0.6724811711441485 0
3.088525613257599 -0.6065221342344553 0
3.25093337996802 -0.7279647147569167 0
3.291305797281883 -0.6800074769311759 0
1.569994460216086 -0.8024670436069457 0
1.538848137088177 -0.8004899783764119 0
1.173270799261189 -0.7876506941134063 0
2.350127860855436 -0.755540690838528 0
1.979401104386994 -0.624028132300246 0
1.244228665007548 -0.8163545443326617 0
1.273070737440601 -0.8178302659288433 0
3.267470794891994 -0.6215222916808045 0
3.332190241166477 -0.6256140211385371 0
3.358459043286773 -0.6903952205985369 0
1.160155115124586 -0.7628697500866222 0
0.655623548560935 0.1159897288288895 0
1.208380561246567 0.03375592619880179 0
3.77086834526032 -0.9732363199440582 0
2.475055379611593 -0.7682381479716918 0
1.257445867293673 -0.8418160795682104 0
1.285950107435768 -0.843377512168114 0
2.869406917835851 0.240224960672767 0
2.983068588286566 0.2303363978477138 0
2.760800377035026 0.2438536549641546 0
3.401411937553498 -0.6344894535237089 0
3.427458934926703 -0.6999916361744547 0
2.601363753833985 -0.7817781225301768 0
1.692102234762979 -0.1477719928434343 0
3.366046638490763 -0.5642467200977157 0
2.683880388879473 -0.6640041513756424 0
1.552655760173681 -0.8279317410542193 0
1.523066104501089 -0.8257955996186187 0
1.508468540835896 -0.7989250764592475 0
1.492791756960188 -0.8240223847025497 0
3.470235785120964 0.8649275406099599 0
3.317518054434463 -0.0474821457669549 0
3.370166790386213 -0.1566394383313199 0
1.478339243210932 -0.7974473644767396 0
1.462133779648916 -0.822438688100396 0
2.905519965298028 -0.652302423156393 0
1.14528837834398 -0.7865720757083989 0
1.158069523058855 -0.8110699223902934 0
1.132521811040063 -0.7619269795098651 0
1.147090674117804 -0.7386722977406872 0
1.641697400932106 -0.5221091587566433 0
2.819817628268522 0.3369505708249296 0
2.709590224209431 0.3394555704620362 0
2.65167918540373 0.2464139271718431 0
2.599887098263764 0.3411168077764004 0
2.544886692301414 0.2486326581085376 0
2.492111242627113 0.3422750147911957 0
2.438025837366192 0.2511500815776961 0
2.385770360623398 0.3433601985262024 0
2.331792988222665 0.2596412980604746 0
2.280898212788158 0.3457444143749315 0
2.227740419484864 0.2633076601623293 0
2.177656947811454 0.3439459253390785 0
2.124437730110829 0.258621865340076 0
2.075806588933404 0.3436133773514497 0
2.022962449736961 0.2608716089695602 0
1.975457741842194 0.3470866380631 0
1.925424486754464 0.2599698377121448 0
1.877203802448329 0.3479154305581855 0
1.623123134743034 -0.4839883407517183 0
1.666818048405133 -0.4869515380144026 0
1.832441571832547 0.2637733980518829 0
1.782242228264408 0.3507912796151798 0
1.270720741154573 -0.8669093935671455 0
1.298613666987607 -0.8683294968703525 0
1.313801031599284 -0.8450061184661477 0
1.326348768847017 -0.8699117724651486 0
1.24233854959736 -0.8649956234841392 0
2.912495013597911 -0.781129179002901 0
1.477373729673686 -0.8480800128628116 0
2.695968917916617 -0.7919244012944295 0
1.448449719389889 -0.2806660322691729 0
2.129725790289468 -0.7412960424832424 0
2.145796445217281 -0.3323526445870164 0
1.892070373854985 -0.3137728886078194 0
2.334035730545493 0.433234594122037 0
1.837035000031058 -0.710785401506931 0
3.203846184671995 -0.2184610576399886 0
3.472416254823648 -0.644336930206152 0
3.498069922965096 -0.7218721022334793 0
1.45579817569371 0.1251002416779247 0
1.423566159264691 0.1837031944038579 0
1.115942729064346 0.8805107957775139 0
0.5213351535489947 0.874844261921524 0
3.154811298454256 -0.7673672085171017 0
1.582856453572707 -0.8302698275022614 0
1.565931379925694 -0.8549340421143095 0
1.595071391379802 -0.8572742289114375 0
1.130697024864777 -0.8097525693423347 0
1.143137019974812 -0.8340152606513478 0
3.266283448036621 0.05279270721935982 0
3.381114019112856 0.04539871208549549 0
3.328019807839122 0.148859845839907 0
1.384728747448301 -0.54537164137787 0
2.423890040154877 -0.976559585151484 0
1.572503192441614 -0.6835508733327821 0
3.017480076519727 -0.786127720949817 0
1.341560185595187 -0.8467980212604735 0
1.35398439637861 -0.8714716942332934 0
2.788978319820355 -0.8004470178597416 0
1.021382886341123 -0.9342241443694431 0
2.221062443016434 -0.9761673017070023 0
1.021465658000779 -0.6363369323762745 0
1.022148763056219 -0.2881428635121995 0
1.020715336441614 -0.1888144792111114 0
3.384116509422138 -0.7523974803506542 0
1.022091314426643 -0.09039295232622396 0
1.020608945227604 -0.7365247866774545 0
1.448201050355203 -0.7958175890841142 0
1.5414011284188 -0.7456398460835042 0
1.921765242865775 -0.9776129330042189 0
1.83182904017673 0.435979056943944 0
1.734344833482577 0.4405484572896815 0
3.529742524449874 -0.9785584712154741 0
1.966348173722377 0.1708876032112641 0
3.829507588520218 -0.9735421400497533 0
3.882460002776274 -0.9700772247792769 0
1.646585089711675 -0.4470329127985137 0
1.464797002165292 -0.7704715464113249 0
2.202880396398565 -0.6378192154393646 0
2.375802038650651 0.168297426453855 0
2.039184863133245 0.4310959903675463 0
2.725050926189087 -0.9775870340404733 0
1.119759218084469 -0.7378639182665673 0
1.134045196645289 -0.7133480880980985 0
1.495247703132408 0.1825785888173079 0
1.456188976698324 0.2485346182512408 0
2.178027887899956 0.1754657922568313 0
2.417834367280913 -0.6559964354600787 0
2.768436760235155 0.4360284539769981 0
2.883839777728464 0.4329261160786737 0
2.66639183013666 -0.1829809168310277 0
3.656749176006567 -0.9806428502320519 0
0.9571858221765528 0.1278514685910633 0
2.389115674976047 -0.1727974422004622 0
1.784055679533737 0.5283177090526885 0
2.850166181935025 -0.3871831694581983 0
2.925448937995459 -0.3931318835988454 0
3.446099139988465 0.1417063063478776 0
3.39285732948791 0.2484233308092716 0
3.547109375848819 -0.6535602146020186 0
3.572219267087037 -0.7249870715947193 0
1.691822167457456 -0.4494893371849045 0
1.116092789562594 -0.8328923306555943 0
1.128579535918156 -0.8567585091440391 0
1.265307952868049 -0.975694346031544 0
2.588837763847407 0.1614725323979469 0
3.518388941964272 -0.5790914268849244 0
3.534118562276309 -0.7821838214826734 0
3.59474225612005 -0.7871906974988583 0
3.641538846956514 -0.7357510473597421 0
3.656872271192872 -0.808972132309862 0
1.57855369088537 -0.8812189540357451 0
1.606943891078674 -0.883336623495382 0
1.623550789814401 -0.8598123873828973 0
1.635509110244469 -0.8856420254001796 0
1.652024616756346 -0.8623629304683942 0
1.664014488634866 -0.88813882224725 0
1.680548522088015 -0.864886013850349 0
1.692539282066931 -0.8906805758509446 0
1.709417890587618 -0.8671875584506232 0
1.697066890486659 -0.8405520148267538 0
1.72670309279477 -0.8431544788023948 0
1.738952540675468 -0.8701158440360041 0
1.756581714943742 -0.8459894434792614 0
1.769121289941666 -0.8733949833243702 0
1.786560796235524 -0.8496665550520986 0
1.799216731062556 -0.876621889357591 0
1.816659336560404 -0.8526428184176054 0
1.828629643465648 -0.8793361809263086 0
1.846837440694494 -0.855621391074081 0
1.859239245241374 -0.8823074015262904 0
1.877384052846066 -0.8581007935044692 0
1.890462248581962 -0.8857297954777099 0
1.908159648458816 -0.8609895164032252 0
1.714150558492008 -0.8154569278309978 0
1.921216464989651 -0.8891574610425712 0
1.938950912724008 -0.864036318081021 0
1.863211940131771 -0.8312516203590029 0
1.777154745866409 -0.8221265835346474 0
1.675730121944944 0.528483029874588 0
2.54676771994429 0.4334272304862538 0
1.376558577472364 -0.9729857001898392 0
1.329228047946781 -0.8215535988988307 0
1.107044782828055 -0.7136831883370784 0
1.121113389648215 -0.6908794919704283 0
0.9834736868801812 0.180959925262335 0
1.952361963276944 -0.8924805086102482 0
1.970305714847624 -0.8668948310072231 0
1.983242987630015 -0.8956799738581368 0
2.001838898502379 -0.8698391272907817 0
1.957128080123796 -0.838866351180197 0
1.550201703475577 -0.878993422321813 0
1.435376904132988 -0.7681809041520561 0
3.883749370592691 0.6204073394668077 0
1.155368492827946 -0.8580625466029554 0
1.141152043921292 -0.8803985360870149 0
1.115801944321564 -0.8804632001983015 0
0.9165896392383801 0.1792498188052872 0
0.9512632782839117 0.2444650605137677 0
0.8715427602520445 0.2430610677284339 0
0.9110260329458941 0.3154408351965722 0
0.9928008971490244 0.3123313961792396 0
0.9547811087218692 0.3886659110710852 0
1.042177359984492 0.3856084797455486 0
0.866200484079495 0.3899168013857687 0
1.000163936709124 0.468439167999688 0
1.096679431978111 0.4627915301975531 0
0.362473752529532 0.1134473610372375 0
1.101470346716262 0.03903636079486196 0
1.44650329985223 -0.8469771909925569 0
1.460526158917399 -0.8721046951239068 0
1.51916046724993 -0.5873721986818454 0
1.105233435826708 -0.7610151641573709 0
1.16754815578937 -0.8819594321151888 0
1.661739809342635 -0.7234201532923703 0
1.250514974088491 -0.6621769367770024 0
1.220604060493745 -0.6614260135572764 0
1.236156356919832 -0.6358993366507664 0
1.206412282987057 -0.6351448172086146 0
1.221874035475423 -0.6097227194067883 0
1.192242271155039 -0.6086101592544723 0
1.20765992749147 -0.583651794870488 0
1.178224123828733 -0.5825271150682972 0
1.193549007207922 -0.5577865375272528 0
1.164287489667988 -0.55707444680414 0
1.179457464631176 -0.5319415807301386 0
1.209207565159238 -0.5326840582951237 0
1.194684195925617 -0.506247907327205 0
1.225259564067855 -0.506854157595487 0
1.210375850189866 -0.4800292584576369 0
1.179899410476306 -0.4806801257521314 0
1.195381383415197 -0.4533608275953948 0
1.22656665930949 -0.45342655533845 0
1.21084256677166 -0.4261777377261569 0
1.179862264480621 -0.4262714123524956 0
1.194949622877669 -0.3990945157231963 0
1.165744108032647 -0.3983588520144632 0
1.179302542361805 -0.3719452958551673 0
1.210454388655222 -0.3716077699808173 0
1.194224831757024 -0.3438008832537666 0
1.226888819937369 -0.3434602546916657 0
1.209855959041289 -0.3148120510614071 0
1.24414301247958 -0.3142818928208496 0
1.22654432160616 -0.2844109892596001 0
1.190837960616749 -0.2861741246648707 0
1.207142285582697 -0.2537105857380873 0
1.244498774971371 -0.2527781554342532 0
1.22464867141594 -0.2211505416465271 0
1.187071055685009 -0.222403027735282 0
1.204361643413153 -0.1893600531098985 0
1.149090478457071 -0.5818464325657947 0
1.135748040668685 -0.5566870467921483 0
1.148249705594705 -0.372595075158525 0
1.161313852237071 -0.1940431460116838 0
1.14947857972063 -0.4259600479830339 0
1.182819737816258 -0.1583944751555992 0
1.150872383208279 -0.2324695871950614 0
1.120862394755302 -0.5805288463679019 0
1.242955394955795 -0.4258785364271474 0
1.258961563138792 -0.454291429027493 0
1.263090365936745 -0.2191010066984206 0
1.283716432910006 -0.2529538695092037 0
1.221518492523863 -0.1538748300322057 0
1.260927158049105 -0.3439885911837891 0
1.146021388538648 -0.1598734803168353 0
1.163069384806302 -0.1265782838727407 0
1.276234625453922 -0.4257088073562639 0
1.303637306420083 -0.2169370287760139 0
1.10764678327823 -0.5562523732365302 0
1.29322544125517 -0.4552522858952624 0
1.126482363374398 -0.1284855025701215 0
1.142235875479975 -0.0957394595053126 0
1.181963925076252 -0.090459366022228 0
1.338687498041091 -0.8945097607628482 0
1.122106079188285 -0.5323858054206227 0
2.289046631891083 0.8878383643741836 0
1.365940574444519 -0.8959454302859646 0
1.451346024324038 -0.7428052996385157 0
1.15335519110406 -0.9042437233159967 0
1.093556242796622 -0.5798595346505145 0
1.10621908701739 -0.6036384856387815 0
2.829433137101154 0.53830221993289 0
1.239136310956857 -0.5336645896506234 0
1.094588799225339 -0.532243961167133 0
1.108579423790924 -0.5086696224420053 0
2.949521013630752 0.5363115616573908 0
3.498649115978548 0.03550752999841819 0
1.357437512340861 -0.8231796170833583 0
2.014741846773457 -0.8988090960364903 0
2.034040682425131 -0.8727737076380825 0
1.671317134870944 -0.4098373870007374 0
1.811574072914832 -0.9032586629280926 0
1.179838432589827 -0.9058128978560671 0
1.562353617238731 -0.904313779370078 0
1.536400640754781 -0.9033315989149853 0
1.749132544486097 -0.8958422184852625 0
1.53393742370899 0.2473285943950913 0
1.570886171672151 0.1786188625766544 0
1.496214309661658 0.3175731385777202 0
1.412585669764201 0.3170932518426719 0
1.454724636105024 0.3915207138517876 0
2.020393303051184 -0.8430370914667206 0
2.053177860172181 -0.843712154624543 0
2.067463141458602 -0.8763198442642027 0
2.086627042084559 -0.8496220621129293 0
2.101696058351977 -0.8811435916716728 0
2.120904151353328 -0.8553393590759215 0
2.136326685470904 -0.8856244174986782 0
2.15692422198299 -0.8590086580587406 0
2.171454744118887 -0.8897388629025875 0
2.191801407899112 -0.8618250805630098 0
1.368841128448676 0.3893885188512012 0
1.411009797291793 0.4709509466694137 0
1.514869700052441 -0.4055202428962713 0
1.108858452534707 -0.1582531982102237 0
1.283241392367827 -0.8950466813358053 0
3.566483000243731 0.134536268910032 0
1.09436600445692 -0.6910339010485713 0
1.13197715405776 0.3734925841687716 0
1.711616263355744 -0.4907727896505287 0
1.737259791695944 -0.4500538245512571 0
1.758185077827654 -0.4942358456132666 0
1.784111986229779 -0.4526165371692358 0
1.805290972056294 -0.4982176392645017 0
1.830604981580936 -0.4593744138993247 0
2.206812424365973 -0.893154775701962 0
2.226262392451813 -0.8675187374112812 0
2.241326119709317 -0.8970764787648814 0
2.260765053106748 -0.8717343552465261 0
2.274606997981294 -0.9010933294045315 0
2.294579264896982 -0.8739874479315975 0
2.307672279325194 -0.9043515968583625 0
2.327535090036624 -0.877828374006756 0
2.273694159395097 -0.8466372916641476 0
1.557048833185232 -0.09872233490090646 0
2.969436169541066 -0.3289673738734912 0
2.998203146140075 -0.4018555107696192 0
3.710429678242918 -0.7527406215450163 0
3.692291577571162 -0.6793971568506312 0
1.324955712412549 -0.2534552671001877 0
1.3466753195443 -0.2165068579901349 0
1.176700687793365 -0.6330641108772694 0
2.882110809244169 -0.4530739631036468 0
1.049418801252099 0.5517951990255571 0
0.9482773087390663 0.5548252554286505 0
1.149996931138852 0.5491584494848103 0
3.730194668461976 -0.8203807731760305 0
1.619285818240137 -0.9085730052053471 0
1.852968670931145 -0.5027655094247752 0
1.881285654568809 -0.4568824149271858 0
1.902097125344205 -0.505803556495496 0
1.92950382105016 -0.4663442360391034 0
1.161741046231262 -0.7122134894412939 0
3.271061575967165 0.2538321085517987 0
3.335872395380077 0.3577321117799091 0
3.460579806673869 0.3514796112138034 0
3.404158417012305 0.4640619731566967 0
3.53286337804466 0.4574204937486755 0
1.311211180554767 -0.4255411000555197 0
1.727594632722314 0.6217304062047836 0
3.02947599350345 -0.6012753939935469 0
3.552483163372487 -0.8340497575027985 0
3.500749605532444 -0.8313205075919671 0
1.106513652844904 -0.0971697416880324 0
3.275746610185332 0.4694977752029559 0
1.421250242211945 -0.7405063347278302 0
1.122044065880659 -0.06472488652477545 0
1.344755279490024 -0.797534171946491 0
1.572367982985581 -0.3298325892139506 0
1.951461905453131 -0.5107463560819929 0
1.979530616997516 -0.4696318504597647 0
2.00160210301117 -0.5149920222756322 0
2.030049530377754 -0.473225734090941 0
2.052128383444116 -0.5191033984452906 0
2.080960570802522 -0.4771210187380928 0
1.079469793924807 -0.6020248347642988 0
1.323592647990041 -0.178062795264976 0
2.072805540386562 -0.8199260310194767 0
2.340864446156711 -0.9059558471039538 0
2.360119174687584 -0.8813305789467761 0
2.373733836655776 -0.908471392136967 0
2.393188458793118 -0.8850427501809489 0
2.379666943388308 -0.8546578762250543 0
2.412922528388262 -0.859051446809574 0
2.426125850436794 -0.8897549807795988 0
2.44620323937528 -0.86349414001125 0
2.458808330458112 -0.8945984094432835 0
2.479121976055132 -0.8681428488709229 0
2.491246682749066 -0.9012313204391269 0
2.511796781225993 -0.8730089925758803 0
2.525656908428396 -0.9032273440908907 0
2.544411157023666 -0.878639229266832 0
2.532737435861987 -0.8468483424017722 0
2.557261035383652 -0.9060919146550419 0
2.578156415401798 -0.8794771653091888 0
2.589694845194613 -0.909615929466445 0
2.609090182748887 -0.8859913380030686 0
2.399918056990786 -0.8270031876789616 0
1.842567888459559 0.6219826112043841 0
2.809291507197414 -0.4463542321011454 0
3.061816866969084 -0.5461910275599662 0
3.127484979721816 -0.5552964021808373 0
2.103658400470895 -0.5233400727318173 0
2.132669709258163 -0.4810322694537511 0
2.155517517215103 -0.5275369169139097 0
2.184584071122452 -0.4847309416434251 0
2.207755874872869 -0.5316622999258809 0
2.237143845792229 -0.4883583045537061 0
2.260350231212069 -0.5357705549092766 0
2.289898440933415 -0.4924177696318846 0
1.080441823693885 -0.7129103637907437 0
1.08138967162658 -0.5081466791443727 0
1.095168189224718 -0.484621934146202 0
1.903997501810844 -0.9113341147276399 0
3.345236766464927 0.579132964716922 0
1.431572072223737 -0.8708020872128311 0
1.443396331039082 -0.8966121589492619 0
1.471542200531405 -0.8979515231072596 0
2.31327015032486 -0.5399697887900441 0
2.342825897150854 -0.4963487719778137 0
2.366515137290322 -0.5441796581483593 0
2.396306398076499 -0.5002331669253773 0
2.375609329143866 -0.4507713693727547 0
2.420186297181294 -0.5484480424930542 0
2.450348153699373 -0.5041976917836533 0
2.474371231362334 -0.5527932967715947 0
2.504891614520345 -0.5076776381520391 0
1.090534291015667 -0.6248617448594742 0
1.807261706088231 -0.41145727692638 0
2.843549447733469 -0.5096288942211893 0
2.777462432758155 -0.5067728480174706 0
1.630630896382483 0.6298794954654257 0
2.621535625797985 -0.9162009887383864 0
2.641600005548622 -0.8902666895475243 0
1.676117614126412 -0.9136133514471478 0
1.183238708340105 -0.8602543012235366 0
2.178684763540647 -0.8262975768158843 0
2.54386068433324 -0.9290335331891078 0
2.11528611598154 -0.9131883801999332 0
2.528497653308835 -0.5569109811653472 0
2.559849608466871 -0.5117043705296892 0
2.584010192223354 -0.561416428573672 0
2.615616681776882 -0.5146523512561353 0
2.591296889721816 -0.4625052606100358 0
3.220788917125491 0.5878803872901868 0
2.767959758751549 0.0675346287307842 0
1.328480869357465 -0.45669558779814 0
1.312185623386697 -0.4865366955327161 0
1.437025043441929 -0.7157597562123936 0
1.468668707394443 -0.7166992478176326 0
2.910266588277816 -0.5089268801851646 0
1.684514448202868 -0.813753118843648 0
1.699374036266412 -0.7861553360051677 0
1.372513968264119 -0.7987447685038562 0
3.518688942462403 -0.8784377030003037 0
3.470080406231912 -0.8734115101393429 0
1.574660482277035 -0.6219564654889547 0
1.419714904812866 -0.8452796029324565 0
3.064793299220412 -0.792099429288899 0
3.037644427789209 -0.8297373061581479 0
3.082076379777163 -0.8351354400991317 0
3.0562000658154 -0.8709860328877341 0
3.013542085799447 -0.8658132503086744 0
3.097897693937274 -0.8752808436838506 0
2.833716152399654 -0.8047292592768999 0
2.808198996579997 -0.8393837260345809 0
2.849991344011581 -0.843562505953306 0
2.826806021763677 -0.8765708712200144 0
2.789959105007112 -0.8770223433793511 0
2.865951837041056 -0.8804338285369494 0
2.638392170714228 -0.5648322202832482 0
1.455967454202631 -0.9210719309168496 0
1.428878427881307 -0.9195340055047202 0
1.481616393080356 -0.923103472446031 0
1.613122706236393 0.2457867884079694 0
1.648164637561936 0.1741064131387571 0
3.099679124796201 -0.4879336594458861 0
3.17075552066468 -0.5012573188019658 0
3.143512559214557 -0.4295740314118993 0
3.218648506246263 -0.4397231743246027 0
3.044331643819414 -0.3404337493047668 0
1.165118303629297 -0.9282627344324444 0
1.139646728506396 -0.9278000607033434 0
2.630411031368299 -0.8594221466448154 0
2.663790773120796 -0.863380628312727 0
2.676424038517708 -0.8950418835147409 0
2.699214367363396 -0.8668035016968851 0
2.711583611673932 -0.9000732088657941 0
0.2266137830401699 0.8627926573817938 0
1.405165206043921 -0.7144472047598982 0
2.322888872409095 -0.9328363115585914 0
3.688109125295223 -0.8682784365176089 0
1.118529111454462 -0.6272180656432883 0
1.103736633819866 -0.8088357023468969 0
1.089594025882678 -0.8315535246416258 0
1.077291619754079 -0.8082035235224381 0
1.704013751641575 -0.9161015615676698 0
1.369199081229233 -0.1771494702102822 0
1.655605250425007 -0.2921102909953757 0
2.844128793586133 -0.9119824149388853 0
0.9998913693026958 0.6467961265493682 0
1.957548186492311 -0.4237705113224205 0
3.617025491203685 0.02677686487687686 0
3.689404606671539 0.1263959346170661 0
0.8907543522610741 0.6477709296919536 0
3.28560186472129 0.6975528446497083 0
2.059895804300492 -0.4296889722504368 0
1.067721225532776 -0.5314772679739616 0
1.086829833088823 -0.0661355061093748 0
1.604137599511897 -0.4462107362477313 0
3.030206497316891 -0.9039696840223093 0
2.990263019155325 -0.8983249486470906 0
2.972462070808029 -0.8640743859093709 0
2.947037070655831 -0.898905093110921 0
2.881294438778412 -0.9154918242583118 0
1.331506926779909 -0.5759333155137623 0
1.298348820785778 -0.575175991367384 0
1.332595746394674 0.3058390648261761 0
3.546462299353554 -0.06161643350808581 0
1.547101087317675 -0.9270951748633059 0
1.573972602856404 -0.9290032488084325 0
2.211967719377883 -0.4393078694222901 0
2.894152337906798 0.6461250334122316 0
2.771197291777515 0.6523568432338218 0
3.774082050278265 -0.6960455462039343 0
1.035652477854381 0.01378232915581781 0
1.351092395370978 -0.9192894797613562 0
1.78819838745342 0.7233250539250499 0
1.996464804869665 -0.9240553378223676 0
2.027093186913204 -0.9271936754313028 0
2.807237731668023 -0.5623874676788401 0
1.32477695835947 -0.9169615104007431 0
1.605922446825994 0.1082237891108423 0
1.681737885341456 0.1038907477801973 0
1.64249750028806 0.04118356447177189 0
1.715956563301027 0.03643572983308011 0
1.75610968616991 0.1016878497451897 0
1.791543198024962 0.0304349809995068 0
1.122424100091041 -0.4849180853673659 0
1.109059492143778 -0.4611020455316344 0
1.081713899742548 -0.4607378630391382 0
1.095423394912387 -0.4373342118132992 0
2.43822631224967 -0.9175243351357174 0
3.124690579254161 -0.8414734593121028 0
3.139664930189357 -0.8801637067045585 0
3.166372790159358 -0.8475608614014378 0
3.181330314629918 -0.8856865943496715 0
3.207948057362735 -0.8529906117930901 0
3.223287067689444 -0.8912613451286742 0
3.249447849410915 -0.8586230752224231 0
3.264757214828699 -0.896686888376217 0
3.290664610710666 -0.8642103147424041 0
3.305948528327072 -0.9021004849054612 0
3.331707931886351 -0.8703930941647018 0
3.347061028738532 -0.9094989378848829 0
3.373988628831741 -0.8735621984162713 0
3.31641537518763 -0.8300389492903053 0
2.888338168975763 -0.8504317904989162 0
1.068341051442217 -0.4371359359767566 0
1.081768702127107 -0.4135471845329902 0
1.28860879444499 -0.7938309447324601 0
2.188782707345973 -0.9202848785349437 0
3.574902469515505 -0.8808626623649639 0
1.192163132806581 -0.9295852222420187 0
1.208122511294329 -0.9072263420113909 0
1.21999270457019 -0.9312844445736113 0
1.063338945802567 -0.8302576486044453 0
1.076769951457898 -0.8554410902642992 0
3.006978484188332 -0.9359272744696669 0
1.360013453822112 -0.7737075281721278 0
3.385993172195399 -0.9121989459901292 0
1.520287589683697 -0.8804756631357642 0
3.110607383965772 -0.9168265443965871 0
1.733026417766636 -0.7889187040837757 0
1.716177393995196 -0.7585935419385976 0
1.755223668205931 -0.7632829390281298 0
1.747448684457262 -0.03089302324506341 0
1.236363885683663 -0.5822426916609449 0
3.007044968129255 0.4233916872755795 0
1.833765793185067 0.09618517609123817 0
1.868627361425436 0.023041883924472 0
3.63540835931072 0.2386319126246071 0
0.8394777757541962 0.5531374484578218 0
0.7786028432898205 0.6465754857554146 0
0.7221094132727224 0.5460190942769556 0
0.6585946735025878 0.6470634658734736 0
0.6009594733801207 0.5386706506161382 0
0.6715111633061754 0.4398073955734653 0
0.5452174382772128 0.4255665953841632 0
0.4699439839618028 0.5331786976416441 0
0.4102187354263458 0.4148836950116355 0
3.275909598322192 -0.9378109819922443 0
1.543906095792607 0.3851694998363922 0
1.331989744539335 -0.771349336552045 0
1.922772841841846 -0.5510632658184993 0
1.640855751183155 -0.8361590252543359 0
2.365297669690858 -0.8232107050638199 0
3.194553258569569 -0.9258930010065767 0
1.303203185233511 -0.2867098332694059 0
1.345424217797122 -0.2893225808346207 0
1.320619668217837 -0.3260288769892335 0
1.066879204365387 -0.5787156529365213 0
1.543522960772263 -0.4814925872180985 0
1.068461809944048 -0.6898981461553804 0
1.152350881861785 -0.9525188766963769 0
1.558934111732283 -0.9508688083104151 0
2.76600307861177 -0.1007561674246132 0
1.053321311738523 -0.6004846417522699 0
1.346049198257536 -0.4881232172974897 0
1.826596504261762 -0.5397404898913327 0
1.103678398616471 -0.0323024278937236 0
1.14402084954051 -0.0354392091084819 0
1.377343289343592 -0.9205043405937753 0
2.747005453935351 -0.5598015818506619 0
1.205298772363785 -0.6869557613427684 0
1.266256276969952 -0.6365748303753984 0
2.255229079049036 -0.9265022490821758 0
1.316237964689838 0.4685902981599701 0
1.362266109680061 0.5562133496524563 0
1.392233762006112 -0.2162732414538226 0
0.1160450614773493 0.2155469230680291 0
3.596731456047629 -0.5902446755853611 0
3.567555637704592 -0.5067364741244262 0
3.6732432149016 -0.531293290363068 0
3.629004667239819 -0.4316152693591011 0
3.528272235464167 -0.4180825140741726 0
3.588425742196637 -0.3364494729156086 0
3.693538469169625 -0.3486878767024131 0
3.487401052267638 -0.3272103548723847 0
3.428845611830386 -0.4090334627681387 0
3.397672020900819 -0.3198750660140298 0
3.651706143347083 -0.2506335580673871 0
3.762359790084077 -0.2612244630849211 0
3.448637061031771 -0.8226153253562063 0
3.754244083208979 -0.8909852071970658 0
3.803168643249468 -0.8295154973146737 0
2.716354695053724 -0.5058872799018725 0
2.466726076331084 -0.8366121129675276 0
3.234885996583 -0.8171790132104357 0
0.8331904495450292 0.1560009921252144 0
0.78364472223965 0.2404668634336425 0
2.00984253445863 -0.9508367532705455 0
3.776836366277781 0.8817416093460022 0
1.31523267644201 -0.5468145205631123 0
2.284879414148945 -0.5800047193216642 0
1.072997896710957 -0.09939024821371173 0
1.293817389837754 -0.3959671947974888 0
1.329618593810941 -0.3947090358100228 0
2.83419029977758 0.7607300919332516 0
1.256315245987214 -0.5075104256117534 0
2.497913627022294 -0.5972979816453523 0
1.235233249488455 -0.9085332687649686 0
1.055445233281443 -0.4600858069945898 0
1.468818720425924 -0.9443317644285144 0
1.732192010477704 -0.5304185641794834 0
2.474481585834473 -0.4578110543872139 0
0.4927824358848641 0.3127088044505517 0
2.693084440576098 -0.9258709838077942 0
3.01568525148786 -0.2629104732633827 0
2.600337266447289 -0.9394751595013572 0
3.029582520384425 0.6506555550675872 0
2.074508684969069 -0.5620930842210577 0
2.65038543739605 -0.8301321628899628 0
2.606185089695587 -0.6143301575889113 0
1.244503842760587 -0.9327039011519491 0
2.385946022317836 -0.7940150364066226 0
3.188894424901817 -0.3674102990115 0
1.491974202260516 -0.9487031480775445 0
2.773616114387741 -0.6086630262346761 0
1.083361210219347 -0.6690611834884144 0
1.057898083569415 -0.668407281298297 0
1.05420689700684 -0.7115813425178044 0
1.066641434833803 -0.7346109863306208 0
3.720508853655005 -0.1659483154669413 0
0.3393159960295271 0.5300946733797278 0
0.3977677540782085 0.644152438194567 0
0.2591255276683241 0.6418084175963402 0
1.454445395404137 -0.6900307786845691 0
1.486979715411093 -0.6897261288741335 0
0.9475037411975642 0.746209389194765 0
3.486664732697099 -0.9141778117815729 0
1.108349057155056 -0.4131430734914721 0
1.094142522533804 -0.3905242176034143 0
1.067903867263689 -0.3900954953590766 0
1.080096984568503 -0.3673633812848112 0
1.054862206490089 -0.3674488490897379 0
1.067809481968506 -0.3439797021725078 0
1.096536025600415 -0.3456051784000126 0
1.080503834108413 -0.3195761298148145 0
1.107736748616951 -0.3187298221120611 0
1.093270224683127 -0.2940350464549405 0
1.123031597762491 -0.293661580728761 0
1.107306979695009 -0.2686264992290214 0
1.077998821725147 -0.2691682232374789 0
1.091687268549389 -0.2437963383771148 0
1.138199185858629 -0.3198042022640604 0
1.379848728460572 -0.8713934241807371 0
1.669288118312299 -0.7846923373395721 0
1.688454894384069 -0.9334758211039645 0
1.711138846989661 -0.9450934806880201 0
1.665088800797585 -0.9352718331984012 0
1.06397990164111 -0.2454357388380101 0
1.076370580246825 -0.217635608419812 0
1.055350581660605 -0.3218587648512555 0
1.826117853523551 -0.9737737147351826 0
1.839969282123036 -0.9507182507445684 0
1.81224347877256 -0.9514923950144654 0
1.866157175559644 -0.950208341320721 0
1.853646968966926 -0.9283635532845256 0
2.634181604981266 -0.9726437416265092 0
2.651886376499961 -0.9525380897717288 0
3.531698694230973 -0.9178826196875804 0
2.726071053520827 -0.9315276510268099 0
1.696559226329448 0.23194734087453 0
2.743996720227347 -0.9082867213396112 0
3.363590631078164 -0.9443310405558316 0
1.056531223550464 -0.5058883216895328 0
1.335872714743357 -0.941939291600261 0
1.307205072515578 -0.9370206164055924 0
1.041446351252052 -0.527963279124068 0
1.417377981057231 -0.7911950738944583 0
1.070151114723103 -0.03821702263104107 0
1.105844507526195 -0.2151533950723126 0
3.248432373897316 -0.5133030880148042 0
3.298864702832294 -0.450242064436382 0
1.660316316016741 0.3017074598642819 0
2.422679731684349 -0.7983526460369947 0
2.339585080954155 -0.9729174145197509 0
2.516033770087771 -0.9751182863287401 0
2.500410034364263 -0.9504795685968382 0
1.137725211884693 -0.264136781050813 0
1.461610387623582 0.5514511854742581 0
1.412539408436988 0.6493832646822613 0
1.304486534324506 0.6503924519711243 0
1.35463295306453 0.7545847575727961 0
1.051165632497281 -0.8072752787724745 0
1.064983560904021 -0.7845037268781427 0
1.500513651064263 -0.7184272216857432 0
1.518859580327411 -0.6908333717947696 0
1.505122506545636 -0.6610075572656486 0
2.999810662989168 -0.5453701128805899 0
2.47297496960787 -0.9476755251714081 0
1.702181214486023 -0.975243484023721 0
0.2572095476902704 0.4156299952495903 0
2.309900231936797 -0.9704060785400286 0
3.432051743306506 0.7024813636931836 0
2.349653510384181 -0.9520823011569713 0
2.378259709540503 -0.9515014381084634 0
1.395340396994547 -0.7431940823475115 0
3.446841148524069 -0.9127766732046571 0
3.108045549569181 -0.9695033800874477 0
1.252047848113792 0.743797638442014 0
3.746834362354639 -0.6107584961227484 0
1.231532582922265 -0.9556370052165813 0
1.410404354237886 -0.665376183688385 0
1.037608039181863 -0.8316900692422393 0
1.051986340320538 -0.07182573574896878 0
1.342695547085355 -0.1388114763245834 0
1.299226696210717 -0.1385777866564582 0
1.315807897469321 -0.09977555570468256 0
1.273010710853559 -0.09880445118012601 0
1.292038368547182 -0.0579589248562778 0
1.247594800570874 -0.06024799066814847 0
1.267809035063844 -0.01787209532116494 0
1.909527162454604 0.7259945571786079 0
1.963229461335175 0.6222634330362035 0
2.027281722194485 0.7178029003721197 0
2.084881063384711 0.615458586123528 0
2.150464150823066 0.7091934482145882 0
2.210791767720684 0.6081315515663573 0
2.390203230142426 -0.5854587697168705 0
1.539127769307512 -0.6667019801469627 0
2.1792904209084 -0.5673241034195625 0
1.523649534630531 -0.6312654565201761 0
1.486088134198533 -0.6323663131723061 0
0.9053149094318025 0.05173822699388973 0
2.716769217105984 -0.6123012698254258 0
3.176072130603323 -0.9758653668068399 0
3.164475740469728 -0.9485468153551728 0
1.28173619212129 -0.5502895089976286 0
2.757852779449989 -0.9446270204258634 0
3.295144165645939 -0.9701480360515802 0
1.317584843267732 -0.01293965226534873 0
1.136898779821534 -0.4604524169554077 0
2.66023855071956 -0.4676333390024098 0
2.274934779275144 0.7060202677371414 0
2.335595462067912 0.6072112909419671 0
2.413343891186139 0.7229961058242242 0
2.456596025264938 0.6065558812381349 0
2.539165053508576 0.6898290893924345 0
2.584936283729176 0.585876755977361 0
3.828200916290664 -0.8986847318941825 0
2.187408108255559 -0.975550830393567 0
1.047283316961585 -0.2731816046321727 0
1.853345889942926 0.8561510087225603 0
3.841564500673386 -0.6149729226273792 0
2.041287113878348 -0.9557146128075729 0
2.061062159631414 -0.9309533462317822 0
3.441020026983623 -0.9743547521956032 0
1.046211280578252 -0.2234244027465197 0
1.060927322205616 -0.1946856557319138 0
3.424671201201673 -0.9479712432220253 0
2.812782003301849 -0.9733060282467886 0
2.792489651982623 -0.9431307134385731 0
1.914449782020913 0.0912354735361095 0
1.947592622952094 0.01579043579677725 0
1.897284475387201 -0.05408592223655482 0
1.978186799529678 -0.05182519969931276 0
2.023540851880418 0.008842988541969918 0
2.058155243347387 -0.07066604743574444 0
2.101154209054187 -0.001448728466260721 0
2.136042918137583 -0.07161822664069264 0
2.178053865590096 -0.008952064650198474 0
2.071627173937364 0.07362212120061064 0
2.211045583882639 -0.09616525526001647 0
2.258376030774173 -0.02065294369296837 0
2.225436865819837 0.05295575109433739 0
2.307700537280961 0.04447714658756262 0
2.34001422016589 -0.02917994440707668 0
2.391436901561082 0.03288253568306007 0
2.423249012108375 -0.04020277007391568 0
2.476601874051844 0.02452195066041562 0
2.510458311706186 -0.0490644755641656 0
2.562990995188925 0.01512190944756627 0
2.59700261635986 -0.05677819149540678 0
2.273844600558335 0.1277162130732673 0
2.648298336035503 0.003946297072749123 0
1.382805767025008 -0.822318388505342 0
2.974463060526818 -0.5988660102378314 0
1.084692070721042 -0.9753691013056823 0
1.100719137622812 -0.9519877582301995 0
1.074050956011623 -0.9502653709815281 0
1.088914998887796 -0.9273709193770139 0
1.063361727709494 -0.9254608397542599 0
1.077395009891878 -0.9038783174566056 0
1.052244429791318 -0.9016524080054937 0
1.478712861438994 -0.965017907621356 0
1.524473426771195 -0.9284690258786285 0
1.359740297279489 -0.3201085515046361 0
1.393438828807824 -0.2933772024073222 0
2.604682134551839 -0.9718630905539194 0
1.415058915306326 -0.177058415472141 0
1.438827722690038 -0.2205424206526244 0
3.705440378854171 -0.9182210444539703 0
3.654045011220518 -0.9069008612210985 0
3.633118921316069 -0.8632664559958533 0
3.767480742993019 0.2344891832096214 0
3.715870584719474 0.3523289110110784 0
3.788098304054406 0.4750883925716778 0
3.831230126198237 0.1292154301815837 0
2.622193495300428 -0.4149384968385542 0
2.561707483981843 -0.4083029230868017 0
3.236015683333248 -0.9271975423889756 0
1.041884133367031 -0.4368928493847236 0
1.404435118060705 -0.9681685488500704 0
1.090857515475794 -0.1291356955499192 0
1.061434515688779 -0.1277556395461025 0
1.072118932921875 -0.1568468810479428 0
2.823191430099145 -0.6058752584471107 0
1.085333615552574 -0.003301776855378715 0
2.930113981125569 -0.9724491015598657 0
1.712735662202072 0.8358075926268956 0
1.7983327348983 -0.9753971938817633 0
1.783515534221593 -0.9543311276617221 0
1.756693917793499 -0.9589486801846533 0
1.768153780176605 -0.9340723714796806 0
3.80154740035434 -0.3887055428248951 0
2.066100615094661 0.1755515652433718 0
3.318293676713109 -0.7385020526331048 0
3.266770300348954 -0.9690016928165743 0
1.646418079616011 -0.9773157871760325 0
3.043898615916608 -0.9365535795365196 0
3.419694822620089 -0.8786501890865045 0
1.041588593600606 -0.3899646403381585 0
1.026543131265985 -0.3660147116161817 0
2.99891705183508 -0.9699548661389384 0
2.141666373251712 0.5081428864452482 0
1.390108880961287 -0.7747206567495466 0
3.444075108937373 -0.2368054491227282 0
1.046549050409558 -0.9438288105723084 0
3.319369336978973 -0.9389133418159172 0
1.49812601742317 -0.9001714423956793 0
1.877825758085087 0.1725505963606342 0
0.7227815496189613 0.7557097652280895 0
3.443247419154475 -0.763162264426654 0
2.808961743727762 -0.9111856655655337 0
2.742551143816464 -0.66055125578053 0
2.5520918199805 -0.5989238360507189 0
3.142917447428434 0.4761100277135794 0
2.547435323895668 -0.975860625504161 0
2.560871940954984 -0.9540254629516771 0
1.026075403350576 -0.4614814116931534 0
2.966034911245917 -0.7888090820803961 0
2.93574078417069 -0.8192070307847139 0
2.452133928114367 -0.9701497400774248 0
2.433159024312353 -0.9541145491945078 0
2.48643307691988 0.1690270222531273 0
3.093193503014069 -0.2740051777323205 0
1.282471601763404 -0.6057502946397718 0
2.743623372959008 -0.7955530262645962 0
2.764544185201123 -0.8426323026508337 0
2.721249509570645 -0.8319728413442797 0
1.61900572061177 -0.977057403040726 0
1.609580178813316 -0.9553948637308374 0
2.697010327370585 -0.9766824108695414 0
3.069454223162868 -0.908663716537517 0
3.081427821007616 -0.9444792237733054 0
1.123270223505397 -0.1873181009346347 0
2.154854390012818 -0.1431459075626789 0
1.071835653303329 -0.64542452159063 0
1.055382594604565 -0.5536710557844008 0
2.772360540648504 -0.3798410918913606 0
1.14130000144867 -0.9770594000289701 0
2.290706815582717 -0.09678022179654107 0
1.155695717624531 0.03935479745504629 0
1.942080522822158 -0.1106251710710958 0
1.820523148979648 -0.03815127412261725 0
1.77745832992608 -0.09266494606317595 0
1.895710974635038 -0.9776016976595118 0
1.909044057935791 -0.9541719740788551 0
1.934112380662731 -0.9567638266026451 0
2.733586500758701 -0.8725913017101276 0
2.444233008536988 -0.5904500716435749 0
2.286729871917865 -0.9283861384621687 0
1.476108482241968 0.7520980705757947 0
1.414112042837759 0.8701628195174804 0
2.648359157366519 -0.7863826655023513 0
3.393303453553896 -0.8328850075516258 0
2.211977390985608 -0.3358383465700414 0
2.182116150696409 -0.3870474432712281 0
2.113417489714466 -0.3844379318103539 0
2.080117905913628 -0.32708724871835 0
2.337249075891865 -0.5804273661737316 0
2.69800582644885 0.1450808590208012 0
2.61380510393266 -0.825476403353552 0
2.576222946652546 -0.8104826861693025 0
2.171123209546507 -0.7444713791575408 0
2.145993186306861 -0.7770266534209145 0
2.114078063993746 -0.7718014667485092 0
2.186015689301286 -0.7845354886296716 0
2.22800456566576 -0.7853508244857157 0
2.253473890142029 -0.7539154294624855 0
2.267680317446161 -0.7902029431095854 0
2.291754790600046 -0.7611499511150375 0
2.308794843550172 -0.7998942291714006 0
2.243715782022977 -0.8205971030577082 0
2.123484996249228 -0.8007561236757463 0
2.086467902552196 -0.7440960396503327 0
2.053228676569051 -0.7671553363240455 0
2.019181223080683 -0.7660686429061689 0
2.037959707864083 -0.8061190503558816 0
1.99684301818723 -0.7947077203608142 0
1.982043503795285 -0.7628586310500177 0
1.96124135584546 -0.7899034598029504 0
1.945471999658551 -0.760219555007691 0
1.928487453992593 -0.7862770691069705 0
2.231496772753883 -0.5728646971164683 0
2.253818333279081 -0.6235222246024917 0
2.204829761520278 -0.9494392828897602 0
1.953220394414832 -0.317660107100103 0
1.921243026590036 -0.3751970805373432 0
1.867762654919513 -0.3690805368307485 0
1.830909059854598 -0.3193999613462555 0
1.788897060954603 -0.3600079577984971 0
1.733040385060175 -0.3565422840177443 0
3.878023150609669 -0.848281566885505 0
3.848587167891869 -0.7454047413905901 0
2.946088463164097 -0.9399598297177435 0
2.706466596956075 0.7633870524877391 0
1.797367487743797 -0.9286232445870547 0
2.406956169590219 -0.9106490050042435 0
2.126610732393432 -0.562091959998924 0
2.860030186065416 -0.9455696757685181 0
1.534525436045093 -0.950436629148361 0
1.781995779633964 0.1874708082086312 0
1.06610759006651 -0.8803848831567394 0
2.515075238989033 -0.7726041121665667 0
1.778139917799293 -0.9043589797887515 0
2.149091625366083 0.8884402682482686 0
3.461455893343734 -0.9456887217439658 0
3.353248529087861 -0.9759863255899452 0
1.017311688631353 0.237806843289272 0
1.075318640666618 0.2943717020460985 0
1.161139788214355 0.2941575118790142 0
1.205501085446225 0.3528997774007418 0
1.201682121924665 0.4431721069559395 0
1.242699837118917 0.2766997645376479 0
1.72948462682251 -0.9700740339121259 0
2.151985887861966 -0.9171143081227591 0
2.129475549924468 -0.9425492397451731 0
2.095634999245803 -0.9404790309770412 0
2.111235561715834 -0.9636040555622325 0
2.457338755806773 -0.1190189895299651 0
2.872343763077573 -0.5683082741337184 0
1.06485445042271 -0.295144124679853 0
1.873615143744989 -0.5425450411915167 0
1.37925854430484 -0.4006401833226328 0
1.778908991256371 -0.5341273805110638 0
1.795505689227439 -0.5757391750312237 0
2.95127693214448 -0.4562727322056885 0
3.021349903696121 -0.4806208340703522 0
1.799217234047663 -0.7071240711474833 0
1.815549303685503 -0.7412964331785675 0
1.851798178715286 -0.744726219037991 0
1.830048611036748 -0.7737938219921254 0
1.864726075583474 -0.7760060155495907 0
1.794529595639651 -0.7702476809338523 0
1.809613987406937 -0.8024560244824713 0
1.887228593313647 -0.7495553052015006 0
1.778503555512678 -0.7376473549753491 0
1.979251575507942 -0.9491176994152064 0
1.966247406087417 -0.9196229732490024 0
1.935270814583504 -0.9138768775885758 0
1.648967065871229 -0.9110383045297585 0
1.633786563183908 -0.9349907896802264 0
1.05444960364733 -0.41330434329416 0
2.730097884581065 -0.4436624664331088 0
2.409581262941522 -0.3477793071876111 0
2.343210781914673 -0.342775609705531 0
2.304828446231601 -0.3939050701085222 0
2.43212554330408 -0.4097331484255162 0
1.100619446283251 -0.6483841162458468 0
1.131226485792797 -0.6513590178855919 0
1.14735257425512 -0.6303039962384853 0
1.490930658704526 -0.8738439037232452 0
1.343403062928222 -0.9707276283739545 0
3.47897099276713 -0.4957795196404983 0
2.436909890011753 0.8684052679487236 0
1.364087348694266 -0.4577840584800432 0
1.382772405438134 -0.489920748690794 0
2.68078829420635 -0.07205355618070808 0
2.661437142091156 -0.61503270445766 0
3.154273563238251 0.6948480671488826 0
3.228727307657032 0.8262775283738876 0
3.278566542213456 -0.7855745576597208 0
2.023847329972963 -0.5567362055450785 0
2.047835814942492 -0.6006918308676575 0
1.973363132360964 -0.5518780545677028 0
1.944591802821436 -0.5913596297164493 0
3.211127158917233 -0.7711678521270191 0
1.068689592925862 -0.4835382946479194 0
2.396632327839363 -0.9759345529756058 0
3.095458304207952 -0.7533242466150188 0
1.558788584677018 -0.5859967914225082 0
1.291818414374716 -0.9771377811896205 0
1.279149619058202 -0.9504009355683017 0
1.285733307260183 -0.9221274713166997 0
1.721035885062718 -0.6990277311603067 0
1.377149819315909 -0.6638218616502778 0
1.477518807260612 -0.5782036795838839 0
1.530558722344999 0.1171773381426298 0
1.102486534025253 -0.903977728896326 0
1.425884975029996 -0.323471814312718 0
1.171400018093953 -0.2587312160825959 0
1.048056857010693 0.7624128409008364 0
1.372500344717885 -0.7221642864616391 0
1.080640614860142 -0.5563075386784769 0
1.71247544323156 -0.2989325635521343 0
1.679603816521589 -0.3404545200619705 0
1.624533106062085 -0.3333600953243867 0
1.11280314714454 0.2393209635081367 0
1.181687724467644 0.2272565837427019 0
1.040273483781628 -0.8786244215187146 0
1.191159895844681 -0.6602509421877731 0
1.17640476570009 -0.6857670595517806 0
1.157357883827758 -0.6594988936718625 0
1.605208673797713 0.752201742182483 0
2.893681357047454 -0.9471968206008193 0
2.866227393836808 -0.7698250425503593 0
1.686018329396792 -0.5262981221124208 0
1.708897698772314 -0.5683804331582026 0
1.729426466503259 -0.9183580297238769 0
2.930623940278595 -0.8533043252950669 0
3.290635459091006 -0.2282760048178135 0
2.492053914244911 -0.8059851905076835 0
1.600709364145048 -0.8046858734696075 0
3.800740886284936 -0.9775691624427276 0
1.760824826550023 -0.4002062964037362 0
1.683299322829476 -0.6948063235210867 0
1.699448273920923 -0.7268420973774175 0
1.643527891127093 -0.7563824933749196 0
1.028253132338533 -0.8991350485520297 0
1.601507373619359 -0.2865754057702871 0
1.592818038194833 -0.3765482473022331 0
1.589707125671744 -0.9067201726059297 0
2.466309315665042 -0.6419864706708251 0
1.962742553988696 -0.7272178812974892 0
1.674585919542048 -0.02258936719548136 0
1.606762447508627 -0.0180934823961057 0
1.638524707267084 -0.07852862314366013 0
1.572509662620558 0.04136356782894597 0
0.5072849112604715 0.108262915288947 0
0.3797447916467321 0.8739560700392165 0
1.98237400574018 -0.3738745697324628 0
1.219292615154761 -0.7132015867824733 0
1.203893427087944 -0.7388056534398727 0
1.102840994340286 -0.8566710872224986 0
1.456634551796073 -0.6102265714754396 0
1.121898045798779 -0.3879843342698713 0
1.120939296722004 -0.3599683670454747 0
1.177042233217255 -0.005093692883517614 0
1.190266170545865 -0.7127328715597669 0
1.062951587234988 0.04742402111436863 0
1.701062823010845 -0.08330020833441949 0
2.038579548715791 -0.3756851671090894 0
2.8281134274477 -0.9437872027083813 0
1.050678332112407 -0.8544213663949637 0
1.039374570504207 -0.5751061592357507 0
1.02786434629864 -0.5999107083154298 0
1.542875813120255 -0.3690213818932684 0
1.556701417282613 -0.4096117416427874 0
1.117964169569057 -0.7850995150346594 0
1.29210938672439 -0.7423584756081301 0
2.082093763808746 -0.9086075694384114 0
1.164881061413685 -0.5073792647866755 0
3.630254799190062 0.8720608819944426 0
3.704847966165925 0.7556007260107913 0
3.564672198519887 0.7447424354139062 0
3.630767384532861 0.6327968689575586 0
1.488632050365832 -0.4413068045969517 0
1.442669220202015 -0.9421715972103715 0
3.555390650576988 -0.9780448712147961 0
1.566919112460156 -0.9763005410020771 0
1.092727543588402 -0.7364126418450421 0
1.078673017929348 -0.7597136444843644 0
1.055364926056589 -0.7559774707766423 0
1.379585510532462 0.2445502605741511 0
1.176205773526096 -0.31582136458698 0
1.185914951293305 -0.8126374178939605 0
1.214781678915204 -0.8143301470457212 0
1.228508350446995 -0.8400255524529971 0
1.212855736109215 -0.8628561972414711 0
1.594548158799691 -0.6544321138701873 0
1.146866607456 -0.68899064672696 0
3.13032030216467 -0.9444490895164319 0
1.027548204868298 -0.9804829658266911 0
1.150355939368314 -0.5324122426737625 0
1.738479489293304 -0.7314273942263912 0
3.027557995239181 -0.9785061946379238 0
0.9666850358618378 0.8714188316895788 0
3.211792519239829 0.3608940186931904 0
3.157019812492747 0.2573759235824647 0
1.886450627133503 -0.4099954720344379 0
1.091313739633846 -0.7845618794039786 0
3.079298276202545 -0.9769310186387443 0
1.179339828330813 -0.9531186963624264 0
2.634281685027737 -0.6624895708733264 0
0.1237179148264054 0.3571428571443455 0
3.210691120205983 0.1537297014211286 0
3.089857588790347 0.1653263832378015 0
3.856430746921256 -0.1836302432336644 0
2.163899210308847 -0.9499225296606509 0
1.633390633102567 -0.1398467086159781 0
1.275611075116838 -0.7674556647264318 0
1.416309394508818 -0.9431987548939693 0
1.559596334003605 -0.7175137200923998 0
1.417450201672797 -0.8947341881263842 0
1.162461700108441 -0.3445550336952253 0
3.501741788577569 -0.9806820642550824 0
1.019909606891197 -0.5130230177112083 0
1.02068134639042 -0.6599638964749766 0
1.537064490372452 -0.8530499430715179 0
1.433778224298036 -0.8197512528685222 0
1.025676349120865 -0.9580929244128026 0
1.020373562672337 -0.3139210380325704 0
1.36218163784531 -0.9459683140856141 0
1.311192962786889 -0.8928712255844909 0
1.022066301032216 -0.2630302007728245 0
1.089552714027895 -0.1846730493632976 0
1.044244928437957 -0.1721859043641704 0
1.227187413557737 -0.1051152343772639 0
1.258087838169368 0.86203139121699 0
1.026267854255814 -0.7108347461383363 0
1.019925617820233 -0.7613223924670215 0
1.658381778626512 -0.5595726272613604 0
1.52519035843874 -0.7730759737026572 0
1.022806590241299 -0.0638576054898328 0
3.110410461891308 -0.8006542501356552 0
1.023149218533098 -0.8109003668663616 0
2.249506169018121 -0.9763487814459608 0
2.750694457728656 -0.9785554856393168 0
1.31133367747428 -0.3624926450847832 0
2.847038746562984 -0.974259801698806 0
2.992904669353075 -0.8247107839971229 0
0.5933617332781604 0.7571776218926832 0
0.6642710974338695 0.8765719315369741 0
1.875153239455864 -0.714612493312959 0
1.366014136179649 -0.5758511471755845 0
2.917244280730131 -0.9198815350790315 0
3.153491988331502 -0.9169276252214997 0
1.16710947611154 -0.9766059815060535 0
1.297655497463284 -0.6344493448479517 0
1.02146565800066 -0.2149212202205097 0
1.720767418348015 -0.8929582805813995 0
1.357250174984084 -0.3571526838884505 0
1.675633135962496 -0.5969398864749418 0
1.175274384653145 -0.7381554476911574 0
2.582235027723131 -0.8450149026853435 0
1.165442714403195 -0.4542629976194594 0
0.7930447538112551 0.4572705011856304 0
0.7480595694982379 0.3472143854960514 0
0.6203234602816068 0.3289326518552922 0
1.847478853432319 -0.8031418391773105 0
1.170673786582121 -0.835539992472084 0
3.19662694165884 -0.5663234693962108 0
1.36811144864364 -0.8472342170882834 0
1.481958479747003 -0.7446140047569801 0
1.020723040227124 -0.1156592853181495 0
3.378841909151987 -0.9747469216437221 0
1.252709367805495 -0.8888558073537516 0
1.301234706181797 -0.8198433352265608 0
1.997994273508042 -0.9776291792213923 0
1.603085813292169 -0.9293508795372731 0
1.199328868614491 -0.8376072680549617 0
2.24405901397661 -0.3908516346461156 0
1.894620098873636 0.5291383773071867 0
3.574697215548964 -0.9345532112070161 0
3.620928500167142 -0.9396701214360657 0
1.162709850784311 -0.6061688877579369 0
2.532488870239539 -0.8128557757961158 0
2.555641509181114 -0.7780570945690684 0
1.251628952404672 -0.6072666938547826 0
1.472035364473664 -0.6624435775909001 0
1.94677132713069 -0.9786410525270495 0
2.696084450275291 0.5447227299528189 0
0.352097620588508 0.3028838824862516 0
1.871844074188089 -0.907588021343206 0
1.281572111393982 -0.1796105188617304 0
1.024639044197757 -0.01937517267421559 0
1.194761138351014 -0.8835467535754638 0
2.903896268965557 -0.8860017129538805 0
1.630020297126988 -0.8083301028361052 0
1.121818638888636 -0.4348123057213567 0
0.135383516698322 0.6392618573608214 0
1.280809968282588 -0.6629567263574163 0
1.222249524524484 -0.5579427695899259 0
1.134127249453943 -0.6049507857020313 0
1.155809839946393 -0.290799157814951 0
0.7776993490123976 0.08222905808451127 0
3.764355731942337 0.01521445160017339 0
3.156505535189066 0.05749562087422645 0
3.430799360263273 -0.05544507627066857 0
1.533593688335009 -0.04744573440012378 0
2.047749130168425 -0.9024428731733785 0
3.734807925882678 -0.9758263814279596 0
3.750241888875162 -0.9383848169997325 0
1.259283985001721 -0.3975785435493754 0
1.226309942699739 -0.3987402836880555 0
1.482988174125172 0.06717897884410348 0
3.469530255968897 0.5667135461382887 0
1.612177341203683 -0.8327552408927741 0
2.309689076574843 -0.8407001929413506 0
2.817509161302077 -0.0188101278248605 0
1.626294334280322 -0.4079210840224384 0
1.266354983901093 -0.5797253543426059 0
3.513816315875659 0.2437177052012012 0
1.746158615255066 -0.8175601098174932 0
1.125249972515941 0.002742757317638775 0
1.181548815513929 -0.04792103000943848 0
1.348764001502182 -0.5467439935198479 0
1.679103772485804 -0.7544251115132795 0
1.668712763863376 -0.8388536225948595 0
1.044888026326905 -0.6464575794143977 0
1.495125438284279 -0.7718846322703588 0
1.316548129888909 -0.7956869921428101 0
2.002936779413535 -0.730698294910038 0
3.349990006827641 0.8017854836060034 0
1.135937219681951 -0.508711052643174 0
2.22368595171818 0.4272911031820507 0
1.32122257662412 -0.7437982154857317 0
1.290801349033123 -0.5174853309271064 0
1.629502861306082 0.438144716005306 0
1.568496744104205 0.543006224531677 0
1.241278084936164 -0.4804716382277314 0
1.503238353308949 -0.4790849065206023 0
2.164348270171069 -0.6335959684403318 0
1.261860451467584 -0.2839496670409395 0
1.823967038534189 -0.6095297284175699 0
3.624980006595181 -0.9749512003389469 0
2.874696035170376 -0.8106221059063201 0
1.926017968320915 -0.8361131547382843 0
1.36934314013301 -0.2540593904203762 0
2.655760652763363 0.4344459433707509 0
2.439671048832029 0.4295597958920438 0
2.960753937250657 0.7601070367603444 0
2.345781851152649 -0.8495242314099311 0
1.895061011954685 -0.8339997654098195 0
2.363747232675711 -0.1004752198026498 0
2.267916446801086 -0.4422559288879331 0
2.007996282104007 -0.4243128008275192 0
1.908735524298221 -0.618037653174572 0
1.986364034276437 -0.1597184792447026 0
1.991328608482817 0.08082196810780433 0
2.322763840431804 -0.4468047392536424 0
1.582867891453783 -0.4832351048680558 0
1.988462898481746 -0.8414121873491349 0
2.434287329844733 -0.8312538327091341 0
1.120404913507106 -0.2396972472260711 0
1.346389657503837 -0.4260205753162075 0
2.237283723260474 -0.9505239360899691 0
2.37741539245192 -0.6523000250695969 0
1.807908344951678 -0.1513001400135907 0
3.386317324928053 -0.482711700395019 0
3.202599194695932 -0.9773498224967079 0
3.215387767163231 -0.9532621510876516 0
0.1146845414843874 0.7843401714845389 0
0.2193000096464623 0.1321211736763984 0
3.541702278429304 -0.2425600067727469 0
1.255005255424169 0.5525744041459212 0
2.499391341221999 -0.842214937547208 0
2.901934305040426 0.874529140582323 0
2.903392117361328 -0.9748960076155224 0
2.321274458692488 -0.1650153357054655 0
3.716035781916761 -0.44442463214311 0
1.367487875101281 -0.03603398300070742 0
1.769335161666831 -0.7897145211738817 0
3.868938329994222 0.7722939101501913 0
2.685742605832215 -0.8354683883137962 0
2.935332422608147 -0.2571675137475922 0
2.927236393681087 0.3308218728204905 0
1.745452276694856 -0.1459872051991739 0
1.349397183459952 -0.7468873623060338 0
1.58436304753518 -0.9530464617739158 0
3.003499110582868 -0.6510838648714988 0
2.146682692203454 0.05840573189208591 0
2.530528287306757 -0.4590387217797943 0
0.531695186179473 0.6446050594003367 0
1.384147582889929 -0.1368459535523728 0
1.242065083976106 -0.1855155950802298 0
1.27848302117057 -0.3143389084727706 0
3.303143847699657 -0.5600749320452688 0
1.35499651757754 0.1799549407501768 0
1.299174222497263 0.2260383710068769 0
3.266052414409618 -0.3756377819798759 0
2.160266220141127 -0.437271618759931 0
3.071003720676477 -0.4177320873171761 0
1.329421774767787 -0.5172110746180142 0
2.753653742434897 0.878033612611488 0
1.576650293708327 0.3115189753753388 0
1.044410796156523 -0.1055291848336177 0
1.275052863156814 -0.4818603098161732 0
1.038500482517558 -0.6203333770998434 0
1.201825138508578 0.6529823447524012 0
1.716983128191626 -0.4114373524395326 0
2.222377302541841 -0.9228302668439486 0
3.237150030781376 -0.3004459367998512 0
1.037553495499622 0.1773390009116429 0
3.652879282566958 0.4922141574978295 0
1.879389955749133 -0.8060407651688353 0
2.742207814819761 -0.183122319773172 0
1.021299378929344 -0.1649063164959004 0
2.589546893604267 -0.1798845128034956 0
3.893155935279065 0.2296349745888787 0
1.206017855035084 -0.9540378243075764 0
1.303472206730528 -0.7700105655004736 0
3.504179385545352 -0.9519431726294003 0
2.457274346298638 -0.8030094627504972 0
1.266426716965443 0.02742409160661624 0
2.109441958843354 -0.4419103622025132 0
3.149713725062294 -0.8143739678190723 0
0.8333566304269181 0.7449307633699634 0
0.9003242279691676 0.4687091809214406 0
1.408458634605375 -0.2529836574406636 0
1.090233670683898 -0.8801360511991283 0
3.096067765385919 0.3539393124003544 0
1.529950225943145 -0.4425976492751595 0
2.430931008580019 -0.76123838615923 0
1.939586191034633 0.4376428482150546 0
2.692021750186314 -0.5622317184087906 0
3.192283495552387 -0.8148140597290645 0
3.936008544585054 -0.9593313487933891 0
0.4577774332022492 0.7581275713271111 0
1.841892095235114 -0.9047693490221561 0
1.82611556429271 -0.927870909263477 0
1.127753359421836 -0.9040396875777466 0
3.581470259549265 0.3475288013016156 0
1.044495251592378 -0.690252770477377 0
2.655711307854489 -0.9255438705918879 0
3.680601159276876 -0.978260424027767 0
2.370428688145399 -0.3958405075568705 0
3.39621211799867 -0.9458633758372188 0
1.511541753703882 0.4633738810614724 0
1.019298143906314 -0.5373338175016115 0
1.50786915483757 -0.8506754242329797 0
1.580577964312901 -0.1464839351716904 0
3.351843066305862 -0.7962585248098882 0
1.127194388503225 -0.9522464016584389 0
2.775465037543676 -0.9126962714977509 0
1.044241651032722 -0.4815661266371297 0
2.508152276200542 -0.6659360301366968 0
1.114268944163727 -0.9276349186847224 0
3.896804939069394 -0.9131436161585721 0
1.150913880981285 -0.4827339905207023 0
3.273996074821133 -0.8311251820250578 0
1.495055382468858 -0.9757152404051865 0
2.387630555332693 -0.7567415585393319 0
1.243183682073728 -0.3710672940338263 0
3.145456521082326 -0.6146778479566092 0
0.3227599804819267 0.7540299765143391 0
1.633638759780081 -0.9606469794956962 0
0.898421125107288 0.1127886631274735 0
1.043792578313273 -0.3449060314708454 0
1.22281940142472 -0.02016976907962229 0
2.986259949521219 -0.1854622875667042 0
1.01890101189491 -0.4378511229613989 0
1.887169572989157 -0.9338661417740693 0
1.51226275276056 -0.7458368390736029 0
2.952346665496856 -0.6481495366202487 0
1.139414949343364 0.1773703930003328 0
3.61897942997214 -0.6656962663863087 0
2.294184797219275 -0.648260494855152 0
1.043224921057914 -0.7774423826546394 0
3.054478591512572 0.05803111083253937 0
2.215379014761339 -0.8384135010706842 0
2.425774202011658 -0.4645492861789031 0
3.665805208416297 -0.9498169578740754 0
1.018867346899779 -0.3884494744719213 0
2.265610038493504 -0.9523878158959727 0
1.517904106040248 0.6448048666748861 0
1.83867275466397 -0.1006729786591474 0
1.063091593137798 -0.6232644499134856 0
2.407067276875509 -0.9535351162037151 0
2.48792384355346 -0.928704444212773 0
1.04090867114756 -0.303121975509151 0
1.846461557924393 -0.5761533566026403 0
2.536171958485834 -0.3545948578525983 0
2.97899188821927 -0.9482475510293956 0
3.437258681754561 -0.566775958458003 0
2.335196433625607 -0.8205886232312787 0
2.350341044861007 -0.7892086813333058 0
1.712913443007342 0.1598206319494611 0
1.3642965727307 -0.5173213386344628 0
1.043792552989573 -0.7316949148088648 0
1.357635000673232 -0.6908488562161691 0
1.257815477869402 -0.1389038719485541 0
1.740177314594806 -0.941157841891068 0
1.196515766780756 -0.1264415560762854 0
0.570347514528035 0.2167062986317579 0
0.8360947138030643 0.3072199906480937 0
1.710017340997755 -0.6060595225258779 0
1.038844912011045 -0.9205108659468983 0
1.403264341664251 -0.9207591458136349 0
0.2261756862553335 0.2857142857158052 0
1.390015393149173 -0.9452641340711505 0
3.348072498346599 -0.391790832194662 0
1.28486730521575 0.3757633777011733 0
3.482865411821574 -0.1479064131885826 0
1.407662064772353 -0.5124424143146328 0
1.752986158587433 -0.5616116124608829 0
1.479483247202953 -0.2377104102348964 0
1.544621810199533 -0.9678338048596798 0
1.100091645464842 0.6580514479870166 0
1.39078494936565 -0.8962201417684619 0
1.405400493099538 -0.8711122669145612 0
1.656190271270295 -0.9574197965154227 0
1.219061542924956 -0.977662661502274 0
1.194042570996143 0.1755242407628603 0
3.117287439676955 -0.3548001507588441 0
3.753805201902506 0.6303895522945421 0
3.602411131847074 -0.1609730103991697 0
3.353451691153097 -0.8406275548465585 0
2.596023741121464 -0.3612439479094484 0
1.530115477850631 -0.7182719965439276 0
2.728232488572179 -0.008578412483788992 0
2.626200158409119 -0.946913505912141 0
2.452752698005041 -0.1884149037177402 0
2.077597154508425 -0.6274518990430146 0
2.783441065042377 -0.6847156959809672 0
2.666027566451006 -0.5198584793528095 0
2.038620500912128 -0.9817737150309284 0
3.065006148457254 -0.1966890837405749 0
3.907783296370232 0.4902789126043667 0
2.435880290961945 0.09661510778083962 0
1.831266375121743 -0.8289579663048814 0
1.224336758774311 -0.886002332071864 0
2.528145364429334 0.08790382406488788 0
1.749144672295998 -0.9800921686381499 0
2.61509135113275 0.07701955622153818 0
3.7784545326584 -0.5167873679404942 0
2.019221599733665 0.5346415960503654 0
2.589145584001713 -0.6686517570354448 0
2.679525682647649 -0.9518613055611379 0
1.324035405678389 0.0370273989044807 0
3.773292441624899 -0.768817435926049 0
1.656317070366857 -0.8111384833778696 0
2.498498829207832 -0.4068516458623502 0
2.513577999711957 -0.9279496294876878 0
1.804251048238203 -0.831169989558341 0
3.612741868820736 -0.9026182543550068 0
1.017077234336074 -0.8346515934787956 0
3.053176195453234 0.5389849758839168 0
1.110203983180653 -0.6704924280445248 0
1.959186152749378 -0.9595733734151716 0
2.389555154269567 0.5168292913991546 0
3.671654497425337 -0.07075135765138035 0
0.6822025362908017 0.2332995402575003 0
1.893702408458042 -0.581727290501017 0
1.052702340727647 -0.9680065288498354 0
1.054279908128636 -0.01241233387678073 0
1.787630174645545 -0.6127594575129233 0
1.568529171654427 -0.446003327637709 0
2.072546868561936 -0.9522675200459498 0
1.276560031726521 -0.3687171703929262 0
2.917763249501049 -0.6060043268914674 0
3.204560536937567 -0.6212982063525411 0
2.272555073262258 0.5168067862761359 0
1.300750840441359 0.1669218780668677 0
3.407485287969925 -0.7938432332809047 0
1.914696301244753 -0.7602053668228425 0
2.653059482179078 0.6652258899131371 0
3.318318263573911 -0.3105068354473368 0
1.018933252277554 -0.8802654461128085 0
2.546962008476369 -0.1129606726268465 0
1.040660695140271 -0.2491618271839067 0
1.512696927815721 -0.9551118442661272 0
1.390087204214786 -0.6911702557985764 0
1.394103278683898 -0.8456895453047553 0
2.573052667873334 -0.9329318254162897 0
1.455652835931269 -0.9633118043628954 0
2.463068526792507 -0.9231000440429185 0
3.000958076144895 0.1311153135893302 0
3.24271609742479 -0.9566186706190553 0
2.104963094703195 -0.1227213476586176 0
1.545188742141294 -0.6942334147111333 0
3.190334482228563 -0.9556867468762043 0
2.530364958891314 -0.9520778510097019 0
2.585025540984769 -0.9578562090864451 0
0.7464721211297627 0.1655972365459516 0
1.017691527230579 -0.582089969027681 0
3.906354527924245 -0.3781386584087982 0
1.407990443154692 -0.818671052624635 0
1.648494456364889 -0.3747099003789668 0
2.940265188975674 -0.5559440355178067 0
1.42907671772625 -0.961828235487121 0
2.155512317427317 -0.8060094981957844 0
1.917668657980701 -0.9329040252960662 0
3.341083506865642 -0.9536594643172794 0
1.212222871228703 -0.06478267803134022 0
2.631427458506997 -0.1229456341350379 0
2.709842093278254 -0.9535993430120664 0
2.122924319472729 0.121749419281703 0
2.131600144969599 0.4108178565370748 0
1.950371919471364 -0.9384685541516691 0
2.215984823293253 0.7942704800716142 0
3.896249914105716 0.03684327719901789 0
3.53914169407043 -0.9521964691908533 0
3.666202498963949 -0.6146155085967711 0
1.457630717877188 -0.1807799994881684 0
1.42244551400683 -0.6918253154318803 0
1.560448731953706 -0.6465170975462635 0
2.733902262033363 -0.957179306828906 0
2.006224123352958 -0.1069171913864232 0
1.975442996272987 -0.8170907284545372 0
2.096327043895617 -0.5951971608498569 0
1.875432791689999 -0.9709579613966798 0
1.320723244477543 -0.9575290861766129 0
3.16201976035105 -0.291099493779456 0
1.943170001347024 -0.8144123225551414 0
1.138049872796189 -0.3447742068573852 0
1.924453469345281 -0.1616779059369381 0
1.040247752851189 -0.04133715364296026 0
1.469107480118506 -0.9820185169907955 0
3.798562961227854 -0.9425351922833352 0
1.683487851935268 -0.9555616369437916 0
1.03871290513282 -0.198806332454845 0
1.129029520827818 -0.4111366588021884 0
1.289584711327663 -0.3431132384247005 0
1.250418702226404 -0.5562648562944572 0
0.4314195348470182 0.208583835312626 0
1.260200744959419 -0.9131070119002145 0
1.243593585839971 -0.9726781489523235 0
1.755771073739875 0.280958705190068 0
1.896585291836782 -0.7809330812712731 0
0.1043823811640601 0.8960403635619947 0
3.891873537780972 0.8932578408656213 0
2.557379596589381 -0.8351313605056275 0
2.140865162498478 -0.8308980961986304 0
1.440186075649465 -0.6652109364945544 0
2.80077641031236 -0.645912980594937 0
1.03679067431237 -0.5023751665398546 0
2.691517552188166 0.05700058571241676 0
2.967794850378677 -0.9212845366937021 0
0.2254088955943845 0.5391519096794903 0
1.643697760934419 -0.787905463636461 0
0.1046913203623103 0.1043835997364849 0
1.493480979681125 -0.6048531450682213 0
1.546844450623403 -0.6139286552469022 0
3.850925223811034 -0.9456123515528607 0
2.111144275724099 -0.1699628020944737 0
1.911451947200189 -0.8096293597083873 0
2.312142254747724 -0.6141961269251565 0
1.255376490625908 -0.9532564035628963 0
1.6928736505116 0.7125888580809275 0
2.676651778718542 -0.4214311957611537 0
1.0180966295639 -0.6173858539509284 0
2.097997557960324 -0.9828245391863384 0
1.4118908810716 -0.7635594103742805 0
2.295282814556542 -0.9562063035535693 0
1.428942265449709 -0.1344752011759526 0
2.356932873802595 0.09399768591571692 0
2.760930610515768 -0.8857792343633621 0
3.067303954630765 0.2692108058048785 0
2.101955435242628 -0.8249065365173285 0
1.752413518269501 -0.9186994883592102 0
1.037202184063902 -0.6723504232088783 0
1.849641837768614 -0.4171677923478398 0
3.416393397446555 -0.9205332511915014 0
3.091506074081316 0.7839839181199624 0
2.503405717316808 0.5123755684632799 0
3.599718693760355 -0.8341245869565908 0
3.932634948340131 -0.7846966133968272 0
1.154034084820549 -0.06624806981937126 0
1.131974254161803 -0.6722405505015501 0
2.081658812230636 -0.7897439763375802 0
2.20898801746972 -0.8094634649087195 0
1.102722575044701 -0.3702890957207168 0
3.707634014235953 -0.956890237759396 0
3.144347660149622 0.897424900604365 0
2.568569716452123 -0.6349391532956251 0
2.360673565539066 -0.6159371127982349 0
3.85506903316946 -0.9778463432763781 0
2.517659207931803 0.7873957444558669 0
1.034761282895544 -0.548368061396146 0
2.420808158220058 -0.9340594536332839 0
3.779225776201256 -0.08363217519506863 0
3.340326633276467 0.9040524048566292 0
1.997642747249032 -0.589522571709024 0
2.277796969702141 0.2013524617776924 0
1.45886657346838 -0.6377378525920676 0
1.337769637536245 -0.06456205194052228 0
2.356168512814618 -0.9272742330919259 0
1.394989742642947 -0.7998777480840145 0
1.11898176072578 -0.3381976129939023 0
2.122797925244542 -0.983650760065847 0
1.691748505361192 -0.3790367972890031 0
1.944169632832078 -0.6280633052189728 0
1.155484160104487 0.7759803025141566 0
2.670546802668285 -0.8104637673952335 0
1.067887320058005 0.219473414336909 0
2.324168738914716 -0.9564959986885091 0
2.860662290661403 -0.6412607446981594 0
2.333166854656303 0.7894756423721916 0
3.485417811547177 -0.7865047817411099 0
2.098005110856245 0.7919255990332537 0
2.966943809481627 -0.5081886087780686 0
1.600958321991438 -0.1061134567722032 0
3.324581857887638 -0.5089498101682612 0
2.019978129907281 -0.9722013981674462 0
3.10760026417681 -0.9438145594434432 0
1.263624862892068 -0.5323035900252 0
0.2147947750163138 0.7378335847898454 0
1.695763703940543 0.3639498315225158 0
2.150362326901513 -0.5970604218573411 0
2.016759557352435 -0.6255718177170762 0
2.00462268998056 -0.8212103820832901 0
1.303332384877768 -0.9122193577247933 0
2.389067576055471 -0.9291589027192793 0
1.047317993950184 -0.1490133711579132 0
0.3112775116031264 0.2077518043689691 0
1.88726869038737 -0.9561545590087779 0
1.375646985636705 -0.4319098697796994 0
1.917715614664651 -0.4280683630808491 0
2.089511499053713 -0.9632354573433158 0
2.323295083185191 -0.7691898026469288 0
2.521839367865988 -0.6291590033158357 0
1.035787935870364 -0.3257555131461602 0
1.039070400804657 -0.1277015563189939 0
1.064764829239192 0.01891176701067408 0
1.034811090505007 -0.795902941344529 0
0.8505335256419752 0.07766157748956204 0
3.365931708388204 -0.249447653641258 0
1.618707013204493 0.3633696035635701 0
2.646282042058933 -0.3693528222173005 0
1.825936905051226 -0.3780483450261274 0
2.602840022384595 0.7550786333829587 0
2.202886362101938 -0.5989042805199343 0
0.9438346124498558 0.08280959923655735 0
1.593386218558659 -0.06336429209520128 0
3.860744867652349 -0.2965487029896302 0
1.017487265422557 -0.9156366275986806 0
2.560192433934195 -0.858003027302853 0
1.503355085467929 -0.9273928637210366 0
2.136058853094731 -0.9637418131780393 0
1.420543464602038 -0.9823908684529782 0
3.922550466823131 -0.6683266214729519 0
2.90546004654076 -0.8211349292041843 0
2.415203668363438 -0.6165464375460097 0
1.036583392630382 -0.7525923894769244 0
1.129864653975858 -0.2139320082275661 0
2.920331137957076 -0.9472233568897945 0
3.025302434538011 -0.9551177065565108 0
2.282533028380652 -0.8168154190955206 0
2.293699128453085 -0.9813895957658243 0
1.390356370325506 -0.3318696743144496 0
1.666508313235858 -0.1116920414471112 0
2.450031093660817 -0.9405697874513396 0
2.243963280347595 -0.8489801976900694 0
2.602908071860847 0.5020044557867313 0
0.8905900555761326 0.8085647311084638 0
2.705137421825178 -0.132848254955044 0
3.121517362808969 0.5995959010536756 0
1.234254251488712 0.2232171805121714 0
3.342776125915327 -0.9366006961434777 0
2.199118613415175 -0.1699298731477399 0
1.391316007229156 -0.4615091682913418 0
2.189383273190862 0.107258581519645 0
1.354341499258145 -0.1052089736090654 0
1.373472051991157 -0.7521347832073717 0
2.963139994510635 -0.8342431737819375 0
1.267343955221642 -0.9329173841868253 0
3.251206350556239 -0.5676083302835212 0
3.534620331389924 0.646550030091168 0
3.56674028940295 0.550866779748845 0
2.603674540294534 -0.8606739197388195 0
3.911880299656939 -0.5838308115999982 0
1.592428308586022 -0.4144708640657333 0
3.249417056521967 -0.9808257530126896 0
1.561319864362984 -0.006771646958876384 0
1.890253990347462 -0.1121044449757219 0
3.016144334022718 0.3215400152298033 0
3.131755296268761 -0.2172788515488155 0
1.301550152622231 -0.9583935352769462 0
1.14323425676932 -0.3965506045352123 0
1.516528552020154 -0.9079681188092187 0
$EndNodes
$Elements
7 4428 1 4428
1 1 1 8
1 1 7 
2 7 8 
3 8 9 
4 9 10 
5 10 11 
6 11 12 
7 12 13 
8 13 2 
1 2 1 40
9 2 14 
10 14 15 
11 15 16 
12 16 17 
13 17 18 
14 18 19 
15 19 20 
16 20 21 
17 21 22 
18 22 23 
19 23 24 
20 24 25 
21 25 26 
22 26 27 
23 27 28 
24 28 29 
25 29 30 
26 30 31 
27 31 32 
28 32 33 
29 33 34 
30 34 35 
31 35 36 
32 36 37 
33 37 38 
34 38 39 
35 39 40 
36 40 41 
37 41 42 
38 42 43 
39 43 44 
40 44 45 
41 45 46 
42 46 47 
43 47 48 
44 48 49 
45 49 50 
46 50 51 
47 51 52 
48 52 3 
1 3 1 98
49 3 53 
50 53 54 
51 54 55 
52 55 56 
53 56 57 
54 57 58 
55 58 59 
56 59 60 
57 60 61 
58 61 62 
59 62 63 
60 63 64 
61 64 65 
62 65 66 
63 66 67 
64 67 68 
65 68 69 
66 69 70 
67 70 71 
68 71 72 
69 72 73 
70 73 74 
71 74 75 
72 75 76 
73 76 77 
74 77 78 
75 78 79 
76 79 80 
77 80 81 
78 81 82 
79 82 83 
80 83 84 
81 84 85 
82 85 86 
83 86 87 
84 87 88 
85 88 89 
86 89 90 
87 90 91 
88 91 92 
89 92 93 
90 93 94 
91 94 95 
92 95 96 
93 96 97 
94 97 98 
95 98 99 
96 99 100 
97 100 101 
98 101 102 
99 102 103 
100 103 104 
101 104 105 
102 105 106 
103 106 107 
104 107 108 
105 108 109 
106 109 110 
107 110 111 
108 111 112 
109 112 113 
110 113 114 
111 114 115 
112 115 116 
113 116 117 
114 117 118 
115 118 119 
116 119 120 
117 120 121 
118 121 122 
119 122 123 
120 123 124 
121 124 125 
122 125 126 
123 126 127 
124 127 128 
125 128 129 
126 129 130 
127 130 131 
128 131 132 
129 132 133 
130 133 134 
131 134 135 
132 135 136 
133 136 137 
134 137 138 
135 138 139 
136 139 140 
137 140 141 
138 141 142 
139 142 143 
140 143 144 
141 144 145 
142 145 146 
143 146 147 
144 147 148 
145 148 149 
146 149 4 
1 4 1 14
147 4 150 
148 150 151 
149 151 152 
150 152 153 
151 153 154 
152 154 155 
153 155 156 
154 156 157 
155 157 158 
156 158 159 
157 159 160 
158 160 161 
159 161 162 
160 162 5 
1 5 1 27
161 5 163 
162 163 164 
163 164 165 
164 165 166 
165 166 167 
166 167 168 
167 168 169 
168 169 170 
169 170 171 
170 171 172 
171 172 173 
172 173 174 
173 174 175 
174 175 176 
175 176 177 
176 177 178 
177 178 179 
178 179 180 
179 180 181 
180 181 182 
181 182 183 
182 183 184 
183 184 185 
184 185 186 
185 186 187 
186 187 188 
187 188 6 
1 6 1 7
188 6 189 
189 189 190 
190 190 191 
191 191 192 
192 192 193 
193 193 194 
194 194 1 
2 1 2 4234
195 1349 1661 1292 
196 385 1353 178 
197 224 1636 1398 
198 1234 1479 1191 
199 604 2037 1847 
200 1422 1596 998 
201 891 1508 922 
202 1048 1877 1526 
203 1359 1784 1305 
204 1345 1507 204 
205 1995 2132 526 
206 1272 1672 202 
207 1399 1660 1214 
208 1582 1740 263 
209 794 1442 793 
210 1446 1578 439 
211 1397 1398 1064 
212 327 1686 1488 
213 177 1286 176 
214 1542 1740 1582 
215 1218 1887 1157 
216 1762 1832 1141 
217 178 1353 177 
218 1128 1508 1276 
219 605 1784 1359 
220 1191 2055 1234 
221 1340 1950 1839 
222 1273 1372 1083 
223 1256 1258 215 
224 1488 1686 1139 
225 224 1398 1363 
226 748 1789 1222 
227 1419 1999 1877 
228 451 1378 449 
229 685 1950 1340 
230 1089 1681 1270 
231 1274 1849 1255 
232 425 1449 423 
233 1608 1950 1808 
234 1066 1752 944 
235 1340 1963 685 
236 1813 2199 1547 
237 177 1353 1286 
238 439 1578 409 
239 516 1378 1268 
240 176 1286 215 
241 623 1907 1770 
242 552 1374 548 
243 202 1295 1272 
244 1283 2079 1883 
245 1214 1660 1194 
246 347 1598 1247 
247 1201 1332 105 
248 1839 1950 1610 
249 594 1915 1285 
250 1124 1642 1165 
251 32 1383 31 
252 1858 1887 1218 
253 215 1286 1256 
254 1642 2116 1165 
255 1435 2155 428 
256 449 1378 516 
257 1877 1952 1419 
258 132 1290 380 
259 1592 1749 1103 
260 96 1219 95 
261 1222 1545 748 
262 1009 1937 1478 
263 1485 2132 1995 
264 80 229 79 
265 909 1516 702 
266 204 1507 1365 
267 1547 2199 1240 
268 327 2185 1686 
269 1331 1544 562 
270 363 1339 1338 
271 1401 1513 919 
272 597 1831 1248 
273 1237 1609 521 
274 1545 1729 736 
275 1458 1975 1127 
276 1139 1790 1488 
277 1205 1922 1466 
278 1506 1704 1395 
279 1202 1973 1869 
280 869 1442 794 
281 1038 1681 1089 
282 1461 1469 1357 
283 1247 1981 347 
284 1274 1974 1849 
285 1808 1950 685 
286 28 1366 27 
287 1161 1513 1401 
288 27 1366 233 
289 1499 1807 670 
290 1220 1221 221 
291 107 223 106 
292 207 1372 1273 
293 1292 1660 1349 
294 1285 1659 594 
295 1109 1800 1477 
296 1248 1668 597 
297 1265 2078 703 
298 1595 1812 1409 
299 922 1508 1128 
300 1763 1873 1084 
301 75 1234 74 
302 703 2077 1265 
303 1274 1806 249 
304 234 1383 32 
305 1163 1868 1664 
306 844 1625 615 
307 133 1290 132 
308 1834 2128 1943 
309 426 1435 428 
310 1398 2140 1064 
311 955 1397 1064 
312 1062 1364 1047 
313 1344 2013 1083 
314 1526 1531 1130 
315 70 1614 69 
316 423 1449 610 
317 1686 2185 1330 
318 1137 1348 1347 
319 993 1585 1452 
320 219 2108 1870 
321 1737 2054 1126 
322 1508 2085 1276 
323 814 1569 812 
324 106 1201 105 
325 1805 1970 1358 
326 513 1426 1418 
327 1469 2095 1357 
328 1306 2195 307 
329 1268 1523 516 
330 436 1577 434 
331 1350 2132 1485 
332 442 1712 513 
333 521 1758 1237 
334 1477 1800 837 
335 1418 1426 1154 
336 1664 1924 1163 
337 1062 2098 1364 
338 515 1919 1794 
339 1770 1907 1709 
340 1478 1937 1476 
341 1219 1236 95 
342 1891 1946 1506 
343 1406 1749 1592 
344 1562 1931 447 
345 1551 1574 860 
346 1842 2149 213 
347 914 1906 1512 
348 1289 1993 1482 
349 1869 1973 1149 
350 1358 1970 365 
351 1512 1871 914 
352 1012 1814 1704 
353 552 1466 1374 
354 1059 1855 1588 
355 1013 1706 1421 
356 249 1974 1274 
357 1819 2090 359 
358 428 2155 494 
359 1466 2063 1205 
360 1294 1674 1597 
361 1869 1956 1202 
362 1477 1937 1109 
363 1482 1605 1289 
364 2 226 225 
365 91 1284 90 
366 1196 1354 78 
367 1467 1598 1554 
368 562 1854 1331 
369 1490 1940 447 
370 924 1956 1869 
371 2 1017 226 
372 1506 1946 1192 
373 1141 2141 1762 
374 447 1991 1490 
375 105 1332 104 
376 1083 2013 1361 
377 1054 1980 1337 
378 1785 1871 1511 
379 1059 1598 1467 
380 345 2014 1301 
381 1083 1361 1273 
382 1457 1458 1127 
383 1423 1596 1422 
384 122 1242 121 
385 447 1940 1562 
386 1616 1617 1228 
387 514 1812 1595 
388 214 1829 171 
389 2 225 13 
390 229 1196 79 
391 1341 2036 157 
392 1398 1636 1242 
393 1556 1625 844 
394 1301 2043 345 
395 1242 1636 121 
396 1194 1660 1292 
397 1474 1475 810 
398 366 1813 1547 
399 1189 1752 1572 
400 157 1844 1341 
401 104 1332 201 
402 1572 2075 1189 
403 307 1405 1306 
404 59 1947 58 
405 128 1273 127 
406 439 2000 1446 
407 1534 1669 575 
408 860 1575 1551 
409 479 1639 1235 
410 90 1284 199 
411 892 1492 1232 
412 363 1340 1339 
413 1137 1347 855 
414 1421 1706 1420 
415 573 1663 181 
416 1042 1344 1083 
417 662 1864 1718 
418 1460 1829 214 
419 1571 1752 1066 
420 112 1294 111 
421 355 1993 1288 
422 1296 1784 605 
423 1655 1989 1371 
424 1395 1891 1506 
425 1481 2174 1643 
426 1275 1690 746 
427 196 2052 1720 
428 1222 1729 1545 
429 1403 1508 891 
430 1288 1961 355 
431 1392 2092 960 
432 1190 2055 1191 
433 101 221 100 
434 1481 1643 1480 
435 1943 2128 1546 
436 914 1871 1785 
437 79 1196 78 
438 513 1712 1427 
439 1794 1919 1518 
440 1404 1682 1096 
441 1514 1557 1515 
442 1413 2092 1392 
443 102 1220 101 
444 1452 2153 993 
445 1293 1471 1241 
446 807 2061 1538 
447 1436 2183 1743 
448 1187 1649 1619 
449 359 2090 253 
450 1456 1835 1569 
451 1515 1557 833 
452 1484 1779 625 
453 1456 2126 1835 
454 1498 1501 1067 
455 1847 2037 1203 
456 1334 1854 562 
457 1519 2133 1279 
458 1946 2055 1192 
459 1017 1594 226 
460 990 1574 1551 
461 1526 1885 1048 
462 1373 1516 909 
463 1718 1864 1200 
464 573 2128 1663 
465 1467 1855 1059 
466 489 1531 1526 
467 101 1220 221 
468 1552 1900 1553 
469 754 1926 1662 
470 1764 1873 1763 
471 1627 1989 1655 
472 944 1752 1189 
473 1517 1657 1209 
474 1643 2174 199 
475 1279 2113 1519 
476 430 1629 1501 
477 1886 2053 67 
478 1198 1355 1354 
479 226 1594 228 
480 434 1577 619 
481 548 1374 605 
482 869 2105 1442 
483 69 373 68 
484 108 1396 107 
485 503 1894 1849 
486 1284 1643 199 
487 968 1492 892 
488 1662 1928 754 
489 1743 1920 1436 
490 1457 1883 150 
491 1390 1746 1713 
492 1272 2042 1672 
493 77 1354 197 
494 221 1386 100 
495 1546 1631 1171 
496 1400 2195 1306 
497 1713 1746 1069 
498 920 1569 814 
499 746 1724 1275 
500 1704 1814 1395 
501 505 1858 1848 
502 1478 1824 1009 
503 605 1374 1296 
504 1290 1293 380 
505 489 1360 490 
506 1206 1413 979 
507 167 2109 1525 
508 102 1381 1220 
509 573 1631 1546 
510 1086 1988 1530 
511 385 1558 1353 
512 1067 1807 1498 
513 1597 1674 1464 
514 494 1921 1887 
515 509 2012 1641 
516 1661 2149 1842 
517 1192 2055 1190 
518 695 1474 810 
519 1291 1684 198 
520 1870 2108 1907 
521 409 1578 411 
522 298 1423 278 
523 562 1941 1334 
524 939 1832 1762 
525 1525 2117 167 
526 806 1660 1399 
527 1096 1682 1637 
528 1887 1921 1157 
529 1438 2105 2094 
530 1228 1635 1616 
531 1104 1935 1933 
532 615 1625 676 
533 75 1479 1234 
534 1623 1705 927 
535 1708 2037 1613 
536 561 1393 1391 
537 103 1381 102 
538 702 1516 560 
539 516 1638 446 
540 123 206 122 
541 560 1875 520 
542 1526 1877 1360 
543 1498 1807 1499 
544 198 2005 1291 
545 979 1413 978 
546 54 1321 53 
547 1198 1461 1355 
548 1851 1861 575 
549 947 1172 946 
550 1372 2194 1046 
551 696 1853 1691 
552 1433 1435 426 
553 1422 1850 1826 
554 1616 1635 704 
555 195 1703 1502 
556 453 1439 416 
557 595 2056 1661 
558 201 1381 103 
559 1422 1826 1421 
560 1328 1886 1159 
561 489 1526 1360 
562 1614 1942 69 
563 1859 1971 1707 
564 294 1454 269 
565 559 1385 1384 
566 1719 1926 1820 
567 1263 2015 586 
568 1691 1853 1074 
569 1530 1988 1782 
570 1472 1700 1207 
571 1239 2122 1238 
572 100 1386 99 
573 575 1861 1531 
574 1399 2180 745 
575 1440 2105 1439 
576 854 946 853 
577 376 2190 1631 
578 1328 2053 1886 
579 78 1354 77 
580 1056 1966 1721 
581 1068 1595 1409 
582 613 1396 108 
583 484 1534 575 
584 1691 1692 696 
585 1239 2148 2122 
586 1848 1858 1218 
587 1238 2122 982 
588 1312 1779 1484 
589 953 1397 955 
590 1933 1935 1646 
591 1439 2105 1430 
592 344 1900 1552 
593 446 1638 443 
594 1244 1970 1115 
595 1973 2031 1149 
596 745 2180 748 
597 1554 1598 347 
598 218 1708 1613 
599 1347 1349 806 
600 1542 1582 1024 
601 998 1850 1422 
602 453 1440 1439 
603 1343 1977 1817 
604 1455 1569 920 
605 957 1392 960 
606 1709 1907 1336 
607 586 2041 1263 
608 839 1704 1506 
609 1071 1466 1028 
610 62 1517 211 
611 1337 2101 1054 
612 204 1896 1345 
613 1005 1722 1680 
614 1285 1915 1486 
615 97 200 96 
616 1748 1807 1065 
617 1063 1516 1373 
618 1886 2006 1159 
619 698 1477 837 
620 1235 2074 479 
621 983 1335 1126 
622 1849 1894 1255 
623 1295 1597 1377 
624 99 1386 585 
625 376 1631 183 
626 294 1455 1454 
627 982 2131 1238 
628 1501 1629 1067 
629 783 1469 1461 
630 700 1406 238 
631 1617 1903 1228 
632 365 2021 1358 
633 424 1433 426 
634 180 1417 179 
635 1442 2105 1440 
636 1641 2093 509 
637 1941 2039 1334 
638 1338 1844 363 
639 65 2175 64 
640 376 1677 1375 
641 1126 2054 1283 
642 700 2159 1351 
643 844 1593 1556 
644 1329 2173 2006 
645 1608 1808 1134 
646 978 1413 1393 
647 1233 1386 221 
648 946 1203 1054 
649 642 983 838 
650 544 1359 618 
651 1902 2082 1449 
652 1450 1836 1053 
653 990 1551 1550 
654 639 853 640 
655 1430 2105 1438 
656 1053 1836 817 
657 559 1384 470 
658 63 1517 62 
659 1461 1865 783 
660 1362 1394 72 
661 1690 1884 722 
662 611 1388 538 
663 1514 2104 1557 
664 1661 2056 1292 
665 184 1677 376 
666 612 1971 1859 
667 1053 1643 1450 
668 1115 2038 1244 
669 854 947 946 
670 439 1678 1500 
671 1213 1248 1000 
672 1585 1781 1596 
673 1172 1847 1203 
674 1066 1629 1571 
675 411 1757 413 
676 1402 1599 1093 
677 55 379 54 
678 430 1501 1493 
679 1877 1999 596 
680 1820 1926 754 
681 1199 1897 1200 
682 642 1337 983 
683 1270 2016 1089 
684 1731 2116 216 
685 1664 1868 212 
686 1044 1372 1046 
687 298 1596 1423 
688 947 1241 1172 
689 787 2095 1469 
690 338 1403 300 
691 1402 2114 1599 
692 990 1550 1549 
693 1516 1875 560 
694 1619 1729 1187 
695 1523 1860 962 
696 1382 2009 929 
697 611 2119 1317 
698 1068 1409 1408 
699 1329 2006 1465 
700 561 1391 450 
701 475 1425 937 
702 1711 1801 884 
703 1241 1471 1172 
704 1479 1927 1191 
705 74 235 73 
706 490 1360 500 
707 570 639 632 
708 1107 1683 1390 
709 1566 1801 1711 
710 1794 1936 1216 
711 1449 2082 1136 
712 448 1418 561 
713 669 1840 1694 
714 1368 1997 1261 
715 55 1404 379 
716 1622 1705 1623 
717 1431 2026 928 
718 64 673 63 
719 1412 2034 2027 
720 1221 2017 1978 
721 561 1809 1393 
722 1502 1703 1133 
723 2041 2078 1265 
724 639 854 853 
725 929 2017 1382 
726 1571 1629 1539 
727 1046 1207 1062 
728 1368 1971 612 
729 107 1396 223 
730 1263 2041 1265 
731 1427 1712 1711 
732 1276 1960 1128 
733 1374 1466 1071 
734 216 2036 1731 
735 905 1504 667 
736 1349 1660 806 
737 2009 2018 1151 
738 1350 1485 1022 
739 1754 1912 1833 
740 642 2101 1337 
741 1599 2114 209 
742 949 2022 2008 
743 216 2116 1642 
744 1920 1921 1436 
745 278 1423 280 
746 960 1879 1377 
747 1209 2047 1517 
748 564 1421 1420 
749 974 1882 1878 
750 983 1336 1335 
751 1248 1831 1137 
752 1090 1821 1092 
753 1268 1860 1523 
754 1180 1486 1195 
755 1792 2178 2111 
756 598 1924 1664 
757 1528 2145 415 
758 500 1360 596 
759 1564 1722 1005 
760 60 636 59 
761 1295 1879 1272 
762 1450 1643 1284 
763 1694 1840 1497 
764 500 596 512 
765 416 1439 418 
766 1068 1408 1029 
767 338 1508 1403 
768 302 1511 1510 
769 1200 1897 1718 
770 1172 1203 946 
771 1711 2067 1427 
772 565 1452 1451 
773 1211 2071 1651 
774 878 2011 880 
775 269 1454 271 
776 933 1379 1155 
777 670 1979 1499 
778 223 1201 106 
779 257 2039 1941 
780 179 1417 385 
781 97 1533 200 
782 415 1958 1528 
783 1242 2140 1398 
784 1442 2146 793 
785 1227 1670 1247 
786 920 2165 1455 
787 563 1429 1428 
788 1760 1997 1368 
789 1476 1937 1477 
790 737 1545 736 
791 823 1415 982 
792 1275 1884 1690 
793 1578 1757 411 
794 1720 2052 1990 
795 590 1392 957 
796 1455 2165 1454 
797 86 1961 85 
798 1000 1137 855 
799 1290 1471 1293 
800 833 1710 1515 
801 1666 1687 1562 
802 1210 1538 1537 
803 1262 1414 915 
804 1040 1344 1042 
805 855 1347 762 
806 71 203 70 
807 211 1536 61 
808 639 640 632 
809 1233 2187 1386 
810 1070 1856 1380 
811 644 1576 839 
812 2089 2131 982 
813 1452 1585 1451 
814 1570 1571 1539 
815 1663 2128 1243 
816 1366 1893 233 
817 1365 1908 204 
818 1903 2160 1227 
819 1351 1749 700 
820 1903 2179 1665 
821 1148 1693 1080 
822 117 205 116 
823 1228 1903 1227 
824 116 1352 115 
825 564 1420 282 
826 928 2106 1431 
827 1383 1896 31 
828 61 1536 60 
829 1136 1424 910 
830 1036 1681 1038 
831 98 1533 97 
832 1821 2058 1092 
833 606 2079 2054 
834 565 1451 273 
835 1692 1930 696 
836 1086 1530 1529 
837 1317 2119 618 
838 1557 2104 1625 
839 440 1712 442 
840 1561 1666 1562 
841 606 2054 1568 
842 59 2062 1947 
843 1038 1089 1040 
844 302 1510 286 
845 1449 2167 610 
846 993 1781 1585 
847 1743 2183 825 
848 1096 1878 1404 
849 1348 1349 1347 
850 1764 1910 1223 
851 1264 1448 898 
852 584 1939 1923 
853 825 2183 1437 
854 235 1362 73 
855 510 1425 475 
856 1356 1927 1479 
857 1474 1552 1475 
858 1022 1485 921 
859 1000 1248 1137 
860 563 1428 420 
861 1404 1878 379 
862 627 1403 891 
863 1377 1879 1295 
864 1227 2160 1670 
865 1377 1597 991 
866 956 1560 456 
867 1182 1486 1180 
868 397 1570 1539 
869 513 1427 1426 
870 1721 1966 1623 
871 407 1678 439 
872 1003 1060 1002 
873 926 1505 1192 
874 983 1126 838 
875 673 1657 1517 
876 1226 1663 1243 
877 134 210 133 
878 670 1807 1748 
879 700 1749 1406 
880 946 1054 853 
881 1149 2031 1204 
882 1273 1361 127 
883 354 1559 1464 
884 180 1663 1417 
885 1354 1355 197 
886 1569 1835 812 
887 1083 1372 1044 
888 1093 1548 1402 
889 1454 2165 1453 
890 1336 1907 1335 
891 1198 1865 1461 
892 1153 1463 894 
893 425 1902 1449 
894 1605 1735 1289 
895 872 1462 873 
896 1405 1804 1779 
897 930 1481 1480 
898 1401 1912 1754 
899 1376 2134 570 
900 1415 2089 982 
901 512 1376 570 
902 1431 1432 476 
903 1577 2178 619 
904 1114 1518 638 
905 1042 1083 1044 
906 85 1703 84 
907 456 1560 457 
908 310 1544 327 
909 1701 2061 807 
910 1086 1529 861 
911 1317 2091 611 
912 839 1506 1505 
913 1208 2071 1211 
914 1558 1910 923 
915 262 1574 990 
916 880 2011 1914 
917 787 1469 656 
918 123 1269 206 
919 1523 1638 516 
920 1491 1492 828 
921 1101 1487 840 
922 2008 2022 1319 
923 1060 1363 1002 
924 1050 1507 1345 
925 1146 1489 813 
926 81 1410 80 
927 1575 2023 1551 
928 1220 2017 1221 
929 174 1470 767 
930 1921 2155 1436 
931 795 1735 1605 
932 1098 1955 1522 
933 951 953 952 
934 360 1744 349 
935 234 1880 1383 
936 1198 1354 1196 
937 596 1376 512 
938 762 806 756 
939 1669 1851 575 
940 960 1377 959 
941 484 575 486 
942 1652 2096 1754 
943 2115 2148 1913 
944 71 1394 203 
945 430 1493 401 
946 570 2134 639 
947 999 1548 775 
948 1475 1553 1478 
949 787 1685 1563 
950 1020 1503 1502 
951 13 1267 12 
952 240 1406 503 
953 112 1674 1294 
954 1416 1558 385 
955 1509 1512 312 
956 955 1064 1036 
957 1617 2179 1903 
958 495 2118 1530 
959 1089 1344 1040 
960 927 1721 1623 
961 1692 1987 1132 
962 1416 1910 1558 
963 571 1542 616 
964 1408 1911 1298 
965 617 1618 572 
966 1560 1771 559 
967 1652 1754 593 
968 968 1827 1492 
969 373 1886 68 
970 673 1517 63 
971 365 1970 1287 
972 891 921 834 
973 1201 1956 1332 
974 930 1480 799 
975 1005 1680 1459 
976 153 365 152 
977 762 1347 806 
978 990 1549 265 
979 1364 1419 1047 
980 1117 1518 1114 
981 1745 2023 1575 
982 1505 1506 1192 
983 1105 1160 1022 
984 1155 1523 962 
985 736 1729 1619 
986 922 1022 921 
987 294 1456 1455 
988 69 1942 373 
989 1527 1528 1153 
990 2027 2034 1504 
991 1500 2000 439 
992 1373 2215 1063 
993 538 1388 536 
994 756 1399 745 
995 1393 1413 1392 
996 290 1509 312 
997 1391 1392 590 
998 903 1532 1208 
999 1637 1682 222 
1000 118 1367 117 
1001 1580 1581 1579 
1002 745 748 740 
1003 712 1710 833 
1004 1155 1972 1638 
1005 486 1531 489 
1006 1390 1683 335 
1007 1549 1550 1456 
1008 68 1886 67 
1009 1671 1909 1791 
1010 1332 1956 1151 
1011 2111 2178 1262 
1012 238 1406 240 
1013 385 1417 1416 
1014 60 1536 636 
1015 1268 1378 1160 
1016 172 1519 214 
1017 648 1505 926 
1018 453 1441 1440 
1019 1203 1708 1054 
1020 954 1002 953 
1021 309 1601 306 
1022 300 1403 304 
1023 587 951 950 
1024 1517 2047 211 
1025 251 359 253 
1026 1089 1796 1344 
1027 1480 1643 1053 
1028 1428 1431 476 
1029 1009 1824 1618 
1030 1307 1405 1310 
1031 805 1601 309 
1032 349 1744 1098 
1033 470 1384 472 
1034 953 955 952 
1035 930 1605 1482 
1036 548 605 546 
1037 313 1488 315 
1038 1155 2110 1972 
1039 308 1544 310 
1040 1411 2027 1897 
1041 236 700 238 
1042 295 1953 297 
1043 628 1491 828 
1044 746 1690 726 
1045 229 1197 1196 
1046 1799 1951 1938 
1047 1363 2182 224 
1048 1849 1974 244 
1049 590 957 956 
1050 1026 1580 1579 
1051 1402 1548 999 
1052 1027 1579 1068 
1053 627 891 834 
1054 111 1294 202 
1055 957 959 958 
1056 336 1540 329 
1057 1767 2167 2144 
1058 891 922 921 
1059 627 834 628 
1060 294 1549 1456 
1061 585 1533 98 
1062 304 1403 627 
1063 565 1453 1452 
1064 880 1978 882 
1065 264 1644 261 
1066 959 991 961 
1067 703 1535 369 
1068 1121 1518 1117 
1069 844 1688 1593 
1070 922 1105 1022 
1071 73 1362 72 
1072 1475 1478 1476 
1073 1511 1871 1510 
1074 805 1602 1601 
1075 706 1571 1570 
1076 991 1464 1006 
1077 1917 1977 1343 
1078 821 1415 823 
1079 321 1541 703 
1080 740 1545 737 
1081 1593 1688 1587 
1082 1391 1393 1392 
1083 616 1542 789 
1084 1953 2164 297 
1085 887 1151 924 
1086 974 1878 1096 
1087 1105 1268 1160 
1088 667 1504 678 
1089 64 2175 1346 
1090 564 1422 1421 
1091 1382 2018 2009 
1092 540 611 538 
1093 544 618 542 
1094 951 952 950 
1095 1417 1663 1226 
1096 882 929 885 
1097 1539 1629 430 
1098 1441 1442 1440 
1099 865 1527 1153 
1100 703 2078 1535 
1101 450 1391 454 
1102 536 637 534 
1103 1380 1982 1070 
1104 1556 1593 1106 
1105 957 960 959 
1106 640 2101 642 
1107 76 1968 75 
1108 307 1804 1405 
1109 333 2004 1484 
1110 977 1149 979 
1111 833 1557 1555 
1112 654 1685 787 
1113 678 1504 1503 
1114 465 1572 461 
1115 1193 1285 1185 
1116 472 587 480 
1117 1029 1408 1072 
1118 1390 1713 1107 
1119 476 1433 424 
1120 576 1567 491 
1121 876 1034 878 
1122 923 1910 1764 
1123 612 2033 1368 
1124 1588 1855 688 
1125 304 627 332 
1126 1995 2024 1485 
1127 1437 2188 825 
1128 1456 1569 1455 
1129 468 559 470 
1130 959 1377 991 
1131 1298 1407 1299 
1132 207 2028 1372 
1133 64 1346 673 
1134 1750 2029 1894 
1135 1612 2025 2010 
1136 1051 1507 1050 
1137 536 1388 637 
1138 789 1542 1024 
1139 11 1730 502 
1140 1555 1557 1556 
1141 1072 1408 1298 
1142 860 1601 1575 
1143 436 1881 1577 
1144 1532 1880 1208 
1145 1420 1706 302 
1146 1294 1295 202 
1147 546 1359 544 
1148 223 1202 1201 
1149 810 1477 698 
1150 1121 1936 1794 
1151 442 513 445 
1152 454 1391 590 
1153 1817 1977 1147 
1154 1024 1026 1025 
1155 643 1576 644 
1156 1205 2063 1217 
1157 1453 2097 1634 
1158 435 505 437 
1159 448 561 450 
1160 1370 1938 523 
1161 1026 1579 1027 
1162 72 1394 71 
1163 1371 1932 591 
1164 399 1539 430 
1165 563 1430 1429 
1166 921 1485 942 
1167 579 1603 985 
1168 1723 1742 1087 
1169 1213 2052 1248 
1170 454 590 456 
1171 305 308 306 
1172 182 573 181 
1173 184 376 183 
1174 833 1555 710 
1175 1673 1686 1092 
1176 873 1462 876 
1177 704 1635 1603 
1178 1306 1405 1307 
1179 297 338 300 
1180 390 1535 948 
1181 340 1589 325 
1182 185 1677 184 
1183 1363 1398 1397 
1184 552 2063 1466 
1185 66 208 65 
1186 1414 2178 1577 
1187 904 1532 903 
1188 457 1560 468 
1189 428 494 431 
1190 327 1488 313 
1191 581 1732 386 
1192 1923 1939 1521 
1193 2006 2173 1159 
1194 1448 1449 1136 
1195 1303 1400 1306 
1196 1359 2032 618 
1197 1259 1368 1261 
1198 273 1451 275 
1199 1185 1486 1182 
1200 317 1611 314 
1201 2010 2025 208 
1202 1312 1484 1314 
1203 1567 1742 1723 
1204 930 1482 1481 
1205 915 1414 917 
1206 531 1561 551 
1207 806 1399 756 
1208 1092 1686 1330 
1209 308 310 309 
1210 1489 1490 1101 
1211 1207 1872 1062 
1212 1561 1562 1146 
1213 472 1384 587 
1214 1364 2098 1241 
1215 2 1720 1017 
1216 819 1108 821 
1217 933 1155 962 
1218 1421 1826 1013 
1219 282 1420 284 
1220 28 1908 1366 
1221 310 313 311 
1222 215 1470 175 
1223 917 1142 931 
1224 1384 1675 587 
1225 286 1510 288 
1226 618 2197 1317 
1227 1430 1438 1429 
1228 917 1414 1142 
1229 491 1567 463 
1230 534 1425 510 
1231 305 306 276 
1232 201 1382 1381 
1233 437 1468 440 
1234 584 1679 324 
1235 1072 1298 1297 
1236 1621 1622 496 
1237 954 1675 1004 
1238 1429 1431 1428 
1239 1320 1815 852 
1240 461 1572 459 
1241 1441 1443 1442 
1242 1102 1213 1000 
1243 1375 1852 376 
1244 1120 1121 1117 
1245 12 1730 11 
1246 129 207 128 
1247 951 954 953 
1248 1003 2073 1060 
1249 1012 1704 1576 
1250 591 1655 1371 
1251 789 1024 967 
1252 11 502 10 
1253 680 1503 1020 
1254 910 1424 912 
1255 902 1615 675 
1256 313 315 314 
1257 1149 1204 979 
1258 1498 1499 1496 
1259 1661 1842 595 
1260 775 1548 760 
1261 259 305 276 
1262 1482 1483 1481 
1263 1027 1068 1029 
1264 1385 2200 1384 
1265 451 1959 1378 
1266 1384 2200 1675 
1267 1453 2165 2097 
1268 290 312 292 
1269 1024 1582 1026 
1270 275 1451 298 
1271 1576 1704 839 
1272 1108 1415 821 
1273 481 1534 484 
1274 957 958 956 
1275 678 1503 680 
1276 267 1549 294 
1277 329 1540 328 
1278 271 1454 565 
1279 1596 1781 998 
1280 637 1969 1425 
1281 1490 1916 1101 
1282 179 385 178 
1283 1493 1494 567 
1284 308 309 306 
1285 265 1549 267 
1286 1448 2167 1449 
1287 858 1000 855 
1288 1137 1831 1348 
1289 912 1262 915 
1290 823 982 870 
1291 1002 1397 953 
1292 898 1448 900 
1293 1632 1633 845 
1294 1866 1882 974 
1295 729 1649 744 
1296 1160 1350 1022 
1297 280 564 282 
1298 1432 1437 1434 
1299 420 1428 422 
1300 900 1136 910 
1301 1744 1955 1098 
1302 284 302 286 
1303 1414 1577 1142 
1304 1258 2135 215 
1305 176 215 175 
1306 551 1561 811 
1307 840 1487 842 
1308 1564 2177 1049 
1309 288 1510 1509 
1310 861 1529 863 
1311 1221 1233 221 
1312 587 950 480 
1313 842 1487 1086 
1314 1060 2073 1918 
1315 813 1489 815 
1316 288 1509 290 
1317 951 1675 954 
1318 991 1006 961 
1319 284 1420 302 
1320 977 1869 1149 
1321 505 1468 437 
1322 912 1424 1262 
1323 280 1423 564 
1324 921 942 834 
1325 753 1768 1090 
1326 894 1463 896 
1327 815 1489 1101 
1328 590 956 456 
1329 1020 1502 1133 
1330 959 961 958 
1331 1485 2024 942 
1332 313 314 311 
1333 811 1561 1146 
1334 1386 1387 585 
1335 310 311 309 
1336 575 1531 486 
1337 401 1493 403 
1338 506 1622 558 
1339 458 1624 586 
1340 1615 1616 704 
1341 1494 1496 1495 
1342 381 1621 496 
1343 1386 2187 1387 
1344 418 563 420 
1345 1382 2017 1381 
1346 445 1418 448 
1347 863 1529 1527 
1348 791 1618 617 
1349 200 1238 1219 
1350 271 565 273 
1351 664 905 667 
1352 1489 1940 1490 
1353 275 298 278 
1354 181 1663 180 
1355 1106 1593 1586 
1356 325 1589 323 
1357 513 1418 445 
1358 1243 2128 1834 
1359 372 1587 384 
1360 896 1264 898 
1361 900 1448 1136 
1362 1557 1625 1556 
1363 1798 1934 1112 
1364 1265 2077 1266 
1365 315 316 314 
1366 1042 1044 1043 
1367 549 552 548 
1368 458 459 414 
1369 422 476 424 
1370 1324 1325 1323 
1371 251 253 252 
1372 1009 1618 791 
1373 876 1462 1034 
1374 236 1594 700 
1375 1494 1498 1496 
1376 240 503 242 
1377 963 1612 1145 
1378 514 1644 264 
1379 656 1469 658 
1380 948 1624 392 
1381 418 1439 563 
1382 1164 1615 902 
1383 1700 1872 1207 
1384 1059 1588 986 
1385 386 1732 367 
1386 1396 2031 1973 
1387 605 1359 546 
1388 1513 1983 1514 
1389 680 1020 780 
1390 1335 1737 1126 
1391 896 1463 1264 
1392 253 255 254 
1393 369 1535 378 
1394 249 251 250 
1395 2118 2145 1528 
1396 991 1597 1464 
1397 206 1242 122 
1398 403 1493 567 
1399 1148 1929 1693 
1400 767 1519 173 
1401 156 216 155 
1402 748 1545 740 
1403 658 783 660 
1404 314 1611 311 
1405 1579 1595 1068 
1406 654 787 656 
1407 1106 1586 358 
1408 1622 1623 558 
1409 310 327 313 
1410 505 1566 1468 
1411 460 461 459 
1412 1194 1291 1193 
1413 413 1757 453 
1414 395 1570 397 
1415 865 1153 894 
1416 153 2021 365 
1417 462 463 461 
1418 468 1560 559 
1419 1900 1948 1553 
1420 863 1527 865 
1421 326 329 328 
1422 324 326 325 
1423 228 1594 236 
1424 371 568 387 
1425 1911 2210 1298 
1426 627 628 332 
1427 322 323 320 
1428 842 1086 861 
1429 322 324 323 
1430 324 325 323 
1431 394 414 395 
1432 326 328 325 
1433 954 1003 1002 
1434 815 1101 840 
1435 496 1622 506 
1436 1040 1042 1041 
1437 919 1912 1401 
1438 1044 1046 1045 
1439 728 746 726 
1440 744 1591 1590 
1441 931 1379 933 
1442 392 394 393 
1443 1509 1871 1512 
1444 171 1829 170 
1445 1177 1365 1175 
1446 259 276 260 
1447 926 1192 1190 
1448 378 1535 390 
1449 413 453 416 
1450 640 642 641 
1451 1475 1476 810 
1452 547 548 546 
1453 394 1624 458 
1454 1142 1379 931 
1455 9 1583 699 
1456 390 948 392 
1457 811 1146 813 
1458 390 392 391 
1459 399 430 401 
1460 407 439 409 
1461 255 257 256 
1462 435 1858 505 
1463 1418 2129 561 
1464 736 1619 733 
1465 1046 1062 1047 
1466 757 762 756 
1467 1298 1299 1297 
1468 683 785 643 
1469 625 1957 1484 
1470 1065 1807 1067 
1471 577 643 578 
1472 464 491 463 
1473 403 567 405 
1474 257 259 258 
1475 658 1469 783 
1476 1186 1193 1185 
1477 527 1603 579 
1478 1798 2150 1934 
1479 763 855 762 
1480 1552 1553 1475 
1481 458 460 459 
1482 1771 2177 559 
1483 648 926 650 
1484 1050 1345 1144 
1485 1634 2153 1452 
1486 799 1480 801 
1487 517 577 576 
1488 222 1845 1637 
1489 1369 2088 1240 
1490 492 517 491 
1491 318 322 320 
1492 1011 1097 1012 
1493 394 458 414 
1494 362 1962 371 
1495 1345 1383 1144 
1496 1683 1726 337 
1497 801 1053 817 
1498 200 1219 96 
1499 1406 1592 503 
1500 955 1036 1035 
1501 267 294 269 
1502 397 1539 399 
1503 786 1011 785 
1504 460 462 461 
1505 637 1425 534 
1506 1050 1144 1032 
1507 803 1009 791 
1508 1293 2098 1872 
1509 562 1544 308 
1510 611 1964 1388 
1511 1038 1040 1039 
1512 1473 2130 1474 
1513 1236 2131 2089 
1514 334 337 336 
1515 328 1540 1246 
1516 963 1145 965 
1517 821 823 822 
1518 330 334 329 
1519 541 542 540 
1520 539 540 538 
1521 1329 1465 1011 
1522 537 538 536 
1523 1322 1324 1323 
1524 602 1707 626 
1525 535 536 534 
1526 521 1609 1607 
1527 463 1567 465 
1528 1177 1366 1365 
1529 328 1246 340 
1530 58 222 57 
1531 644 839 646 
1532 174 767 173 
1533 1324 1326 1325 
1534 980 1584 187 
1535 846 1632 845 
1536 1521 1939 316 
1537 545 546 544 
1538 1872 2098 1062 
1539 226 228 227 
1540 1621 1705 1622 
1541 422 1428 476 
1542 701 702 560 
1543 543 544 542 
1544 318 320 319 
1545 1208 1211 999 
1546 1355 1461 1357 
1547 1305 2032 1359 
1548 986 1588 634 
1549 316 318 317 
1550 262 990 265 
1551 1499 1965 1694 
1552 1530 2118 1529 
1553 1451 1585 298 
1554 1907 2108 1335 
1555 172 214 171 
1556 908 963 909 
1557 960 2092 1879 
1558 1609 1610 1608 
1559 2063 2143 1217 
1560 722 1606 719 
1561 823 870 824 
1562 462 464 463 
1563 1008 1390 335 
1564 246 249 248 
1565 1779 1804 625 
1566 1633 1641 1640 
1567 1285 1486 1185 
1568 92 592 91 
1569 1601 1602 1575 
1570 568 1565 387 
1571 646 1505 648 
1572 337 342 336 
1573 819 821 820 
1574 378 390 389 
1575 1020 1133 1021 
1576 1603 1635 985 
1577 337 343 342 
1578 903 1208 999 
1579 1648 1945 1944 
1580 903 999 775 
1581 747 756 745 
1582 1036 1038 1037 
1583 1444 1445 1443 
1584 459 1572 706 
1585 733 1619 731 
1586 1474 2130 1552 
1587 1432 1434 1433 
1588 1107 1726 1683 
1589 364 1587 372 
1590 320 1541 321 
1591 1026 1027 1025 
1592 1496 1497 1495 
1593 760 771 749 
1594 1232 1320 852 
1595 743 1628 766 
1596 926 1190 988 
1597 334 336 329 
1598 743 749 742 
1599 716 1628 743 
1600 870 872 871 
1601 475 937 375 
1602 643 644 578 
1603 394 395 393 
1604 321 703 369 
1605 695 810 698 
1606 1176 1177 1175 
1607 1378 2070 1160 
1608 577 683 643 
1609 1093 1099 867 
1610 260 1574 262 
1611 1175 1507 1051 
1612 343 352 351 
1613 1496 1694 1497 
1614 464 492 491 
1615 1266 2077 1589 
1616 743 760 749 
1617 1032 1532 904 
1618 1878 1882 1322 
1619 710 1555 708 
1620 1494 1495 567 
1621 577 578 576 
1622 525 560 520 
1623 343 351 342 
1624 797 930 799 
1625 1011 1012 785 
1626 1212 2088 1369 
1627 1145 1328 1159 
1628 1024 1025 967 
1629 306 1601 860 
1630 716 742 714 
1631 683 786 785 
1632 1326 1327 1325 
1633 839 1505 646 
1634 392 393 391 
1635 1525 2109 2099 
1636 742 1728 1710 
1637 683 1653 1063 
1638 305 562 308 
1639 1145 1159 965 
1640 1769 1916 1490 
1641 817 819 818 
1642 716 743 742 
1643 795 1605 797 
1644 741 745 740 
1645 1446 1447 1445 
1646 492 518 517 
1647 517 576 491 
1648 880 882 881 
1649 1499 1979 1965 
1650 963 965 909 
1651 876 878 877 
1652 1097 1814 1012 
1653 907 908 702 
1654 719 1606 717 
1655 577 1653 683 
1656 1190 1191 988 
1657 882 885 883 
1658 712 833 710 
1659 939 1828 1100 
1660 771 1093 867 
1661 1434 1436 1435 
1662 518 1653 517 
1663 348 1998 1824 
1664 525 701 560 
1665 1074 1853 836 
1666 554 555 507 
1667 1555 1556 1106 
1668 463 465 461 
1669 1584 1863 574 
1670 259 260 258 
1671 353 356 352 
1672 494 1887 431 
1673 1011 1465 1097 
1674 786 1329 1011 
1675 908 909 702 
1676 759 1719 752 
1677 459 706 414 
1678 170 1802 169 
1679 1393 1809 978 
1680 675 1615 614 
1681 330 335 334 
1682 358 1586 356 
1683 878 880 879 
1684 1020 1021 780 
1685 186 574 185 
1686 326 330 329 
1687 1525 2099 1524 
1688 1464 1559 1006 
1689 1063 1875 1516 
1690 1291 2005 1193 
1691 1518 1919 638 
1692 533 534 510 
1693 1033 1050 1032 
1694 531 1666 1561 
1695 574 1677 185 
1696 1800 1834 837 
1697 771 867 772 
1698 1495 1678 567 
1699 729 744 728 
1700 228 236 232 
1701 1184 1185 1182 
1702 557 765 589 
1703 701 1654 949 
1704 175 1470 174 
1705 1633 1640 845 
1706 1607 1609 1608 
1707 186 1584 574 
1708 662 1718 664 
1709 257 258 256 
1710 1090 1092 1091 
1711 708 1106 358 
1712 506 507 497 
1713 809 1095 902 
1714 249 1806 251 
1715 770 974 973 
1716 320 321 319 
1717 2068 2094 798 
1718 159 363 158 
1719 1095 1163 902 
1720 887 2009 1151 
1721 1120 1122 1121 
1722 255 256 254 
1723 390 391 389 
1724 1562 1940 1146 
1725 1493 1501 1494 
1726 801 817 802 
1727 506 554 507 
1728 1586 1587 364 
1729 1103 1750 1592 
1730 501 529 527 
1731 384 501 493 
1732 521 1607 165 
1733 727 728 726 
1734 253 254 252 
1735 323 1589 1541 
1736 1004 1005 1003 
1737 1604 1846 1761 
1738 1164 1616 1615 
1739 384 493 383 
1740 1093 1599 1099 
1741 1453 1634 1452 
1742 571 1740 1542 
1743 1174 1175 1051 
1744 501 527 493 
1745 1750 1894 1592 
1746 856 1632 846 
1747 809 902 675 
1748 353 358 356 
1749 1824 2193 348 
1750 525 1654 701 
1751 1008 1746 1390 
1752 387 1565 523 
1753 173 1519 172 
1754 1959 2070 1378 
1755 90 199 89 
1756 708 1555 1106 
1757 1164 1617 1616 
1758 1180 1195 1178 
1759 801 1480 1053 
1760 985 986 634 
1761 1619 1649 731 
1762 1606 1628 717 
1763 328 340 325 
1764 885 887 886 
1765 372 384 383 
1766 610 2167 1767 
1767 323 1541 320 
1768 614 704 529 
1769 343 353 352 
1770 527 579 528 
1771 693 1474 695 
1772 579 634 580 
1773 980 1890 1584 
1774 1500 1678 1495 
1775 322 584 324 
1776 1587 1688 384 
1777 1592 1894 503 
1778 251 252 250 
1779 540 2119 611 
1780 776 903 775 
1781 318 319 317 
1782 557 1658 765 
1783 1026 1582 1580 
1784 472 480 473 
1785 936 1380 856 
1786 753 1090 831 
1787 987 1058 986 
1788 356 364 357 
1789 356 1586 364 
1790 1227 1247 1058 
1791 1586 1593 1587 
1792 1432 1433 476 
1793 731 1649 729 
1794 1607 1608 1134 
1795 974 1096 973 
1796 929 2009 885 
1797 335 1683 334 
1798 766 775 760 
1799 80 2046 229 
1800 985 987 986 
1801 987 1227 1058 
1802 873 876 875 
1803 424 426 425 
1804 701 907 702 
1805 364 372 370 
1806 1031 1032 904 
1807 565 1454 1453 
1808 1599 1600 1099 
1809 579 985 634 
1810 1554 1573 1327 
1811 426 428 427 
1812 422 424 423 
1813 372 383 381 
1814 306 860 276 
1815 1241 2098 1293 
1816 634 635 580 
1817 570 632 631 
1818 676 809 675 
1819 519 520 518 
1820 520 1875 518 
1821 428 431 429 
1822 496 506 497 
1823 1161 1162 1095 
1824 615 675 614 
1825 760 1548 771 
1826 1144 1532 1032 
1827 635 688 687 
1828 1365 1507 1175 
1829 1380 1632 856 
1830 579 580 528 
1831 316 317 314 
1832 452 2144 2045 
1833 217 1903 1665 
1834 725 726 723 
1835 715 716 714 
1836 1376 1999 1125 
1837 583 1640 581 
1838 496 497 382 
1839 711 712 710 
1840 1115 1970 1805 
1841 854 1125 947 
1842 1467 1554 1327 
1843 433 435 434 
1844 771 772 749 
1845 634 1588 635 
1846 435 437 436 
1847 1572 1752 706 
1848 530 614 529 
1849 420 422 421 
1850 375 1744 360 
1851 311 805 309 
1852 169 230 168 
1853 1102 1749 1351 
1854 352 1604 351 
1855 1281 2113 1279 
1856 778 1010 994 
1857 524 525 520 
1858 765 1658 1023 
1859 690 1473 693 
1860 713 714 712 
1861 1211 1402 999 
1862 1064 1681 1036 
1863 1552 2130 344 
1864 926 988 650 
1865 470 472 471 
1866 1731 2036 1341 
1867 721 722 719 
1868 1584 1890 1863 
1869 383 1621 381 
1870 356 357 352 
1871 797 1605 930 
1872 431 433 432 
1873 1023 1210 1209 
1874 887 924 888 
1875 523 1733 522 
1876 527 528 493 
1877 529 1603 527 
1878 867 919 772 
1879 1326 1467 1327 
1880 1129 1801 1566 
1881 1133 1288 1021 
1882 799 801 800 
1883 981 1240 857 
1884 1473 1474 693 
1885 1783 2043 1407 
1886 614 1615 704 
1887 1058 1598 1059 
1888 1254 1662 1252 
1889 1427 1689 1426 
1890 437 440 438 
1891 977 979 978 
1892 1581 1595 1579 
1893 249 250 248 
1894 1259 1971 1368 
1895 1204 1272 1206 
1896 418 420 419 
1897 1527 2118 1528 
1898 644 646 645 
1899 351 366 342 
1900 405 1678 407 
1901 1710 1728 1515 
1902 1061 1813 1085 
1903 1058 1059 986 
1904 635 1588 688 
1905 709 710 708 
1906 336 1925 1540 
1907 1640 1732 581 
1908 311 1611 805 
1909 1187 2050 1649 
1910 684 1212 599 
1911 1023 1209 1018 
1912 778 1733 1010 
1913 1125 2134 1376 
1914 1155 1638 1523 
1915 1310 1779 1312 
1916 166 521 165 
1917 182 1631 573 
1918 845 1640 583 
1919 164 1607 1134 
1920 392 1624 394 
1921 1357 1927 1356 
1922 564 1423 1422 
1923 364 370 357 
1924 922 1128 1105 
1925 1176 1178 1177 
1926 1706 1780 1511 
1927 785 1576 643 
1928 440 442 441 
1929 372 381 370 
1930 1135 1271 1008 
1931 626 1707 890 
1932 1914 1978 880 
1933 1624 2041 586 
1934 739 740 737 
1935 1799 1938 1370 
1936 111 202 110 
1937 357 1645 1604 
1938 1693 1987 1692 
1939 1080 1693 1079 
1940 656 658 657 
1941 1269 1270 206 
1942 2149 2158 213 
1943 1355 1356 197 
1944 523 2162 1370 
1945 654 656 655 
1946 381 496 382 
1947 1174 1176 1175 
1948 706 1752 1571 
1949 192 1639 479 
1950 1278 1280 1279 
1951 704 1603 529 
1952 635 687 686 
1953 771 1548 1093 
1954 898 900 899 
1955 355 1961 86 
1956 188 980 187 
1957 587 1675 951 
1958 155 1642 154 
1959 1261 1278 1277 
1960 658 660 659 
1961 585 1913 1533 
1962 1247 1598 1058 
1963 1007 1008 335 
1964 1441 1444 1443 
1965 912 915 913 
1966 200 1533 1239 
1967 660 662 661 
1968 555 557 556 
1969 1762 1828 939 
1970 648 650 649 
1971 900 910 901 
1972 1897 2151 1411 
1973 910 912 911 
1974 735 736 733 
1975 187 1584 186 
1976 1163 1164 902 
1977 1212 1654 599 
1978 618 2119 542 
1979 1346 1935 673 
1980 416 418 417 
1981 555 1658 557 
1982 501 530 529 
1983 714 1710 712 
1984 1259 1261 1260 
1985 164 1134 163 
1986 1299 1301 1300 
1987 1130 1885 1526 
1988 141 1870 140 
1989 1280 1282 1281 
1990 707 708 358 
1991 834 1491 628 
1992 1303 1306 1304 
1993 896 898 897 
1994 809 1161 1095 
1995 646 648 647 
1996 302 1706 1511 
1997 1033 1051 1050 
1998 282 284 283 
1999 687 770 705 
2000 615 676 675 
2001 454 456 455 
2002 450 454 451 
2003 1194 1292 1291 
2004 284 286 285 
2005 165 1607 164 
2006 987 1228 1227 
2007 458 586 460 
2008 1367 2182 1060 
2009 554 807 555 
2010 662 664 663 
2011 1385 2177 1564 
2012 1257 1259 1258 
2013 1301 1303 1302 
2014 192 479 191 
2015 1324 1543 1326 
2016 500 512 511 
2017 664 667 665 
2018 1563 1685 988 
2019 379 1322 1321 
2020 817 1836 819 
2021 563 1439 1430 
2022 1310 1312 1311 
2023 468 470 469 
2024 1653 1875 1063 
2025 414 1570 395 
2026 82 601 81 
2027 1287 1970 1244 
2028 1468 1712 440 
2029 216 1642 155 
2030 915 917 916 
2031 726 1690 723 
2032 1251 1252 1250 
2033 132 380 131 
2034 280 282 281 
2035 530 615 614 
2036 220 1909 1671 
2037 1494 1501 1498 
2038 286 288 287 
2039 442 445 443 
2040 1054 2101 853 
2041 183 1631 182 
2042 457 468 467 
2043 821 822 820 
2044 557 589 588 
2045 77 197 76 
2046 890 1257 1256 
2047 894 896 895 
2048 1312 1314 1313 
2049 667 678 668 
2050 609 1698 769 
2051 584 1751 1679 
2052 743 766 760 
2053 1543 1866 688 
2054 1161 1401 1162 
2055 512 570 569 
2056 1031 1033 1032 
2057 1969 2072 1425 
2058 517 1653 577 
2059 448 450 449 
2060 893 1889 1696 
2061 761 939 938 
2062 144 504 143 
2063 925 977 976 
2064 1585 1596 298 
2065 445 448 446 
2066 278 280 279 
2067 288 290 289 
2068 9 699 8 
2069 1444 1446 1445 
2070 1642 2170 154 
2071 381 382 370 
2072 193 1639 192 
2073 823 824 822 
2074 1262 2178 1414 
2075 907 1648 908 
2076 819 820 818 
2077 351 1761 366 
2078 865 894 866 
2079 987 1635 1228 
2080 717 1628 716 
2081 981 1547 1240 
2082 776 904 903 
2083 1112 1639 193 
2084 555 556 507 
2085 988 1685 650 
2086 1394 1395 203 
2087 549 553 552 
2088 519 524 520 
2089 651 654 653 
2090 766 776 775 
2091 486 489 487 
2092 1249 1250 868 
2093 1434 1435 1433 
2094 275 278 277 
2095 490 500 499 
2096 715 717 716 
2097 462 600 464 
2098 917 931 918 
2099 1528 2045 1153 
2100 506 558 554 
2101 492 519 518 
2102 727 729 728 
2103 996 1074 836 
2104 863 865 864 
2105 1186 1194 1193 
2106 1379 2110 1155 
2107 868 1719 759 
2108 497 1052 382 
2109 931 933 932 
2110 1730 2019 502 
2111 33 234 32 
2112 524 599 525 
2113 357 1604 352 
2114 547 549 548 
2115 39 1652 593 
2116 576 1742 1567 
2117 212 1652 40 
2118 635 686 580 
2119 41 212 40 
2120 39 593 38 
2121 36 209 35 
2122 40 1652 39 
2123 985 1635 987 
2124 62 211 61 
2125 1881 2156 1577 
2126 1314 1316 1315 
2127 30 204 29 
2128 678 680 679 
2129 711 713 712 
2130 401 403 402 
2131 395 397 396 
2132 1288 1993 1289 
2133 539 541 540 
2134 1307 1310 1309 
2135 403 405 404 
2136 933 962 934 
2137 1187 1729 1183 
2138 10 1583 9 
2139 535 537 536 
2140 1695 1705 1620 
2141 537 539 538 
2142 194 1112 193 
2143 493 1620 383 
2144 1484 2004 1314 
2145 677 1473 690 
2146 533 535 534 
2147 1253 1254 1252 
2148 51 591 50 
2149 709 711 710 
2150 25 594 24 
2151 413 416 415 
2152 861 863 862 
2153 484 486 485 
2154 27 233 26 
2155 399 401 400 
2156 42 1664 41 
2157 797 799 798 
2158 722 1884 1606 
2159 807 1658 555 
2160 26 1656 25 
2161 1184 1186 1185 
2162 713 715 714 
2163 817 818 802 
2164 1363 1397 1002 
2165 919 1513 984 
2166 125 1795 124 
2167 276 1574 260 
2168 273 275 274 
2169 541 543 542 
2170 1191 1563 988 
2171 1577 2156 1142 
2172 41 1664 212 
2173 24 1659 23 
2174 779 1319 945 
2175 965 1373 909 
2176 721 723 722 
2177 405 407 406 
2178 365 2206 152 
2179 1085 1813 1761 
2180 200 1239 1238 
2181 23 198 22 
2182 466 2132 2070 
2183 233 1656 26 
2184 397 399 398 
2185 1248 2052 1668 
2186 870 871 824 
2187 688 1855 1543 
2188 25 1656 594 
2189 161 685 160 
2190 927 1705 1695 
2191 1072 1297 1296 
2192 1662 1926 1252 
2193 842 861 843 
2194 725 727 726 
2195 815 840 816 
2196 680 780 681 
2197 501 1688 530 
2198 1316 1522 1318 
2199 138 218 137 
2200 964 1612 963 
2201 813 815 814 
2202 840 842 841 
2203 1012 1576 785 
2204 594 1659 24 
2205 147 2112 146 
2206 407 409 408 
2207 353 707 358 
2208 749 1728 742 
2209 206 1626 1242 
2210 1462 2148 2115 
2211 1503 2034 1502 
2212 828 1827 972 
2213 363 1963 1340 
2214 528 1620 493 
2215 683 1063 786 
2216 1325 1371 1323 
2217 599 1654 525 
2218 701 949 907 
2219 409 411 410 
2220 644 645 578 
2221 304 332 331 
2222 43 598 42 
2223 543 545 544 
2224 811 813 812 
2225 687 705 686 
2226 370 1645 357 
2227 1610 2204 1839 
2228 941 1229 1170 
2229 34 1651 33 
2230 23 1659 198 
2231 1651 1874 1211 
2232 33 1651 234 
2233 1754 2096 1162 
2234 321 369 368 
2235 1197 1198 1196 
2236 586 1647 460 
2237 411 413 412 
2238 765 1023 1018 
2239 1464 1674 354 
2240 1125 1364 947 
2241 872 873 871 
2242 1620 1621 383 
2243 1004 1564 1005 
2244 955 1035 952 
2245 628 828 827 
2246 52 1655 51 
2247 45 217 44 
2248 18 1699 17 
2249 15 196 14 
2250 22 1684 21 
2251 598 1664 42 
2252 770 973 784 
2253 479 1725 191 
2254 545 547 546 
2255 660 1864 662 
2256 801 802 800 
2257 74 1234 235 
2258 378 389 388 
2259 146 606 145 
2260 94 220 93 
2261 99 585 98 
2262 109 613 108 
2263 115 1803 114 
2264 120 224 119 
2265 136 604 135 
2266 104 201 103 
2267 131 1700 130 
2268 57 1682 56 
2269 83 1715 82 
2270 707 709 708 
2271 44 1665 43 
2272 1029 1072 1071 
2273 300 304 303 
2274 1499 1694 1496 
2275 947 1364 1241 
2276 1092 1330 1091 
2277 246 1974 249 
2278 271 273 272 
2279 1021 1735 780 
2280 621 1811 1070 
2281 567 1678 405 
2282 1600 2020 37 
2283 769 1698 941 
2284 1840 2081 2064 
2285 369 378 377 
2286 218 1709 1708 
2287 982 2122 870 
2288 1090 1091 831 
2289 334 1683 337 
2290 48 347 47 
2291 324 1679 326 
2292 297 300 299 
2293 795 797 796 
2294 1543 1882 1866 
2295 462 1647 600 
2296 460 1647 462 
2297 651 1685 654 
2298 1594 2159 700 
2299 1962 2212 371 
2300 781 795 794 
2301 84 195 83 
2302 558 1701 554 
2303 46 1670 45 
2304 1761 1846 1085 
2305 1301 2014 1303 
2306 1079 1692 1691 
2307 382 1645 370 
2308 146 2112 606 
2309 229 1199 1197 
2310 876 877 875 
2311 621 1070 777 
2312 379 1321 54 
2313 1027 1029 1028 
2314 330 1007 335 
2315 530 1688 844 
2316 1078 1079 1076 
2317 1383 1880 1144 
2318 1762 2141 1271 
2319 497 1702 1052 
2320 1060 1918 1367 
2321 337 1726 343 
2322 557 588 556 
2323 43 1665 598 
2324 1437 2183 1434 
2325 969 1696 1215 
2326 1362 1891 1394 
2327 290 292 291 
2328 269 271 270 
2329 295 297 296 
2330 492 1667 519 
2331 1177 1893 1366 
2332 878 879 877 
2333 384 1688 501 
2334 481 484 483 
2335 1007 1751 1135 
2336 882 883 881 
2337 600 1667 464 
2338 1983 2104 1514 
2339 919 984 772 
2340 198 1684 22 
2341 551 811 633 
2342 1709 1980 1708 
2343 686 1695 580 
2344 664 1718 905 
2345 1289 1735 1021 
2346 1639 1934 1235 
2347 601 1412 1411 
2348 528 1695 1620 
2349 556 1702 507 
2350 1322 1323 1321 
2351 203 1614 70 
2352 387 523 522 
2353 880 881 879 
2354 1899 1995 526 
2355 908 964 963 
2356 1057 1245 1156 
2357 292 295 293 
2358 706 1570 414 
2359 646 647 645 
2360 222 1682 57 
2361 507 1702 497 
2362 770 784 705 
2363 1360 1877 596 
2364 260 262 261 
2365 56 1404 55 
2366 267 269 268 
2367 1007 1135 1008 
2368 630 845 583 
2369 530 844 615 
2370 464 1667 492 
2371 424 425 423 
2372 1173 1174 1051 
2373 1513 1514 984 
2374 265 267 266 
2375 422 423 421 
2376 217 1665 44 
2377 1547 1925 366 
2378 262 265 264 
2379 1061 1085 859 
2380 37 2086 1600 
2381 1096 1637 973 
2382 939 1100 938 
2383 1606 1759 1628 
2384 890 1707 1257 
2385 281 2195 1400 
2386 426 427 425 
2387 609 684 599 
2388 2121 2198 359 
2389 395 396 393 
2390 885 886 883 
2391 770 1866 974 
2392 1094 1857 1766 
2393 940 981 857 
2394 1250 1719 868 
2395 580 1695 528 
2396 769 857 684 
2397 650 651 649 
2398 1057 1143 1056 
2399 1162 1868 1095 
2400 21 595 20 
2401 1118 1120 1117 
2402 1052 1645 382 
2403 1030 1031 904 
2404 1766 1857 1611 
2405 1204 1206 979 
2406 656 657 655 
2407 648 649 647 
2408 1143 1966 1056 
2409 1400 2080 281 
2410 1497 1500 1495 
2411 1179 2107 1591 
2412 16 1668 15 
2413 1407 2043 1299 
2414 799 800 798 
2415 1492 2136 1232 
2416 1126 1283 1127 
2417 45 1670 217 
2418 428 429 427 
2419 210 1290 133 
2420 522 1733 582 
2421 1183 1729 1222 
2422 1209 1657 1018 
2423 779 1697 1319 
2424 418 419 417 
2425 420 421 419 
2426 654 655 653 
2427 658 659 657 
2428 1387 1913 585 
2429 970 1827 968 
2430 1925 2007 1540 
2431 705 927 686 
2432 1057 1156 1143 
2433 789 967 966 
2434 941 1698 1229 
2435 1081 1167 1166 
2436 927 1695 686 
2437 1380 1856 1632 
2438 660 661 659 
2439 1978 2017 929 
2440 848 856 846 
2441 1438 2094 2068 
2442 1046 2194 1207 
2443 1369 2123 1212 
2444 765 768 589 
2445 321 368 319 
2446 1229 1230 1170 
2447 1195 1893 1178 
2448 1271 2059 1746 
2449 983 1337 1336 
2450 480 1534 481 
2451 124 1269 123 
2452 1944 1945 1188 
2453 1287 2206 365 
2454 66 2053 208 
2455 1679 1751 1007 
2456 391 1666 389 
2457 961 1049 958 
2458 1479 1968 1356 
2459 127 2208 126 
2460 908 1648 964 
2461 906 936 856 
2462 690 693 692 
2463 723 1690 722 
2464 1116 1117 1114 
2465 257 1941 259 
2466 950 1534 480 
2467 1265 1266 1231 
2468 858 1102 1000 
2469 662 663 661 
2470 742 1710 714 
2471 718 719 717 
2472 773 1716 620 
2473 761 1832 939 
2474 954 1004 1003 
2475 353 1726 707 
2476 898 899 897 
2477 480 481 473 
2478 900 901 899 
2479 431 432 429 
2480 1641 1732 1640 
2481 589 1697 588 
2482 350 362 361 
2483 973 1055 784 
2484 554 1701 807 
2485 1125 1419 1364 
2486 1161 1983 1513 
2487 608 1001 550 
2488 896 897 895 
2489 1288 1289 1021 
2490 674 1702 556 
2491 349 1098 339 
2492 15 1668 196 
2493 51 1655 591 
2494 588 779 674 
2495 741 747 745 
2496 435 436 434 
2497 2064 2081 1447 
2498 110 1672 109 
2499 950 1669 1534 
2500 374 375 360 
2501 1280 1281 1279 
2502 1278 1279 1277 
2503 502 1583 10 
2504 1250 1926 1719 
2505 912 913 911 
2506 747 757 756 
2507 910 911 901 
2508 757 763 762 
2509 667 668 665 
2510 205 1352 116 
2511 316 1939 318 
2512 228 232 231 
2513 664 665 663 
2514 779 945 859 
2515 1049 1722 1564 
2516 1299 1300 1297 
2517 1081 1166 1082 
2518 1188 1697 589 
2519 887 888 886 
2520 203 1814 1614 
2521 1055 1057 1056 
2522 893 1696 969 
2523 945 1369 1061 
2524 433 434 432 
2525 894 895 866 
2526 1055 1056 784 
2527 1079 1691 1076 
2528 1179 1180 1178 
2529 1320 1899 1815 
2530 1082 1148 1080 
2531 937 1744 375 
2532 292 1917 295 
2533 437 438 436 
2534 1103 1749 1102 
2535 969 1215 971 
2536 1530 2127 495 
2537 524 609 599 
2538 724 725 723 
2539 416 417 415 
2540 326 1679 330 
2541 997 1524 936 
2542 972 1949 1389 
2543 1567 1723 465 
2544 134 1650 210 
2545 1716 2001 1282 
2546 474 475 375 
2547 588 674 556 
2548 650 1685 651 
2549 1166 1235 1082 
2550 1620 1705 1621 
2551 1036 1037 1035 
2552 956 1771 1560 
2553 1102 1351 1213 
2554 865 866 864 
2555 944 1189 943 
2556 1676 1677 574 
2557 1514 1515 984 
2558 678 679 668 
2559 1537 2213 1210 
2560 21 1684 595 
2561 860 1574 276 
2562 1716 1774 620 
2563 582 778 629 
2564 1340 1839 1339 
2565 915 916 913 
2566 776 1030 904 
2567 1261 1277 1260 
2568 284 285 283 
2569 440 441 438 
2570 779 859 674 
2571 945 1061 859 
2572 707 1107 709 
2573 1042 1043 1041 
2574 317 1766 1611 
2575 8 1798 7 
2576 739 741 740 
2577 863 864 862 
2578 688 1866 687 
2579 343 1726 353 
2580 797 798 796 
2581 666 943 652 
2582 87 355 86 
2583 282 283 281 
2584 680 681 679 
2585 191 1725 190 
2586 286 287 285 
2587 1033 1173 1051 
2588 403 404 402 
2589 1128 1860 1105 
2590 1839 1867 1339 
2591 1768 1821 1090 
2592 973 1637 1055 
2593 260 261 258 
2594 405 406 404 
2595 616 789 788 
2596 711 1069 713 
2597 1612 2010 1145 
2598 720 721 719 
2599 1285 2005 1659 
2600 401 402 400 
2601 924 925 888 
2602 772 1728 749 
2603 1657 1935 1104 
2604 409 410 408 
2605 1216 2138 1794 
2606 763 858 855 
2607 1459 2073 1005 
2608 280 281 279 
2609 109 1672 613 
2610 1259 1260 1258 
2611 1038 1039 1037 
2612 780 781 681 
2613 413 415 412 
2614 677 1838 1473 
2615 1098 1841 339 
2616 795 796 794 
2617 715 718 717 
2618 781 1735 795 
2619 508 510 475 
2620 288 289 287 
2621 397 398 396 
2622 861 862 843 
2623 472 473 471 
2624 330 1679 1007 
2625 1121 1794 1518 
2626 407 408 406 
2627 411 412 410 
2628 735 737 736 
2629 1618 1823 572 
2630 730 731 729 
2631 1283 1883 1457 
2632 399 400 398 
2633 977 978 976 
2634 1312 1313 1311 
2635 609 769 684 
2636 1306 1307 1304 
2637 1264 2167 1448 
2638 19 213 18 
2639 454 455 451 
2640 1018 1104 768 
2641 456 457 455 
2642 645 1742 578 
2643 246 248 247 
2644 17 597 16 
2645 769 940 857 
2646 1303 1304 1302 
2647 130 1472 129 
2648 1257 1258 1256 
2649 815 816 814 
2650 1040 1041 1039 
2651 362 371 367 
2652 278 279 277 
2653 778 994 808 
2654 630 846 845 
2655 840 841 816 
2656 813 814 812 
2657 442 443 441 
2658 190 1797 189 
2659 842 843 841 
2660 769 941 940 
2661 1310 1311 1309 
2662 805 1857 1602 
2663 1301 1302 1300 
2664 82 1715 601 
2665 1405 1779 1310 
2666 1282 2001 1281 
2667 942 1491 834 
2668 244 246 245 
2669 1466 1922 1028 
2670 1271 1746 1008 
2671 765 1018 768 
2672 1314 1315 1313 
2673 389 531 388 
2674 162 1808 161 
2675 1030 1275 1031 
2676 917 918 916 
2677 369 377 368 
2678 275 277 274 
2679 1001 1786 550 
2680 941 1170 1169 
2681 1249 1251 1250 
2682 1338 1339 1073 
2683 964 1646 1612 
2684 1294 1597 1295 
2685 867 1912 919 
2686 811 812 633 
2687 242 244 243 
2688 849 1867 1839 
2689 256 826 254 
2690 1566 1848 1129 
2691 995 1341 1338 
2692 1167 1168 1166 
2693 1176 1179 1178 
2694 378 388 377 
2695 450 451 449 
2696 1014 1015 773 
2697 1566 1711 1468 
2698 768 1188 589 
2699 1628 1759 766 
2700 1342 1343 935 
2701 389 1666 531 
2702 1240 2199 1369 
2703 707 1726 1107 
2704 532 533 510 
2705 393 1687 391 
2706 994 1731 995 
2707 1173 1590 1174 
2708 924 1869 925 
2709 371 387 386 
2710 139 1770 138 
2711 1271 2141 2059 
2712 1015 1716 773 
2713 240 242 241 
2714 251 1806 359 
2715 170 1829 1802 
2716 1589 2077 1541 
2717 1044 1045 1043 
2718 445 446 443 
2719 1543 1855 1326 
2720 758 1738 750 
2721 848 906 856 
2722 93 1671 92 
2723 906 1237 997 
2724 995 1073 808 
2725 1140 1460 1015 
2726 1322 1882 1324 
2727 1230 1263 1231 
2728 718 774 720 
2729 578 1742 576 
2730 1394 1891 1395 
2731 448 449 446 
2732 1151 1956 924 
2733 931 932 918 
2734 1531 1861 1130 
2735 1316 1318 1315 
2736 1081 1082 1080 
2737 17 1699 597 
2738 1181 1182 1180 
2739 906 997 936 
2740 1100 1521 1520 
2741 941 1169 940 
2742 640 641 632 
2743 1538 2147 807 
2744 468 469 467 
2745 1536 1537 636 
2746 1230 1231 1170 
2747 273 274 272 
2748 666 1065 944 
2749 470 471 469 
2750 130 1700 1472 
2751 933 934 932 
2752 1355 1357 1356 
2753 984 1728 772 
2754 709 1713 711 
2755 1135 1762 1271 
2756 305 1941 562 
2757 905 2027 1504 
2758 1790 2152 1488 
2759 238 240 239 
2760 721 724 723 
2761 651 653 652 
2762 129 1472 207 
2763 1645 1846 1604 
2764 628 827 332 
2765 453 1757 1441 
2766 1958 2045 1528 
2767 1806 2121 359 
2768 997 1525 1524 
2769 873 875 874 
2770 850 1138 758 
2771 1170 1714 1169 
2772 1065 1067 1066 
2773 642 838 829 
2774 647 1087 645 
2775 1266 1714 1231 
2776 847 849 848 
2777 732 733 731 
2778 1027 1028 1025 
2779 1251 1253 1252 
2780 1183 1184 1182 
2781 113 1674 112 
2782 778 808 629 
2783 727 730 729 
2784 1486 1915 1195 
2785 751 761 758 
2786 588 1697 779 
2787 20 1842 19 
2788 705 1721 927 
2789 159 1963 363 
2790 271 272 270 
2791 391 1687 1666 
2792 995 1338 1073 
2793 242 1849 244 
2794 994 995 808 
2795 630 847 846 
2796 1484 1957 333 
2797 996 1075 1074 
2798 1085 1756 859 
2799 1046 1047 1045 
2800 666 944 943 
2801 1738 1739 750 
2802 601 1715 1412 
2803 923 1764 671 
2804 224 2182 1630 
2805 802 928 800 
2806 220 1671 93 
2807 1559 1680 1006 
2808 1263 1265 1231 
2809 651 652 649 
2810 761 938 850 
2811 847 848 846 
2812 1082 1717 1148 
2813 602 603 553 
2814 1072 1296 1071 
2815 724 751 750 
2816 1111 1334 1333 
2817 1444 1578 1446 
2818 1197 1865 1198 
2819 713 1727 715 
2820 252 263 250 
2821 290 291 289 
2822 718 720 719 
2823 1139 1673 1138 
2824 784 1721 705 
2825 629 630 583 
2826 728 2214 746 
2827 1512 1906 1147 
2828 269 270 268 
2829 1573 1932 1327 
2830 1401 1754 1162 
2831 1018 1657 1104 
2832 582 629 583 
2833 657 670 655 
2834 753 831 759 
2835 1667 1755 519 
2836 1604 1761 351 
2837 267 268 266 
2838 265 266 264 
2839 1078 1080 1079 
2840 1707 1971 1257 
2841 766 1759 776 
2842 582 583 581 
2843 1031 1724 1033 
2844 1253 1255 1254 
2845 1235 1717 1082 
2846 832 1111 989 
2847 822 825 820 
2848 75 1968 1479 
2849 1429 2026 1431 
2850 738 753 752 
2851 1637 1845 1055 
2852 1101 1916 1487 
2853 322 1939 584 
2854 519 1755 524 
2855 1087 1742 645 
2856 118 1630 1367 
2857 262 264 261 
2858 872 2148 1462 
2859 1780 1785 1511 
2860 1614 1814 1097 
2861 195 1715 83 
2862 1065 1066 944 
2863 1081 1818 1167 
2864 889 1218 1157 
2865 236 238 237 
2866 1029 1071 1028 
2867 1181 1187 1183 
2868 56 1682 1404 
2869 1056 1721 784 
2870 1432 2106 1437 
2871 1207 2028 1472 
2872 2045 2144 1463 
2873 774 1141 720 
2874 653 666 652 
2875 1078 1081 1080 
2876 1138 1738 758 
2877 319 1766 317 
2878 1515 1728 984 
2879 582 1733 778 
2880 781 794 793 
2881 1067 1629 1066 
2882 1199 1200 1197 
2883 724 750 725 
2884 889 1088 874 
2885 1761 1813 366 
2886 363 1844 158 
2887 1633 2093 1641 
2888 1107 1713 709 
2889 1085 1846 1756 
2890 1275 1724 1031 
2891 943 1753 652 
2892 597 1668 16 
2893 1100 1520 938 
2894 892 1232 852 
2895 374 474 375 
2896 1702 1756 1052 
2897 832 1773 1111 
2898 209 1874 35 
2899 117 1367 205 
2900 777 1152 1014 
2901 396 1687 393 
2902 663 669 661 
2903 1141 1832 1765 
2904 419 452 417 
2905 1120 1370 1122 
2906 995 1731 1341 
2907 377 1094 368 
2908 1057 1845 1245 
2909 531 550 388 
2910 1300 1784 1297 
2911 711 1713 1069 
2912 732 755 734 
2913 1048 1952 1877 
2914 720 1765 721 
2915 1179 1181 1180 
2916 1154 1426 975 
2917 474 508 475 
2918 626 671 603 
2919 3 1627 52 
2920 873 874 871 
2921 531 551 550 
2922 780 1735 781 
2923 423 610 421 
2924 1136 2082 1424 
2925 535 672 537 
2926 539 566 541 
2927 608 1745 1001 
2928 609 1755 1698 
2929 1231 1714 1170 
2930 1654 2022 949 
2931 522 582 581 
2932 952 1669 950 
2933 958 1771 956 
2934 592 1450 1284 
2935 508 532 510 
2936 1325 1932 1371 
2937 433 1887 1858 
2938 214 2166 1460 
2939 824 1743 822 
2940 1668 2052 196 
2941 796 869 794 
2942 406 444 404 
2943 568 1837 1565 
2944 412 495 410 
2945 781 793 681 
2946 522 581 386 
2947 400 447 398 
2948 523 1938 1733 
2949 730 732 731 
2950 362 367 361 
2951 1189 1976 943 
2952 524 1755 609 
2953 1270 1681 1626 
2954 899 1013 897 
2955 1763 2163 2143 
2956 1014 1140 1015 
2957 1343 1817 935 
2958 866 998 864 
2959 679 682 668 
2960 961 1722 1049 
2961 816 920 814 
2962 850 1139 1138 
2963 1214 2180 1399 
2964 1013 1780 1706 
2965 368 1766 319 
2966 95 2184 94 
2967 300 303 299 
2968 751 758 750 
2969 1330 1331 1091 
2970 292 293 291 
2971 297 299 296 
2972 366 1925 342 
2973 34 1874 1651 
2974 551 633 608 
2975 828 972 827 
2976 621 777 773 
2977 387 522 386 
2978 559 2177 1385 
2979 532 621 620 
2980 862 993 843 
2981 295 296 293 
2982 304 331 303 
2983 154 2170 2021 
2984 851 923 671 
2985 1033 1724 1173 
2986 1119 1358 1124 
2987 1913 2148 1239 
2988 551 608 550 
2989 734 735 733 
2990 761 850 758 
2991 913 914 911 
2992 1069 1727 713 
2993 30 1896 204 
2994 967 1205 966 
2995 532 620 533 
2996 429 477 427 
2997 633 782 608 
2998 1412 2027 1411 
2999 465 2075 1572 
3000 1006 1722 961 
3001 715 1727 718 
3002 169 1802 230 
3003 1788 1848 1218 
3004 1181 1183 1182 
3005 1626 1681 1064 
3006 693 695 694 
3007 776 1759 1030 
3008 457 467 466 
3009 350 1895 362 
3010 718 1727 774 
3011 1357 2095 1927 
3012 1332 2018 201 
3013 1573 2003 49 
3014 777 1014 773 
3015 1773 1854 1111 
3016 666 1748 1065 
3017 699 1798 8 
3018 1186 1214 1194 
3019 1756 1846 1052 
3020 1017 2159 1594 
3021 279 345 277 
3022 725 1739 727 
3023 1189 2075 1976 
3024 371 386 367 
3025 889 1788 1218 
3026 1894 2029 1254 
3027 746 2214 2057 
3028 1139 1686 1673 
3029 1765 1832 751 
3030 204 1908 29 
3031 1331 1854 1773 
3032 545 612 547 
3033 1388 1967 637 
3034 832 868 759 
3035 1146 1940 1489 
3036 890 1256 1019 
3037 1331 2185 1544 
3038 210 1471 1290 
3039 879 1129 877 
3040 655 1748 653 
3041 601 1411 1410 
3042 1129 1848 1788 
3043 549 602 553 
3044 1215 1216 971 
3045 1075 1076 1074 
3046 1307 1309 1308 
3047 732 734 733 
3048 434 619 432 
3049 626 890 851 
3050 989 1249 868 
3051 1286 1353 1019 
3052 1708 1980 1054 
3053 474 509 508 
3054 1183 1222 1184 
3055 621 773 620 
3056 790 791 617 
3057 918 1147 916 
3058 254 1734 252 
3059 479 2074 1725 
3060 488 852 482 
3061 875 889 874 
3062 1116 1118 1117 
3063 1644 1876 261 
3064 266 514 264 
3065 1079 1693 1692 
3066 1200 1865 1197 
3067 441 478 438 
3068 925 976 975 
3069 1240 2088 857 
3070 161 1808 685 
3071 596 1999 1376 
3072 671 1763 603 
3073 859 1756 674 
3074 500 511 499 
3075 906 1741 1237 
3076 1164 1924 1617 
3077 889 1157 1088 
3078 849 1741 848 
3079 992 1546 1171 
3080 1124 1165 1123 
3081 246 247 245 
3082 883 884 881 
3083 934 1276 935 
3084 1270 1626 206 
3085 789 966 788 
3086 674 1756 1702 
3087 361 374 360 
3088 272 301 270 
3089 285 307 283 
3090 738 739 737 
3091 157 2036 156 
3092 350 360 349 
3093 244 245 243 
3094 1591 2124 1179 
3095 248 571 247 
3096 242 243 241 
3097 1224 1225 1110 
3098 1320 1995 1899 
3099 561 2129 1809 
3100 1049 1771 958 
3101 1148 2060 1929 
3102 1880 2071 1208 
3103 848 1741 906 
3104 1110 1800 1109 
3105 649 1753 647 
3106 827 1810 332 
3107 341 349 339 
3108 1073 1747 808 
3109 1226 1243 1225 
3110 1297 1784 1296 
3111 721 1765 724 
3112 541 1760 543 
3113 457 466 455 
3114 1938 1951 1010 
3115 698 837 835 
3116 1719 1820 752 
3117 1141 1765 720 
3118 831 832 759 
3119 1111 1333 989 
3120 685 1963 160 
3121 240 241 239 
3122 1375 1677 1676 
3123 595 1842 20 
3124 1225 1834 1800 
3125 1492 1827 828 
3126 819 1836 1108 
3127 750 1739 725 
3128 350 361 360 
3129 753 759 752 
3130 653 1748 666 
3131 6 2065 188 
3132 213 1699 18 
3133 341 350 349 
3134 1206 2092 1413 
3135 934 935 932 
3136 1307 1308 1304 
3137 163 2066 5 
3138 630 1747 847 
3139 481 482 473 
3140 1302 1305 1300 
3141 1843 2030 2004 
3142 724 1765 751 
3143 1441 1757 1444 
3144 404 1769 402 
3145 1600 1833 1099 
3146 1237 1758 997 
3147 166 2117 521 
3148 1236 2184 95 
3149 1425 2072 937 
3150 331 341 339 
3151 189 2065 6 
3152 792 803 791 
3153 250 1740 248 
3154 5 2066 162 
3155 348 2193 1948 
3156 1711 1712 1468 
3157 1897 2027 905 
3158 808 1747 629 
3159 804 1109 803 
3160 629 1747 630 
3161 449 516 446 
3162 1632 1856 1633 
3163 925 975 888 
3164 299 622 296 
3165 671 1764 1763 
3166 1649 2050 744 
3167 1118 1799 1120 
3168 602 626 603 
3169 1680 1722 1006 
3170 1094 1766 368 
3171 433 1858 435 
3172 735 738 737 
3173 695 698 697 
3174 1345 1896 1383 
3175 1725 1797 190 
3176 49 2171 1573 
3177 331 339 303 
3178 668 1772 665 
3179 1676 1818 1077 
3180 1296 1374 1071 
3181 670 1748 655 
3182 236 237 232 
3183 293 333 291 
3184 1224 1416 1226 
3185 741 754 747 
3186 809 1983 1161 
3187 832 989 868 
3188 936 2192 1380 
3189 835 836 697 
3190 289 625 287 
3191 1276 1342 935 
3192 1510 1871 1509 
3193 484 485 483 
3194 421 1767 419 
3195 1076 1691 1074 
3196 158 1844 157 
3197 992 996 836 
3198 1395 1814 203 
3199 744 2050 1591 
3200 782 1745 608 
3201 199 2125 89 
3202 997 1758 1525 
3203 652 1753 649 
3204 518 1875 1653 
3205 1111 1854 1334 
3206 84 1703 195 
3207 238 239 237 
3208 1309 1317 1308 
3209 1845 1947 1245 
3210 647 1753 1087 
3211 727 1739 730 
3212 373 1942 1465 
3213 822 1743 825 
3214 619 2178 1792 
3215 486 487 485 
3216 738 752 739 
3217 1153 2045 1463 
3218 1077 1818 1078 
3219 1470 2035 767 
3220 1550 2126 1456 
3221 558 1966 1701 
3222 168 2109 167 
3223 2169 2209 1734 
3224 1305 1784 1300 
3225 1618 1824 1823 
3226 1210 2147 1538 
3227 1725 2074 1168 
3228 738 1768 753 
3229 1803 2181 1559 
3230 1747 1867 847 
3231 1558 2084 1353 
3232 521 2117 1758 
3233 489 490 487 
3234 1606 1884 1759 
3235 626 851 671 
3236 826 1734 254 
3237 1553 2193 1478 
3238 1078 1818 1081 
3239 505 1848 1566 
3240 570 631 569 
3241 469 526 467 
3242 1108 1836 1791 
3243 1035 1669 952 
3244 804 1223 1110 
3245 1471 1847 1172 
3246 684 2088 1212 
3247 92 1671 592 
3248 1487 1988 1086 
3249 1478 2193 1824 
3250 976 1154 975 
3251 972 1150 827 
3252 1540 2007 1246 
3253 533 1774 535 
3254 270 1793 268 
3255 277 1783 274 
3256 1075 1375 1077 
3257 897 1826 895 
3258 332 1810 331 
3259 734 1768 735 
3260 871 1777 824 
3261 972 1389 1150 
3262 925 1869 977 
3263 1073 1867 1747 
3264 512 569 511 
3265 1791 1909 1108 
3266 49 2003 48 
3267 1524 2099 1152 
3268 1253 1274 1255 
3269 19 1842 213 
3270 1293 1872 380 
3271 537 1775 539 
3272 1120 1799 1370 
3273 818 1905 802 
3274 665 1778 663 
3275 1646 1935 1346 
3276 252 1734 263 
3277 620 1774 533 
3278 1091 1773 831 
3279 901 1780 899 
3280 890 1019 851 
3281 1256 1286 1019 
3282 1352 2181 1803 
3283 601 1410 81 
3284 1088 1777 874 
3285 907 1945 1648 
3286 1520 1790 938 
3287 1077 1078 1076 
3288 783 1864 660 
3289 571 572 247 
3290 1375 1676 1077 
3291 812 1835 633 
3292 1476 1477 810 
3293 1225 1800 1110 
3294 592 1284 91 
3295 694 696 692 
3296 230 1802 1776 
3297 248 1740 571 
3298 965 2173 1373 
3299 864 1781 862 
3300 1140 1829 1460 
3301 1152 1776 1014 
3302 1444 1757 1578 
3303 877 1788 875 
3304 911 1785 901 
3305 938 1790 850 
3306 1089 2016 1796 
3307 602 1859 1707 
3308 1701 1966 1143 
3309 481 483 482 
3310 444 1769 404 
3311 419 1767 452 
3312 790 1084 792 
3313 37 2020 36 
3314 208 2053 2010 
3315 1326 1855 1467 
3316 1063 2215 786 
3317 681 1787 679 
3318 1119 1124 1123 
3319 408 1782 406 
3320 1184 1789 1186 
3321 1547 2007 1925 
3322 1437 2106 1905 
3323 1205 1217 966 
3324 488 893 892 
3325 2070 2132 1350 
3326 693 694 692 
3327 256 1876 826 
3328 687 1866 770 
3329 1095 1868 1163 
3330 263 1740 250 
3331 503 1849 242 
3332 388 1786 377 
3333 347 1981 47 
3334 1687 1931 1562 
3335 610 1767 421 
3336 682 1772 668 
3337 592 1791 1450 
3338 566 1760 541 
3339 126 346 125 
3340 1667 1898 1755 
3341 1843 2004 333 
3342 431 1887 433 
3343 46 1981 1670 
3344 571 616 572 
3345 1119 1123 1118 
3346 1754 1833 593 
3347 550 1786 388 
3348 1502 1984 195 
3349 379 1878 1322 
3350 1638 1972 443 
3351 432 1792 429 
3352 641 1901 632 
3353 1105 1860 1268 
3354 992 1171 996 
3355 488 892 852 
3356 261 1876 258 
3357 663 1778 669 
3358 978 1809 976 
3359 1052 1846 1645 
3360 7 2076 1 
3361 695 697 694 
3362 312 1977 1917 
3363 1222 1789 1184 
3364 53 1989 1627 
3365 1763 2143 603 
3366 967 1922 1205 
3367 1 2076 194 
3368 207 1273 128 
3369 616 788 617 
3370 751 1832 761 
3371 1055 1845 1057 
3372 881 1801 879 
3373 969 971 970 
3374 831 1773 832 
3375 377 1786 1094 
3376 1341 1844 1338 
3377 1150 1810 827 
3378 1362 1946 1891 
3379 1070 1982 777 
3380 1551 2023 1550 
3381 1863 1890 1167 
3382 2051 2210 301 
3383 1321 1989 53 
3384 1013 1826 897 
3385 346 1795 125 
3386 1014 1776 1140 
3387 1410 2046 80 
3388 971 1158 970 
3389 875 1788 889 
3390 1791 1836 1450 
3391 243 348 241 
3392 1113 1114 638 
3393 672 1775 537 
3394 535 1774 672 
3395 1491 2136 1492 
3396 698 835 697 
3397 824 1777 1743 
3398 218 1770 1709 
3399 38 2086 37 
3400 998 1781 864 
3401 793 1787 681 
3402 874 1777 871 
3403 1224 1226 1225 
3404 804 1110 1109 
3405 895 1850 866 
3406 899 1780 1013 
3407 884 2067 1711 
3408 616 617 572 
3409 539 1775 566 
3410 406 1782 444 
3411 893 969 968 
3412 226 227 225 
3413 790 792 791 
3414 633 1835 782 
3415 757 764 763 
3416 764 1928 1662 
3417 862 1781 993 
3418 835 992 836 
3419 1144 1880 1532 
3420 50 2171 49 
3421 969 970 968 
3422 1015 2001 1716 
3423 35 1874 34 
3424 1409 1911 1408 
3425 114 354 113 
3426 850 1790 1139 
3427 914 1785 911 
3428 345 1783 277 
3429 679 1787 682 
3430 1223 1224 1110 
3431 258 1876 256 
3432 1416 1417 1226 
3433 1670 1981 1247 
3434 1352 1803 115 
3435 792 804 803 
3436 1108 1909 1415 
3437 1641 1904 1732 
3438 893 968 892 
3439 1465 2006 373 
3440 1589 2120 1266 
3441 121 1636 120 
3442 1116 1119 1118 
3443 380 1700 131 
3444 1075 1077 1076 
3445 1351 1990 1213 
3446 1591 2107 1590 
3447 1016 1458 1287 
3448 1150 1895 1810 
3449 1671 1791 592 
3450 1147 1977 1512 
3451 631 1113 638 
3452 1522 2191 1098 
3453 732 1888 755 
3454 1100 1923 1521 
3455 429 1792 477 
3456 866 1850 998 
3457 1673 1994 1138 
3458 852 1815 482 
3459 1331 1773 1091 
3460 1238 2131 1219 
3461 427 1902 425 
3462 532 1811 621 
3463 735 1768 738 
3464 1339 1867 1073 
3465 783 1865 1864 
3466 1367 1918 205 
3467 574 1863 1676 
3468 1122 1936 1121 
3469 788 790 617 
3470 1119 1805 1358 
3471 1759 1884 1030 
3472 1443 2146 1442 
3473 1777 1920 1743 
3474 1243 1834 1225 
3475 1109 1937 803 
3476 1151 2018 1332 
3477 1223 1873 1764 
3478 287 1804 285 
3479 1772 1778 665 
3480 853 2101 640 
3481 301 1793 270 
3482 1129 1788 877 
3483 222 1947 1845 
3484 247 1823 245 
3485 114 1803 354 
3486 1833 1912 1099 
3487 1776 1802 1140 
3488 1115 1116 1114 
3489 1611 1857 805 
3490 1751 1828 1135 
3491 547 1859 549 
3492 1272 1879 1206 
3493 1186 1789 1214 
3494 619 1792 432 
3495 739 1820 741 
3496 755 1821 734 
3497 818 2188 1905 
3498 2144 2167 1264 
3499 1154 2129 1418 
3500 1304 1816 1302 
3501 858 1103 1102 
3502 228 231 227 
3503 1178 1893 1177 
3504 690 692 691 
3505 1755 1898 1698 
3506 1280 2100 1282 
3507 994 1986 1731 
3508 1060 2182 1363 
3509 1802 1829 1140 
3510 1088 1920 1777 
3511 1366 1908 1365 
3512 1123 1799 1118 
3513 1544 2185 327 
3514 1041 1130 1039 
3515 1457 2102 1458 
3516 490 499 498 
3517 211 2213 1536 
3518 1827 1949 972 
3519 143 1736 142 
3520 631 638 569 
3521 1519 2113 214 
3522 923 2084 1558 
3523 841 2153 1634 
3524 980 2142 1890 
3525 879 1801 1129 
3526 1104 1944 768 
3527 1135 1828 1762 
3528 499 1822 498 
3529 854 2134 1125 
3530 483 488 482 
3531 1034 2011 878 
3532 508 1811 532 
3533 511 515 499 
3534 1949 2048 1389 
3535 976 1809 1154 
3536 752 1820 739 
3537 932 1817 918 
3538 1810 1895 341 
3539 237 344 232 
3540 1023 2147 1210 
3541 767 2133 1519 
3542 2173 2215 1373 
3543 268 1812 266 
3544 1732 1904 367 
3545 490 498 487 
3546 901 1785 1780 
3547 989 1819 1249 
3548 884 1801 881 
3549 31 1896 30 
3550 495 2145 2118 
3551 354 1803 1559 
3552 847 1867 849 
3553 1115 1805 1116 
3554 807 2147 1658 
3555 612 1859 547 
3556 1826 1850 895 
3557 473 1815 471 
3558 509 1811 508 
3559 1659 2005 198 
3560 2094 2105 869 
3561 1113 1115 1114 
3562 1166 2074 1235 
3563 1409 1812 1793 
3564 417 1958 415 
3565 316 2196 1521 
3566 1336 1980 1709 
3567 1261 1997 1278 
3568 1252 1926 1250 
3569 1324 1882 1543 
3570 549 1859 602 
3571 331 1810 341 
3572 202 1672 110 
3573 948 2078 2041 
3574 1099 1912 867 
3575 266 1812 514 
3576 1634 2097 841 
3577 918 1817 1147 
3578 1758 2117 1525 
3579 673 1935 1657 
3580 1028 1922 1025 
3581 1407 2051 1783 
3582 312 1917 292 
3583 1929 2060 1583 
3584 935 1817 932 
3585 1917 1953 295 
3586 1380 2192 1982 
3587 285 1804 307 
3588 205 1459 1352 
3589 1948 2193 1553 
3590 913 1906 914 
3591 29 1908 28 
3592 1778 1840 669 
3593 741 1820 754 
3594 996 1852 1075 
3595 1590 2107 1174 
3596 1502 2034 1984 
3597 220 2184 2089 
3598 1308 1816 1304 
3599 1045 1048 1043 
3600 1818 1863 1167 
3601 600 1898 1667 
3602 1488 2152 315 
3603 1733 1938 1010 
3604 447 1931 398 
3605 1147 1906 916 
3606 1333 1819 989 
3607 1738 1888 1739 
3608 992 1943 1546 
3609 1793 1812 268 
3610 1302 1816 1305 
3611 1030 1884 1275 
3612 1650 1847 210 
3613 345 2043 1783 
3614 622 1843 296 
3615 339 1841 303 
3616 882 1978 929 
3617 478 1881 438 
3618 347 2003 1554 
3619 1165 1951 1123 
3620 1565 2162 523 
3621 1348 2149 1349 
3622 613 2031 1396 
3623 1169 2069 2040 
3624 1224 1910 1416 
3625 1132 1930 1692 
3626 734 1821 1768 
3627 1167 1890 1168 
3628 253 2090 255 
3629 1739 1888 730 
3630 1694 1965 669 
3631 1356 1968 197 
3632 367 1904 361 
3633 625 1804 287 
3634 964 1933 1646 
3635 748 2180 1789 
3636 2054 2079 1283 
3637 1169 2040 940 
3638 1630 2182 1367 
3639 299 1841 622 
3640 1889 1996 1696 
3641 2122 2148 872 
3642 962 1960 934 
3643 2110 2156 478 
3644 2061 2201 1538 
3645 482 1815 473 
3646 1216 1825 971 
3647 669 1965 661 
3648 342 1925 336 
3649 642 829 641 
3650 1221 1914 1233 
3651 1323 1989 1321 
3652 836 1853 697 
3653 396 1931 1687 
3654 1255 1894 1254 
3655 1237 2203 1609 
3656 296 1843 293 
3657 455 1959 451 
3658 1426 2205 975 
3659 1163 1924 1164 
3660 1718 1897 905 
3661 1191 1927 1563 
3662 223 1973 1202 
3663 259 1941 305 
3664 303 1841 299 
3665 2007 2040 1246 
3666 657 1979 670 
3667 293 1843 333 
3668 471 1899 469 
3669 886 2205 1689 
3670 1825 1837 1158 
3671 1698 1898 1229 
3672 1171 1852 996 
3673 830 1901 641 
3674 1656 1915 594 
3675 438 1881 436 
3676 1898 1954 1229 
3677 730 1888 732 
3678 1327 1932 1325 
3679 235 1946 1362 
3680 572 1823 247 
3681 600 1954 1898 
3682 1037 1851 1035 
3683 966 1830 788 
3684 124 1795 1269 
3685 515 1822 499 
3686 1116 1805 1119 
3687 1204 2042 1272 
3688 916 1906 913 
3689 804 1873 1223 
3690 318 1939 322 
3691 1504 2034 1503 
3692 802 1905 928 
3693 790 1830 1084 
3694 1181 2124 1187 
3695 1025 1922 967 
3696 502 1929 1583 
3697 220 2089 1909 
3698 1097 1942 1614 
3699 971 1825 1158 
3700 477 1902 427 
3701 1353 2084 1019 
3702 215 2135 1470 
3703 1627 1655 52 
3704 1282 2189 1716 
3705 150 2102 1457 
3706 1610 1950 1608 
3707 632 1901 631 
3708 1541 2077 703 
3709 210 1847 1471 
3710 1176 2107 1179 
3711 1533 1913 1239 
3712 1092 2058 1673 
3713 209 2020 1599 
3714 1396 1973 223 
3715 1075 1852 1375 
3716 677 690 689 
3717 1188 2008 1697 
3718 1986 2116 1731 
3719 1112 1934 1639 
3720 1407 2210 2051 
3721 400 1991 447 
3722 928 2068 800 
3723 361 1904 374 
3724 1465 1942 1097 
3725 1864 1865 1200 
3726 87 2087 355 
3727 1689 2205 1426 
3728 1699 1831 597 
3729 443 1972 441 
3730 1193 2005 1285 
3731 469 1899 526 
3732 694 1853 696 
3733 754 1928 747 
3734 1580 2169 1581 
3735 371 2212 568 
3736 341 1895 350 
3737 474 2012 509 
3738 798 2094 796 
3739 1039 1861 1037 
3740 1330 2185 1331 
3741 1257 1971 1259 
3742 135 1650 134 
3743 1235 1934 1717 
3744 1573 2171 1932 
3745 1361 2208 127 
3746 948 2041 1624 
3747 1217 1830 966 
3748 837 1943 835 
3749 1769 1991 402 
3750 2102 2176 1458 
3751 788 1830 790 
3752 1828 1923 1100 
3753 1676 1863 1818 
3754 1512 1977 312 
3755 1976 2075 1723 
3756 843 2153 841 
3757 1157 1921 1088 
3758 1648 1933 964 
3759 1535 2078 948 
3760 14 1720 2 
3761 1035 1851 1669 
3762 235 2055 1946 
3763 1203 2037 1708 
3764 142 219 141 
3765 488 1889 893 
3766 1623 1966 558 
3767 333 1957 291 
3768 949 1945 907 
3769 1724 2057 1173 
3770 1319 2123 945 
3771 495 2127 410 
3772 1967 1969 637 
3773 1834 1943 837 
3774 219 1870 141 
3775 885 2009 887 
3776 1128 1960 1860 
3777 1219 2131 1236 
3778 746 2057 1724 
3779 1349 2149 1661 
3780 119 1630 118 
3781 697 1853 694 
3782 1381 2017 1220 
3783 1152 2099 1776 
3784 1546 2128 573 
3785 803 1937 1009 
3786 747 1928 757 
3787 1303 2014 1400 
3788 398 1931 396 
3789 1215 2138 1216 
3790 415 2145 412 
3791 825 2188 820 
3792 1838 2130 1473 
3793 841 2097 816 
3794 1815 1899 471 
3795 1158 1949 970 
3796 1447 2049 1445 
3797 467 2132 466 
3798 1641 2012 1904 
3799 1599 2020 1600 
3800 826 2169 1734 
3801 1084 1873 792 
3802 498 2202 1996 
3803 289 1957 625 
3804 1563 2095 787 
3805 373 2006 1886 
3806 1760 2033 543 
3807 696 1930 692 
3808 1043 1885 1041 
3809 297 2164 338 
3810 1229 1954 1230 
3811 1278 1985 1280 
3812 1714 2120 2069 
3813 545 2033 612 
3814 1368 2033 1760 
3815 1389 1962 1150 
3816 757 1928 764 
3817 1822 2138 1215 
3818 283 2195 281 
3819 1905 2188 1437 
3820 1424 2111 1262 
3821 1016 1975 1458 
3822 1152 2192 1524 
3823 1431 2106 1432 
3824 1298 2210 1407 
3825 1714 2069 1169 
3826 970 1949 1827 
3827 2001 2166 1281 
3828 1522 1955 1318 
3829 1860 1960 962 
3830 1580 2209 2169 
3831 1824 1998 1823 
3832 1131 2161 1892 
3833 1647 1954 600 
3834 1992 2207 1602 
3835 380 1872 1700 
3836 1888 1994 755 
3837 692 1930 691 
3838 1583 2060 699 
3839 604 1650 135 
3840 1292 2056 1291 
3841 1314 2004 1316 
3842 829 830 641 
3843 1445 2044 1443 
3844 1087 1976 1723 
3845 1001 2207 1992 
3846 244 1974 246 
3847 1064 2140 1626 
3848 197 1968 76 
3849 160 1963 159 
3850 1316 2030 1522 
3851 1202 1956 1201 
3852 1564 2200 1385 
3853 444 1916 1769 
3854 1662 2029 764 
3855 279 2080 345 
3856 1646 2025 1612 
3857 1168 2142 1725 
3858 1160 2070 1350 
3859 792 1873 804 
3860 1309 2091 1317 
3861 1783 2051 274 
3862 205 1918 1459 
3863 272 2051 301 
3864 934 1960 1276 
3865 1004 2200 1564 
3866 1131 2019 1730 
3867 1337 1980 1336 
3868 12 2161 1730 
3869 768 1944 1188 
3870 1016 1244 830 
3871 241 1948 239 
3872 1223 1910 1224 
3873 1990 2052 1213 
3874 888 2205 886 
3875 1010 1986 994 
3876 631 1901 1113 
3877 156 2036 216 
3878 676 1983 809 
3879 1005 2073 1003 
3880 1130 1861 1039 
3881 1371 1989 1323 
3882 1554 2003 1573 
3883 1895 1962 362 
3884 606 2112 2079 
3885 1462 2115 1034 
3886 1730 2161 1131 
3887 1016 1287 1244 
3888 690 691 689 
3889 348 1948 241 
3890 883 2172 884 
3891 542 2119 540 
3892 1794 2138 515 
3893 47 1981 46 
3894 851 2084 923 
3895 138 1770 218 
3896 1342 1953 1343 
3897 691 1131 689 
3898 1746 2059 1069 
3899 638 1919 569 
3900 1232 2024 1320 
3901 1438 2026 1429 
3902 691 1132 1131 
3903 1113 2038 1115 
3904 1631 2190 1171 
3905 1490 1991 1769 
3906 255 2039 257 
3907 1124 2170 1642 
3908 340 2120 1589 
3909 1933 1944 1104 
3910 232 1838 231 
3911 1299 2043 1301 
3912 359 2198 1819 
3913 1145 2010 1328 
3914 1346 2025 1646 
3915 1150 1962 1895 
3916 1126 1127 838 
3917 485 1889 483 
3918 1782 2127 1530 
3919 452 1958 417 
3920 218 1613 137 
3921 1142 2156 1379 
3922 1673 2058 1994 
3923 1446 2000 1447 
3924 2100 2189 1282 
3925 1234 2055 235 
3926 937 1955 1744 
3927 1317 2197 1308 
3928 239 1900 237 
3929 338 2085 1508 
3930 85 2139 1703 
3931 483 1889 488 
3932 231 677 624 
3933 408 2127 1782 
3934 584 1923 1751 
3935 1996 2202 1696 
3936 870 2122 872 
3937 661 1965 659 
3938 1041 1885 1130 
3939 1529 2118 1527 
3940 1738 1994 1888 
3941 1103 2103 1750 
3942 1253 2121 1274 
3943 1750 2103 764 
3944 1037 1861 1851 
3945 58 1947 222 
3946 344 1838 232 
3947 291 1957 289 
3948 137 1613 136 
3949 1379 2156 2110 
3950 1482 2154 1483 
3951 1767 2144 452 
3952 1195 2157 1893 
3953 263 2209 1582 
3954 1823 1998 245 
3955 151 2102 150 
3956 315 2196 316 
3957 466 1959 455 
3958 1463 2144 1264 
3959 1313 1964 1311 
3960 1689 2172 886 
3961 1001 1992 1786 
3962 835 1943 992 
3963 1162 2096 1868 
3964 1088 1921 1920 
3965 1725 2142 1797 
3966 777 1982 1152 
3967 1216 1936 1825 
3968 1048 1885 1043 
3969 1460 2001 1015 
3970 149 1862 148 
3971 196 1720 14 
3972 1793 1911 1409 
3973 498 1996 487 
3974 659 1979 657 
3975 1716 2189 1774 
3976 1831 2158 1348 
3977 1212 2022 1654 
3978 829 1016 830 
3979 511 1919 515 
3980 1318 1969 1315 
3981 1954 2015 1230 
3982 152 2176 151 
3983 1419 1952 1047 
3984 48 2003 347 
3985 1133 2139 1288 
3986 1751 1923 1828 
3987 1697 2008 1319 
3988 1904 2012 374 
3989 1434 2183 1436 
3990 1098 2191 1841 
3991 1315 1967 1313 
3992 1536 2213 1537 
3993 1753 1976 1087 
3994 154 2021 153 
3995 943 1976 1753 
3996 1595 2186 514 
3997 1069 2059 1727 
3998 1811 2211 1070 
3999 444 1988 1916 
4000 1230 2015 1263 
4001 1125 1999 1419 
4002 1819 2198 1249 
4003 838 1975 829 
4004 301 1911 1793 
4005 140 623 139 
4006 553 2063 552 
4007 1369 2199 1061 
4008 981 2007 1547 
4009 639 2134 854 
4010 586 2015 1647 
4011 243 1998 348 
4012 1582 2209 1580 
4013 441 1972 478 
4014 2099 2109 230 
4015 1647 2015 1954 
4016 1717 2150 2060 
4017 1857 1992 1602 
4018 1656 2157 1915 
4019 1210 2047 1209 
4020 36 2020 209 
4021 1590 2214 744 
4022 569 1919 511 
4023 2048 2212 1389 
4024 744 2214 728 
4025 568 2212 2048 
4026 1343 1953 1917 
4027 1945 2008 1188 
4028 1351 2159 1990 
4029 402 1991 400 
4030 1798 2076 7 
4031 1165 2116 1986 
4032 1274 2121 1806 
4033 1625 2104 676 
4034 1715 1984 1412 
4035 237 1900 344 
4036 2143 2163 1217 
4037 1965 1979 659 
4038 1246 2069 340 
4039 1717 2060 1148 
4040 1837 2002 1565 
4041 1132 2019 1131 
4042 88 2087 87 
4043 1796 2013 1344 
4044 691 1930 1132 
4045 1609 2203 1610 
4046 1291 2056 1684 
4047 1720 1990 1017 
4048 1786 1992 1094 
4049 764 2103 763 
4050 1497 2064 1500 
4051 1538 2201 1537 
4052 1254 2029 1662 
4053 188 2065 980 
4054 201 2018 1382 
4055 212 2096 1652 
4056 245 1998 243 
4057 981 2040 2007 
4058 2047 2213 211 
4059 1084 2163 1763 
4060 1134 2066 163 
4061 195 1984 1715 
4062 1581 2186 1595 
4063 120 1636 224 
4064 611 2091 1964 
4065 1094 1992 1857 
4066 504 1737 1736 
4067 1211 2114 1402 
4068 88 2125 2087 
4069 231 624 227 
4070 502 1987 1929 
4071 1047 1952 1045 
4072 1602 2207 1575 
4073 2040 2069 1246 
4074 1313 1967 1964 
4075 89 2125 88 
4076 858 2103 1103 
4077 229 2046 1199 
4078 1045 1952 1048 
4079 67 2053 66 
4080 1315 1969 1967 
4081 230 2109 168 
4082 1165 1986 1951 
4083 1927 2095 1563 
4084 1335 2108 1737 
4085 764 2029 1750 
4086 1675 2200 1004 
4087 2085 2164 1342 
4088 1905 2106 928 
4089 239 1948 1900 
4090 1411 2151 1410 
4091 1269 2016 1270 
4092 231 1838 677 
4093 553 2143 2063 
4094 374 2012 474 
4095 1387 2187 2115 
4096 2004 2030 1316 
4097 940 2040 981 
4098 1138 1994 1738 
4099 515 2138 1822 
4100 857 2088 684 
4101 945 2123 1369 
4102 194 2076 1112 
4103 1187 2124 2050 
4104 225 1267 13 
4105 1778 2081 1840 
4106 1797 2142 980 
4107 2069 2120 340 
4108 1797 2065 189 
4109 224 1630 119 
4110 1123 1951 1799 
4111 1266 2120 1714 
4112 162 2066 1808 
4113 1483 2174 1481 
4114 1651 2071 234 
4115 543 2033 545 
4116 1789 2180 1214 
4117 942 2136 1491 
4118 1915 2157 1195 
4119 677 689 624 
4120 1156 2061 1143 
4121 593 2086 38 
4122 1775 1985 566 
4123 1600 2086 1833 
4124 167 2117 166 
4125 1267 2161 12 
4126 1782 1988 444 
4127 1916 1988 1487 
4128 1879 2092 1206 
4129 2023 2126 1550 
4130 1795 2016 1269 
4131 1833 2086 593 
4132 603 2143 553 
4133 487 1996 485 
4134 1648 1944 1933 
4135 1276 2085 1342 
4136 1436 2155 1435 
4137 566 1997 1760 
4138 1985 1997 566 
4139 2060 2150 699 
4140 2026 2068 928 
4141 1168 2074 1166 
4142 1699 2158 1831 
4143 1741 2203 1237 
4144 2115 2187 1034 
4145 1277 2035 1260 
4146 1283 1457 1127 
4147 1245 2083 1156 
4148 1776 2099 230 
4149 502 2019 1987 
4150 209 2114 1874 
4151 1143 2061 1701 
4152 1159 2173 965 
4153 1131 1892 689 
4154 485 1996 1889 
4155 509 2211 1811 
4156 1334 2039 1333 
4157 1955 2072 1318 
4158 1932 2171 591 
4159 1537 2083 636 
4160 1825 2002 1837 
4161 1173 2057 1590 
4162 1964 2091 1311 
4163 344 2130 1838 
4164 1524 2192 936 
4165 1839 2204 849 
4166 2097 2165 920 
4167 2059 2141 774 
4168 274 2051 272 
4169 800 2068 798 
4170 1174 2107 1176 
4171 1112 2076 1798 
4172 2022 2123 1319 
4173 786 2215 1329 
4174 689 1892 624 
4175 568 2048 1837 
4176 1684 2056 595 
4177 636 2062 59 
4178 591 2171 50 
4179 208 2175 65 
4180 1929 1987 1693 
4181 1221 1978 1914 
4182 1472 2028 207 
4183 354 1674 113 
4184 1427 2067 1689 
4185 1658 2147 1023 
4186 1244 2038 830 
4187 1924 2179 1617 
4188 494 2155 1921 
4189 782 2023 1745 
4190 233 2157 1656 
4191 1936 2002 1825 
4192 345 2080 2014 
4193 478 2156 1881 
4194 1329 2215 2173 
4195 884 2172 2067 
4196 1665 2179 598 
4197 1559 2181 1680 
4198 1964 1967 1388 
4199 1727 2059 774 
4200 281 2080 279 
4201 1837 2048 1158 
4202 2044 2049 682 
4203 1670 2160 217 
4204 1723 2075 465 
4205 514 2186 1644 
4206 1892 2168 624 
4207 140 1870 623 
4208 796 2094 869 
4209 1581 2137 1644 
4210 623 1770 139 
4211 816 2097 920 
4212 1311 2091 1309 
4213 144 1568 504 
4214 2000 2064 1447 
4215 338 2164 2085 
4216 622 2191 2030 
4217 136 1613 604 
4218 782 2126 2023 
4219 1951 1986 1010 
4220 1868 2096 212 
4221 151 2176 2102 
4222 1914 2011 1233 
4223 504 1736 143 
4224 1696 2202 1215 
4225 980 2065 1797 
4226 1852 2190 376 
4227 2030 2191 1522 
4228 410 2127 408 
4229 949 2008 1945 
4230 1787 2044 682 
4231 1680 2181 1459 
4232 682 2049 1772 
4233 1994 2058 755 
4234 199 2174 2125 
4235 1808 2066 1134 
4236 1370 2162 1122 
4237 1158 2048 1949 
4238 145 1568 144 
4239 622 2030 1843 
4240 774 2141 1141 
4241 1990 2159 1017 
4242 937 2072 1955 
4243 1575 2207 1745 
4244 1019 2084 851 
4245 148 607 147 
4246 993 2153 843 
4247 820 2188 818 
4248 1447 2081 2049 
4249 1277 2133 2035 
4250 1279 2133 1277 
4251 1179 2124 1181 
4252 2035 2135 1260 
4253 1127 1975 838 
4254 1278 1997 1985 
4255 142 1736 219 
4256 755 2058 1821 
4257 1816 2032 1305 
4258 526 2132 467 
4259 1199 2151 1897 
4260 2010 2053 1328 
4261 412 2145 495 
4262 1260 2135 1258 
4263 1644 2186 1581 
4264 234 2071 1880 
4265 2087 2154 355 
4266 1745 2207 1001 
4267 1796 2016 1795 
4268 2039 2090 1333 
4269 1251 2121 1253 
4270 1626 2140 1242 
4271 1893 2157 233 
4272 1734 2209 263 
4273 699 2150 1798 
4274 346 1796 1795 
4275 1856 2093 1633 
4276 763 2103 858 
4277 2089 2184 1236 
4278 829 1975 1016 
4279 504 2054 1737 
4280 1772 2081 1778 
4281 217 2160 1903 
4282 1521 2196 1520 
4283 1987 2019 1132 
4284 2002 2162 1565 
4285 2031 2042 1204 
4286 1703 2139 1133 
4287 307 2195 283 
4288 1520 2196 2152 
4289 1445 2049 2044 
4290 886 2172 883 
4291 477 2111 2082 
4292 1459 2181 1352 
4293 1876 2137 826 
4294 672 2100 1775 
4295 672 2189 2100 
4296 975 2205 888 
4297 1049 2177 1771 
4298 1840 2064 1497 
4299 2049 2081 1772 
4300 1122 2002 1936 
4301 1249 2198 1251 
4302 1822 2202 498 
4303 1918 2073 1459 
4304 849 2204 1741 
4305 2035 2133 767 
4306 1358 2170 1124 
4307 1520 2152 1790 
4308 2062 2083 1245 
4309 1835 2126 782 
4310 1775 2100 1985 
4311 213 2158 1699 
4312 1061 2199 1813 
4313 255 2090 2039 
4314 1251 2198 2121 
4315 1792 2111 477 
4316 2093 2211 509 
4317 1333 2090 1819 
4318 1984 2034 1412 
4319 1537 2201 2083 
4320 1737 2108 1736 
4321 1470 2135 2035 
4322 1288 2139 1961 
4323 1122 2162 2002 
4324 636 2083 2062 
4325 1568 2054 504 
4326 793 2146 1787 
4327 1809 2129 1154 
4328 2152 2196 315 
4329 477 2082 1902 
4330 1410 2151 2046 
4331 346 2013 1796 
4332 1985 2100 1280 
4333 452 2045 1958 
4334 1874 2114 1211 
4335 1961 2139 85 
4336 2082 2111 1424 
4337 1909 2089 1415 
4338 1774 2189 672 
4339 1320 2024 1995 
4340 1215 2202 1822 
4341 1070 2211 1856 
4342 1830 2163 1084 
4343 2044 2146 1443 
4344 94 2184 220 
4345 1267 2168 1892 
4346 1947 2062 1245 
4347 676 2104 1983 
4348 1890 2142 1168 
4349 1787 2146 2044 
4350 1901 2038 1113 
4351 2083 2201 1156 
4352 466 2070 1959 
4353 1348 2158 2149 
4354 1500 2064 2000 
4355 1672 2042 613 
4356 1387 2115 1913 
4357 1458 2176 1287 
4358 1318 2072 1969 
4359 830 2038 1901 
4360 1841 2191 622 
4361 1308 2197 1816 
4362 2087 2125 1483 
4363 2024 2136 942 
4364 1217 2163 1830 
4365 1171 2190 1852 
4366 598 2179 1924 
4367 1613 2037 604 
4368 1934 2150 1717 
4369 126 2208 346 
4370 1644 2137 1876 
4371 613 2042 2031 
4372 1816 2197 2032 
4373 1892 2161 1267 
4374 2046 2151 1199 
4375 1460 2166 2001 
4376 1972 2110 478 
4377 624 2168 227 
4378 346 2208 2013 
4379 2014 2080 1400 
4380 1232 2136 2024 
4381 1982 2192 1152 
4382 2032 2197 618 
4383 355 2154 1993 
4384 1438 2068 2026 
4385 2021 2170 1358 
4386 2050 2124 1591 
4387 225 2168 1267 
4388 1870 1907 623 
4389 1342 2164 1953 
4390 227 2168 225 
4391 1993 2154 1482 
4392 606 1568 145 
4393 301 2210 1911 
4394 2025 2175 208 
4395 1736 2108 219 
4396 152 2206 2176 
4397 1034 2187 2011 
4398 1862 1883 607 
4399 2113 2166 214 
4400 1389 2212 1962 
4401 1212 2123 2022 
4402 2028 2194 1372 
4403 148 1862 607 
4404 1156 2201 2061 
4405 2013 2208 1361 
4406 2011 2187 1233 
4407 2067 2172 1689 
4408 1883 2079 607 
4409 607 2112 147 
4410 1281 2166 2113 
4411 1346 2175 2025 
4412 1741 2204 2203 
4413 2057 2214 1590 
4414 1483 2154 2087 
4415 2137 2169 826 
4416 1210 2213 2047 
4417 2203 2204 1610 
4418 1856 2211 2093 
4419 2079 2112 607 
4420 1581 2169 2137 
4421 2125 2174 1483 
4422 1207 2194 2028 
4423 2176 2206 1287 
4424 53 1627 3 
4425 4 1862 149 
4426 150 1862 4 
4427 150 1883 1862 
4428 604 1847 1650 
$EndElements
