$MeshFormat
4.1 0 8
$EndMeshFormat
$PhysicalNames
5
1 1 "Gamma1"
1 2 "Gamma2"
1 3 "Gamma3"
1 4 "Gamma4"
2 5 "Omega"
$EndPhysicalNames
$Entities
6 6 1 0
1 0 0 0 0 
2 1 0 0 0 
3 1 -1 0 0 
4 4 -1 0 0 
5 4 1 0 0 
6 0 1 0 0 
1 0 0 0 1 0 0 1 1 2 1 -2 
2 1 -1 0 1 0 0 1 1 2 2 -3 
3 1 -1 0 4 -1 0 1 1 2 3 -4 
4 4 -1 0 4 1 0 1 4 2 4 -5 
5 0 1 0 4 1 0 1 2 2 5 -6 
6 0 0 0 0 1 0 1 3 2 6 -1 
1 0 -1 0 4 1 0 1 5 6 1 2 3 4 5 6 
$EndEntities
$Nodes
13 4982 1 4982
0 1 0 1
1
0 0 0
0 2 0 1
2
1 0 0
0 3 0 1
3
1 -1 0
0 4 0 1
4
4 -1 0
0 5 0 1
5
4 1 0
0 6 0 1
6
0 1 0
1 1 0 10
7
8
9
10
11
12
13
14
15
16
0.09303633139755207 0 0
0.1860726627950521 0 0
0.2791089941925079 0 0
0.3721453255899636 0 0
0.4651816569874189 0 0
0.5582179883851974 0 0
0.6512543197831691 0 0
0.7442906511811407 0 0
0.8373269825791124 0 0
0.9288638222569781 0 0
1 2 0 60
17
18
19
20
21
22
23
24
25
26
27
28
29
30
31
32
33
34
35
36
37
38
39
40
41
42
43
44
45
46
47
48
49
50
51
52
53
54
55
56
57
58
59
60
61
62
63
64
65
66
67
68
69
70
71
72
73
74
75
76
1 -0.02380304542439907 0
1 -0.04088992566976084 0
1 -0.05633386655003007 0
1 -0.07192834358173561 0
1 -0.08945094319851894 0
1 -0.1048959536506319 0
1 -0.1203398945309115 0
1 -0.1377957111221363 0
1 -0.1534581325445901 0
1 -0.1689020734248483 0
1 -0.1857381350129218 0
1 -0.2020202196454633 0
1 -0.2174641605257215 0
1 -0.2334575458434336 0
1 -0.250582453103286 0
1 -0.2660263939835442 0
1 -0.2815593394874558 0
1 -0.2991300623433798 0
1 -0.31458858589134 0
1 -0.3300325267715982 0
1 -0.3473952928228364 0
1 -0.3631507036788051 0
1 -0.3785946445590633 0
1 -0.3952508098952866 0
1 -0.4117128825726832 0
1 -0.4271568234529415 0
1 -0.4430224419464694 0
1 -0.4602749696702805 0
1 -0.4757189105505388 0
1 -0.4912066459066455 0
1 -0.5087933540909209 0
1 -0.5242810894472167 0
1 -0.5397250303275606 0
1 -0.5569775580511549 0
1 -0.5728431765450636 0
1 -0.5882871174254074 0
1 -0.6047491901024696 0
1 -0.6214053554391865 0
1 -0.6368492963195304 0
1 -0.6526047071753919 0
1 -0.6699674732268971 0
1 -0.6854114141072409 0
1 -0.7008699376552527 0
1 -0.718440660511207 0
1 -0.7339736060152829 0
1 -0.7494175468956269 0
1 -0.7665424541553892 0
1 -0.7825358394733504 0
1 -0.7979797803536942 0
1 -0.8142618649861616 0
1 -0.8310979265744706 0
1 -0.8465418674548145 0
1 -0.8622042888773005 0
1 -0.8796601054686499 0
1 -0.8951040463489938 0
1 -0.9105490568011688 0
1 -0.9280716564179913 0
1 -0.9436661334497858 0
1 -0.9591100743301296 0
1 -0.9761969545755449 0
1 3 0 131
77
78
79
80
81
82
83
84
85
86
87
88
89
90
91
92
93
94
95
96
97
98
99
100
101
102
103
104
105
106
107
108
109
110
111
112
113
114
115
116
117
118
119
120
121
122
123
124
125
126
127
128
129
130
131
132
133
134
135
136
137
138
139
140
141
142
143
144
145
146
147
148
149
150
151
152
153
154
155
156
157
158
159
160
161
162
163
164
165
166
167
168
169
170
171
172
173
174
175
176
177
178
179
180
181
182
183
184
185
186
187
188
189
190
191
192
193
194
195
196
197
198
199
200
201
202
203
204
205
206
207
1.054050255040009 -1 0
1.092590860430294 -1 0
1.120025736166309 -1 0
1.139552201820338 -1 0
1.155065291231428 -1 0
1.170492855857485 -1 0
1.187820317181508 -1 0
1.212037939504898 -1 0
1.245342395511317 -1 0
1.27425976903522 -1 0
1.294841387393928 -1 0
1.31057205241141 -1 0
1.325999617037466 -1 0
1.342649149791823 -1 0
1.365625005617192 -1 0
1.397816340830416 -1 0
1.428296264662359 -1 0
1.449990010955098 -1 0
1.466079015891937 -1 0
1.481506580517994 -1 0
1.497635431371203 -1 0
1.519433290572971 -1 0
1.550059490004006 -1 0
1.582123349470479 -1 0
1.604989674802069 -1 0
1.621585569626432 -1 0
1.637013134252489 -1 0
1.652770398341523 -1 0
1.673450541575097 -1 0
1.702506343163389 -1 0
1.73573132669106 -1 0
1.759833390607857 -1 0
1.777092534963226 -1 0
1.792520099589283 -1 0
1.808047316179437 -1 0
1.827667251571144 -1 0
1.855233450082426 -1 0
1.889107372451418 -1 0
1.914512031186202 -1 0
1.932599365614922 -1 0
1.948026930240979 -1 0
1.963458302701254 -1 0
1.982072394333204 -1 0
2.008225371361396 -1 0
2.04223971909494 -1 0
2.069017222471704 -1 0
2.088075812151387 -1 0
2.103534014874964 -1 0
2.118961579501135 -1 0
2.136656641030129 -1 0
2.161468794419791 -1 0
2.195114944232392 -1 0
2.223339329853544 -1 0
2.243427722002023 -1 0
2.259041061299397 -1 0
2.274468625925568 -1 0
2.291410569045904 -1 0
2.314950618990425 -1 0
2.347718061737565 -1 0
2.377467728985915 -1 0
2.398641723452627 -1 0
2.414547639092789 -1 0
2.429975203718961 -1 0
2.446324959756412 -1 0
2.468657895693263 -1 0
2.500035812178747 -1 0
2.531393168951608 -1 0
2.55371138380943 -1 0
2.570054709251743 -1 0
2.585482273877914 -1 0
2.601392757396727 -1 0
2.622580716893808 -1 0
2.652350004165752 -1 0
2.68510320520489 -1 0
2.708627740296683 -1 0
2.725561287045135 -1 0
2.740988851671306 -1 0
2.756604991026531 -1 0
2.776706632238702 -1 0
2.804949632766067 -1 0
2.838587937870553 -1 0
2.863383737574945 -1 0
2.881068333469571 -1 0
2.896495898095742 -1 0
2.911955223744103 -1 0
2.931026383724952 -1 0
2.957821549052551 -1 0
2.99183442487371 -1 0
3.01797016646226 -1 0
3.036571989444742 -1 0
3.052002982729957 -1 0
3.067430547356128 -1 0
3.085529338733243 -1 0
3.11095075457869 -1 0
3.144829578190333 -1 0
3.172377609063683 -1 0
3.191984612828901 -1 0
3.207509813382257 -1 0
3.222937378008428 -1 0
3.240205857798273 -1 0
3.26432381708026 -1 0
3.297560094735543 -1 0
3.326596743268603 -1 0
3.347263256164308 -1 0
3.36301677871965 -1 0
3.37844434334582 -1 0
3.395047561631662 -1 0
3.417928968914169 -1 0
3.450010536037897 -1 0
3.480616550756255 -1 0
3.502400042022277 -1 0
3.518523332454744 -1 0
3.533950897080915 -1 0
3.550045316338327 -1 0
3.571753370431194 -1 0
3.602253395418523 -1 0
3.634427529774643 -1 0
3.657388241512781 -1 0
3.674030295935871 -1 0
3.689457860562042 -1 0
3.705192128781454 -1 0
3.725787321586135 -1 0
3.754723765962405 -1 0
3.788017432430067 -1 0
3.812219093248017 -1 0
3.829537057116456 -1 0
3.844964621742627 -1 0
3.860479596200211 -1 0
3.880018940424809 -1 0
3.907471910304461 -1 0
3.946139800853338 -1 0
1 4 0 21
208
209
210
211
212
213
214
215
216
217
218
219
220
221
222
223
224
225
226
227
228
4 -0.9090909090911612 0
4 -0.8181818181823224 0
4 -0.7272727272734835 0
4 -0.6363636363646445 0
4 -0.5454545454558057 0
4 -0.4545454545469668 0
4 -0.3636363636381279 0
4 -0.272727272729289 0
4 -0.1818181818204505 0
4 -0.09090909091161203 0
4 -2.751909811138376e-12 0
4 0.09090909090656951 0
4 0.1818181818159126 0
4 0.2727272727252554 0
4 0.3636363636345985 0
4 0.4545454545439416 0
4 0.5454545454532849 0
4 0.6363636363626279 0
4 0.727272727271971 0
4 0.8181818181813141 0
4 0.9090909090906572 0
1 5 0 43
229
230
231
232
233
234
235
236
237
238
239
240
241
242
243
244
245
246
247
248
249
250
251
252
253
254
255
256
257
258
259
260
261
262
263
264
265
266
267
268
269
270
271
3.90909090909053 1 0
3.818181818181061 1 0
3.727272727271591 1 0
3.636363636362121 1 0
3.545454545452652 1 0
3.454545454543687 1 0
3.363636363635226 1 0
3.272727272726766 1 0
3.181818181818306 1 0
3.090909090909845 1 0
3.000000000001385 1 0
2.909090909092924 1 0
2.818181818184464 1 0
2.727272727276004 1 0
2.636363636367543 1 0
2.545454545459083 1 0
2.454545454550622 1 0
2.363636363642163 1 0
2.272727272733702 1 0
2.181818181825243 1 0
2.090909090916782 1 0
2.000000000008236 1 0
1.909090909098853 1 0
1.818181818189384 1 0
1.727272727279915 1 0
1.636363636370445 1 0
1.545454545460977 1 0
1.454545454551508 1 0
1.363636363642038 1 0
1.272727272732569 1 0
1.1818181818231 1 0
1.090909090913631 1 0
1.000000000004161 1 0
0.9090909090946919 1 0
0.8181818181852227 1 0
0.7272727272757535 1 0
0.6363636363662843 1 0
0.5454545454568147 1 0
0.4545454545473455 1 0
0.3636363636378763 1 0
0.2727272727284076 1 0
0.1818181818189384 1 0
0.09090909090946919 1 0
1 6 0 10
272
273
274
275
276
277
278
279
280
281
0 0.9090909090905304 0
0 0.8181818181816916 0
0 0.7272727272732311 0
0 0.6363636363647707 0
0 0.5454545454563107 0
0 0.4545454545473461 0
0 0.3636363636378769 0
0 0.2727272727284077 0
0 0.1818181818189384 0
0 0.09090909090946908 0
2 1 0 4701
282
283
284
285
286
287
288
289
290
291
292
293
294
295
296
297
298
299
300
301
302
303
304
305
306
307
308
309
310
311
312
313
314
315
316
317
318
319
320
321
322
323
324
325
326
327
328
329
330
331
332
333
334
335
336
337
338
339
340
341
342
343
344
345
346
347
348
349
350
351
352
353
354
355
356
357
358
359
360
361
362
363
364
365
366
367
368
369
370
371
372
373
374
375
376
377
378
379
380
381
382
383
384
385
386
387
388
389
390
391
392
393
394
395
396
397
398
399
400
401
402
403
404
405
406
407
408
409
410
411
412
413
414
415
416
417
418
419
420
421
422
423
424
425
426
427
428
429
430
431
432
433
434
435
436
437
438
439
440
441
442
443
444
445
446
447
448
449
450
451
452
453
454
455
456
457
458
459
460
461
462
463
464
465
466
467
468
469
470
471
472
473
474
475
476
477
478
479
480
481
482
483
484
485
486
487
488
489
490
491
492
493
494
495
496
497
498
499
500
501
502
503
504
505
506
507
508
509
510
511
512
513
514
515
516
517
518
519
520
521
522
523
524
525
526
527
528
529
530
531
532
533
534
535
536
537
538
539
540
541
542
543
544
545
546
547
548
549
550
551
552
553
554
555
556
557
558
559
560
561
562
563
564
565
566
567
568
569
570
571
572
573
574
575
576
577
578
579
580
581
582
583
584
585
586
587
588
589
590
591
592
593
594
595
596
597
598
599
600
601
602
603
604
605
606
607
608
609
610
611
612
613
614
615
616
617
618
619
620
621
622
623
624
625
626
627
628
629
630
631
632
633
634
635
636
637
638
639
640
641
642
643
644
645
646
647
648
649
650
651
652
653
654
655
656
657
658
659
660
661
662
663
664
665
666
667
668
669
670
671
672
673
674
675
676
677
678
679
680
681
682
683
684
685
686
687
688
689
690
691
692
693
694
695
696
697
698
699
700
701
702
703
704
705
706
707
708
709
710
711
712
713
714
715
716
717
718
719
720
721
722
723
724
725
726
727
728
729
730
731
732
733
734
735
736
737
738
739
740
741
742
743
744
745
746
747
748
749
750
751
752
753
754
755
756
757
758
759
760
761
762
763
764
765
766
767
768
769
770
771
772
773
774
775
776
777
778
779
780
781
782
783
784
785
786
787
788
789
790
791
792
793
794
795
796
797
798
799
800
801
802
803
804
805
806
807
808
809
810
811
812
813
814
815
816
817
818
819
820
821
822
823
824
825
826
827
828
829
830
831
832
833
834
835
836
837
838
839
840
841
842
843
844
845
846
847
848
849
850
851
852
853
854
855
856
857
858
859
860
861
862
863
864
865
866
867
868
869
870
871
872
873
874
875
876
877
878
879
880
881
882
883
884
885
886
887
888
889
890
891
892
893
894
895
896
897
898
899
900
901
902
903
904
905
906
907
908
909
910
911
912
913
914
915
916
917
918
919
920
921
922
923
924
925
926
927
928
929
930
931
932
933
934
935
936
937
938
939
940
941
942
943
944
945
946
947
948
949
950
951
952
953
954
955
956
957
958
959
960
961
962
963
964
965
966
967
968
969
970
971
972
973
974
975
976
977
978
979
980
981
982
983
984
985
986
987
988
989
990
991
992
993
994
995
996
997
998
999
1000
1001
1002
1003
1004
1005
1006
1007
1008
1009
1010
1011
1012
1013
1014
1015
1016
1017
1018
1019
1020
1021
1022
1023
1024
1025
1026
1027
1028
1029
1030
1031
1032
1033
1034
1035
1036
1037
1038
1039
1040
1041
1042
1043
1044
1045
1046
1047
1048
1049
1050
1051
1052
1053
1054
1055
1056
1057
1058
1059
1060
1061
1062
1063
1064
1065
1066
1067
1068
1069
1070
1071
1072
1073
1074
1075
1076
1077
1078
1079
1080
1081
1082
1083
1084
1085
1086
1087
1088
1089
1090
1091
1092
1093
1094
1095
1096
1097
1098
1099
1100
1101
1102
1103
1104
1105
1106
1107
1108
1109
1110
1111
1112
1113
1114
1115
1116
1117
1118
1119
1120
1121
1122
1123
1124
1125
1126
1127
1128
1129
1130
1131
1132
1133
1134
1135
1136
1137
1138
1139
1140
1141
1142
1143
1144
1145
1146
1147
1148
1149
1150
1151
1152
1153
1154
1155
1156
1157
1158
1159
1160
1161
1162
1163
1164
1165
1166
1167
1168
1169
1170
1171
1172
1173
1174
1175
1176
1177
1178
1179
1180
1181
1182
1183
1184
1185
1186
1187
1188
1189
1190
1191
1192
1193
1194
1195
1196
1197
1198
1199
1200
1201
1202
1203
1204
1205
1206
1207
1208
1209
1210
1211
1212
1213
1214
1215
1216
1217
1218
1219
1220
1221
1222
1223
1224
1225
1226
1227
1228
1229
1230
1231
1232
1233
1234
1235
1236
1237
1238
1239
1240
1241
1242
1243
1244
1245
1246
1247
1248
1249
1250
1251
1252
1253
1254
1255
1256
1257
1258
1259
1260
1261
1262
1263
1264
1265
1266
1267
1268
1269
1270
1271
1272
1273
1274
1275
1276
1277
1278
1279
1280
1281
1282
1283
1284
1285
1286
1287
1288
1289
1290
1291
1292
1293
1294
1295
1296
1297
1298
1299
1300
1301
1302
1303
1304
1305
1306
1307
1308
1309
1310
1311
1312
1313
1314
1315
1316
1317
1318
1319
1320
1321
1322
1323
1324
1325
1326
1327
1328
1329
1330
1331
1332
1333
1334
1335
1336
1337
1338
1339
1340
1341
1342
1343
1344
1345
1346
1347
1348
1349
1350
1351
1352
1353
1354
1355
1356
1357
1358
1359
1360
1361
1362
1363
1364
1365
1366
1367
1368
1369
1370
1371
1372
1373
1374
1375
1376
1377
1378
1379
1380
1381
1382
1383
1384
1385
1386
1387
1388
1389
1390
1391
1392
1393
1394
1395
1396
1397
1398
1399
1400
1401
1402
1403
1404
1405
1406
1407
1408
1409
1410
1411
1412
1413
1414
1415
1416
1417
1418
1419
1420
1421
1422
1423
1424
1425
1426
1427
1428
1429
1430
1431
1432
1433
1434
1435
1436
1437
1438
1439
1440
1441
1442
1443
1444
1445
1446
1447
1448
1449
1450
1451
1452
1453
1454
1455
1456
1457
1458
1459
1460
1461
1462
1463
1464
1465
1466
1467
1468
1469
1470
1471
1472
1473
1474
1475
1476
1477
1478
1479
1480
1481
1482
1483
1484
1485
1486
1487
1488
1489
1490
1491
1492
1493
1494
1495
1496
1497
1498
1499
1500
1501
1502
1503
1504
1505
1506
1507
1508
1509
1510
1511
1512
1513
1514
1515
1516
1517
1518
1519
1520
1521
1522
1523
1524
1525
1526
1527
1528
1529
1530
1531
1532
1533
1534
1535
1536
1537
1538
1539
1540
1541
1542
1543
1544
1545
1546
1547
1548
1549
1550
1551
1552
1553
1554
1555
1556
1557
1558
1559
1560
1561
1562
1563
1564
1565
1566
1567
1568
1569
1570
1571
1572
1573
1574
1575
1576
1577
1578
1579
1580
1581
1582
1583
1584
1585
1586
1587
1588
1589
1590
1591
1592
1593
1594
1595
1596
1597
1598
1599
1600
1601
1602
1603
1604
1605
1606
1607
1608
1609
1610
1611
1612
1613
1614
1615
1616
1617
1618
1619
1620
1621
1622
1623
1624
1625
1626
1627
1628
1629
1630
1631
1632
1633
1634
1635
1636
1637
1638
1639
1640
1641
1642
1643
1644
1645
1646
1647
1648
1649
1650
1651
1652
1653
1654
1655
1656
1657
1658
1659
1660
1661
1662
1663
1664
1665
1666
1667
1668
1669
1670
1671
1672
1673
1674
1675
1676
1677
1678
1679
1680
1681
1682
1683
1684
1685
1686
1687
1688
1689
1690
1691
1692
1693
1694
1695
1696
1697
1698
1699
1700
1701
1702
1703
1704
1705
1706
1707
1708
1709
1710
1711
1712
1713
1714
1715
1716
1717
1718
1719
1720
1721
1722
1723
1724
1725
1726
1727
1728
1729
1730
1731
1732
1733
1734
1735
1736
1737
1738
1739
1740
1741
1742
1743
1744
1745
1746
1747
1748
1749
1750
1751
1752
1753
1754
1755
1756
1757
1758
1759
1760
1761
1762
1763
1764
1765
1766
1767
1768
1769
1770
1771
1772
1773
1774
1775
1776
1777
1778
1779
1780
1781
1782
1783
1784
1785
1786
1787
1788
1789
1790
1791
1792
1793
1794
1795
1796
1797
1798
1799
1800
1801
1802
1803
1804
1805
1806
1807
1808
1809
1810
1811
1812
1813
1814
1815
1816
1817
1818
1819
1820
1821
1822
1823
1824
1825
1826
1827
1828
1829
1830
1831
1832
1833
1834
1835
1836
1837
1838
1839
1840
1841
1842
1843
1844
1845
1846
1847
1848
1849
1850
1851
1852
1853
1854
1855
1856
1857
1858
1859
1860
1861
1862
1863
1864
1865
1866
1867
1868
1869
1870
1871
1872
1873
1874
1875
1876
1877
1878
1879
1880
1881
1882
1883
1884
1885
1886
1887
1888
1889
1890
1891
1892
1893
1894
1895
1896
1897
1898
1899
1900
1901
1902
1903
1904
1905
1906
1907
1908
1909
1910
1911
1912
1913
1914
1915
1916
1917
1918
1919
1920
1921
1922
1923
1924
1925
1926
1927
1928
1929
1930
1931
1932
1933
1934
1935
1936
1937
1938
1939
1940
1941
1942
1943
1944
1945
1946
1947
1948
1949
1950
1951
1952
1953
1954
1955
1956
1957
1958
1959
1960
1961
1962
1963
1964
1965
1966
1967
1968
1969
1970
1971
1972
1973
1974
1975
1976
1977
1978
1979
1980
1981
1982
1983
1984
1985
1986
1987
1988
1989
1990
1991
1992
1993
1994
1995
1996
1997
1998
1999
2000
2001
2002
2003
2004
2005
2006
2007
2008
2009
2010
2011
2012
2013
2014
2015
2016
2017
2018
2019
2020
2021
2022
2023
2024
2025
2026
2027
2028
2029
2030
2031
2032
2033
2034
2035
2036
2037
2038
2039
2040
2041
2042
2043
2044
2045
2046
2047
2048
2049
2050
2051
2052
2053
2054
2055
2056
2057
2058
2059
2060
2061
2062
2063
2064
2065
2066
2067
2068
2069
2070
2071
2072
2073
2074
2075
2076
2077
2078
2079
2080
2081
2082
2083
2084
2085
2086
2087
2088
2089
2090
2091
2092
2093
2094
2095
2096
2097
2098
2099
2100
2101
2102
2103
2104
2105
2106
2107
2108
2109
2110
2111
2112
2113
2114
2115
2116
2117
2118
2119
2120
2121
2122
2123
2124
2125
2126
2127
2128
2129
2130
2131
2132
2133
2134
2135
2136
2137
2138
2139
2140
2141
2142
2143
2144
2145
2146
2147
2148
2149
2150
2151
2152
2153
2154
2155
2156
2157
2158
2159
2160
2161
2162
2163
2164
2165
2166
2167
2168
2169
2170
2171
2172
2173
2174
2175
2176
2177
2178
2179
2180
2181
2182
2183
2184
2185
2186
2187
2188
2189
2190
2191
2192
2193
2194
2195
2196
2197
2198
2199
2200
2201
2202
2203
2204
2205
2206
2207
2208
2209
2210
2211
2212
2213
2214
2215
2216
2217
2218
2219
2220
2221
2222
2223
2224
2225
2226
2227
2228
2229
2230
2231
2232
2233
2234
2235
2236
2237
2238
2239
2240
2241
2242
2243
2244
2245
2246
2247
2248
2249
2250
2251
2252
2253
2254
2255
2256
2257
2258
2259
2260
2261
2262
2263
2264
2265
2266
2267
2268
2269
2270
2271
2272
2273
2274
2275
2276
2277
2278
2279
2280
2281
2282
2283
2284
2285
2286
2287
2288
2289
2290
2291
2292
2293
2294
2295
2296
2297
2298
2299
2300
2301
2302
2303
2304
2305
2306
2307
2308
2309
2310
2311
2312
2313
2314
2315
2316
2317
2318
2319
2320
2321
2322
2323
2324
2325
2326
2327
2328
2329
2330
2331
2332
2333
2334
2335
2336
2337
2338
2339
2340
2341
2342
2343
2344
2345
2346
2347
2348
2349
2350
2351
2352
2353
2354
2355
2356
2357
2358
2359
2360
2361
2362
2363
2364
2365
2366
2367
2368
2369
2370
2371
2372
2373
2374
2375
2376
2377
2378
2379
2380
2381
2382
2383
2384
2385
2386
2387
2388
2389
2390
2391
2392
2393
2394
2395
2396
2397
2398
2399
2400
2401
2402
2403
2404
2405
2406
2407
2408
2409
2410
2411
2412
2413
2414
2415
2416
2417
2418
2419
2420
2421
2422
2423
2424
2425
2426
2427
2428
2429
2430
2431
2432
2433
2434
2435
2436
2437
2438
2439
2440
2441
2442
2443
2444
2445
2446
2447
2448
2449
2450
2451
2452
2453
2454
2455
2456
2457
2458
2459
2460
2461
2462
2463
2464
2465
2466
2467
2468
2469
2470
2471
2472
2473
2474
2475
2476
2477
2478
2479
2480
2481
2482
2483
2484
2485
2486
2487
2488
2489
2490
2491
2492
2493
2494
2495
2496
2497
2498
2499
2500
2501
2502
2503
2504
2505
2506
2507
2508
2509
2510
2511
2512
2513
2514
2515
2516
2517
2518
2519
2520
2521
2522
2523
2524
2525
2526
2527
2528
2529
2530
2531
2532
2533
2534
2535
2536
2537
2538
2539
2540
2541
2542
2543
2544
2545
2546
2547
2548
2549
2550
2551
2552
2553
2554
2555
2556
2557
2558
2559
2560
2561
2562
2563
2564
2565
2566
2567
2568
2569
2570
2571
2572
2573
2574
2575
2576
2577
2578
2579
2580
2581
2582
2583
2584
2585
2586
2587
2588
2589
2590
2591
2592
2593
2594
2595
2596
2597
2598
2599
2600
2601
2602
2603
2604
2605
2606
2607
2608
2609
2610
2611
2612
2613
2614
2615
2616
2617
2618
2619
2620
2621
2622
2623
2624
2625
2626
2627
2628
2629
2630
2631
2632
2633
2634
2635
2636
2637
2638
2639
2640
2641
2642
2643
2644
2645
2646
2647
2648
2649
2650
2651
2652
2653
2654
2655
2656
2657
2658
2659
2660
2661
2662
2663
2664
2665
2666
2667
2668
2669
2670
2671
2672
2673
2674
2675
2676
2677
2678
2679
2680
2681
2682
2683
2684
2685
2686
2687
2688
2689
2690
2691
2692
2693
2694
2695
2696
2697
2698
2699
2700
2701
2702
2703
2704
2705
2706
2707
2708
2709
2710
2711
2712
2713
2714
2715
2716
2717
2718
2719
2720
2721
2722
2723
2724
2725
2726
2727
2728
2729
2730
2731
2732
2733
2734
2735
2736
2737
2738
2739
2740
2741
2742
2743
2744
2745
2746
2747
2748
2749
2750
2751
2752
2753
2754
2755
2756
2757
2758
2759
2760
2761
2762
2763
2764
2765
2766
2767
2768
2769
2770
2771
2772
2773
2774
2775
2776
2777
2778
2779
2780
2781
2782
2783
2784
2785
2786
2787
2788
2789
2790
2791
2792
2793
2794
2795
2796
2797
2798
2799
2800
2801
2802
2803
2804
2805
2806
2807
2808
2809
2810
2811
2812
2813
2814
2815
2816
2817
2818
2819
2820
2821
2822
2823
2824
2825
2826
2827
2828
2829
2830
2831
2832
2833
2834
2835
2836
2837
2838
2839
2840
2841
2842
2843
2844
2845
2846
2847
2848
2849
2850
2851
2852
2853
2854
2855
2856
2857
2858
2859
2860
2861
2862
2863
2864
2865
2866
2867
2868
2869
2870
2871
2872
2873
2874
2875
2876
2877
2878
2879
2880
2881
2882
2883
2884
2885
2886
2887
2888
2889
2890
2891
2892
2893
2894
2895
2896
2897
2898
2899
2900
2901
2902
2903
2904
2905
2906
2907
2908
2909
2910
2911
2912
2913
2914
2915
2916
2917
2918
2919
2920
2921
2922
2923
2924
2925
2926
2927
2928
2929
2930
2931
2932
2933
2934
2935
2936
2937
2938
2939
2940
2941
2942
2943
2944
2945
2946
2947
2948
2949
2950
2951
2952
2953
2954
2955
2956
2957
2958
2959
2960
2961
2962
2963
2964
2965
2966
2967
2968
2969
2970
2971
2972
2973
2974
2975
2976
2977
2978
2979
2980
2981
2982
2983
2984
2985
2986
2987
2988
2989
2990
2991
2992
2993
2994
2995
2996
2997
2998
2999
3000
3001
3002
3003
3004
3005
3006
3007
3008
3009
3010
3011
3012
3013
3014
3015
3016
3017
3018
3019
3020
3021
3022
3023
3024
3025
3026
3027
3028
3029
3030
3031
3032
3033
3034
3035
3036
3037
3038
3039
3040
3041
3042
3043
3044
3045
3046
3047
3048
3049
3050
3051
3052
3053
3054
3055
3056
3057
3058
3059
3060
3061
3062
3063
3064
3065
3066
3067
3068
3069
3070
3071
3072
3073
3074
3075
3076
3077
3078
3079
3080
3081
3082
3083
3084
3085
3086
3087
3088
3089
3090
3091
3092
3093
3094
3095
3096
3097
3098
3099
3100
3101
3102
3103
3104
3105
3106
3107
3108
3109
3110
3111
3112
3113
3114
3115
3116
3117
3118
3119
3120
3121
3122
3123
3124
3125
3126
3127
3128
3129
3130
3131
3132
3133
3134
3135
3136
3137
3138
3139
3140
3141
3142
3143
3144
3145
3146
3147
3148
3149
3150
3151
3152
3153
3154
3155
3156
3157
3158
3159
3160
3161
3162
3163
3164
3165
3166
3167
3168
3169
3170
3171
3172
3173
3174
3175
3176
3177
3178
3179
3180
3181
3182
3183
3184
3185
3186
3187
3188
3189
3190
3191
3192
3193
3194
3195
3196
3197
3198
3199
3200
3201
3202
3203
3204
3205
3206
3207
3208
3209
3210
3211
3212
3213
3214
3215
3216
3217
3218
3219
3220
3221
3222
3223
3224
3225
3226
3227
3228
3229
3230
3231
3232
3233
3234
3235
3236
3237
3238
3239
3240
3241
3242
3243
3244
3245
3246
3247
3248
3249
3250
3251
3252
3253
3254
3255
3256
3257
3258
3259
3260
3261
3262
3263
3264
3265
3266
3267
3268
3269
3270
3271
3272
3273
3274
3275
3276
3277
3278
3279
3280
3281
3282
3283
3284
3285
3286
3287
3288
3289
3290
3291
3292
3293
3294
3295
3296
3297
3298
3299
3300
3301
3302
3303
3304
3305
3306
3307
3308
3309
3310
3311
3312
3313
3314
3315
3316
3317
3318
3319
3320
3321
3322
3323
3324
3325
3326
3327
3328
3329
3330
3331
3332
3333
3334
3335
3336
3337
3338
3339
3340
3341
3342
3343
3344
3345
3346
3347
3348
3349
3350
3351
3352
3353
3354
3355
3356
3357
3358
3359
3360
3361
3362
3363
3364
3365
3366
3367
3368
3369
3370
3371
3372
3373
3374
3375
3376
3377
3378
3379
3380
3381
3382
3383
3384
3385
3386
3387
3388
3389
3390
3391
3392
3393
3394
3395
3396
3397
3398
3399
3400
3401
3402
3403
3404
3405
3406
3407
3408
3409
3410
3411
3412
3413
3414
3415
3416
3417
3418
3419
3420
3421
3422
3423
3424
3425
3426
3427
3428
3429
3430
3431
3432
3433
3434
3435
3436
3437
3438
3439
3440
3441
3442
3443
3444
3445
3446
3447
3448
3449
3450
3451
3452
3453
3454
3455
3456
3457
3458
3459
3460
3461
3462
3463
3464
3465
3466
3467
3468
3469
3470
3471
3472
3473
3474
3475
3476
3477
3478
3479
3480
3481
3482
3483
3484
3485
3486
3487
3488
3489
3490
3491
3492
3493
3494
3495
3496
3497
3498
3499
3500
3501
3502
3503
3504
3505
3506
3507
3508
3509
3510
3511
3512
3513
3514
3515
3516
3517
3518
3519
3520
3521
3522
3523
3524
3525
3526
3527
3528
3529
3530
3531
3532
3533
3534
3535
3536
3537
3538
3539
3540
3541
3542
3543
3544
3545
3546
3547
3548
3549
3550
3551
3552
3553
3554
3555
3556
3557
3558
3559
3560
3561
3562
3563
3564
3565
3566
3567
3568
3569
3570
3571
3572
3573
3574
3575
3576
3577
3578
3579
3580
3581
3582
3583
3584
3585
3586
3587
3588
3589
3590
3591
3592
3593
3594
3595
3596
3597
3598
3599
3600
3601
3602
3603
3604
3605
3606
3607
3608
3609
3610
3611
3612
3613
3614
3615
3616
3617
3618
3619
3620
3621
3622
3623
3624
3625
3626
3627
3628
3629
3630
3631
3632
3633
3634
3635
3636
3637
3638
3639
3640
3641
3642
3643
3644
3645
3646
3647
3648
3649
3650
3651
3652
3653
3654
3655
3656
3657
3658
3659
3660
3661
3662
3663
3664
3665
3666
3667
3668
3669
3670
3671
3672
3673
3674
3675
3676
3677
3678
3679
3680
3681
3682
3683
3684
3685
3686
3687
3688
3689
3690
3691
3692
3693
3694
3695
3696
3697
3698
3699
3700
3701
3702
3703
3704
3705
3706
3707
3708
3709
3710
3711
3712
3713
3714
3715
3716
3717
3718
3719
3720
3721
3722
3723
3724
3725
3726
3727
3728
3729
3730
3731
3732
3733
3734
3735
3736
3737
3738
3739
3740
3741
3742
3743
3744
3745
3746
3747
3748
3749
3750
3751
3752
3753
3754
3755
3756
3757
3758
3759
3760
3761
3762
3763
3764
3765
3766
3767
3768
3769
3770
3771
3772
3773
3774
3775
3776
3777
3778
3779
3780
3781
3782
3783
3784
3785
3786
3787
3788
3789
3790
3791
3792
3793
3794
3795
3796
3797
3798
3799
3800
3801
3802
3803
3804
3805
3806
3807
3808
3809
3810
3811
3812
3813
3814
3815
3816
3817
3818
3819
3820
3821
3822
3823
3824
3825
3826
3827
3828
3829
3830
3831
3832
3833
3834
3835
3836
3837
3838
3839
3840
3841
3842
3843
3844
3845
3846
3847
3848
3849
3850
3851
3852
3853
3854
3855
3856
3857
3858
3859
3860
3861
3862
3863
3864
3865
3866
3867
3868
3869
3870
3871
3872
3873
3874
3875
3876
3877
3878
3879
3880
3881
3882
3883
3884
3885
3886
3887
3888
3889
3890
3891
3892
3893
3894
3895
3896
3897
3898
3899
3900
3901
3902
3903
3904
3905
3906
3907
3908
3909
3910
3911
3912
3913
3914
3915
3916
3917
3918
3919
3920
3921
3922
3923
3924
3925
3926
3927
3928
3929
3930
3931
3932
3933
3934
3935
3936
3937
3938
3939
3940
3941
3942
3943
3944
3945
3946
3947
3948
3949
3950
3951
3952
3953
3954
3955
3956
3957
3958
3959
3960
3961
3962
3963
3964
3965
3966
3967
3968
3969
3970
3971
3972
3973
3974
3975
3976
3977
3978
3979
3980
3981
3982
3983
3984
3985
3986
3987
3988
3989
3990
3991
3992
3993
3994
3995
3996
3997
3998
3999
4000
4001
4002
4003
4004
4005
4006
4007
4008
4009
4010
4011
4012
4013
4014
4015
4016
4017
4018
4019
4020
4021
4022
4023
4024
4025
4026
4027
4028
4029
4030
4031
4032
4033
4034
4035
4036
4037
4038
4039
4040
4041
4042
4043
4044
4045
4046
4047
4048
4049
4050
4051
4052
4053
4054
4055
4056
4057
4058
4059
4060
4061
4062
4063
4064
4065
4066
4067
4068
4069
4070
4071
4072
4073
4074
4075
4076
4077
4078
4079
4080
4081
4082
4083
4084
4085
4086
4087
4088
4089
4090
4091
4092
4093
4094
4095
4096
4097
4098
4099
4100
4101
4102
4103
4104
4105
4106
4107
4108
4109
4110
4111
4112
4113
4114
4115
4116
4117
4118
4119
4120
4121
4122
4123
4124
4125
4126
4127
4128
4129
4130
4131
4132
4133
4134
4135
4136
4137
4138
4139
4140
4141
4142
4143
4144
4145
4146
4147
4148
4149
4150
4151
4152
4153
4154
4155
4156
4157
4158
4159
4160
4161
4162
4163
4164
4165
4166
4167
4168
4169
4170
4171
4172
4173
4174
4175
4176
4177
4178
4179
4180
4181
4182
4183
4184
4185
4186
4187
4188
4189
4190
4191
4192
4193
4194
4195
4196
4197
4198
4199
4200
4201
4202
4203
4204
4205
4206
4207
4208
4209
4210
4211
4212
4213
4214
4215
4216
4217
4218
4219
4220
4221
4222
4223
4224
4225
4226
4227
4228
4229
4230
4231
4232
4233
4234
4235
4236
4237
4238
4239
4240
4241
4242
4243
4244
4245
4246
4247
4248
4249
4250
4251
4252
4253
4254
4255
4256
4257
4258
4259
4260
4261
4262
4263
4264
4265
4266
4267
4268
4269
4270
4271
4272
4273
4274
4275
4276
4277
4278
4279
4280
4281
4282
4283
4284
4285
4286
4287
4288
4289
4290
4291
4292
4293
4294
4295
4296
4297
4298
4299
4300
4301
4302
4303
4304
4305
4306
4307
4308
4309
4310
4311
4312
4313
4314
4315
4316
4317
4318
4319
4320
4321
4322
4323
4324
4325
4326
4327
4328
4329
4330
4331
4332
4333
4334
4335
4336
4337
4338
4339
4340
4341
4342
4343
4344
4345
4346
4347
4348
4349
4350
4351
4352
4353
4354
4355
4356
4357
4358
4359
4360
4361
4362
4363
4364
4365
4366
4367
4368
4369
4370
4371
4372
4373
4374
4375
4376
4377
4378
4379
4380
4381
4382
4383
4384
4385
4386
4387
4388
4389
4390
4391
4392
4393
4394
4395
4396
4397
4398
4399
4400
4401
4402
4403
4404
4405
4406
4407
4408
4409
4410
4411
4412
4413
4414
4415
4416
4417
4418
4419
4420
4421
4422
4423
4424
4425
4426
4427
4428
4429
4430
4431
4432
4433
4434
4435
4436
4437
4438
4439
4440
4441
4442
4443
4444
4445
4446
4447
4448
4449
4450
4451
4452
4453
4454
4455
4456
4457
4458
4459
4460
4461
4462
4463
4464
4465
4466
4467
4468
4469
4470
4471
4472
4473
4474
4475
4476
4477
4478
4479
4480
4481
4482
4483
4484
4485
4486
4487
4488
4489
4490
4491
4492
4493
4494
4495
4496
4497
4498
4499
4500
4501
4502
4503
4504
4505
4506
4507
4508
4509
4510
4511
4512
4513
4514
4515
4516
4517
4518
4519
4520
4521
4522
4523
4524
4525
4526
4527
4528
4529
4530
4531
4532
4533
4534
4535
4536
4537
4538
4539
4540
4541
4542
4543
4544
4545
4546
4547
4548
4549
4550
4551
4552
4553
4554
4555
4556
4557
4558
4559
4560
4561
4562
4563
4564
4565
4566
4567
4568
4569
4570
4571
4572
4573
4574
4575
4576
4577
4578
4579
4580
4581
4582
4583
4584
4585
4586
4587
4588
4589
4590
4591
4592
4593
4594
4595
4596
4597
4598
4599
4600
4601
4602
4603
4604
4605
4606
4607
4608
4609
4610
4611
4612
4613
4614
4615
4616
4617
4618
4619
4620
4621
4622
4623
4624
4625
4626
4627
4628
4629
4630
4631
4632
4633
4634
4635
4636
4637
4638
4639
4640
4641
4642
4643
4644
4645
4646
4647
4648
4649
4650
4651
4652
4653
4654
4655
4656
4657
4658
4659
4660
4661
4662
4663
4664
4665
4666
4667
4668
4669
4670
4671
4672
4673
4674
4675
4676
4677
4678
4679
4680
4681
4682
4683
4684
4685
4686
4687
4688
4689
4690
4691
4692
4693
4694
4695
4696
4697
4698
4699
4700
4701
4702
4703
4704
4705
4706
4707
4708
4709
4710
4711
4712
4713
4714
4715
4716
4717
4718
4719
4720
4721
4722
4723
4724
4725
4726
4727
4728
4729
4730
4731
4732
4733
4734
4735
4736
4737
4738
4739
4740
4741
4742
4743
4744
4745
4746
4747
4748
4749
4750
4751
4752
4753
4754
4755
4756
4757
4758
4759
4760
4761
4762
4763
4764
4765
4766
4767
4768
4769
4770
4771
4772
4773
4774
4775
4776
4777
4778
4779
4780
4781
4782
4783
4784
4785
4786
4787
4788
4789
4790
4791
4792
4793
4794
4795
4796
4797
4798
4799
4800
4801
4802
4803
4804
4805
4806
4807
4808
4809
4810
4811
4812
4813
4814
4815
4816
4817
4818
4819
4820
4821
4822
4823
4824
4825
4826
4827
4828
4829
4830
4831
4832
4833
4834
4835
4836
4837
4838
4839
4840
4841
4842
4843
4844
4845
4846
4847
4848
4849
4850
4851
4852
4853
4854
4855
4856
4857
4858
4859
4860
4861
4862
4863
4864
4865
4866
4867
4868
4869
4870
4871
4872
4873
4874
4875
4876
4877
4878
4879
4880
4881
4882
4883
4884
4885
4886
4887
4888
4889
4890
4891
4892
4893
4894
4895
4896
4897
4898
4899
4900
4901
4902
4903
4904
4905
4906
4907
4908
4909
4910
4911
4912
4913
4914
4915
4916
4917
4918
4919
4920
4921
4922
4923
4924
4925
4926
4927
4928
4929
4930
4931
4932
4933
4934
4935
4936
4937
4938
4939
4940
4941
4942
4943
4944
4945
4946
4947
4948
4949
4950
4951
4952
4953
4954
4955
4956
4957
4958
4959
4960
4961
4962
4963
4964
4965
4966
4967
4968
4969
4970
4971
4972
4973
4974
4975
4976
4977
4978
4979
4980
4981
4982
1.955766565649667 -0.985331878520715 0
1.016037862940103 -0.05000693481076583 0
2.111590706362813 -0.9859506212478527 0
2.266754843612483 -0.9866393371152097 0
2.422261421405875 -0.9866393371152093 0
2.577804751904025 -0.9863819189189418 0
2.73327506935822 -0.9866393371152097 0
2.888321358581356 -0.9878304430837967 0
3.044432619426344 -0.9842441143899254 0
1.80028370788436 -0.9865961865490859 0
1.01325012467556 -0.1938155515585916 0
1.01303140018832 -0.3381664575263261 0
3.18226623104509 -0.9848352315287838 0
1.644778391991323 -0.9871179260842574 0
1.012809325406598 -0.4681704393010678 0
1.489067099348584 -0.9858919983262795 0
1.013148214337152 -0.5790775373680983 0
3.312078419002073 -0.9784778997771453 0
1.334324383414645 -0.9861102093944474 0
1.013374845136923 -0.6776894436670691 0
2.498069944281528 0.921523029724181 0
2.047206893320649 0.9076938132725909 0
2.952645407585732 0.9210715132006567 0
3.921270417837988 -0.04545454545718197 0
3.434876397611996 -0.9744286182146578 0
3.561705295053025 -0.982460751700543 0
1.012736497571479 -0.7738647454905491 0
1.180132193326936 -0.9849815049279422 0
3.646298376659119 -0.9838680082448332 0
1.013406472555681 -0.2747128963007937 0
1.013653902176922 -0.1127316411428525 0
1.012719857071624 -0.4034142861118022 0
1.691022477892851 0.9188401279024183 0
1.013726917209724 -0.8395490015540942 0
1.411403352719991 -0.9799342243625766 0
1.565437825967751 -0.9763117667357417 0
1.259710322830579 -0.9786763354881514 0
1.719457868557492 -0.9811050600540137 0
1.874246238176821 -0.9817884553306617 0
3.919752343564015 -0.4069017483914525 0
2.028892065787591 -0.9779508349515946 0
2.974151355250425 -0.9762399432591681 0
3.717171991585197 -0.980756484896139 0
1.318181818187304 0.9212704178374507 0
0.9624976229776534 0.04645248115810746 0
1.012805634579383 0.04924587293944236 0
0.9872644878874879 0.08777131088371853 0
1.032946645224772 0.08888458290666068 0
1.009906579529605 0.1281734160757502 0
1.054805273608404 0.1272438181281618 0
3.318181818180996 0.9212704178383245 0
1.076567052364911 0.08937734738879312 0
1.098638160774456 0.1267923439187194 0
1.119441164584027 0.08953485549725365 0
1.142449896130955 0.1266950150645036 0
1.163564914852513 0.08893030726979581 0
1.187142565657461 0.1266915827890165 0
1.208825012871118 0.08805178343644857 0
1.232719805163985 0.1266857679525099 0
1.253174336964016 0.088093186307002 0
1.279150503356575 0.1266648875791202 0
1.301661497868684 0.08374445921247613 0
1.324334854518882 0.1269431217398188 0
1.35039879278676 0.08448694359485229 0
1.372774108730425 0.1277373974200792 0
1.39834184770799 0.08452335599358995 0
1.374596405436811 0.04340670960435195 0
1.42075384568377 0.04304937509903171 0
1.396936146276117 0.003458455549826293 0
1.442683018303566 0.002586775930154291 0
1.419397986447284 -0.03571327644562631 0
1.463900618377648 -0.03668046992386308 0
1.441316732877157 -0.07408836842847639 0
1.484686957572247 -0.07508045110816491 0
1.46264110615209 -0.111571231904558 0
1.504955433511434 -0.1125925716145747 0
1.483486424099321 -0.148762964135255 0
1.524855271265689 -0.1493643870579278 0
1.504177027153318 -0.1844307216438517 0
1.54466461173434 -0.1851757835572984 0
1.565711008988981 -0.1503215822819275 0
1.585373772758653 -0.1862878062843741 0
1.606558521278301 -0.1516080855135397 0
1.626025566048076 -0.1892175707671708 0
1.647850291282509 -0.152936086298075 0
1.667380409283069 -0.190825232237716 0
1.689438516637641 -0.1538243092289406 0
1.70953300357749 -0.190334597400026 0
1.731396492789596 -0.1545255726385322 0
1.751825843841444 -0.1913185155513182 0
1.773489022530163 -0.1556078194199931 0
1.793400282760659 -0.1924372982594177 0
1.815930544382802 -0.1566674580358828 0
1.835849237688337 -0.1936793756780514 0
1.858607846981621 -0.1579052938661554 0
1.87907375644355 -0.1945798855533302 0
1.901617648438089 -0.1589364325167775 0
1.922208369065048 -0.1957688555228524 0
1.944804710777588 -0.1596574752168515 0
1.965489066132678 -0.1970185606454876 0
1.988189473367351 -0.1607129495337761 0
2.008953171371915 -0.1982622119094548 0
2.03175098578106 -0.161671412601346 0
2.052859074907674 -0.1999517943258181 0
2.075431123094402 -0.16308891351065 0
2.096698683391237 -0.201315985640602 0
2.119392271878879 -0.1642873049991033 0
2.140178158319354 -0.2025893813807298 0
2.163333615242492 -0.1654493843336736 0
2.184151054841201 -0.203832387714728 0
2.207420001577571 -0.166876287873766 0
2.228217526406088 -0.2050623623398715 0
2.251633657912497 -0.1676908936556981 0
2.272475136511096 -0.2062367724786557 0
2.2959613383109 -0.1686035944818168 0
2.316946123396678 -0.2074794830605728 0
2.340416780634026 -0.1697563183117593 0
2.361458241779756 -0.2087225030418655 0
2.385060445522739 -0.1682842231951236 0
2.406477584078897 -0.20958165674736 0
2.429836724690957 -0.1690063707569403 0
2.45132791265692 -0.2106943694709451 0
2.474620697391432 -0.172475716442213 0
2.496133838870572 -0.2124440803665495 0
2.518141449200581 -0.17487854252301 0
2.540984015746322 -0.2139961929708315 0
2.565514165788 -0.1698185357449693 0
2.586304164406434 -0.2144340689184803 0
2.610535658464763 -0.176295590305745 0
2.632575207255604 -0.2167755188031344 0
1.523679387769542 -0.2191296206303907 0
1.68738523552467 -0.2253159551077034 0
1.840664878173052 -0.119530747838173 0
2.657724350790434 -0.1746995189637897 0
2.680737853984141 -0.2182313250511139 0
1.852985027644792 -0.2299449302968065 0
2.203677096708403 -0.2426499965912604 0
2.032901564132565 -0.2366103945087906 0
2.384653805353644 -0.2497862097006335 0
2.705893755088117 -0.1749830584079521 0
2.729415240800394 -0.2197449009958128 0
2.561987110791922 -0.2530534361074719 0
2.755499547292555 -0.1767879554114185 0
2.780300054593554 -0.2201751409337619 0
2.752361230003844 -0.263396946195733 0
2.800794361181847 -0.2649411152557493 0
2.80828888931695 -0.176520630365646 0
2.775297262321615 -0.3048609754089115 0
2.821533937010557 -0.3065708084160134 0
2.797328068113442 -0.3448480515765106 0
2.841874857409336 -0.3467852344437979 0
2.274845337045921 -0.1291285220661044 0
1.423225593104134 0.1266593716992349 0
2.819187708645173 -0.3830685920393467 0
2.862386698402337 -0.3835258940798393 0
2.885822176514198 -0.3484515208985919 0
2.908076246937308 -0.384735708931977 0
2.930328288955416 -0.3503760719056821 0
2.952805277249272 -0.3891936315949501 0
2.056635849459945 -0.1239877452295099 0
2.495764894925804 -0.1332708295971994 0
2.840840357825742 -0.420804933649808 0
2.730028208352716 -0.128329227604007 0
2.97538469597893 -0.3525703972207259 0
2.996207464108914 -0.3931390050687429 0
1.484729887141221 -0.2187286376259105 0
1.503233171686869 -0.2523256679333121 0
1.465509478369858 -0.2517829288807697 0
1.484055375640286 -0.2833441520636427 0
1.448341766412558 -0.2836266965613184 0
1.464708076910047 -0.3130588765229369 0
1.430920983990447 -0.3143313321375565 0
1.446660109418197 -0.3420648278651717 0
3.020712754616092 -0.3550080210185707 0
3.041417507674727 -0.3961821191753039 0
1.414398919934773 -0.3438780246335234 0
1.429932236984714 -0.3702836576899282 0
1.39892109605334 -0.3709642896852625 0
1.414348842560262 -0.3974421032276501 0
1.450318611735113 -0.39762769661597 0
1.42867488990157 -0.4236805229105849 0
1.460642838028788 -0.4266927987341346 0
1.441507364761225 -0.4521851663052793 0
1.473855098094649 -0.4523924634003008 0
1.45982615923498 -0.4767253862383232 0
1.488213237378506 -0.4780839692802744 0
1.473107133545717 -0.5026337877391347 0
1.501657424564418 -0.5035904053247047 0
1.443644310420215 -0.5010963954362353 0
1.486802188587266 -0.5276697928588487 0
1.514839447538143 -0.5285630050227561 0
1.500320862310766 -0.552142590486033 0
1.527702884106056 -0.552979158150767 0
1.513551235446085 -0.5760284243801819 0
1.54031588217023 -0.5768440186090825 0
1.526466735123067 -0.5995213058217971 0
1.552698771931512 -0.6002181103161514 0
1.500074501484062 -0.5988529456901037 0
1.512639838114243 -0.6216744840021511 0
1.487009042488592 -0.6212387393283886 0
1.383469065155901 -0.3972966766383263 0
1.413593407337492 -0.2862295003627931 0
1.566752926049004 -0.5777262155181409 0
1.579213534799031 -0.6010563067047251 0
3.018039047361015 -0.4330936264019283 0
3.06167680849459 -0.437175647037546 0
1.499323941509911 -0.643429105251039 0
1.47413444978443 -0.642974206655335 0
3.087218659493259 -0.3990503312331631 0
3.107138393513392 -0.4409189180063925 0
1.593231318212357 -0.578684757570789 0
1.605894814203548 -0.6020318941500877 0
1.619898563644009 -0.579459329717108 0
1.632645751230985 -0.6030128082649516 0
3.039027155946211 -0.4726759118187852 0
1.646649535763254 -0.5803673034765009 0
1.659143190411996 -0.6040730803080078 0
1.645172778647267 -0.6264947390491791 0
1.671482744315019 -0.6276285714423293 0
1.685676832971694 -0.6051838596282673 0
1.697784642536703 -0.628371009148903 0
1.712233270268229 -0.6063523843978835 0
1.724528757529989 -0.6295519307215578 0
1.738945487777156 -0.6074843990794316 0
1.751392012394102 -0.6312566548405874 0
1.765796812859322 -0.6087397931302601 0
1.778327392931726 -0.6326304459293666 0
1.79280850660684 -0.6099517189164321 0
1.805547634917783 -0.6341170808196592 0
1.819885310979419 -0.6111745028102503 0
1.83257334392365 -0.6354201820157737 0
1.847178237738905 -0.6126162734424794 0
1.860027506874871 -0.6368115397067489 0
1.874558259341881 -0.614002858087443 0
1.887357968994039 -0.6379367778222262 0
1.902055226807018 -0.6150087601222565 0
1.914870750034709 -0.6391600263563316 0
1.929635362729552 -0.6159662683041314 0
1.942480174809037 -0.640385352346611 0
1.957278969995921 -0.6171927838194169 0
1.970156430167489 -0.6416549389758848 0
1.984991817655674 -0.61831609484995 0
1.997750180542721 -0.6430163007757197 0
2.012732347804184 -0.6195543390503071 0
2.025655859049664 -0.6441965485988932 0
2.040556256277957 -0.6207765012817474 0
2.053504905117432 -0.6454488205314104 0
2.068407541484401 -0.6220107515426808 0
2.081374009831488 -0.646714168732561 0
2.096289657356645 -0.6232500547116451 0
2.109271556263189 -0.6479835198176827 0
2.124192365612434 -0.6247443084084094 0
2.137200781072015 -0.6492942433589979 0
2.152118971578469 -0.6261536949141235 0
2.165155630044509 -0.6505973788009755 0
2.180105931597074 -0.6272370845381746 0
2.192904077623686 -0.6518277222008697 0
2.207506839482792 -0.6285675649621223 0
2.220772389149879 -0.6531028418085387 0
2.234218475324049 -0.6291582035698213 0
2.24902019003482 -0.6544920605796839 0
2.262650850398523 -0.6299564390515544 0
2.277299971395365 -0.6564568211706872 0
2.292213812711151 -0.6320802617293344 0
2.305345449424263 -0.657030862435362 0
2.320345852471553 -0.6336193860563073 0
2.33355325564081 -0.6584271178871969 0
2.348514053622003 -0.6346462924100773 0
2.361731975959202 -0.6596970459986027 0
2.376719056031929 -0.6357686638154287 0
2.389894257446219 -0.6607971299598381 0
2.405009172921171 -0.636981624998131 0
2.418252431385864 -0.6620800724195044 0
1.657252999930458 -0.6495281684290661 0
1.790865655702254 -0.6563375611133235 0
1.486290678708847 -0.664839027270079 0
1.461501461776651 -0.6642765872446821 0
3.133622431701398 -0.4023904735979903 0
3.154713356397225 -0.4455441517386101 0
2.433457404503992 -0.6380697428370563 0
2.44651049930979 -0.6633290446825959 0
1.07589192090028 0.1660711946088495 0
1.927848817006193 -0.6623704303796121 0
1.473423542264467 -0.6857477771547953 0
1.449145068967796 -0.6852579203233691 0
2.177790700062361 -0.6760740472361739 0
2.821518821295952 -0.9793809733605146 0
3.18133931013297 -0.4054008941166769 0
3.203141688936493 -0.4498936885202726 0
2.319168999062782 -0.6820851149220291 0
2.461996652595519 -0.6393707408469945 0
2.4752723361867 -0.6648732128982996 0
2.066357749083122 -0.6697247517960425 0
1.461711313840096 -0.705839832296364 0
1.437984849766203 -0.7042073880919215 0
1.425418764866275 -0.6849393824464649 0
1.413473699629228 -0.7040431925391413 0
1.401629066882574 -0.6850673129550137 0
1.390025317857108 -0.7048696735954054 0
1.378678263589486 -0.6840953023050584 0
1.367101180144895 -0.7046377525844193 0
1.356046604494166 -0.684279821876755 0
1.344695090438379 -0.7041568579162558 0
1.333890183847566 -0.684990058939617 0
1.322761785065779 -0.7038304911829371 0
1.312111957595443 -0.6850981365653461 0
1.301263520976916 -0.7035709969542021 0
1.290777918678174 -0.6851986825165206 0
1.280022476828373 -0.703338424734035 0
1.269766413112703 -0.6851900468304227 0
1.259219055979222 -0.7029441175114185 0
1.25002903325649 -0.6845708323657048 0
1.259687956522845 -0.6672539858200653 0
1.311668676639722 -0.7214147000279351 0
1.239417103998019 -0.666988393850815 0
1.249406760152732 -0.6494414843643832 0
1.237761064900859 -0.7003507860099694 0
2.431235336592466 -0.6867629549840865 0
2.330752653385588 -0.9786645140187251 0
3.921993554595554 0.3162086413086843 0
2.671621652642969 -0.9776542617454962 0
3.230951070983555 -0.4083192030209023 0
3.208613490752413 -0.3626323851567304 0
3.251893552171828 -0.453574789224773 0
3.224397477528382 -0.4940278904248548 0
3.271718217037022 -0.4981465919189733 0
2.491163251842059 -0.6404678927629686 0
2.504857388081224 -0.6665550023358273 0
3.244309238928585 -0.5367756804110106 0
3.290627288049567 -0.5411332834916774 0
1.25595367163046 0.1678515275447357 0
1.229734885257781 -0.6488150555650216 0
1.239283981343118 -0.6314949475560424 0
0.6804283339158894 0.9194197925274346 0
1.402508480971583 -0.7212788869059006 0
1.753347812082784 -0.5846099844844578 0
1.219001410932428 -0.6315755949174833 0
1.228950051811298 -0.6136788411823473 0
2.520834643625449 -0.6415753722124934 0
2.534723865901856 -0.6680396352541705 0
2.485414892129393 -0.9757882404958615 0
2.279268069334102 -0.6067380237677971 0
1.915231107928131 -0.5909490289087083 0
2.176785021431751 -0.974501504832623 0
3.260769736948686 -0.3654536282322834 0
3.236535182252473 -0.3165384639426506 0
2.114480818369754 -0.5998559177816918 0
1.21194430960051 -0.649676174454903 0
2.449275040335011 -0.6133775016091372 0
1.013526617014485 -0.5318020100056593 0
1.013512552648251 -0.8863081883856125 0
1.014107148545505 -0.6310167506399758 0
1.208146323962751 -0.6135953959724144 0
1.218539283999277 -0.5957493798526491 0
3.264267385472742 -0.5780831214611207 0
3.309855594435588 -0.5830096404956884 0
1.516403050790503 -0.4795663225807215 0
2.550757374697584 -0.642846192569818 0
2.564620890892462 -0.6695143426807663 0
1.667651625918755 -0.1162126563473109 0
1.014699838509295 -0.7269837465260079 0
1.484664963262904 -0.7070064714193747 0
1.198042569727916 -0.5950715525975981 0
1.208362351518765 -0.5776590675205808 0
1.472759516713612 -0.7268811942879368 0
1.495701200303815 -0.7276663726807644 0
1.484483857593279 -0.7468187918971367 0
1.506046848043828 -0.7480505580390245 0
1.49482977224907 -0.7670240242793005 0
1.516403619275724 -0.7682864834578833 0
0.6919554507604524 0.08399026539173679 0
1.368580717195552 -0.3714582384804554 0
0.9545454545494265 0.9212704178374507 0
3.291534577543822 -0.3209076933800061 0
3.266646699443169 -0.2694442361379933 0
3.336725636761432 -0.545578712647325 0
3.355552929054864 -0.5883279062467117 0
2.581169930518814 -0.6440581842125661 0
2.594496738417339 -0.6708949447462966 0
2.578332232779545 -0.6955903095606838 0
2.607226660924467 -0.6969929424647179 0
2.591873972085646 -0.7206935999488541 0
2.62012062548437 -0.7222204424153661 0
2.635388903442674 -0.6987251704165055 0
2.647817757768242 -0.7237320529766285 0
2.663230115826142 -0.7009777634599202 0
2.675829656872555 -0.7254359886360588 0
2.691028362405913 -0.7027816807921365 0
2.703600843626696 -0.7271744161237066 0
2.718808732154971 -0.7040809578486498 0
2.731368405298233 -0.7288414961364135 0
2.74659669881185 -0.7057870223246083 0
2.759213259650519 -0.730594200486361 0
2.77449985951145 -0.7073422891111562 0
2.787180878931271 -0.7323439672075329 0
2.604756941933568 -0.7450458535182092 0
2.802520100762531 -0.7093669172051511 0
2.815470277305947 -0.7330729655588735 0
2.566989884057272 -0.6168583158831378 0
3.097013462694373 -0.9821187718167734 0
1.248521074265348 -0.719979933242276 0
1.229350586032058 -0.720166335704409 0
1.238439643142937 -0.7374538100819483 0
1.218705016482854 -0.7371889504686129 0
1.228128880422036 -0.7543400938091902 0
1.208667209745121 -0.7540422818903572 0
1.218023776566639 -0.77094628129024 0
1.199838137158653 -0.7701016210588593 0
1.208309754854905 -0.7872806162863406 0
1.227263844044721 -0.7877532102236926 0
1.18831835455541 -0.7866613680005384 0
1.190369563564157 -0.7533059162521811 0
3.283259186295766 -0.6186368778553148 0
2.744234920115494 -0.751489693409169 0
2.830731718976834 -0.7109075132819794 0
2.844608419459516 -0.7343152921295119 0
1.217355631813036 -0.8040156557145079 0
1.236365241362416 -0.8045094868919899 0
1.188144913557487 -0.5777510249402544 0
1.197993865177018 -0.5595781816070516 0
1.21906251428543 -0.5596949300718691 0
1.208332857875253 -0.5414850165365406 0
1.187353744410151 -0.5414098759783819 0
1.197545827268386 -0.5233266637389939 0
1.505451219525664 -0.786702305814721 0
1.527222889121319 -0.78755115520329 0
1.250191722387432 -0.6138153235734396 0
2.859233001816896 -0.7120481899830963 0
2.87284056014044 -0.7370068012193031 0
3.240319387980012 -0.6141753407408951 0
3.257940993222494 -0.6520518164062085 0
3.218430156310205 -0.6482888942312646 0
3.234538234823867 -0.6834446069000124 0
3.268961303998403 -0.6886421989279704 0
3.197799683336001 -0.6807635581655546 0
1.834442209555337 -0.5834009383084554 0
1.999733610863704 -0.5943296628754924 0
1.397086100638271 0.1712988611550985 0
1.449785843258697 0.170279156149442 0
1.424076309901513 0.2147461471054724 0
1.47693709424089 0.2148388278116467 0
1.450424255582641 0.2618161478433639 0
1.506334128976534 0.2617771216745386 0
2.193139359540939 -0.6029052421489178 0
0.07836995303934564 0.4999746380987515 0
2.887697502246042 -0.7137603298602193 0
2.900138039810701 -0.739427134117626 0
1.47704500261679 0.3114731641527528 0
1.535175434547693 0.3111989774776465 0
2.363075215168954 -0.6101570637484166 0
2.886072107691481 -0.762404366793791 0
2.911955078554943 -0.7644570533420099 0
3.231571617903353 -0.9858421974662328 0
2.704598013773318 -0.6795607807532513 0
1.563382974020282 0.2606016171892596 0
1.593276277187323 0.3088721599066091 0
3.325404953440212 -0.2742311465547199 0
3.299007032908588 -0.2215164379253388 0
2.916322814532817 -0.7157086299974257 0
1.397117345413268 -0.07247062961804952 0
1.179250545267205 -0.5949143787824711 0
3.383345546406191 -0.5503065787629353 0
3.403068190585585 -0.5939613768605294 0
3.370788331121323 -0.9861243901401493 0
1.129957326976234 -0.9844315713928091 0
3.213146461049678 -0.7145136338440892 0
1.176747278013956 -0.5233900467748046 0
1.186977620046895 -0.5052659516051723 0
1.515943027082378 -0.8056914833748543 0
1.537625863226206 -0.8062231065113075 0
1.49451411688775 -0.8051743897653465 0
1.622348737669363 0.258413844610701 0
1.651939309590106 0.3076755388787573 0
1.68149885845283 0.2568386617743035 0
1.711064177229527 0.306908946240064 0
1.740053649483233 0.2562142809303405 0
1.770472328570011 0.3052148406473645 0
1.800115730414459 0.2544351077896922 0
1.830500334913991 0.3054433705849537 0
1.186315262104084 0.05258253796839964 0
1.226492800490577 -0.8206875817420698 0
1.245414177663102 -0.8211702940932787 0
1.506453122712676 0.3625216276800954 0
1.446184326011971 0.3623091759176262 0
1.229842440063015 -0.5417296160285205 0
2.897812350556352 -0.7868937026378805 0
2.923258345636166 -0.78858831240257 0
1.859418316647097 0.2537917706781363 0
1.890698442095963 0.3032395141107641 0
1.920640344407185 0.2518079359990857 0
1.951359860983569 0.303166288231926 0
1.981186743675194 0.2511305236966895 0
2.012338594136355 0.301124325524159 0
2.04218262045574 0.2498079796444548 0
2.073404193761188 0.3023050092845954 0
1.866619108111431 0.3586071927047671 0
1.166239336127209 -0.5053843961575473 0
1.176275906457823 -0.4871725576856645 0
1.197384559492771 -0.4869964023619869 0
1.186440593592056 -0.4689501537515072 0
1.165526347193018 -0.4692489636686879 0
1.175464931367861 -0.4510696287431955 0
2.103406664944719 0.2489135650750542 0
2.134847705299806 0.3011664181081821 0
2.16487338798877 0.247700533667826 0
2.196435724527834 0.300384049045928 0
2.225676180525118 0.2463971579720015 0
2.258371284336026 0.2990978811339241 0
2.228159430278795 0.35462009795006 0
2.291835370263278 0.3533212060138523 0
2.321782118627379 0.2971113565779629 0
2.355945947040365 0.3513523244798276 0
2.386252424202256 0.294777989743994 0
2.42032415576168 0.3491696035004838 0
2.447720728470017 0.2943098599612285 0
2.484553895394832 0.3475992528369992 0
2.509556252864574 0.2801000806488122 0
2.549535044262601 0.3443616051222393 0
2.580434329270256 0.285356640754042 0
2.615563265017056 0.3430545906326443 0
2.646593506301638 0.2850021738629342 0
2.681758178785729 0.3412246448585715 0
2.713270263471992 0.282570134546714 0
2.745680819761915 0.3377548031556082 0
2.779681445180898 0.2798146273724801 0
2.811840761983118 0.3442806286335543 0
2.849337317765891 0.2785115153145222 0
2.883436745417405 0.3336201586615299 0
2.919891540906487 0.2750399633098937 0
2.951796323937364 0.3322059378169563 0
2.985199136526733 0.271954082756422 0
3.017227230524921 0.3322322545309537 0
3.054282539759344 0.2696224255496884 0
3.088338687423189 0.3316795698313442 0
3.12423035868966 0.2673240233184523 0
3.163170452921519 0.3277238462312901 0
3.19684395584907 0.2638685393312428 0
3.236530312326551 0.3249658194835461 0
3.271534549046028 0.2600972572630413 0
3.358117480355667 -0.2247024233181972 0
2.77481935873941 -0.3819932723107679 0
3.431345126608541 -0.5548294660705364 0
3.451696594759647 -0.5996462334342401 0
3.31091764576788 0.3233616023208307 0
3.177916952242087 -0.7111199993437123 0
3.191720278887216 -0.7422618227240525 0
3.908836276603511 0.5887107971497221 0
1.15628397152632 -0.523283307392459 0
1.504740949082948 -0.8237806460771229 0
1.483814757894799 -0.8234519227773935 0
1.548922597310957 -0.7883963593022969 0
1.559015109318127 -0.8069369013421902 0
2.903223144451448 -0.6894440856403483 0
2.933572877060859 -0.6910364677994698 0
3.800566174416785 -0.9821378854985867 0
3.346611283791382 0.2567932884499847 0
1.344891292271991 -0.666020639688811 0
3.240395981073403 -0.2185145320657584 0
2.791459192749898 -0.684569175022252 0
2.908742750381887 -0.809948303622389 0
2.933944526992223 -0.8114114837665445 0
3.51054818231585 -0.9874041911926914 0
1.154789548414314 -0.451656438588241 0
1.164615619465823 -0.4333935528357458 0
1.185371052956028 -0.4327290674471438 0
1.174345822422683 -0.4148894086421329 0
2.578118159694919 -0.7441833395015556 0
2.590918094469469 -0.7675293623729014 0
2.564672612811402 -0.7664594259166547 0
2.576705712796613 -0.7892309735605327 0
2.551262628227799 -0.7881823098458016 0
2.563014122060579 -0.8103966401975866 0
2.537900750345842 -0.8095627553830163 0
2.587530690923464 -0.8110824748379388 0
1.674784149667238 0.356166253189463 0
1.570430981648669 -0.7888519895131775 0
1.580512323268983 -0.8075560923946585 0
1.591934757133945 -0.7893360600142099 0
1.601981053510448 -0.8081764739907347 0
1.613357978328026 -0.7899874567398382 0
1.623792913414333 -0.8088377743605297 0
1.634825908379856 -0.7906673611198929 0
1.645406330040621 -0.8094665230312248 0
1.65625912424796 -0.7913355289513806 0
1.666449738749031 -0.8101509776035389 0
1.612915679630635 -0.8268679542426938 0
1.677543930204119 -0.792078017810538 0
1.68750858805708 -0.8109436383649592 0
1.676512704018391 -0.828702603518678 0
1.697385129598837 -0.8295183573667302 0
1.708453585307128 -0.8118708100156384 0
1.718174840975617 -0.8303674354597854 0
1.729240522643783 -0.8127689380651859 0
1.738933225516853 -0.8311446935068006 0
1.749993795117602 -0.8138272150285977 0
1.759691559521265 -0.8320443260605429 0
1.770756405380141 -0.8147371599799418 0
1.780309083062546 -0.8329330342180615 0
1.79151034176237 -0.8156428317279565 0
1.801071094273467 -0.833834195647481 0
1.81231366608141 -0.8164899750536713 0
1.821965079511642 -0.8347717847188297 0
1.833158210521542 -0.8173745008170425 0
1.843013297083276 -0.8358340446282826 0
1.854081257129263 -0.8180803330411213 0
1.863957672370111 -0.8367499139403326 0
1.875023411673278 -0.8191257491027859 0
1.884832153092447 -0.837526073401232 0
1.896005735793228 -0.8199555458862197 0
1.9058325806517 -0.8384081580545377 0
1.917029771339733 -0.821013371324352 0
1.926713525265344 -0.8393269758653485 0
1.93806619808621 -0.8219295362107264 0
1.947847265926845 -0.8402875032825977 0
1.95916256019545 -0.822833907154807 0
1.968796110814036 -0.8412078636524627 0
1.980249540538069 -0.8237303852476512 0
1.989962652679226 -0.8420683937357778 0
2.001381301811855 -0.8244464033741399 0
2.011093413431421 -0.8429234481955081 0
2.022493478442541 -0.8254507573303642 0
2.03210250014607 -0.8439721207295766 0
2.043605650465692 -0.8261418675609994 0
2.05340576898013 -0.844771583192433 0
2.064894919452653 -0.8273483479935606 0
2.884048665236377 -0.8098452956151803 0
1.235571144909644 -0.8372498489525213 0
1.254290636692701 -0.8376983059330578 0
1.216768729177727 -0.8368175178104214 0
2.261054550969965 0.4106515987859262 0
1.153451977164659 -0.4157574074733122 0
1.162969919005868 -0.3970027463605346 0
1.184078529145374 -0.3962550044516029 0
1.172540929311192 -0.3780035805386742 0
1.194326011169739 -0.3770627131074589 0
1.182458322715579 -0.3588312505400921 0
1.160800951000803 -0.3598689488971455 0
1.170061821068353 -0.3402403814106109 0
1.192326605452356 -0.3392752207687981 0
1.17942530298655 -0.3201127379274026 0
1.202482692159466 -0.3190066239280566 0
1.189574847649219 -0.299707025313119 0
1.21322634718775 -0.298368687367499 0
1.200133027639985 -0.2786931788147338 0
1.176368840342364 -0.280309350593382 0
1.186915227848736 -0.2596435445075916 0
1.210935679863292 -0.2569006428203312 0
1.197170030101954 -0.2390616109966605 0
3.158420661656811 -0.7390287539156499 0
3.172603658848204 -0.768316069118729 0
3.204136637169425 -0.7718507826305833 0
2.712886487837858 0.3835413340224435 0
1.476415257384979 0.415167223433577 0
1.413563389305669 0.4146504988387728 0
1.63397558420426 -0.5561707459659982 0
1.163106494763371 -0.2617229331937125 0
2.948477797544399 -0.7906751350035306 0
2.959272965081137 -0.8136998008941571 0
3.019433445253729 0.2125465605560173 0
1.222779409281413 -0.2342717545532509 0
1.202739552517897 -0.2135440825508558 0
1.148452119780295 -0.3418742852900349 0
3.481369337318991 -0.5595991111031795 0
3.500794969634381 -0.6056575058229607 0
3.471101277886331 -0.6446713150253697 0
3.518215111455133 -0.6504037657127788 0
1.769545388313925 -0.850251870679239 0
2.074707952303961 -0.8461549265393966 0
2.086530950338937 -0.827582236671053 0
2.549593078890505 -0.831353701754052 0
2.525375368877728 -0.8307695016375553 0
2.9194821006658 -0.8317450113389913 0
1.493790111044533 -0.8416183705093732 0
1.473261545090501 -0.8413360596289818 0
3.850484559640773 -0.9839893311744352 0
2.999109893409151 -0.3126714781294759 0
3.122246764647559 0.3967364264591846 0
3.185819491192243 -0.7963803555791591 0
3.215766906468198 -0.799875402818869 0
3.156148509764473 -0.79405808803953 0
2.03911483274324 0.3491865726059066 0
1.225872887559215 -0.853332054909464 0
1.20714385124234 -0.8529025096986773 0
3.491224176823549 -0.6871724768948351 0
3.535902468006347 -0.692845842713554 0
3.563427654188136 -0.6575958834108795 0
3.580954966573545 -0.6995983493139122 0
1.686402123717508 -0.8469090813300884 0
1.831619826474823 -0.8530796502535298 0
3.385534319683649 0.3205989082065395 0
3.42105642677299 0.2523860888919416 0
3.14417145645949 -0.7090649619424116 0
3.509648521483212 -0.7275103906634377 0
1.843539675151355 -0.7996539861354992 0
1.499971265437843 -0.3173002145222192 0
0.4188417842190425 0.07974301289186807 0
0.4084207968028223 0.9094675045503133 0
2.452279771273179 0.4019388226430758 0
2.91923751713227 -0.66321496543049 0
2.951405329456435 -0.6652363286152296 0
1.915496184452159 -0.8564493501295339 0
2.097046973425585 -0.8474768235817156 0
2.109320702799296 -0.8290259281926026 0
2.912914027300933 0.3899900449576033 0
1.216082573741376 -0.8692908453146068 0
1.197487469607699 -0.8688537218961652 0
1.581097269397095 -0.7704460988379488 0
1.9904363111182 -0.8063769047049378 0
3.168634002940296 -0.8199549582379213 0
3.14084769638792 -0.8175557352009553 0
2.407532490287517 0.2437238125749621 0
1.978393062781052 -0.8592102651060651 0
1.35348410985963 -0.396371762660355 0
1.445386295146933 0.4697926714478114 0
1.380107072141278 0.4692436017127455 0
1.488703515097171 0.002707695024766287 0
2.612089272335151 0.2296297005432953 0
1.741443208582382 -0.7950508842494983 0
1.48323637804144 -0.8591432988852137 0
1.462959673563536 -0.8588016382789282 0
1.503412695901779 -0.85957320163241 0
1.452947090586313 -0.8412404994256839 0
1.442768843101184 -0.8585486810632004 0
1.432832570899073 -0.8410609928500744 0
1.422679427354135 -0.8583089478463268 0
1.412783195375998 -0.8412801198227037 0
1.402598493636742 -0.8581482391281505 0
1.392838779573446 -0.8414927720686813 0
1.382744035167157 -0.857899780370761 0
1.373066934697627 -0.8410543048261673 0
1.362712775136752 -0.8578327020886185 0
3.272554224191216 -0.1686177371019179 0
3.212243150765007 -0.1652006402003655 0
2.973774902088727 -0.7928085634655443 0
2.984352230157837 -0.8158573795199473 0
3.585380565034741 0.9168772409713177 0
1.23513764251942 -0.2101340745883945 0
1.218571131490015 -0.187181796135691 0
1.18860285974777 -0.1879092598643946 0
2.120106320088786 -0.8489645832313389 0
2.132712381056069 -0.8303493452646136 0
2.143549313162853 -0.8502634085176144 0
2.156443724244753 -0.8314801672752283 0
2.167388526615973 -0.8512522611277928 0
2.180117798395239 -0.8315760960350675 0
2.19104066557801 -0.8519850662260665 0
2.203395303228634 -0.8325689799491538 0
2.214095829945275 -0.8527764284850147 0
2.226403638119931 -0.8333936860887627 0
2.237226566032558 -0.8537776053976956 0
2.249794716397645 -0.8342185564936173 0
1.264270199829158 -0.8216806940980308 0
3.609414404769622 -0.6627773479380904 0
3.62759547893951 -0.7069346794065023 0
3.351187348622426 0.3891424107800509 0
1.950656518637143 0.1998554721920087 0
1.202710860982874 -0.1633723557258112 0
1.173952157730548 -0.1652085854302884 0
3.152279438607364 -0.8420212216001902 0
3.427149364016252 0.3889433945620649 0
2.238817829701756 -0.8134008750262055 0
2.262558715967881 -0.8142552758480385 0
2.273524476523017 -0.8356130500036439 0
2.286772210969008 -0.8152513178215832 0
2.297984646119352 -0.8366389386706682 0
2.311187079926502 -0.8165267921492581 0
2.322308257749738 -0.8379894800337989 0
2.335365444018154 -0.8179170523954081 0
2.346328227223389 -0.8389731363162106 0
2.359161045723638 -0.8189343430658065 0
2.370052193600571 -0.839804736481132 0
2.382829351584059 -0.8199440934024779 0
2.393638500981179 -0.8409262471306622 0
2.08466232501676 -0.8649892917167731 0
3.125765318054865 -0.8396640175913193 0
1.769865086688477 0.2042871985955555 0
1.372905313220772 -0.8746828400573824 0
1.352954425666791 -0.8746732572009819 0
2.998943880736396 -0.7945170649247265 0
2.514071870881034 -0.8093163535920418 0
1.461734146699679 -0.6210017953388164 0
2.19424950202882 0.1944740805069228 0
2.121562734363677 -0.8085989060716325 0
1.452744221464387 -0.8754557985936953 0
1.908852406109689 -0.8023408368720224 0
2.816992870312792 0.2214678786015704 0
3.384923196405428 -0.279630503738383 0
3.418984178876871 -0.2282687036652669 0
3.44569207008665 -0.2822905721630351 0
3.48137463200753 -0.2336076185382459 0
3.509137324312041 -0.2909760014525963 0
3.453547409264259 -0.1745929120778125 0
2.056018581454596 -0.8094510756211825 0
2.598194855366569 -0.6181930804155317 0
2.58366703890826 -0.5901587204827501 0
2.615753503628004 -0.5918070835974809 0
2.600807856352947 -0.5627116564549177 0
2.634278372500856 -0.5644539545845882 0
2.618432303221053 -0.5345961178258756 0
2.584759262512624 -0.5330428048462039 0
2.603648459339353 -0.5047081091575779 0
2.56795997200016 -0.5025695718847395 0
1.226171338841251 -0.3177877325672594 0
1.206545859843486 -0.885135894490664 0
1.187938272776684 -0.8847296368570703 0
1.17888942885248 -0.868508475224701 0
1.169331999725242 -0.8843163129327871 0
1.160449707269637 -0.8681913098277653 0
1.150986888564502 -0.8838812861446758 0
1.14221112177725 -0.868009019433143 0
1.132900208179901 -0.8838512549003339 0
1.124159913511708 -0.8677410277081906 0
1.224927006037341 -0.8855754571101575 0
1.115081842211343 -0.8834510433843002 0
1.106502770308996 -0.8675449669138807 0
1.115560587665009 -0.8525110603320561 0
1.249125577512143 -0.2321518988300614 0
1.263349809777397 -0.208027802944337 0
3.518774367342282 -0.1790930030661769 0
2.936991623525762 -0.6363616206762233 0
2.969768832992223 -0.6384425680143551 0
2.58780789837252 -0.4730249700324101 0
2.550761278198298 -0.4712651407820997 0
1.186783594663129 -0.1404850039588337 0
1.158579336695551 -0.14334778899402 0
1.147075920033763 -0.1671990545032794 0
1.216048790242782 -0.1370489217228629 0
3.245552091535267 -0.1150920361372215 0
3.184122222119971 -0.1112711975129105 0
3.137045642931995 -0.8627587965543955 0
3.111807038872317 -0.8604311941213583 0
3.161661570232254 -0.8659000212759725 0
3.391535469949465 0.4575684590867899 0
3.471829681258957 0.4580978418740647 0
1.413249272731798 0.526683974090966 0
1.346892824715387 0.5258703746549409 0
1.480165517540621 0.5261376792348474 0
1.31412453046174 0.468035602171466 0
1.280328677870209 0.5240267241874246 0
1.24716541261315 0.4672916491487084 0
1.214279162726814 0.5226945864450424 0
1.181152103152144 0.4659569070478817 0
1.148171469483575 0.5213374362182033 0
1.116131063376764 0.463459911380266 0
1.081672637135639 0.5203828677516515 0
1.049136320272285 0.4608783719511463 0
1.013437822185528 0.5195944123785644 0
0.9798272377840826 0.45816279766431 0
0.9424504338075647 0.5188537024944275 0
0.9074090030325201 0.4547019598164366 0
0.8681472691774366 0.5181664724714363 0
0.8314287635478738 0.4506860886081188 0
0.7905397874511311 0.5137496133816204 0
0.7523154863921502 0.4464775794221388 0
0.710422339543763 0.5138446211260936 0
2.652503729744962 -0.5368611558068469 0
1.13218238255807 -0.1458702389667915 0
1.142778301832281 -0.121870440432538 0
2.904422596635013 -0.6348823013014107 0
2.921918649022829 -0.6068780912816536 0
2.88782023481792 -0.6052908162886828 0
1.362778175469341 -0.8910223409100361 0
1.343802597459667 -0.8909073752612615 0
3.658609381758934 -0.6679578765149859 0
3.676044894569224 -0.714700945951978 0
3.638865273417633 -0.6204475538637182 0
3.642587734963584 -0.7574776589366565 0
3.690846077229716 -0.7610102211974851 0
2.536388941780263 -0.8523374380804236 0
2.513479116079171 -0.8510889731663348 0
0.6713195617962319 0.4442016978311149 0
0.6270041963606116 0.5099227264280994 0
2.251273775408517 -0.7930422931018484 0
2.372583895615012 -0.7991689939961862 0
3.489754120616034 -0.1188869731432446 0
1.122051311449274 -0.1690370154359204 0
3.466754867422804 -0.7226929973148356 0
3.484109848597044 -0.7603880431969277 0
3.444252678944942 -0.7566654092517676 0
1.098103092822732 -0.85221331018878 0
1.106969371742816 -0.8373611685435447 0
1.097544521097364 -0.8825719484442673 0
1.012223052237379 -0.9355338261169173 0
2.395890404927554 -0.7999753282874192 0
1.667449049574492 -0.7728581731824248 0
1.117660544675012 0.5789066812616431 0
2.985755371826714 -0.6726426188622573 0
3.003219553069483 -0.6412606074904205 0
1.215499998658774 -0.9012957627268815 0
1.233783676646641 -0.9016896823573521 0
2.380905983883681 -0.860822665977258 0
2.404563358012362 -0.8620149101758789 0
2.391777352355482 -0.8819512939946881 0
3.147413703615603 -0.8850886012189811 0
3.170674795052473 -0.8880293321502704 0
3.458383021868917 -0.7908485755359784 0
3.422182472881577 -0.7883835980042344 0
3.66483135312657 -0.7976970967352554 0
3.706165830705408 -0.8031841465743904 0
1.105757130115227 -0.8984953840163734 0
1.089708708848315 -0.8371364083881573 0
1.098489076836998 -0.8223062169339388 0
0.961227490126924 0.1288095196117214 0
0.5865973938720526 0.4411693299398599 0
0.541643455906029 0.5173054319507843 0
0.5007132060594923 0.4381953144444571 0
1.352247381583464 0.001910960926647331 0
3.891187319497137 -0.9773367866499205 0
1.517547368139216 -0.7291215585426621 0
1.088514449859697 -0.8975673162680011 0
3.558419988602143 -0.123791387418823 0
3.432927932208588 0.5276536407269506 0
3.515294974139671 0.5257704801031235 0
3.352611897260534 0.5276659014901988 0
1.013675291686514 -0.1455242997750807 0
1.446726161218287 0.5854108434429361 0
1.517862504619216 0.5847606834467238 0
3.218110982147304 -0.05961101883122902 0
3.156503788400786 -0.056877552676633 0
2.906722472904573 -0.5761927511187299 0
2.87161718078686 -0.5747937742740395 0
1.160040223469589 -0.9002747495241499 0
2.224803542515533 -0.8733560735581163 0
1.081329291224354 -0.8220994832901436 0
1.090068858331276 -0.8072394885790126 0
1.352894917023474 -0.8408200697646642 0
1.363423320095843 -0.8238315190776964 0
2.308989722665097 -0.8577587580526795 0
1.116956288943531 -0.1248642271761572 0
1.126954252650843 -0.1016119245060211 0
1.107354699591252 -0.8075347276039433 0
1.098859373484334 -0.7923443020046121 0
1.422931852005232 -0.824242446262608 0
2.570134395768622 -0.4404106846453196 0
2.533507410842518 -0.4391515044050094 0
2.514181062681024 -0.4700836223189024 0
2.496931408131535 -0.4380380667128172 0
2.478030898635783 -0.4688899532837521 0
2.460907959123969 -0.4371896346559295 0
2.441967423854137 -0.4677762557239507 0
2.425436825766978 -0.4355630526512296 0
2.406462078114212 -0.4670285666156354 0
2.389551875144612 -0.4344063123213597 0
2.371809713420427 -0.4665987646053834 0
2.35356894950034 -0.4343692133982256 0
2.335912987795017 -0.4653068134866054 0
2.317965953755659 -0.4335548249707253 0
2.299216415904025 -0.4636882226900564 0
2.282328854544819 -0.4345160157057307 0
2.263811099719943 -0.4626770703725347 0
2.247029122578355 -0.4339901158614363 0
2.229111936820024 -0.4623487180051036 0
2.212028699947863 -0.4311995889127035 0
2.19513502203235 -0.4617692682289477 0
2.177207887627488 -0.4300339993822725 0
2.159926032536399 -0.460315332229244 0
2.142271180021686 -0.428995274681801 0
2.123723789207873 -0.4586399419771122 0
2.107718139278056 -0.4282334540029599 0
2.089191048092811 -0.4575228629497577 0
2.073026912781561 -0.428424756863532 0
2.054303004368376 -0.456661115858762 0
2.0378414838323 -0.4273572812639567 0
2.019618563478284 -0.4556534568071701 0
2.003196676765494 -0.4263032129791364 0
1.985222243798227 -0.4546647549738949 0
1.968766325846275 -0.4253878738194481 0
1.951234054004136 -0.4541277372102944 0
1.934524404906672 -0.4245340507051431 0
1.918000952498276 -0.4538375421544409 0
1.900354331235529 -0.4233106108925607 0
1.883648774448162 -0.4524333833768268 0
1.866466679572053 -0.422636569186269 0
1.848900594805522 -0.4507966814055402 0
1.832504940245087 -0.4211892031372649 0
1.814975688179548 -0.4495935280997669 0
1.79877069431451 -0.4202965072024127 0
1.781614461252303 -0.4489964432651892 0
1.765309209603772 -0.4192902327934248 0
1.748973488269258 -0.448709453010701 0
1.731879517559338 -0.4183952245081674 0
1.749357208398322 -0.3894150312358794 0
1.715353253869049 -0.3886628184905145 0
1.697774561579536 -0.4176970271727934 0
1.681399644511878 -0.3882891475722672 0
1.664316661034897 -0.4171834063450846 0
1.953453401406398 -0.3931298604886005 0
2.125989382612911 -0.4002548568213873 0
2.295080561796836 -0.4079896806725255 0
1.647829951974067 -0.3880288133469173 0
3.49718321885806 -0.7945183525138433 0
1.096741545662976 -0.9128733592718108 0
2.479515712516052 -0.4057842611185247 0
2.415577199402769 -0.8829720893456985 0
3.198729102517574 -0.5299740656440608 0
3.52792592714024 -0.05995446381374237 0
1.278315755838582 -0.2314122539149286 0
1.292574574702903 -0.2050271073304117 0
1.446876872182572 -0.2214590447853797 0
1.012615046882403 -0.3712869804462513 0
2.728240458820964 -0.3024606689920306 0
1.097289698951735 0.05289294864623055 0
0.4551135479310428 0.5166817766133511 0
0.4138162737648016 0.4355049396159772 0
1.592691228905085 0.214423265713064 0
3.115379523104739 -0.8165208332106042 0
3.921270417837997 -0.2272727272748697 0
3.123101043353554 -0.1079681974319298 0
3.095639294778558 -0.05460570088335644 0
3.066690752558872 -0.1034113872349944 0
3.036507530549617 -0.05212055852455277 0
1.013412772265561 -0.4999999999987832 0
2.802416557988907 -0.7531020880102648 0
1.013381159617191 -0.30685932411736 0
3.555063662915369 0.4504013648498764 0
2.56071366639657 -0.8531719371086111 0
2.547590674210491 -0.8738079097988984 0
2.57149156575084 -0.8746081523731167 0
2.558742346502987 -0.894605856138378 0
2.582111685176846 -0.895767158585604 0
1.339197775641559 -0.3714098187523852 0
1.32533003384087 -0.3961832937312056 0
1.338886133238768 -0.4206143589108895 0
1.312292128211166 -0.4205942583784401 0
1.324924372559172 -0.4437389380012959 0
1.013145567239296 -0.0796967450115188 0
2.688861205524079 -0.7498210195849163 0
3.693564677694313 -0.6269688508805709 0
3.671093429080025 -0.5737521200041436 0
2.60819402962304 -0.4426210062304216 0
2.542894730905679 -0.9837586018673854 0
1.080619937965521 -0.8513805896231226 0
2.072013272150445 0.1978120605790828 0
1.273228317202795 -0.8382380639654424 0
3.181732849013351 -0.6492602491071581 0
2.020428453108046 -0.8614683082064586 0
2.124039694509919 -0.6712657806870529 0
2.010125329348649 -0.6656253924372201 0
0.8223175017993807 0.5900900344155783 0
1.873098109195585 -0.6608426198335695 0
1.592238589277896 -0.6242225412774809 0
1.148180555621502 0.4117756817632977 0
1.569151260439546 -0.8255298848937832 0
1.480390402553923 0.6479565728466908 0
1.874010851491719 -0.8550905296421047 0
1.737692846144898 -0.6526412120663647 0
1.139576523089699 -0.360634922608241 0
1.128128301625591 -0.343766416104905 0
1.119226990428288 -0.3616058088445807 0
1.108320436963236 -0.344903992320429 0
1.099675508258379 -0.362383375663624 0
1.353119898064216 -0.9071335664358983 0
1.334402525451595 -0.9069203057045516 0
1.372004070386776 -0.907552231276987 0
1.29923599214424 -0.4437735747564857 0
1.31167727361973 -0.466340699241349 0
1.283237229677461 -0.8220829212397702 0
2.130529536569879 -0.8699692628884659 0
1.11694084495856 -0.3273274878801919 0
1.097469346981345 -0.328521139296463 0
1.105985475897439 -0.3111887728046311 0
2.61198673714527 -0.9839359029536932 0
2.389288277458569 -0.9841100356827071 0
2.969096933348923 -0.8358936724689725 0
2.994235650723617 -0.83835630334628 0
2.979708404164684 -0.8577305484839755 0
3.002976376652451 -0.8603592883035514 0
2.990788203972449 -0.8790223237964754 0
3.012000272995599 -0.8813385713556117 0
2.968214527317803 -0.8770750033228077 0
1.604531040867924 -0.2222029334615869 0
1.145175900775078 -0.469905587733101 0
1.209335677292622 -0.7182413603145698 0
3.43328532789137 -0.8203672922686277 0
3.399771931695391 -0.8179079820011912 0
2.16687924482409 -0.8086237828038929 0
1.012910319287224 -0.244526268142816 0
1.492954456839057 -0.8767374936050317 0
1.512684038890722 -0.8772446641178528 0
1.502500296596347 -0.893908967790684 0
1.521815126210607 -0.8944509764054971 0
1.728124238477031 -0.8485258749402991 0
2.233923956881986 -0.6777556463368194 0
1.861215085566951 0.9215852267962659 0
3.67895622264014 -0.834906775250314 0
3.720458970919714 -0.8432955582347041 0
1.355479732272734 -0.7237351267402773 0
2.48878686312945 -0.6903335291327261 0
2.766655811632612 -0.9845337473309183 0
2.232624561502289 -0.9854178972075813 0
2.770826340782481 0.9210182549432884 0
3.134942474464144 0.9209630366503473 0
2.318181818187933 0.9212704178383249 0
1.207888958101356 -0.4683941070108518 0
1.489080551319524 -0.4303252751911307 0
1.390457994272187 -0.6641709895359393 0
1.13477374625818 -0.452475794463743 0
1.125491552470758 -0.4706663426651921 0
1.115276781859582 -0.4535161198064155 0
1.106259279816586 -0.4705522427201242 0
1.096283302516324 -0.453966278886089 0
1.087618758440434 -0.4702935155147104 0
1.09684802631375 -0.4858980661137351 0
1.078178249303716 -0.4546612340358593 0
1.013557436899498 -0.4350896326997054 0
2.923034473273276 -0.9850206937142429 0
2.078546517311545 -0.9850537904608117 0
1.553679472911661 0.6474464151882887 0
3.721466218668025 -0.7231569009349668 0
0.07705831587377644 0.6812225572131119 0
3.930080467871557 0.1384727290832395 0
1.768493811654207 -0.9858492149428171 0
1.512470940440284 -0.9105138083027118 0
1.495197519611411 -0.9099653205751063 0
1.530957845729721 -0.9112749342273997 0
1.540892906204267 -0.8951004007498906 0
1.549824706174218 -0.9118051825770386 0
1.559831565676225 -0.8957983792501945 0
1.568687394657003 -0.9124133847413073 0
1.578726509904938 -0.8964589145601807 0
1.587550776318632 -0.9130312382506636 0
1.597489394314195 -0.8970899181611234 0
1.60638106842397 -0.9136468779984375 0
1.616143619053222 -0.8974693927183793 0
1.625158099493538 -0.9141963184810399 0
2.300773882795389 -0.7951927451231566 0
1.299784028841383 -0.3964898117123556 0
3.599724100763751 -0.06513353937821351 0
1.923268456177801 -0.985796853134815 0
2.374967023960945 -0.6843937095103709 0
1.116297379680097 -0.7926523801934169 0
1.107693555391847 -0.7774382394480159 0
1.09035681473012 -0.7772319682490092 0
1.099099756710226 -0.7623566746322825 0
1.081904169154444 -0.762220862299842 0
1.090520722020122 -0.7473186621760706 0
1.107749031407722 -0.7474588320686977 0
1.099145091425225 -0.7323597604982744 0
1.116519456597673 -0.7325285059898697 0
1.10788558844595 -0.7173865200457389 0
1.090511907060728 -0.7172989541647121 0
1.09916046730793 -0.7022379659613058 0
1.116687716788507 -0.7022451420339232 0
1.107824000432531 -0.6869482566375273 0
1.125567533248947 -0.6869090885730547 0
1.116559378045732 -0.6715362567732713 0
1.098722120303394 -0.6716983105548215 0
1.107409047247867 -0.6563137414347342 0
1.089846432047603 -0.6562910815376388 0
1.098398921188144 -0.6411565378959212 0
1.081513210194395 -0.7014178714048606 0
1.125096079232634 -0.6564520999454093 0
1.383891567258817 0.360645972800863 0
1.224350089800662 -0.9173264541275366 0
1.852715150375062 -0.3934884292077543 0
3.567732301990536 0.001272944280405234 0
1.2461318341056 -0.7883427828037523 0
2.595326659757013 -0.8757441639155021 0
2.178686373844954 -0.8714830775275576 0
1.086788224592217 -0.3125920175849566 0
1.095134906508463 -0.2952644692470455 0
1.198422360077122 -0.1126758884170118 0
1.230833338655064 -0.109592754920214 0
1.309428629636713 0.5839513691825163 0
1.124362241656521 -0.8375474401915128 0
1.014037083292529 -0.8044782488767824 0
3.386357776225078 0.1909887003350239 0
1.086681144150708 -0.4387512150326333 0
2.60588942722703 -0.897367067323335 0
2.619530450512054 -0.877672571491696 0
1.33749459546152 -0.4667658934492614 0
1.324193302243069 -0.4889931873548613 0
1.081019187561939 -0.6413064057765316 0
1.089559024363119 -0.6260293858284559 0
1.107154966019667 -0.6260864045879375 0
1.098095571012916 -0.6106562951651181 0
1.080572301253341 -0.6112840034168555 0
1.088993012971162 -0.5955697505715163 0
2.535603821410739 -0.8937851287427655 0
1.30137031094927 -0.667155577692416 0
1.079208137028336 -0.9123871481432062 0
1.613440500087468 -0.9857660265213912 0
1.206191249707371 -0.39567769704747 0
1.102697913913267 -0.1038966683613832 0
1.111528744725234 -0.08154218992725927 0
1.242579156474553 -0.9176870871259638 0
1.252031873465598 -0.9020991477587434 0
1.260154122287465 -0.9177009131903088 0
1.624641741809115 -0.7716444021793059 0
1.304371551639537 -0.985630544580591 0
2.019567718458203 -0.3999336377312402 0
2.371463312533356 -0.3958328720587374 0
1.458034513423517 -0.9863529250591963 0
1.106743637654216 -0.5951375470880813 0
1.09739523670803 -0.5799813131023756 0
1.079815651137102 -0.5804445594252431 0
1.088080892923258 -0.5649763690561027 0
1.949617108065414 -0.8026918361489802 0
2.19734222296135 -0.4018093086468333 0
1.771446070728818 -0.2283275243951147 0
2.98851010679162 -0.6100682931719441 0
3.024160437431011 -0.6129592922004841 0
2.506446943321786 -0.6136788863264195 0
3.156867550710701 -0.9063197777410341 0
3.134407335083933 -0.9038899624758592 0
3.179639170849633 -0.9091320967753118 0
3.19336266989267 -0.8908690553897858 0
0.2229058375949304 0.09016353974286223 0
1.781988198766446 -0.7958806969493049 0
2.056355109907125 -0.5967391416181439 0
3.000691321361496 -0.8989930965744418 0
3.021600667527807 -0.9009001241014386 0
3.774198877909531 0.930364357312656 0
3.578707514928158 -0.193499240236583 0
1.13457017934066 -0.7023741033137424 0
2.417517482842715 -0.8422614941489748 0
2.144428691037825 -0.1258973353170482 0
2.586843710429275 0.3971563401955533 0
1.754365183731548 -0.1178500279801137 0
1.921607153122082 -0.1210765241611276 0
2.668255536784626 -0.5667083355126432 0
2.686905710980831 -0.5387113873714515 0
2.702211104177941 -0.568837052153609 0
2.72137089422799 -0.5401077992937331 0
2.73667848963974 -0.5708820373441159 0
1.699979459790332 -0.5826135057679923 0
2.360572023450246 -0.1228771803416298 0
1.541966592781997 -0.5299845375327512 0
1.146771333886624 0.9222400926607273 0
1.587814400295801 -0.1132262835263083 0
0.601774033205281 0.5991706159280584 0
3.641164530088377 -0.8300854760096584 0
3.299017022048169 -0.4593862753425703 0
0.8719868063703313 0.3910386451019162 0
2.755973261029569 -0.542050439653507 0
3.47561346948708 0.5988675892761465 0
3.559678941513762 0.5965456158596888 0
3.202284316385944 -0.9121793477548621 0
3.216204548001339 -0.8939693333129601 0
0.07801942786730715 0.3181470594798951 0
0.9777992000533726 0.5810263658215076 0
1.630925514044842 -0.4166315434304695 0
3.127927537534191 -0.003603776047331284 0
1.165882574341381 0.1701193638356907 0
3.225471855942134 -0.9157174097521154 0
3.239546311737927 -0.896896199414131 0
1.076102836512033 -0.4868207879801852 0
3.7468906577092 -0.8116610850654782 0
1.017434410424721 0.3903055996231661 0
1.095475893995079 -0.126230230432954 0
3.015518731657666 -0.6677863375088897 0
3.383427340715476 -0.7790029209759056 0
3.365149737419349 -0.8139141841088093 0
3.379106887737649 -0.8451509581371326 0
3.346915758705792 -0.841680492827158 0
3.360838457114662 -0.8712498009501148 0
2.633269549236556 -0.1308653483502812 0
1.942720887685427 -0.2341695280741496 0
1.680988400490544 -0.4444376486959135 0
2.70899649933211 -0.5103556502447703 0
1.325142869540889 -0.8908337555820914 0
1.362189829866424 -0.9233257820472309 0
3.016386604089773 -0.8452107582058069 0
2.589998418424284 -0.408525430853121 0
2.90629386497184 -0.3104553104418324 0
1.614554884583913 -0.38774464687718 0
1.077855200220343 -0.3268574275712139 0
3.4603665859925 -0.5125175982004385 0
1.590091096634107 0.5833692747033536 0
1.626557480325328 0.6462808907258439 0
1.662537591455636 0.5826041507108757 0
1.699901181710058 0.6452401307766121 0
1.735809318214214 0.5812597495142928 0
1.773424271057597 0.6441471984255536 0
1.07081739054091 -0.5653461854445065 0
1.143637415105685 -0.6867509555666877 0
3.047256005840628 -0.3144454658209496 0
3.333324602869946 -0.8129864976838848 0
1.521988758454369 -0.9269559087967945 0
3.459551038615647 -0.05500376045759479 0
1.809936933309154 0.5791062111941263 0
1.847077292706112 0.64261322991633 0
1.883945149038938 0.5774569854446244 0
1.921399268274464 0.6412931737755135 0
2.116799076373179 -0.2402749540970779 0
1.63038835002066 -0.3588763712939979 0
3.391713250825259 -0.8744794792273286 0
3.642506890134968 -0.004179203689977176 0
3.609233375873472 0.06271168777079257 0
1.115370022982554 -0.5793776346398869 0
1.073130422792065 -0.7770385983355399 0
1.797838589467506 -0.478040201779086 0
1.073693093575761 -0.7470966591303119 0
1.634962315729198 -0.8980074005210543 0
1.643888048911358 -0.9147554517577122 0
2.293940153223237 -0.2449977006854532 0
0.9878372646802949 0.1730927007302002 0
0.9328629038617261 0.1737790113013946 0
1.072505585827911 -0.6562884034503946 0
3.762657107035262 -0.8531388199847069 0
1.957750636345046 0.5766603764124931 0
1.995721746940772 0.6403370725839461 0
2.032125280023234 0.5753632713666932 0
2.070252834826123 0.6390994208157948 0
3.731813456351402 -0.5816486181383581 0
3.706924878996082 -0.5233357164536364 0
3.653438563359389 -0.8640862438698178 0
3.61733227586198 -0.8587108778936352 0
1.125217056708234 -0.7775576864428962 0
3.248977471365475 -0.9191235241152282 0
3.263044722026174 -0.8999778249871723 0
3.003957344486272 -0.1023482094301156 0
2.976731828336816 -0.04989898782499306 0
2.630560297045677 -0.8991566049216897 0
2.644087748177222 -0.8793271747052975 0
1.21086682344221 -0.08282487760350113 0
3.682747664790903 -0.9885661095457938 0
2.246177163308279 -0.4924164730382322 0
2.891423552364076 -0.5446951481690211 0
3.009759350023328 -0.9181275195646323 0
3.030298022803235 -0.9198031952148296 0
2.9898858097476 -0.916048337260605 0
1.380676856041255 -0.9236257106324204 0
1.170051427779373 -0.8527797254271575 0
2.655176112351643 -0.9006474430074559 0
2.668624854741991 -0.8806759582029732 0
2.679466530998157 -0.9021804689989882 0
2.692350932289997 -0.8824649297724468 0
2.702743793456798 -0.9030559133566702 0
2.715023600729272 -0.8840790631207339 0
2.727713051472461 -0.9071175149110499 0
2.73748268273945 -0.8861137541567589 0
2.748006027768885 -0.9050747764369313 0
2.759463154511564 -0.8870050268804396 0
2.749325423233405 -0.8672708787971608 0
2.771216187606257 -0.8687731750054144 0
2.781136212342344 -0.8884211523740015 0
2.793745669507738 -0.8707423258525672 0
2.802337543033475 -0.8904017638655067 0
2.657833144853745 -0.8580919115161335 0
2.790585725941348 -0.907574511051793 0
2.810990683640012 -0.9090481699933912 0
2.823060386030694 -0.8923745248789418 0
2.83154530966787 -0.9108817970972888 0
2.843315968727727 -0.8944557494045573 0
2.8519322781353 -0.9126572176455905 0
2.86347904939602 -0.8964023701065528 0
2.871798796767572 -0.9144764363381972 0
2.705045306040268 -0.8617788492420597 0
2.761589031958328 -0.8483997016716006 0
2.834962778996002 -0.8754803612697103 0
2.883426707575656 -0.8989060629061162 0
2.891852052434148 -0.9164529097755056 0
1.732984608486949 -0.3588954356249628 0
1.023247277711073 -0.01535830776267443 0
1.07615641153966 -0.2966460967870014 0
1.084396038544166 -0.2794980264546322 0
2.473343149570503 -0.2500489837321689 0
1.349849541298296 -0.4895461614759063 0
1.336291704031879 -0.5114096667621909 0
1.968204944716309 -0.4838135875246835 0
2.385532559041906 -0.7786691419953221 0
2.409737903884225 -0.7796342796998484 0
1.309178712201843 -0.2306111182984614 0
1.323765446729837 -0.2033002843968975 0
1.293175570285632 -0.259371934150654 0
1.30600366127152 -0.176513483949252 0
0.5390231639656327 0.367518068025499 0
2.318828084473973 -0.5006853166570002 0
2.628619672622607 -0.4105267072048802 0
2.402738997822186 -0.9031650189196322 0
2.379351184156971 -0.9019156818172118 0
1.073956665407041 -0.8990028242108903 0
3.042470358933063 -0.9030566516467419 0
3.050792924747243 -0.9218929163709726 0
2.42648728225056 -0.904566696091254 0
1.078825409546861 -0.5501928907113478 0
2.860428872031926 -0.9309908779180318 0
1.245294979862001 -0.07995759010439138 0
2.42400880248731 -0.4983199440243971 0
3.42851198990833 -0.7191190656920529 0
2.712745988072021 -0.9258141191684032 0
1.864514837675163 -0.4848813393410517 0
1.308961941900184 -0.5121735517901013 0
1.322299476959694 -0.534327194220428 0
1.347920034032758 -0.5338623689167296 0
1.334800903957149 -0.5549004272379853 0
1.359659741024684 -0.5555798688234331 0
1.346640280991782 -0.5763511193969788 0
1.371167363014169 -0.5772685759255847 0
1.309965516507099 -0.5572782983738379 0
2.56908572068847 -0.9151741102342952 0
1.110184479826608 -0.3787190210758088 0
1.091101933065131 -0.3794193193302614 0
2.142946424417869 -0.4951270157407409 0
3.666348288881379 -0.07646759026746014 0
1.471228134419476 -0.7650860929724477 0
2.0361922954068 -0.4855558318589914 0
1.517482054481456 0.7124809739679714 0
0.3678348160565037 0.5098221448657212 0
0.4095739181445967 0.5855494951731949 0
2.988301084307829 -0.7707433537695177 0
3.014899587144257 -0.7725173457367248 0
1.097059373618267 -0.550931172871397 0
1.087710273296306 -0.08334442167382884 0
1.096747886449904 -0.06086762328825701 0
1.123390037848715 -0.05800822551802155 0
3.253941583676928 -0.8768919979522974 0
2.538735145211078 -0.7656113367100122 0
3.512837823225033 -0.5175899372269309 0
0.7052964235284636 0.3739364140637647 0
1.133917151731453 -0.7930046939956068 0
3.22808848999136 0.1996019007172889 0
1.654022298092546 -0.8985631771088844 0
1.662573207953454 -0.9152883549334 0
1.672726921631287 -0.8992809896390366 0
1.681405332851001 -0.9157242055577894 0
1.672218850160337 -0.9310746601675624 0
1.691024616272293 -0.9002482727287631 0
1.699835518513318 -0.9163177456007665 0
1.286092023468075 -0.4658575677777749 0
2.618507554741529 -0.7692692903230453 0
1.292385035722493 -0.8387785182622732 0
1.33857833883831 -0.1745070623843047 0
1.320082604818146 -0.1468501657171156 0
1.271321140383854 -0.4424131071872969 0
2.495006965716613 -0.5003048553284231 0
1.353482499921693 -0.3463393684790758 0
1.324512726885794 -0.3466295117115239 0
1.708509038284757 -0.9012769274694643 0
1.717720219692773 -0.9170558827768995 0
1.72718443353981 -0.8995264642972638 0
1.735989659599205 -0.9172594354671816 0
1.645138269970022 -0.881188335527113 0
1.068820283866433 -0.4394141008409486 0
1.745769268641633 -0.9021661407089481 0
1.754273146594262 -0.9181052711666313 0
1.7639816562201 -0.9027743081796192 0
1.772466411854954 -0.9187081453838385 0
1.782109275523518 -0.9033328634218487 0
1.790439680931091 -0.9191584839421323 0
1.800188587440294 -0.9038898055443478 0
1.808513147275668 -0.9194175665439329 0
1.818265091395894 -0.904451510544654 0
1.82681776799469 -0.9200366498061212 0
1.836380411912821 -0.9049935155924131 0
1.84506268440903 -0.9210119789594726 0
1.836242469886647 -0.93762349391443 0
0.227272727273673 0.9212704178374509 0
2.926302148212984 -0.5460301085285042 0
1.596235480872429 -0.9288512784419811 0
2.25374330249317 0.1931987146776494 0
2.22322699762551 0.1433617792993649 0
2.280954770087924 0.1417731413135768 0
2.251458204500994 0.09331973724544688 0
2.308001154552523 0.09433986978242838 0
2.195151411796637 0.09437663920250378 0
2.222473319347244 0.04644726677560244 0
2.168746692616615 0.04698891000106404 0
1.087836070421997 -0.9280002116588962 0
1.105456050764238 -0.9292539722395931 0
1.069609086822326 -0.9276254365070449 0
1.30282487245101 -0.8225174163088695 0
1.293228580630811 -0.8054905071624475 0
2.610065347364074 -0.3756781877764832 0
3.125425554120715 -0.7365250016270709 0
3.234855805630646 -0.7756556770536875 0
1.524750864126112 -0.6441530327897079 0
3.007817162513243 -0.0008549446906850899 0
2.94820914221504 0.002046923766354081 0
1.206019462533262 -0.9170170089867155 0
1.854488148664117 -0.9056617353298436 0
1.863194770033545 -0.9216942626616632 0
1.872625595158721 -0.906270438036875 0
1.881288266585181 -0.9222340628299298 0
3.01889514045188 -0.9357573505738001 0
1.313322607880262 -0.8059505212403206 0
2.902669592528078 -0.9022924701921688 0
2.911381743878771 -0.9194343299705314 0
3.791776394183759 -0.8189820815567616 0
3.805534557622011 -0.8636175212533799 0
3.629159270333298 -0.8912631637347802 0
3.595996165618222 -0.8858005128577214 0
3.662294930070124 -0.8971664772780592 0
1.412568009574484 -0.8749773733039021 0
1.258183553040545 -0.7378749320875109 0
1.47367261077199 -0.5508582647637341 0
1.303295113136059 -0.7885034302259438 0
1.323507172177643 -0.7889753565566704 0
2.851987157604059 -0.6056833856492472 0
1.441189817871045 0.7122554448975162 0
1.59769999592101 -0.4139872942722225 0
1.611568722482072 -0.4463272806739043 0
1.581568484490665 -0.3871144960419064 0
1.890842062168924 -0.9067705990772488 0
1.899531032239786 -0.922836906659447 0
1.909108602214483 -0.9073353384772562 0
1.917870954641858 -0.9234444290883874 0
1.927505852497298 -0.9078844895518094 0
1.936269701151965 -0.9240460095960539 0
1.945924533192353 -0.9084211353867315 0
1.954705620803682 -0.9246320815856239 0
1.280916920595003 -0.8543303002844596 0
3.372822156168001 -0.8996698960398108 0
1.13580522765426 -0.1895286736043774 0
1.112180791598163 -0.1915181208641143 0
1.634308407894113 -0.9299502905138313 0
1.06392004653781 -0.6416175903986625 0
1.214983970582239 -0.9330867681472107 0
1.196476294249325 -0.9329375909608191 0
1.059753950414228 -0.5811122185477906 0
2.875504330504969 -0.8790124728028629 0
2.103820687971393 0.5782227384012791 0
2.145366736559899 0.6412454116252029 0
3.024482243244209 -0.2699527951064692 0
2.799420358400953 -0.9257104369833302 0
3.075756388349182 -0.2721589077820403 0
3.413043426111288 -0.325462178330577 0
1.964342308648722 -0.9090521377577256 0
1.97314509244437 -0.9252251779707509 0
1.982797197488877 -0.909640271910364 0
1.991582896924645 -0.9258163905990295 0
1.981852451029028 -0.9404035261843711 0
2.440040891613303 -0.8837947339189223 0
2.451187367667178 -0.9059652565406504 0
2.914179039493069 -0.0466110067458365 0
2.888015284339917 0.004408135606652815 0
1.152775795189196 -0.7025799655556979 0
2.910951502776868 -0.5134263822971756 0
3.165963509542362 -0.9256213280915733 0
1.473524573966345 0.1254690037259417 0
1.061829123809112 -0.5505309127191392 0
2.919830469968131 0.05520527803046515 0
2.857633588634846 0.05818549710787407 0
2.828452888925836 0.006037177108106842 0
2.796714632988085 0.05861283030361691 0
2.653761413049518 -0.6755811981521894 0
2.248079964650814 -0.8744753093142653 0
2.235578366038123 -0.8941386724078241 0
2.258868323916088 -0.8951774757303813 0
2.246429516635169 -0.9148358443711763 0
2.269581365755365 -0.9156953240826016 0
2.223849701592395 -0.913835068672201 0
1.384445359382966 -0.556278724796834 0
1.780871560749971 -0.9331292205954089 0
1.162011150741874 -0.6865616860945736 0
1.744670354040504 -0.9333038666057685 0
2.001234449765192 -0.9103846291092852 0
2.010035332300982 -0.9264450019268186 0
2.019679425190243 -0.9109326119410837 0
2.028554875287913 -0.9270840496434536 0
2.038276854881663 -0.9115590047859673 0
2.04721109176842 -0.9277357679379198 0
1.316509242350965 -0.9072033335985492 0
1.324902609485926 -0.9228953722852937 0
1.689308339980005 -0.7736151996140356 0
1.678921327450386 -0.7540412172984877 0
1.701584774732572 -0.7547974849639584 0
1.690774428220047 -0.7346667311310258 0
1.713978878190276 -0.735488478296861 0
1.668326256401899 -0.7343291546814098 0
0.9636902261466341 0.2233703428882667 0
0.9035296915296342 0.2242650822418453 0
1.396046696074263 -0.5784002084061992 0
3.344216976488502 -0.8959788216227432 0
3.111106091132165 -0.7073206391651369 0
0.326241633526399 0.4316361223944926 0
0.3727440106680127 0.3567089024279547 0
3.062951687361201 -0.9062854103766826 0
3.071134101170496 -0.9243778111201373 0
3.056822459590846 -0.8850884839707736 0
1.065638208014386 -0.2810632187686191 0
1.07367457089899 -0.2638888208343085 0
1.09295050893602 -0.2622518222154345 0
1.08191108949861 -0.2464470057851729 0
1.125668615054344 -0.2107450703593683 0
2.399106261511454 -0.7578152349377709 0
2.377655626261635 -0.7558647029052669 0
2.423501348883558 -0.7585238090271798 0
2.434874983363583 -0.7811060930975655 0
2.448676949171972 -0.7598286601059571 0
2.76832612252129 0.00794166770055336 0
2.741692458998961 0.05790403514429328 0
2.710522796021533 0.009197755341674916 0
2.683818328799368 0.05858772741439804 0
2.654634155405409 0.009645047442127515 0
2.627160576716045 0.05904163542754964 0
2.598530507770322 0.01096105052223642 0
2.571225681076292 0.05966128101166941 0
2.542469187637272 0.01187451320927978 0
2.515832348399336 0.06031038394506079 0
2.488101759464202 0.01300654572517951 0
2.56989051834673 -0.3759307396315939 0
2.412862309749232 -0.9243615540289418 0
1.702860605742263 -0.7148323295490251 0
1.726278387747044 -0.7156865305773541 0
1.737403584282504 -0.7365154439465007 0
1.749954205440022 -0.7166722220307575 0
1.760893103949497 -0.7376237451330441 0
1.773626068905615 -0.7176175376004529 0
1.784688618271028 -0.7386300046248429 0
1.797365031119186 -0.71904217890366 0
1.808478915565892 -0.7397456830116591 0
1.821179974341202 -0.7200625369233693 0
1.83232673196322 -0.740815161254734 0
1.59067836755109 -0.8805444277330419 0
1.219084102623831 -0.4870849234580013 0
3.519382542784053 0.6709886636428779 0
3.604804147471889 0.6687844453369634 0
3.434284768948836 0.6729403241221781 0
3.645148538788818 0.593297631652572 0
3.691048058597311 0.6662389196564493 0
2.85611635015647 -0.5438742304885713 0
1.240740126770086 -0.5601992604246876 0
3.276156396523707 -0.922728303447228 0
3.490930554308894 -0.4664943235340185 0
3.547500235995052 -0.4728051823954929 0
3.68668213669819 0.05878420384417798 0
3.652253297205077 0.1279818525860286 0
1.768017001829767 -0.3598647433832359 0
3.246057905952173 -0.8032975242225902 0
1.216734436070625 -0.3758107750520283 0
1.538303090416221 0.4148825012600132 0
1.371010857680429 -0.9395253648358249 0
2.227176800491464 -0.7922710809524457 0
2.239835755415849 -0.7714025115250656 0
2.215131688261806 -0.7706606843906203 0
1.061811041596735 -0.4542637089854778 0
2.900149990404835 -0.934260923894471 0
2.919520170809884 -0.9363559710436475 0
2.930850005947346 -0.9214034233015262 0
1.325446344518477 -0.2564517688017237 0
2.195330626415093 0.4114490293144719 0
3.60575587655266 -0.8209624616979876 0
1.358071466295309 -0.5978205367763088 0
1.334128586814313 -0.5969296185964857 0
1.223872337894139 -0.05143989309607558 0
1.124895499797205 -0.5949177639027214 0
1.133838341206076 -0.5798039770431825 0
1.845052396793883 -0.721288523855937 0
1.856238723069314 -0.7419130051823879 0
1.868985162824673 -0.7220103284257331 0
1.880219827454027 -0.7429314906320817 0
1.893014377435293 -0.7232641130411921 0
1.904267986966337 -0.7440240446848647 0
1.917099150248365 -0.724190707796442 0
1.928375605779888 -0.7450701796793391 0
1.941219076230337 -0.7254632944097731 0
1.952526671475596 -0.746165855540038 0
1.965414004211296 -0.7260118723226278 0
1.976726803344516 -0.7471472698210319 0
0.3218399647724108 0.5834721617503686 0
0.3594177763359099 0.6582976146638624 0
1.367434674703754 0.2147805990937664 0
1.962689090564803 0.7056534248526872 0
2.938682042436616 -0.9384221667540285 0
1.069705210393138 -0.5355301612711666 0
2.460855015604608 0.06085740731198176 0
2.433607976084677 0.01380575455627325 0
1.90819277042917 -0.9420146506696212 0
1.055582464297885 -0.6563757629105647 0
1.550960158665401 -0.8789839846051207 0
3.209890456959405 -0.9357950050911815 0
2.057000258378972 -0.9123076452303299 0
2.06599414434994 -0.9284304064715443 0
2.075869893837171 -0.9129156205078753 0
2.08494734892261 -0.9291354293734129 0
1.989643623588236 -0.7267219680642072 0
2.000964280853909 -0.7481367053732833 0
2.013900070301144 -0.727682108200927 0
2.025142263841738 -0.7491793041420387 0
3.008059908518927 -0.5805474103784765 0
3.044364536211374 -0.5814196851913096 0
3.060372746668141 -0.6164631980218552 0
3.081732198834249 -0.5860151339943087 0
1.229053959594799 -0.3953038021456413 0
1.239824886686927 -0.3748191171730979 0
2.038152539361057 -0.7294620582050835 0
2.049491823728844 -0.7504303472885618 0
2.062538965397243 -0.729768944223228 0
2.073978154230949 -0.751515394445797 0
2.087184766734099 -0.7315131294409571 0
2.055204502898766 -0.9433010917172124 0
1.142928629242172 -0.7777089620199132 0
3.093347081761455 -0.7344307183517006 0
2.108658831873957 0.7052722292867244 0
2.185682822176221 0.703765331059754 0
2.222720868820213 0.6388787966926428 0
2.262900306578206 0.705533605439179 0
2.299846328294256 0.6328600294793347 0
2.340358992934164 0.7031404515788596 0
2.377542172983114 0.6305906262861394 0
2.415196900485637 0.6947826755833493 0
2.454807514430872 0.6269772072099589 0
2.495214859436435 0.7015293810384903 0
2.532957275918098 0.6256266663430012 0
2.574114714546891 0.689943023186923 0
2.611227162372255 0.6215759624868261 0
2.652411446579128 0.6876194062408094 0
2.688383551444698 0.6169305581443141 0
2.730540698184909 0.6882411225546199 0
2.766694352156398 0.6142998714708872 0
2.80917501266374 0.6863941957506948 0
2.847108528780667 0.6132432252796438 0
2.888598059333994 0.6805089264311374 0
2.926849990759433 0.6099747289157234 0
2.9682189774431 0.6773367055624672 0
3.005666618112928 0.6066312634248556 0
3.04812341073729 0.6746060989688438 0
3.086062529910162 0.6034826989224196 0
3.128841866435899 0.6720628272329231 0
3.401623687496786 -0.9026421745363822 0
1.252062203701305 -0.5415716337839973 0
3.265828879782736 -0.7788916398154854 0
1.071623785670248 -0.06361099805336337 0
1.081782573500468 -0.04035126084949127 0
2.194796444603779 0.0009539455897551891 0
2.142355609232331 0.001608400812570975 0
2.11626506599672 0.04694594469081832 0
2.245459741992835 0.001159383506685834 0
2.090312458106149 0.00191631838133824 0
2.064199941969234 0.04671464882650365 0
2.038506642215554 0.002072512500906857 0
2.012511521815921 0.04662882011633918 0
1.986966509452731 0.002220984079876472 0
1.96184799517357 0.04618861612940316 0
1.935819315034435 0.002324530513831764 0
1.912569663588511 0.04767956768137439 0
1.88516172315358 0.002744027924906314 0
1.861346901575386 0.04839328546152906 0
1.834471745565893 0.003109519193538737 0
1.811197685306597 0.04553988155407744 0
1.784192206674744 0.002873525316333038 0
1.761071592770995 0.05315059095194589 0
1.734254272227911 0.004304340632373991 0
1.70854361241031 0.04592845016348421 0
1.684253547968636 0.003545820790199285 0
1.659370634869811 0.04586322745232213 0
1.635115119163206 0.00363536216468971 0
1.610534671256425 0.04567638409813855 0
1.68218969207998 0.08557561995033869 0
2.615615417474538 -0.9188431412686563 0
2.094877842198482 -0.9128208204152735 0
2.104209273669843 -0.9288830945603377 0
3.280837462476617 -0.06308830696896367 0
3.252364012858472 -0.005834920362956881 0
1.363694422418601 -0.4671793516236232 0
1.771800922252084 0.5175134358118498 0
1.062719858887785 -0.2481058083408879 0
1.071270540886089 -0.2307333159458686 0
1.944915339734687 -0.9399721445023107 0
1.739557663169628 0.709127462934527 0
3.277935442762875 -0.8793976078195264 0
2.228131067483472 -0.7495924554889086 0
2.253498734409667 -0.75044621886548 0
2.202035545261994 -0.7497823274564415 0
1.063808456192425 -0.08810347942413151 0
1.307385882967731 -0.9231830383485979 0
1.315535393427705 -0.9386101409976164 0
1.298230626114893 -0.9381716811569932 0
1.558757634039329 -0.9282215205011028 0
2.713285613606192 0.1087221970681876 0
1.113362793109697 -0.2920499624121801 0
1.258472490862734 -0.04826845554847419 0
3.208758289428264 -0.8723706624335268 0
3.92843328534507 -0.6909029201555255 0
2.683760937866749 -0.5973318357980921 0
2.489121470009188 0.1091601526218044 0
0.8743047868574161 0.1730520732266309 0
0.8394397789817756 0.2264144250231959 0
1.751310299290645 -0.3284439546253849 0
1.787442627823054 -0.3296116829535041 0
1.715359960985943 -0.3276098886171942 0
1.356647835628592 -0.2021203082960771 0
1.372568412927299 -0.1730751115435769 0
3.35491115562704 -0.921848949723826 0
1.269588021610606 -0.9020800452144032 0
1.057649993960991 -0.2976148152413289 0
1.709290703408415 -0.9322971467215712 0
3.769505455867353 -0.5310956126231083 0
3.742709407618689 -0.4699290957923024 0
3.435563580522082 -0.4627038494184131 0
1.20642695371456 -0.9487873269183802 0
3.607665749448534 -0.9158929376968801 0
3.575395228948643 -0.9108319782085652 0
3.563640737314996 -0.8811250553556378 0
3.543055435644435 -0.9059148054221491 0
1.479497191498437 0.7792824260633318 0
3.92127041783756 0.7727272727266425 0
2.098720148783317 -0.7528320082754127 0
2.112094678003313 -0.731835131306288 0
2.123694418274344 -0.7539267622567487 0
2.137165331494582 -0.7327565224782454 0
2.615497708085566 0.7574306611810784 0
3.059161702763702 -0.9401742986836428 0
2.843650040341568 -0.6865924857583283 0
3.532048320584084 -0.8760757633970188 0
3.511366712106412 -0.9010636439058395 0
2.25673348665333 -0.9349456167904742 0
2.279867984615174 -0.9362686292018655 0
2.293230428733029 -0.9165765233424201 0
1.237447579652074 -0.2965372103846229 0
1.251170085842809 -0.3169181450080749 0
1.077127591509354 -0.4241626783981341 0
1.059556788766283 -0.4244493378100271 0
1.097189624042121 -0.4232095060739433 0
1.375796472373039 -0.4902400421796841 0
1.079111785424038 -0.9441850462453489 0
1.059660614220535 -0.9447341124647459 0
1.014086258750437 -0.9676535144528375 0
2.649214724633443 -0.3775114144162573 0
2.667599091737042 -0.4129455685414705 0
2.632947196327729 -0.3416176371239282 0
1.843015514821646 0.0926570527989436 0
2.7707477981772 -0.5732852835751264 0
2.752097245041035 -0.6012990487487906 0
3.374585483359246 -0.6286733616673108 0
1.251289643232021 -0.9334803167517151 0
3.003578066590036 -0.7476720131631047 0
1.388654158032289 -0.9392329329717652 0
1.398757495223433 -0.9239545452501386 0
1.406545540149597 -0.9413170602934922 0
1.416829372518892 -0.9242816003608075 0
1.425950657286134 -0.9390568967378194 0
1.435228029881026 -0.9240784085328425 0
1.444418320368591 -0.9393118979390018 0
3.533150984072681 0.06388494472900687 0
3.478459343712944 0.7463411198272463 0
1.051123951968986 -0.9274983401462175 0
3.315221496685469 -0.007866139486826374 0
1.408581163078113 -0.5575963153011854 0
3.258634732384858 -0.9409919273901607 0
1.053328439947899 -0.535684825440487 0
1.043428459238212 -0.5495035732543019 0
2.435803327824462 0.1112272931670328 0
3.776975959097606 -0.8947636131202992 0
3.817403119831921 -0.9059854201327469 0
3.849975196344664 -0.8734179372543567 0
2.11471261678107 -0.9119476135753596 0
2.124305614870594 -0.9297381163106324 0
2.135555071217106 -0.9118941518659668 0
2.341776541069264 0.5674603699680102 0
1.921315781105657 0.5136743662414771 0
1.79149271116549 -0.8874644709636461 0
1.285913464033322 -0.07811540028119253 0
3.078085715136408 -0.9426797694155336 0
3.083620416686234 -0.9112903149976443 0
2.570682103062951 -0.03617512206531269 0
3.166748280811384 0.6002056752267517 0
3.207846192238559 0.6645442978570734 0
2.046096150388734 -0.8958057406551363 0
2.805556385581011 0.5450509066911315 0
1.05188533297733 -0.2322148600954838 0
1.060249479962756 -0.2151483993106568 0
1.836476588536943 -0.700587551816359 0
2.948031813118597 -0.514928541582915 0
1.564781905034556 -0.414499002228782 0
1.548603475939935 -0.3868743833519537 0
1.565470902360336 -0.358413966366209 0
1.096610017902787 -0.170268151811985 0
1.060824401043307 -0.5211202112894002 0
2.095194318031412 -0.9457198004115156 0
0.288031535857018 0.3513437040278959 0
0.3438872146642383 0.2619323505464747 0
1.308220240485883 -0.891071278518576 0
1.315881049876394 -0.8745012151498048 0
2.146505694327129 -0.9329300197666373 0
2.888582787338122 0.1109315587814322 0
2.148406773071612 -0.7548309209691479 0
3.287027290108889 0.05404139509957158 0
3.354524503410453 0.0414985595238532 0
1.187358641790973 -0.9497601600671846 0
2.148499026669691 0.7727062061168968 0
1.074876996186995 -0.5224960487885365 0
1.313571696458859 -0.771863254974682 0
1.333867484985722 -0.7725815484946852 0
1.293343630704172 -0.7714683701473085 0
3.500481131738783 -0.8711893304265109 0
3.481462009252422 -0.8956595145543355 0
3.128176103967889 -0.4822463633712079 0
3.491605683582158 -0.9250515830677062 0
1.237521261659913 -0.01889270362335832 0
3.043831610391397 0.5362188698288523 0
3.097628589241814 -0.619551200143 0
3.11932360439476 -0.589773550492483 0
1.194587012796705 -0.02024579111199295 0
2.853911823212749 0.7626144842876308 0
1.55772169287181 0.7793205902834088 0
2.460117980837187 -0.7826007472913848 0
2.474460191746882 -0.7611962983287268 0
3.731667977821329 0.1241203833066943 0
3.696564142986621 0.1969434876170586 0
3.616322694203341 0.1957886156601245 0
3.655511679921541 0.287145854341687 0
1.871994829609364 -0.937530460122959 0
2.77979834505965 -0.9243537019796736 0
2.789270258745212 -0.9414050580907045 0
2.771891823758589 -0.9399586582570818 0
2.228882489144191 0.4668648015754125 0
1.068825562801893 -0.4098091794629629 0
3.392783050442933 0.7476047169396294 0
2.976304545594617 -0.7462985535010844 0
2.465162372012143 -0.8846335967080835 0
2.476505372703309 -0.9069423543764105 0
1.42010338259004 -0.5801436781740038 0
1.40763648334675 -0.6006876591290921 0
3.731799328351049 0.5897113343459439 0
1.277011388712769 0.4047063632981374 0
1.050624971300545 -0.4096583015468283 0
1.05960722993605 -0.3947020889336539 0
1.379042123369119 -0.9553285855386482 0
1.151838148862357 -0.7930363424109002 0
2.644049811866277 0.5502979858980874 0
1.936662318251676 -0.8919411061460785 0
0.2787483900662104 0.6609326438550004 0
0.3146605796037601 0.7402531573282785 0
0.4128867663675651 0.73232381006632 0
2.133250189088661 -0.9506099344116525 0
2.667550271265185 -0.9210301032159844 0
1.07951514008031 -0.3638131902629805 0
1.263174354806171 -0.5603022685270012 0
1.064038082994978 -0.6708334360659911 0
2.064469685982269 0.5125673564141422 0
1.044652329745752 -0.5212384363999087 0
1.051982288426757 -0.5069189280368029 0
3.328582173445339 -0.9187024980690395 0
1.338443815161796 -0.3224680070367327 0
1.36200537655204 -0.954763544769069 0
1.453551202067657 -0.9240390106909621 0
1.462744185487391 -0.9393433201313789 0
3.671017909212977 -0.4635656435866694 0
3.71608988246052 -0.4067991544939016 0
3.652086126967317 -0.3975184172851577 0
3.689548732216621 -0.3424624192424246 0
3.760145522360427 -0.3497217347508625 0
3.730641396916909 -0.2824446702370159 0
1.047164588549601 -0.6419672628553778 0
1.148870394436534 -0.2095597628399012 0
1.631707251592704 -0.6485352178778279 0
1.643625913477402 -0.6709655611375936 0
1.618730688207271 -0.670214872016778 0
1.6303752057684 -0.6919930865166348 0
1.605978453822282 -0.6912685948288966 0
1.617346947444403 -0.7125360112968178 0
1.593258394335603 -0.7118589302483826 0
1.581863665977111 -0.6907135348259221 0
1.569279136222661 -0.711138348751823 0
1.558997349704686 -0.6908548873097671 0
1.666265626881346 -0.6731242095327155 0
1.247531056920402 -0.1351687285581032 0
1.307936299229221 -0.3215584040105256 0
1.294850422062843 -0.3469285721718372 0
1.146005046705583 -0.5057536505619297 0
1.1363061887751 -0.5230797485216591 0
2.931400054143928 -0.4823375036458833 0
1.666009040257875 -0.8461787095147972 0
3.005527595662695 0.7407625399579416 0
2.46000030451878 -0.03260543688642123 0
2.406749365184456 -0.03134657907428612 0
1.547056634752551 -0.2519640578985425 0
2.548182951923377 -0.5319863478888339 0
2.807486389231927 -0.9428904425135725 0
2.792053606807051 -0.0407722229386014 0
2.491709510423259 0.5598304460220769 0
2.219304420904724 -0.04375070576304652 0
1.178035129906174 -0.9329925946308761 0
1.168698343939877 -0.9479117817668488 0
1.04735348561743 -0.6708785026629926 0
1.055612623091257 -0.6851495624493349 0
3.052387446416318 -0.2286572027585667 0
2.9999519321728 -0.2245174017528863 0
3.107543502293489 -0.2390581455657357 0
3.06666332119348 -0.9575636669642471 0
1.159854041969033 -0.9325488840715375 0
1.150511378179183 -0.9471229316610827 0
2.157459239756598 -0.9133501290562359 0
2.687969605439311 -0.3786260894643126 0
2.707715664881119 -0.4150914169023378 0
1.819489133119494 -0.760493907039472 0
3.763808846054591 0.05373439116870738 0
1.586756430665619 0.003652976016723678 0
1.561995629063441 0.04542448526439756 0
1.586201666460449 0.08830635756648153 0
3.458785879309983 -0.9196442480789311 0
1.626727418613206 0.5206730377452612 0
3.650541597661878 0.7454839476671671 0
1.17133113422156 -0.702676959655369 0
1.161207193440633 -0.7179016449450684 0
1.180790312792596 -0.6864432929587301 0
1.170660648983637 -0.6713479831993331 0
1.072935827546961 -0.7160450713731837 0
1.055254034540932 -0.6273623238711413 0
1.261378967467915 -0.8863422071644608 0
2.78528159544997 -0.6037925697070834 0
1.311910037390313 -0.8393873907224264 0
3.742325593662605 0.268584384212177 0
3.718620328628722 0.3309991971357514 0
1.700586125453832 -0.8845717486352446 0
1.470331418256644 -0.8035756375228412 0
3.078777743888962 -0.705958080395766 0
3.178400435372153 -0.3091843379881173 0
3.575254473669415 0.2721030377691927 0
1.05719496055919 -0.04423034292052094 0
1.066158223210286 -0.02058204403166404 0
1.093965199472198 -0.01561276868820075 0
3.175267456169104 0.7441107844176433 0
1.146643434406266 -0.5401652643440233 0
1.072948448472688 -0.8071017256855116 0
1.064280497269981 -0.8217601716046602 0
1.056036180995614 -0.806989060489963 0
1.047454766771186 -0.8213794384887012 0
1.055561697985598 -0.8360264042086571 0
3.068776979362727 -0.5489164216326263 0
3.73768365670476 0.740882642853087 0
1.98753212191177 0.09144614955241832 0
1.198136464429327 -0.8365786638159256 0
3.031766422283733 -0.7501637759219577 0
3.041238276311763 -0.7758650244792343 0
2.908403782721139 -0.9514050692274021 0
2.890003740613402 -0.9497648184383163 0
2.085620544239379 -0.7732864846926117 0
1.401407039706211 0.7782679442111139 0
3.52396141595956 -0.418921819746145 0
0.2487375258709321 0.269509361752677 0
1.231441565765385 -0.4675429959670517 0
1.244176144305855 -0.4862310308463645 0
1.124346342749831 -0.4369880494703014 0
1.734096439860097 -0.2962247764886134 0
1.697138511730059 -0.2955089812324666 0
1.845933551511641 -0.8895191329265283 0
3.795488781015639 -0.5921063913301177 0
3.844869821411353 -0.5299821355028402 0
1.978241225858739 -0.7058086806227605 0
2.385863392292471 0.7724150467704513 0
3.42231773707496 -0.8795371441443454 0
2.798074483222813 -0.9572228189240455 0
3.280355896436574 -0.945969991319804 0
3.269172395050166 -0.8554904949417927 0
1.047549154396572 -0.2826680878897413 0
1.345471623328121 -0.6179844177510492 0
1.322044161395359 -0.6171034509602882 0
1.310816291006564 -0.5968070949651355 0
1.299013262594272 -0.616316431976476 0
1.369549190722981 -0.6191879047990635 0
1.57030923607526 -0.6696414065104574 0
3.047546852729332 -0.9550900907225085 0
2.60814092664107 -0.8565131260020743 0
1.141663590587705 -0.9322040523674776 0
1.132312749233978 -0.9467026636740579 0
1.524776168909549 -0.860093212900515 0
2.679323687625662 -0.03746780973216035 0
1.762299792021787 -0.6965932306013076 0
0.4178038123855918 0.2974376553175523 0
1.041280162853576 -0.2170932268239702 0
1.048650403090828 -0.2000649681480215 0
3.685563722877506 0.5168235039324864 0
3.770541436652044 0.514269136509328 0
1.755408693251672 -0.8865019149806772 0
2.852094792159557 -0.9823164078017809 0
1.134132734253141 -0.7623452089606443 0
1.152094423395295 -0.7622709956307354 0
2.631763281857081 -0.6205703326881985 0
2.600536610212627 0.1097997176847607 0
2.446170377472467 -0.8034503641865488 0
2.453463266944548 -0.8630589487560727 0
2.019656956770228 -0.9421830459499303 0
2.950103133052458 -0.9227639936932828 0
2.957508367265136 -0.940427175684076 0
2.9462186254851 -0.9554993841288191 0
2.216036851070086 -0.7272639503532811 0
2.189123786208644 -0.7289331252069795 0
1.2186620464917 -0.4498293553623381 0
2.462699899428026 -0.7379245961934298 0
2.488046267553602 -0.7387228323047026 0
1.993819460285442 -0.9815542633609922 0
2.411650890142206 -0.735710284853595 0
1.271041885139451 -0.6506471898612812 0
1.343853914088764 -0.7895851902120103 0
1.354317087880807 -0.7722184821142408 0
2.377436186440108 0.01360230786702996 0
2.35551159055685 -0.0301653376079169 0
2.462515786358956 -0.9283824718091129 0
2.487175898111024 -0.9301141424635438 0
3.319233395423081 -0.3760667120509734 0
1.662022168124705 -0.5565444456864264 0
1.648472532306886 -0.5323177512672482 0
1.676925792237705 -0.5320489758477065 0
1.620181330671194 -0.5311567781138078 0
1.63484019748889 -0.50679523940962 0
1.605683757271005 -0.5056298335656531 0
1.390345169028826 -0.4680234658288688 0
3.006170683664913 -0.98142602872451 0
1.041757562201473 -0.2493393088944245 0
3.223607143369152 0.05160643644156666 0
1.273717076282694 -0.01377570423777096 0
1.142576735773981 -0.8084461915018354 0
1.160491288989597 -0.8090607364335518 0
1.527660026738808 -0.07640471196472665 0
1.839886992140063 -0.9807319197022346 0
3.437212222362122 0.8221980297341835 0
2.168191718456115 -0.9336350337019615 0
0.2287176157196468 0.7377533380297751 0
1.604322982923341 -0.7322407996078202 0
3.12917122376275 -0.6797328995271981 0
1.067688623861669 -0.1978898070622755 0
1.056228909001493 -0.1828328924638314 0
2.55176303748798 -0.5890108346460033 0
2.012208552656101 -0.04121368192706186 0
1.287691843367205 -0.5968457543667532 0
2.894338742620153 -0.4783074070944375 0
1.224355351366116 -0.9493054788403315 0
2.431902960660035 -0.07811167154088403 0
0.9352620634108328 0.2760074553843724 0
0.9966749294872176 0.2734563444391246 0
1.867722160882617 -0.7625526854539816 0
2.654568132088252 -0.2663080583534819 0
1.435238361411061 -0.9552531162959159 0
1.900435572678684 -0.8909752914072464 0
2.951910128052859 0.1057450244983799 0
3.33991459623104 -0.9430795502018015 0
1.1511206797203 -0.8238515756853646 0
1.102690980198552 -0.2454111477284328 0
1.041992623651106 -0.3950844063678574 0
1.050675885584474 -0.3803510695882999 0
2.346331141529415 0.1408305876500503 0
2.940710852341392 -0.9061987839302521 0
1.579791761915224 -0.5549153422284304 0
1.397624688346619 -0.5348519618069912 0
1.437038050752563 -0.1521082745661514 0
3.612242252766539 -0.5681833359198194 0
0.2302101804720883 0.5862879859159416 0
1.708867400434352 -0.03817132703387309 0
1.179917023781267 -0.08791369202982902 0
2.847463779048992 -0.2674167995385872 0
1.993518472476071 -0.8938413089116695 0
0.2332631298252535 0.4207312870944453 0
1.363528772689922 0.712258427421308 0
1.322993183824565 0.7771606421562611 0
1.285286732957273 0.7104526586208999 0
1.244741017664309 0.7754820287028397 0
1.207133023694611 0.7071606970516471 0
1.166584369789684 0.773248313992948 0
1.143121064570081 -0.7470876743373815 0
1.714900829402835 -0.6947452205694635 0
2.089942565877774 0.09215744779120544 0
1.3645755138445 -0.7900912704938872 0
1.375199639903892 -0.7734767604080841 0
1.385451445404806 -0.791056543683995 0
1.396243752206212 -0.7732757334354138 0
1.126859747247659 0.7053960774438741 0
1.08784182865129 0.7718639910194176 0
2.071117563539135 0.7717131352027861 0
2.303687549155643 -0.9377611513741795 0
2.317408128073323 -0.91770342903526 0
2.287789836064301 -0.9553647433774695 0
2.189960795147057 -0.7701716917269409 0
1.427609789815125 -0.9082409970233192 0
1.686207072894652 -0.9801267353632795 0
3.113495334286752 -0.3604197085289859 0
1.126401249536451 -0.5061969736248324 0
1.367492748684359 -0.3208336801645839 0
1.047391067196903 0.7048561855617395 0
1.00998286138619 0.7698026653248575 0
1.141731716702722 -0.3967861037627987 0
3.365580193683426 -0.95023472217586 0
2.739951287786744 -0.8475569080248859 0
2.750890170513808 -0.8270157419602572 0
2.726521419519695 -0.8259698028077986 0
2.774787054473866 -0.8291235207727441 0
2.763760674366539 -0.8069828062201745 0
2.788533152759597 -0.8094594249167257 0
2.798679159142321 -0.8311694256882698 0
2.812690007257816 -0.8116296768844129 0
2.822902237800024 -0.8330241869120131 0
2.836333725589443 -0.8132810256746261 0
2.846946439786803 -0.8358573240239121 0
2.82655898638744 -0.7917123483226584 0
2.789823826636133 -0.5441112877651847 0
2.775004311008828 -0.512122708262386 0
1.112993801509119 -0.2612772368830853 0
2.035866348030132 -0.7702137950786465 0
1.153486093521553 -0.2818195478693709 0
2.766618742824182 -0.6305347938371284 0
2.799197382119937 -0.6327765580793419 0
2.734658441786494 -0.6286408816356136 0
1.306442890361135 -0.953964248599581 0
1.290178453638332 -0.9519652565022052 0
1.326396053895891 -0.9568621337916369 0
3.459318021551542 0.1867507912687101 0
1.252456374982156 -0.394777578946457 0
1.043396930475279 -0.4247526193939148 0
3.255594020730459 -0.7494675867473317 0
3.287306198212339 -0.7535410018649693 0
1.675223615943883 -0.8644380936448046 0
1.039577147285428 -0.6851841600931785 0
1.047345114376899 -0.6993369807793984 0
1.029346689314122 -0.7004983798697076 0
1.039191344871462 -0.7133714650809216 0
2.179995490054833 -0.9129475479451177 0
2.190715065530316 -0.9358328192485137 0
3.108732367647389 -0.7677876477995752 0
1.117317415176441 -0.5228668343412863 0
1.808295191038475 -0.04026537638621959 0
3.58797929790447 -0.9407676095743913 0
3.620240171800932 -0.9496268932510646 0
2.104867689050294 -0.8956053309095 0
3.362415139306852 -0.5065455254135152 0
3.243461286724867 -0.8539549768012022 0
2.116505611039654 -0.04137212336046792 0
1.143179338105177 -0.5950726985614314 0
1.134269714650006 -0.6110836595241282 0
1.152558416575064 -0.5782298324668185 0
1.125262789441529 -0.5627997630876694 0
1.241250251718271 -0.4148726663768 0
1.274339380374022 -0.5409475810430734 0
1.264485818584608 -0.5224466507835572 0
0.07293473106228092 0.1318808139060153 0
1.262588798357199 -0.294729740081528 0
2.265093037635593 -0.03975596896932759 0
1.611082102369089 -0.03671798888042377 0
3.618638010175093 -0.3365020045677679 0
3.552237973182783 -0.8505568807383397 0
1.519977172234743 0.8479144197652763 0
1.405783686369548 -0.7914167437137021 0
1.417355380134615 -0.7737000715856097 0
1.426164287612501 -0.791671082362102 0
1.343532019503812 -0.8236722422080689 0
0.9713426005295436 0.7037208953439236 0
0.9325993264030508 0.7698006988425382 0
0.09059639199504337 0.8614650970911004 0
1.903350248536426 -0.703904809825183 0
1.62689348395482 -0.7332724962409278 0
1.772006454134107 -0.75781034896217 0
1.041066214868122 -0.944668549291996 0
0.8081154219543831 0.1565184186231128 0
0.7684969326808688 0.2261921052470244 0
3.296446405420802 -0.8589054093180108 0
3.286144411635881 -0.8333349756204679 0
1.138278965571104 -0.2295128554801772 0
1.536144829472643 -0.9771160353104327 0
3.473565986986413 -0.9480851764940983 0
3.338951947082628 -0.0607071255033149 0
1.152686466446887 -0.6111667475091741 0
1.14388359960259 -0.6270052684042688 0
1.162544764556229 -0.627293455051259 0
2.992002083581897 -0.7224098976486586 0
1.152872417430175 -0.642250518319027 0
2.149338717323987 -0.9815062502897844 0
1.15788809722213 -0.9615097830386647 0
2.470573628308309 -0.8055937717341355 0
1.963955315869913 -0.7665366294071246 0
1.909681245861188 -0.04121459650802149 0
2.030203557146665 -0.7089499792254974 0
2.922761096868853 0.1623300922920102 0
2.271520614513677 -0.8755159863206741 0
1.170021602400323 -0.8236721180357591 0
1.040317866100691 -0.2983547820142784 0
1.049521933941872 -0.3118037073654097 0
2.098662964550688 -0.7123513123261405 0
2.685724285491624 -0.446982687167375 0
2.730419856369409 -0.452519377664471 0
1.160286922017418 -0.7474656019889518 0
2.489873127369493 -0.8872842758232455 0
3.35426030383264 0.670594022572746 0
3.858364344023618 -0.9197004668783733 0
1.390883496733138 -0.2012533752102099 0
1.372056136771442 -0.2340079420947636 0
3.471097510472543 -0.8632658976541612 0
1.91563821183043 -0.764454362380808 0
2.810393694704575 -0.5139149226115377 0
2.794831212252888 -0.4811694594827004 0
1.039317267444377 -0.6273867289090419 0
1.046747022558862 -0.6133409369775489 0
1.030890287143779 -0.6132301926989747 0
1.038318164001709 -0.5997525152590495 0
0.807209973625691 0.2903751519732909 0
3.305944150524252 0.747877176173247 0
1.323146936485637 -0.7542411641115233 0
1.251154067790535 0.01759436322108522 0
1.288529440013761 0.02331555920098762 0
1.378885047603302 -0.4450725902776359 0
2.964389744298133 -0.4880699168015946 0
2.987925417705323 -0.5161934276936684 0
3.129371232734942 -0.9792477138385387 0
3.266378114913893 -0.9619396931262912 0
1.039493493880261 -0.8352845287530086 0
1.047031267506493 -0.8499352248492534 0
1.102777340331809 -0.2115272701820817 0
2.32617176740389 0.01226301878466045 0
3.078259718222851 -0.9840648216276364 0
1.352208395639378 -0.2979448811282169 0
0.8953402373043656 0.7016480475697733 0
0.8522016423180424 0.7701469524038218 0
2.784942942359681 -0.9836486792157745 0
2.696250638445266 -0.9811983226980827 0
2.686952246548542 -0.9601866693557306 0
2.710820079811157 -0.9650788398189581 0
2.74937667690514 -0.6558038912315279 0
3.802613224692623 -0.2887980277158655 0
3.77304402325994 -0.2202082484043163 0
1.533195698415899 -0.3588756313182223 0
1.550398404548844 -0.3311974107078579 0
1.582676227307538 -0.3300249672470378 0
1.172131665885962 -0.6435795653414164 0
3.07884835466121 -0.6481695228317541 0
2.774457046027078 -0.9699911680178095 0
2.758302173694504 -0.9702381835601346 0
1.26353874070946 -0.3751027142796836 0
1.71173847269683 -0.7744430689340458 0
3.336473696820678 -0.9827637655497 0
1.039910877133683 -0.8071318566648125 0
1.047890373817515 -0.7924197315598979 0
2.828267075257053 -0.4803958421863315 0
2.203956669941372 -0.7051017286383801 0
2.328914708333952 -0.939334401495124 0
2.341976205444703 -0.9193943555010238 0
2.354847554979637 -0.9401444775426968 0
2.331419248239684 -0.8983283328858398 0
2.462198192706847 0.1571374711603013 0
2.519506342113748 0.1597392001692147 0
0.8132187271088096 0.6827180651071322 0
0.766013468882203 0.7639600766348865 0
0.7246006545772978 0.6913359719782672 0
0.6804589052663249 0.7633563837128531 0
0.8133232030719744 0.8440427958973347 0
1.437686401787667 -0.7734855775164837 0
1.428551056144754 -0.7551650967420973 0
1.214882089453144 -0.9656028869535108 0
1.679883564820201 -0.3270575805247674 0
1.660944667477621 -0.2956485403309643 0
1.029340896684892 -0.6406153293060948 0
3.790399557879283 0.3361565306884424 0
1.049255954013687 0.8282119910856531 0
2.85048514119531 -0.7922243541562284 0
1.252022059829054 -0.5780779297641957 0
1.038486625568286 -0.1848631808269137 0
1.044971855648322 -0.1677878264776742 0
1.063531240448978 -0.1654195224790604 0
1.051962778715285 -0.150152007231469 0
1.027848938521312 -0.1714718120165114 0
1.26749451090394 -0.9335391832497888 0
1.258957169139207 -0.9485149393059731 0
2.293597606160589 0.459907948805041 0
1.401747995396355 -0.4908024679362737 0
1.394279529420986 -0.8083455357023228 0
1.231245974394354 -0.5044984989915053 0
3.698744229215812 -0.2147999953755831 0
3.316341580227239 -0.8957428736282093 0
1.233528665209892 -0.9645465285026172 0
1.383179178501988 -0.7571494084640067 0
1.102674487919848 -0.3953628991326133 0
1.803472962107705 -0.3612869047652199 0
1.823561528424008 -0.3304622857762694 0
1.806894443039156 -0.2981197510093049 0
1.844406911751924 -0.2994284513546145 0
1.861205193433777 -0.3323762205415847 0
1.882377939237194 -0.3013318383040993 0
1.899779418832924 -0.3349478819785204 0
1.920442316514148 -0.3032364707493707 0
1.937938063607346 -0.3357044266124958 0
1.958695546686341 -0.3049085550195351 0
1.976238459801835 -0.3372004036553353 0
1.997056466892468 -0.3065992773228962 0
2.015979275123998 -0.3398243223873264 0
2.035745929725403 -0.3085994397089861 0
2.054736838323465 -0.3422524695911107 0
2.074389420208532 -0.3106227108238493 0
2.091842816686628 -0.3437150425264179 0
2.112799737757586 -0.3125838016665848 0
3.787026379128501 -0.9314876970784844 0
3.752284133542495 -0.9240613401851769 0
3.244255388035703 -0.9576962877796672 0
1.280790329903045 -0.8850542901993304 0
1.177343580308572 -0.71939603295569 0
3.897640706327679 -0.8912202032806142 0
3.888840434419154 -0.8314998211497295 0
1.071285995244649 0.004771160637147579 0
2.129535867782451 -0.3444294973797802 0
2.151327441279403 -0.3142364872965402 0
2.166785773232295 -0.3463184612542123 0
2.189840553971223 -0.3161481937172542 0
2.206132530112902 -0.3474096904587392 0
2.228746042182089 -0.317959179162586 0
2.246585444092691 -0.3504215119456584 0
2.267947177814205 -0.3200758197361238 0
2.250301955068533 -0.2855867369386519 0
3.242929724489488 0.5945009013549238 0
3.202989615641338 0.5279562837563596 0
1.227288302194922 -0.3562362613644317 0
1.02961483769596 -0.794355624399957 0
1.04201921297797 -0.7792986411448372 0
1.516992938965679 -0.3859723780542468 0
3.695813707208046 0.8179974876525951 0
2.961964432458141 -0.9067241727221103 0
1.160653690257076 -0.2274625742453932 0
2.775687215821895 -0.7841300541797658 0
1.421636642977659 -0.54021643153898 0
2.974124383715171 -0.5795491662928176 0
3.087655532983915 -0.9683032351752071 0
3.104957658473272 -0.9646116229485882 0
1.181455987682657 -0.6277767598474954 0
1.566647168468882 -0.3026861392300835 0
1.599954054905338 -0.3001229072708339 0
2.498079256112617 -0.7640060352779902 0
1.248257779316579 -0.2736777327664795 0
0.2888850198740337 0.2034091658346631 0
0.198596592189102 0.1949930566460083 0
3.026760468066628 -0.1862887075021358 0
2.974111099506246 -0.1792834920946615 0
2.946389703930687 -0.2222033135363662 0
2.920872506081535 -0.1783136846943756 0
2.519233273599323 -0.745281471077806 0
2.159693718484689 0.4649926357645653 0
2.128868805094018 0.408575353524255 0
2.203496792801775 0.5196414641040958 0
1.036176654327375 -0.507360218319055 0
1.043089867214592 -0.4929557986802452 0
2.456737110707792 -0.8247669169375184 0
2.481470601648822 -0.8275281005682222 0
1.498744468336709 -0.3567417594295423 0
1.307257078182736 -0.6354545732362349 0
2.135182765056507 -0.7747275329787111 0
1.538378874925871 0.0867568419127478 0
1.563284074643878 0.1220462869339159 0
1.607710078493269 0.1304467202496941 0
3.313942408530614 -0.9399976900655312 0
3.780391252997845 -0.7725190672884575 0
2.663637549878908 -0.9544487071667009 0
2.647009704781241 -0.9704279466468604 0
2.641449150851114 -0.9468874462586763 0
1.279870526611193 -0.9788981456291506 0
1.187895060525473 -0.6704142067098948 0
1.199588177772712 -0.6863261666699906 0
1.511651078336388 -0.9757649807927536 0
2.458115992897104 -0.9759679337337135 0
1.034563527708918 -0.9276979910890377 0
1.042824116595485 -0.9122912514759742 0
1.026377546114636 -0.9144449291935748 0
1.032703918135745 -0.9004411494962353 0
1.028491014963072 -0.8484173263047268 0
1.038188891443574 -0.8637350876687844 0
1.054763140440151 -0.8642996355258973 0
1.02440125413024 -0.863302168066322 0
1.047898230905696 -0.8799186541315989 0
3.324458991147182 0.1078229657656634 0
1.071515905690505 -0.9597214543455209 0
1.088088163377704 -0.9599738665185724 0
1.97807420794579 -0.2719447989587744 0
2.912034697124512 -0.4493400775151137 0
0.9683564411305264 0.3277765897401622 0
2.303827475249497 -0.9827661813885179 0
3.404010043699219 -0.97586132789977 0
3.421318140598491 -0.9509116549386403 0
1.821363766837286 -0.9790477101106535 0
1.830387479181342 -0.9648245979380832 0
1.813872767557345 -0.9634698420114705 0
1.849886568560026 -0.9626757739519904 0
3.838545543280395 0.2697820689940432 0
1.667513126559344 -0.9785782508308625 0
1.675362671454513 -0.9627129834129585 0
1.659947253714654 -0.9644374733589673 0
1.694090319954459 -0.9622848712268697 0
1.903087417543253 -0.2687632582152479 0
3.425340663663851 0.126631222447069 0
3.52441718806793 0.8204421086357592 0
1.547195932016997 -0.7112603884897154 0
1.539937164166546 -0.6892062404697397 0
1.557933328066414 -0.7317166645712567 0
0.6401004838442503 0.6864631907131523 0
0.5954224396247476 0.7613482212273794 0
3.74280842933626 -0.1510979304727419 0
3.814549884805943 -0.1587768748556597 0
3.793792093172235 -0.09120717949188646 0
1.244214198467835 -0.448206307717853 0
2.073104111494224 -0.3734135404528978 0
3.76166034742384 -0.9547552042671816 0
1.178974137045443 -0.8084704847547791 0
1.313058568235952 -0.278198303437844 0
1.432353618888558 -0.6018266465461852 0
1.418488977354827 -0.622914571962665 0
1.440985836470006 -0.5779326081243954 0
1.024774993776949 -0.6010115794423201 0
2.943732867114945 -0.7188986791318969 0
0.8963591848981423 0.06338997502730992 0
1.070631712618925 -0.1479778875851966 0
1.058649721337013 -0.1326087917835395 0
1.040635599844898 -0.1350734132091181 0
1.045368494453893 -0.1177477652149973 0
1.063920122676891 -0.1126932577413719 0
2.752288779123754 -0.7872766955119245 0
3.186175439027079 -0.2115746217576083 0
2.897899611300052 -0.9654389940062669 0
2.879233644212282 -0.9649016588716331 0
3.501970742850261 -0.9520868061607604 0
1.034521224274611 -0.3801947350161079 0
1.040847120012792 -0.3658581938181691 0
1.059939866382833 -0.3652536541438041 0
1.049102284771112 -0.3510926461754059 0
1.032253412951244 -0.3527472348343444 0
1.038035235263155 -0.3396431820185248 0
3.828964286488835 -0.7782786191677086 0
3.812446360392553 -0.7203252144904365 0
2.491327807618796 0.2096447576424614 0
1.055581322551823 -0.336147925616919 0
3.727899379657025 -0.9533509547809893 0
3.719660243643495 -0.9220251455587948 0
3.695661939222222 -0.9444152319155771 0
1.105913407898724 0.01895599768931115 0
1.12588981360804 -0.01420972934546321 0
1.140285144590957 0.01305130318949185 0
2.201002969064171 -0.9736329362175189 0
2.285872240571512 -0.3523340319790118 0
2.307050394211892 -0.3220614851447343 0
2.32488740646086 -0.3561390236507107 0
2.346146166584466 -0.3243425874962447 0
2.328319402998117 -0.2894364241717658 0
1.471318919026894 -0.9244922504697293 0
1.480910313170303 -0.9401043323039345 0
1.472025743821536 -0.9553877543161852 0
1.489866732738464 -0.955276809430695 0
1.46207634197008 -0.9063933904063119 0
1.499262857825885 -0.9396851621136675 0
1.50598581038708 -0.9578870940658005 0
2.364190359380205 0.08970632339819257 0
0.5539024917259499 0.6861712555877031 0
3.295974846298821 -0.7829008113948439 0
3.323639511584151 -0.7599372774467925 0
3.307856317228892 -0.7259539521120946 0
3.343187272408864 -0.7299533315674647 0
3.33000647797923 -0.6963318423570873 0
3.370491398460214 -0.6975994188416897 0
3.379788421081456 -0.7372078131128964 0
1.369148476283908 -0.9750636615559862 0
3.133320611524775 -0.6213064240248151 0
3.157822322002187 -0.5931171332397681 0
3.139849923746565 -0.5570266517976203 0
1.292424891576252 -0.9210793321156047 0
1.577793843274449 -0.2737276712093947 0
1.613112321840463 -0.2624887425113099 0
0.3596440757523809 0.8219297882996444 0
0.4528563483761162 0.8202018594651455 0
0.5009126642458744 0.9139166968205854 0
1.030462613401157 0.3250378144224146 0
1.05700921478362 0.2717009553920195 0
1.088922693805549 0.3175992657606375 0
1.114527136144505 0.2688198244357025 0
1.145881319300661 0.3148171620046352 0
1.170743622080491 0.2661152595309031 0
1.201985962164682 0.3125887983713178 0
1.225933601367909 0.263673567651027 0
1.255070373942936 0.308513102057247 0
1.280800007462523 0.2605095642346787 0
1.304566066538155 0.3065811540639625 0
2.352930938124169 -0.9765551646892755 0
1.353434216882083 -0.6421132438926406 0
2.840729478973317 -0.7710318502113404 0
1.974564990982331 -0.9826734028260939 0
1.963999722493524 -0.9697781586445672 0
1.946391007659626 -0.9708946228046269 0
1.982794301542506 -0.9678391400910824 0
2.001295773793228 -0.9635674465822077 0
2.889117938143302 -0.2286009375674824 0
3.77992170221647 0.8084636293530425 0
2.160986963222718 -0.7778238155852696 0
1.104539532346718 -0.5061319901800021 0
1.029932490259607 -0.31348455113394 0
1.598290134068739 0.8473337291176026 0
1.63070595357644 0.7760276427397451 0
2.145371533036303 -0.8917450007283207 0
2.172561273682377 -0.2817456231009965 0
2.964756541735509 -0.9581025379817227 0
2.974882144025936 -0.9438079646775652 0
2.954011476391678 -0.9719505790699878 0
3.622813764349414 -0.9786339070441722 0
3.024644429940812 -0.9814040792438131 0
3.016043459018195 -0.9660453483279871 0
2.998566050693143 -0.964265282132597 0
1.448607806348731 -0.7918810789062124 0
1.265319273287333 -0.4150695434665648 0
1.136778752000783 -0.2652315241734981 0
1.204124364930278 0.8429028954103274 0
1.39072294757839 -0.972986147653265 0
3.80832202106084 0.1162675779149703 0
3.849685220760721 0.04344964787939542 0
2.873320679664618 -0.9823255808817773 0
1.048582095013277 -0.06611921004905685 0
1.040720389664029 -0.08565930714711092 0
3.162552722133784 -0.9839304507751963 0
3.173632433751569 -0.9687838482695084 0
3.191954676630584 -0.9699474583880687 0
3.183732997042012 -0.9545570617238979 0
3.155917376318456 -0.966544705330957 0
1.28224333976038 -0.1464556844223747 0
1.30128847010905 -0.1138538222972912 0
1.335438918055758 -0.1159181496559809 0
1.691690232230236 -0.6942606512841921 0
1.703745546024948 -0.6731026593828987 0
3.077778315222766 -0.7606253487212057 0
3.089494232775711 -0.7877033407208551 0
2.060798697357769 -0.9842491791507839 0
2.070312202130359 -0.9701838577828796 0
2.053543760448403 -0.9696170002452048 0
2.087172787937677 -0.9708495837268296 0
1.716308253498192 -0.2634515266910886 0
2.700580808829046 -0.943884398823403 0
2.721229549470563 -0.9463564344469135 0
2.733656525192615 -0.9310315678883778 0
2.73800534243774 -0.9474097233643776 0
2.731255517445023 -0.9616023831582508 0
1.04720127226546 -0.8969822038342654 0
1.27493154558158 -0.6150662619475783 0
1.917009445505722 -0.3687939141605203 0
2.403984021421648 0.1596387181576171 0
2.482607835374762 -0.07776603802108435 0
0.6911712221109472 0.6206196833127244 0
2.860975694394797 -0.9664980476447961 0
2.844223365538874 -0.9653152447992649 0
1.313534917620622 -0.9709719547589912 0
1.029011581134362 -0.6704425093734926 0
1.06293754683658 -0.8764058615131115 0
2.867446533545946 -0.1754115931600619 0
2.898759227972505 -0.1357477254009171 0
2.840651811544499 -0.1323730369064359 0
3.101759761672974 -0.1531022135480833 0
1.232627659971547 0.3600148320891663 0
3.493562666829719 -0.844742174636399 0
2.511440099491404 -0.9723380032038227 0
3.862666860949224 -0.6076833537561308 0
1.482604866586169 -0.3872115240170411 0
1.054549053125404 -0.5990882862675785 0
1.247634150639134 0.6407196488339288 0
1.297326926113084 -0.8775004054248392 0
1.905132738021308 -0.9849373500313503 0
1.91510201978588 -0.970699577992802 0
1.899241365778964 -0.969805940770081 0
1.19294357459405 0.2171001804211601 0
2.109471183110599 0.842963266898189 0
2.187035740004333 0.8478941881357476 0
1.277246027291324 -0.3170905399962144 0
1.264765748960401 -0.3395921620237515 0
3.84312406224858 -0.3595351669079382 0
1.406092461970431 -0.9598952088209893 0
1.028841521004455 -0.2831185076312792 0
2.363525033329724 -0.3589979674087888 0
2.38524710208857 -0.3265037606828363 0
2.40223553006 -0.3619178129999113 0
2.425348312946188 -0.3273156518812694 0
2.442011276144339 -0.366040445515997 0
2.46442194449548 -0.3290561222667001 0
2.407128441182322 -0.2887205712652615 0
2.869990272525987 -0.9485553589465129 0
1.351711451248432 -0.9834289044793829 0
1.342146244842026 -0.9703603184938997 0
2.690665514702103 -0.9228403710058655 0
1.620777964715309 -0.480103756602903 0
1.592075723736569 -0.4785587880578509 0
1.648151630575027 -0.4787726490235581 0
1.578237754599875 -0.5058523335816125 0
1.564285324795033 -0.4808067483349552 0
1.576761017845402 -0.4539117411307633 0
1.550721541003953 -0.4617491290845128 0
3.061141536759364 -0.984611276445714 0
1.111004567381469 -0.9834675624658172 0
3.638975479132491 -0.9225936494918333 0
3.649266694997646 -0.9495102885261306 0
3.668356790994774 -0.9303031922875735 0
3.672250248428951 -0.9541660009882483 0
3.12835327336767 -0.2815783119356626 0
1.750769237029614 -0.9853777095856829 0
1.760253415595759 -0.9720936201280647 0
1.776918687499746 -0.9719545346592062 0
1.743767522850894 -0.9707260381405365 0
1.766709269902729 -0.9593872072853964 0
1.786076089842171 -0.9577912541621388 0
1.159273061656561 -0.01229301441584986 0
1.379972876748255 -0.641333749096654 0
3.290523431943361 -0.9656992251662939 0
1.646782001484235 -0.2315638249058028 0
1.559497063059125 -0.04332456577239398 0
1.108653944222815 -0.1471585222633064 0
2.05647349115652 -0.2760458128396426 0
1.037337522365939 -0.268560386278791 0
1.086966893058287 -0.4999008535559683 0
3.693556218809618 -0.8758986998950096 0
1.072699013585758 -0.6857907665081343 0
3.490904944389163 0.9093997039004008 0
1.055625274741924 0.05604524858103986 0
0.8245144095428492 0.08131827554611654 0
3.718969564325944 0.4455687390234365 0
3.802013331236305 0.4307942329834559 0
1.101327637684144 -0.5233788160001581 0
1.059642743662001 -0.4923243785748075 0
1.050422474021613 -0.4784321584508094 0
1.035324046984163 -0.477422996868865 0
1.041876429074077 -0.4643020128510826 0
3.814725248229305 0.5877856843533305 0
1.084882595476244 0.2214020447486818 0
3.835762591309285 0.734101143967578 0
1.025039491848435 0.2214024824227299 0
2.761529106791249 -0.922347015788375 0
1.168266511619019 -0.7636018156627652 0
3.597911402290549 -0.9696545421048568 0
2.852232657844516 0.1659801175120314 0
3.176018266149792 -0.4865443358205149 0
3.597365497117997 -0.7424378737268551 0
3.522081602869338 -0.9294261868360487 0
3.530466417178192 -0.959531547538449 0
1.333404109788078 -0.8404741557647648 0
3.141657843929548 -0.7664105230276317 0
2.622850079216315 -0.9628133579157664 0
1.827742107297709 -0.2652537323805282 0
3.555184697898913 -0.9392890714241324 0
3.250346041714057 -0.9794644052943521 0
3.202139842527831 -0.9545229824331787 0
3.210164834786448 -0.970462273305519 0
3.222175087932889 -0.9544410751483376 0
2.162316726041292 -0.7338433378428109 0
2.150572552128457 -0.7111804382810646 0
1.121751585093028 -0.3965208405221006 0
1.141593892789498 0.2179442471411839 0
1.450124587683744 -0.7562474688241898 0
1.440234001879064 -0.7392966865574652 0
1.071086030179293 -0.3799926054522569 0
1.068063294186259 -0.3501294005687587 0
1.259064598091256 -0.4659816387490593 0
1.273503362305448 -0.4884095526021688 0
3.14362651347172 -0.9238697083791989 0
3.122791321419026 -0.9215758591171186 0
3.131510755536587 -0.9405739700229165 0
3.113510746198886 -0.9007400141519948 0
3.110271871857989 -0.9399175308994328 0
1.408923440193169 -0.2303004524191666 0
1.115986857455111 -0.4884292261384178 0
1.035745539242086 -0.04921032353990577 0
3.234900832103411 -0.9372942048794483 0
3.221521997383718 -0.5725956936319878 0
1.013501462270393 -0.2907519392593087 0
3.823559595512575 -0.9414314035722857 0
1.089770814616227 -0.1939775568247277 0
3.736340149026265 -0.8848955254759086 0
1.03276400723859 -0.2313294941113067 0
1.024601077142907 -0.2183135966732147 0
1.028915068969011 -0.2012893357013585 0
1.147088724184757 -0.9862952102432372 0
1.142327963467509 -0.9716643215153766 0
3.419782550275779 -0.6421919012426219 0
1.013370637509025 -0.1290835548601576 0
1.028637096856912 -0.5863485902126283 0
1.026621468741762 -0.570231448045576 0
1.040988040976087 -0.5742090012512783 0
3.196993226849975 -0.8227662465823224 0
1.374597747389261 -0.03444823039799992 0
1.33315195064084 -0.03579211271321046 0
1.35139093764225 -0.06995478705847297 0
1.200975632039479 -0.9806652817259274 0
1.6555253512547 -0.8636687470613743 0
1.645996056229789 -0.8460030810987412 0
1.635637488745885 -0.8632226201981564 0
1.624270890700009 -0.8451865874124775 0
1.615712959968496 -0.8627763753030936 0
3.039373718012954 -0.9377967402378089 0
1.593876910161781 -0.9839331232166953 0
1.605456406789397 -0.970841058875422 0
1.622634016656678 -0.9716957849261617 0
1.614778968855289 -0.9565227374214227 0
1.597266007839456 -0.9553181361788435 0
1.632117129232215 -0.9575024060914339 0
1.01395476365576 -0.7097312373817466 0
1.01462516234075 -0.6946307448142293 0
2.757731652980037 -0.4794341334246719 0
2.776829665197758 -0.448291291376176 0
2.157784850466471 -0.9570293860814981 0
3.465313543397087 -0.977314678462905 0
2.934922620896684 -0.9701766996470771 0
2.814405900935405 -0.9603901789965921 0
2.825311945613231 -0.945044924113461 0
1.013386982292355 -0.6622244806168532 0
1.823354450867488 -0.9502081149498844 0
1.804099640066831 -0.9495553278724246 0
1.13031902924065 -0.4173618102759789 0
1.60560755449468 -0.647298488109144 0
3.152938545870337 -0.9438785048069563 0
1.419747439690513 -0.111131500901366 0
1.376519806780578 -0.1102109787910781 0
3.553548422201998 -0.7339639377084244 0
3.568762936578401 -0.7787417607536435 0
3.607053181643616 -0.7828025132034032 0
1.112943168962791 -0.4138372686810116 0
2.880703954129644 -0.932416887551839 0
2.85231549311759 -0.948914843431379 0
3.39307514225787 -0.9502204102475278 0
3.187733728551153 -0.9276899045610048 0
2.75324903453684 -0.4159896965785562 0
0.4938430338913495 0.6059685874420778 0
1.0276971456394 -0.1226890106535894 0
1.031103470219173 -0.1035809640725481 0
0.6369242476763272 0.8390814887058764 0
1.085587752031828 -0.3448628296395213 0
1.027893190756664 -0.5225523325279435 0
2.783535175965756 -0.1313947616547203 0
2.758483840067076 -0.08497814525327799 0
1.187545177656437 -0.9168747634804519 0
2.546315019311058 -0.9141648758443544 0
2.557106861838251 -0.9340598974785677 0
2.578994502635225 -0.9349753735682346 0
2.534691826176593 -0.9338054479482141 0
2.565827412532359 -0.9533978303748156 0
2.587259714188908 -0.9559621449630699 0
1.027445487093503 -0.06837258224481561 0
1.013399274011159 -0.4520101320770857 0
1.026617158420404 -0.4439925688340953 0
1.013343644248078 -0.5481593829551143 0
1.026959346761957 -0.5400264727985921 0
2.999486554847209 -0.9335915505253387 0
2.839657715395779 -0.9326574195760766 0
2.749810705343626 -0.9854625872550576 0
3.157917163416279 -0.1587530952298833 0
2.718552953088013 -0.5992847428915851 0
2.70191150001612 -0.6287176016692901 0
2.668653250533481 -0.6271388915927718 0
2.681995588779164 -0.6559077287933733 0
1.287034858130299 -0.9035374271195622 0
2.773960210870265 -0.7561513195483074 0
1.28608681425697 -0.5590544122013301 0
2.895455125254623 -0.8307010042679679 0
2.906350252623504 -0.8514968050092252 0
2.929372190756203 -0.8531086684109555 0
2.917713900955243 -0.8711288949642251 0
2.881358393460553 -0.85176149895036 0
2.940843919774624 -0.8727239964800392 0
2.955189698616175 -0.8549717546261602 0
2.871420207352773 -0.830553110223805 0
2.916131348020279 -0.9685602639292927 0
2.92731309839495 -0.9534032591217111 0
3.524993617075929 -0.7668732399108016 0
3.535052600152614 -0.8098156446485449 0
3.22703675384382 -0.8307023056457892 0
1.285333923055495 -0.5210759968043008 0
1.683792334671676 -0.9465909892862026 0
3.925372559250667 -0.3199665634126908 0
3.850783287855122 -0.4472204763702037 0
3.920552913500962 -0.4909451915473054 0
1.311828848976275 -0.3720129462614464 0
3.328114388029845 -0.6297351276392931 0
2.178124135342469 -0.703431877160932 0
2.625361730469981 -0.03681683636899768 0
2.599105954885005 -0.09110151692513187 0
2.550252435628813 -0.08833056960565411 0
2.515107568464126 -0.04430940668770895 0
1.659670657547764 -0.03691389143020288 0
1.63451213453331 -0.07840814694624507 0
1.698476285754968 0.5200193889683599 0
1.732569549931364 0.4614626243004644 0
1.805611577264829 0.4577690804371172 0
1.767257406911878 0.4077955868739014 0
1.661819486399379 0.4635508794960645 0
1.585977950940849 0.4646700478149353 0
1.551308482218213 0.5245595745415994 0
1.620666500919412 0.40402976514503 0
1.758774070359346 -0.03824633090112934 0
2.716548954735047 -0.751489572433397 0
2.701374013806467 -0.7735626952312661 0
2.674836204926143 -0.7722824284421543 0
2.687015174095419 -0.7952951355092257 0
2.660484972205709 -0.7941785079854961 0
2.673224700216791 -0.8163233771347516 0
2.646984817200806 -0.8156551429883617 0
2.712691181487437 -0.797082640808768 0
2.646132247559519 -0.7705586385178442 0
3.32847116408578 -0.9642137999873243 0
3.348121995762981 -0.9667411194652439 0
1.05551321899982 -0.7134683297844243 0
1.047746749153647 -0.7287577795385838 0
1.859364107656836 -0.03906118945308999 0
1.88433143194433 -0.08352103197163538 0
1.993506134482432 0.5129645074943956 0
1.955691252630223 0.452445714445336 0
1.881096650823047 0.4494612631193615 0
2.025586496080284 0.4491902583645707 0
1.847551302434195 0.5136283437430549 0
1.031518327872107 -0.7279447486991165 0
1.039641009994931 -0.742759106799076 0
1.023335738868816 -0.7421962158473188 0
1.030597609891025 -0.7558141160787515 0
1.046993856394983 -0.7560622768064922 0
1.961215352848458 -0.0399808823408357 0
1.986735289305198 -0.0814446025462264 0
2.063499676316408 -0.0411691137397342 0
2.084977128821559 -0.08285400282632088 0
1.875329704944884 -0.3646061461845605 0
3.178239912099267 -0.8445439465625821 0
1.166329658244724 -0.3008409689910586 0
1.144893972609208 -0.3035585651023603 0
2.368567141222731 -0.880536520968469 0
1.441381997632721 -0.9855258082348022 0
1.449470798405199 -0.9706380473916307 0
1.014273401785376 -0.756541461227575 0
2.143287294501222 -0.7964754000317854 0
1.664218939434478 -0.8819236145472753 0
2.234611950239527 -0.9342333229512481 0
2.245453312035135 -0.9528718781464358 0
2.226560853432423 -0.9522954368082113 0
2.266448447867448 -0.9536835760977966 0
2.459249214900209 -0.4989377994010196 0
2.476144000665589 -0.5294605235654822 0
2.511456680368932 -0.5307372914411763 0
2.492681514232519 -0.5585746875235338 0
2.457169299012326 -0.5574343711674519 0
2.474966432492462 -0.5870516581241852 0
2.530091127075895 -0.5645769728928779 0
2.440614586624583 -0.5281505321022534 0
2.406667604608744 -0.5277160750559775 0
2.422718349095283 -0.5562657276875962 0
2.39014172084143 -0.5555959588084468 0
2.373570310269739 -0.5276413412653332 0
2.357716152877016 -0.5552687017463003 0
2.406142685650012 -0.5839509852767051 0
2.341275599927871 -0.5275946696893244 0
2.327065694175922 -0.5562380163148319 0
2.344712124314678 -0.5828089446723623 0
2.315525479097085 -0.5828054384656804 0
2.302370396355293 -0.5537923680761545 0
1.393176996540616 -0.1443893125068403 0
2.010962068247077 0.1992897758321436 0
2.040387180973455 0.1474093500803811 0
2.389871356101798 -0.9226525607355489 0
2.40009663265654 -0.9428044855589729 0
2.422847000102108 -0.9449771255126553 0
2.409345360852505 -0.9603021876754109 0
2.429989779606703 -0.9651835117575392 0
2.388158910724806 -0.9637045560719916 0
2.437393148075009 -0.9260386345695114 0
2.415103849040726 0.5633161669546289 0
2.451046385355458 0.4980091444678494 0
2.525601704555285 0.4992235321750815 0
2.383544355255084 0.5079672851430015 0
2.751775585711004 -0.3424645052586613 0
2.281386097843834 -0.4939677267224561 0
2.261751079559938 -0.5209487275328881 0
2.22946506295195 -0.5212532905750705 0
2.244006861279047 -0.5484640485590805 0
2.213079095464463 -0.5484598230654283 0
2.197261818434861 -0.5213627556622024 0
2.181417381400372 -0.548467295192285 0
2.228941061423588 -0.5765418937687419 0
2.16544637501773 -0.521691996080775 0
2.151516393010702 -0.549933624596468 0
2.165894838982385 -0.577460880482121 0
2.258587197125912 -0.5768868539782737 0
2.133190150921897 -0.5755723143066171 0
2.125329237043236 -0.5485079315276848 0
2.410488865529007 -0.3999868416945109 0
1.695149624171455 -0.8653954317831882 0
2.134260742260089 0.1956067868200787 0
1.647778316741771 -0.4458093310022045 0
2.16803327116479 -0.04166549007084455 0
2.19267755007829 -0.08818764972337147 0
2.243707857243653 -0.08716909091787922 0
3.059173343523597 -0.7331637104232183 0
3.046800180324336 -0.70408957710742 0
1.417190295419394 -0.46944797237332 0
1.829352760708608 -0.478617773183318 0
1.811600580273617 -0.5051276036430254 0
1.78151858231081 -0.5055603961747734 0
1.796408273610304 -0.5323737878858843 0
1.828398969578428 -0.5296418481245561 0
1.765997643445979 -0.5317579004125476 0
1.75088049431171 -0.5056324606809444 0
1.735793131094649 -0.5313788308821659 0
1.719105284983368 -0.5045267189018046 0
1.78092079973384 -0.5585807575850615 0
2.001904158222074 -0.4842958709260024 0
1.984219403287925 -0.5122809984279479 0
1.951718692487631 -0.5120577196141998 0
1.967068107862105 -0.5395808878066793 0
2.000618704860411 -0.5401658011411443 0
1.935660837352524 -0.5386798307021895 0
1.919943626384403 -0.5121209210884915 0
1.904434992261804 -0.5384776127530122 0
1.953457523474056 -0.5657384705661773 0
1.887388696716192 -0.5120188767389368 0
1.874572891949931 -0.5388787104259765 0
1.888944576466838 -0.566385021919491 0
1.857889756371412 -0.5634998070904959 0
2.7045997575829 -0.2620818223155129 0
2.68523434066611 -0.3050052707262505 0
2.340716772645829 -0.2479858787730889 0
1.067655118180503 -0.3114217698891402 0
1.856935902657507 -0.5177825640077988 0
2.429056702826077 -0.2494125063629635 0
0.3142419311429353 0.9144079827270729 0
0.2537503506624519 0.8337801856750291 0
0.1637304261822335 0.7998949100577579 0
2.150489247701198 -0.6720655636561128 0
3.582073976341607 -0.4263876628038931 0
3.607459457918481 -0.4821770364228729 0
3.559052698640411 -0.369357529165218 0
3.504543367490695 -0.3573238339150577 0
3.930122398058512 -0.7766626489336584 0
1.012652255622164 -0.4839448321422284 0
2.548841098464355 -0.6941779358632856 0
2.563934157973289 -0.719585300854013 0
2.519179668976005 -0.6924612574816421 0
3.741292967411599 -0.9790048746326421 0
2.095462932266937 -0.6703152521324732 0
1.015502829271578 -0.3543793013034046 0
2.567347793276231 0.5571508571792999 0
2.599299263620285 0.4940463910949959 0
2.663645390628059 0.4970385330856091 0
2.722325842198722 0.5363595947203113 0
2.777686645019286 0.4698988561050508 0
2.842969158116605 0.4817966758520552 0
2.819746574205086 0.4143796731269943 0
2.038529336740771 -0.6670693232644608 0
2.051634640655334 -0.6925991286386746 0
1.894670173641216 -0.855462338492187 0
1.883382572015023 -0.872894043949213 0
1.863402802538124 -0.8723137130259219 0
1.852671552971543 -0.8539794913782637 0
1.159751051189948 0.6412760536663131 0
1.979346073590487 0.149723268800245 0
1.920338954564895 0.1475317740567198 0
1.89187719842198 0.1992307337610412 0
1.86861158201769 0.1451247443888076 0
1.830879554354248 0.1914824104742736 0
1.787334484197629 0.1576740571267192 0
1.739975055019613 0.155476644956812 0
1.764329141724962 0.1125236715096716 0
1.711559610730381 0.2055215135214251 0
1.681434501548777 0.1648218220674576 0
1.651543748617993 0.2126287608928933 0
1.890951503964091 0.09494795632293658 0
2.036799352239762 -0.9427460507164331 0
2.028266549247044 -0.9594151207435964 0
3.349811816076779 -0.7832389518749202 0
2.403048983184698 -0.6853237094974282 0
2.390092825138769 -0.7129978091333637 0
2.360994709540947 -0.7082325441733268 0
2.34737991594304 -0.6833277366685941 0
2.333523642391662 -0.7068154459132653 0
2.306072534104405 -0.7058252791841511 0
2.319640849489494 -0.7294606984501578 0
2.293374048719039 -0.7292628402065224 0
2.279281605195299 -0.7066022658678982 0
2.30535646838453 -0.7518817381067221 0
2.331286717097507 -0.7518686544048887 0
2.315691739107031 -0.7741339811658255 0
2.339506780228505 -0.7751985526575279 0
1.999623784026354 -0.8599615452968079 0
2.007072786542525 -0.8777247530950458 0
2.029556794612076 -0.8796749544247743 0
2.041428172460003 -0.8619286952978733 0
2.062813924454447 -0.863126587527371 0
2.074320790577171 -0.8802488854363437 0
2.165190173837837 0.1448381067593168 0
1.031136334354972 -0.1526481177177891 0
2.291855774121793 -0.6821347943098518 0
2.264142648357897 -0.6811547570593484 0
2.252602316951844 -0.7051270478704483 0
2.531195962596199 -0.5014916194946888 0
1.051103849377209 -0.4410063850904008 0
2.517808446128782 -0.2515260532271392 0
2.538685565517786 -0.2897589862612978 0
2.58067070122504 -0.2937952756083377 0
2.555945345401945 -0.3212669656890955 0
2.525475480027531 -0.326637562074829 0
2.49467249861084 -0.2962240547314566 0
2.448995174938568 -0.2901296483733032 0
1.900255722115091 -0.6608760114544106 0
1.888433297307512 -0.6824323866658608 0
1.859096353493283 -0.683310514768711 0
1.845968835669727 -0.6587806086268237 0
1.818277440930595 -0.6570250239202903 0
1.802150695539049 -0.6775637803432378 0
2.807830936578368 -0.8520583239811494 0
2.257093170554528 -0.9700345375318793 0
2.976557062025917 -0.4269747586801828 0
2.073845406271746 -0.9437838343009523 0
1.762851591255761 -0.9327012221173676 0
1.012190021265175 -0.3871771528385446 0
1.463893689735068 -0.1855215391739959 0
1.427053877081415 -0.187639592287427 0
1.299368095572981 -0.4881292413567662 0
1.939710694356236 -0.7652050392359746 0
1.927974458308468 -0.7863602881816613 0
1.035256948897787 -0.4106154732794836 0
1.753215210224315 -0.9489391686172193 0
1.734747071137777 -0.9477524450983871 0
2.851051427878474 -0.04276958540902379 0
1.963057202869635 -0.940288292232404 0
1.155823555599365 -0.4877919174908186 0
2.333510876906989 -0.8588167544919317 0
0.7286450186044063 0.159376397151075 0
0.6895608486748772 0.2280590628594611 0
0.6490427224637825 0.156208921183143 0
0.6062197653010647 0.2269907294568432 0
0.5636598235494109 0.154983348324134 0
0.518486738915976 0.2229888468481402 0
0.6547916494968937 0.2982810857393252 0
1.891522425928639 -0.7631652727024344 0
1.878207813483007 -0.7818317263415239 0
2.00126684411285 -0.9438521922278831 0
1.843511902972176 -0.7613195905109464 0
1.795772815228307 -0.7587646187598449 0
1.806808439225599 -0.7799478533003973 0
1.832102637344044 -0.7804092102259679 0
3.928105746160408 -0.1366998331258433 0
1.763870360302767 -0.6540617233503898 0
0.9416994449522856 0.3922175530187034 0
2.083565864159663 -0.6919113830676602 0
1.748697817884723 -0.8491845976535917 0
1.739450230816739 -0.8696360940700952 0
1.716026183782807 -0.8695170423098153 0
1.082594251340257 -0.3970852510306432 0
2.817649399327833 -0.6052276529415256 0
2.833377839263152 -0.6333106708621263 0
2.869001850122995 -0.6332115897179229 0
2.835680563183959 -0.57571356967798 0
1.773592279956922 0.9222168244486881 0
1.817055212838549 0.8473329067353356 0
1.902872843228819 0.8464262169608743 0
1.856389407227104 0.7770564549938368 0
1.951501107039727 0.9193353373210625 0
1.98306998683159 0.8410721149848372 0
1.738957780628558 0.8458487558520172 0
1.927357925343348 -0.9404258236522647 0
1.937191180001182 -0.9561546929231938 0
3.199850627394773 -0.9853140500562635 0
1.205409559690086 -0.6680655719059136 0
1.219517962834327 -0.6866888053981306 0
2.366537123154569 -0.9210132793407266 0
1.157594015664797 -0.3220810860482747 0
1.346396386959597 0.4118480274366364 0
1.889162326533246 -0.9390149010643444 0
1.87871824104678 -0.9527431947548487 0
2.278815770601068 -0.7512704834129109 0
1.037834760035577 0.02073311372650822 0
1.706877023453876 -0.8483722038649845 0
1.07012453097612 -0.4687842398026767 0
1.923166371829604 0.392582120810971 0
1.726593765703373 -0.9328113705280234 0
1.71854426225968 -0.9479532268378887 0
1.590606445941733 -0.8261137528115929 0
1.579267589711876 -0.8436010401731013 0
1.558448893938075 -0.8432063633090301 0
1.566005266748384 -0.8610570764356097 0
1.601960328994645 -0.847570498460618 0
2.20556040412518 -0.6741256856617013 0
1.013691043674257 -0.3224027581121149 0
1.98489955855768 -0.5667669588873855 0
2.28049755386125 0.04443940836868492 0
2.105876367537443 -0.4885336048407628 0
2.070707414114554 -0.4865850902560223 0
2.052540505595316 -0.5145666186856993 0
2.085750720718008 -0.5164303461471548 0
2.066648553860587 -0.5432179540426074 0
2.034815696426801 -0.5412691817596587 0
2.816211706535137 -0.6630530968254257 0
2.018372064673176 -0.5134793157418303 0
2.016365835098777 -0.5670259135536115 0
1.014412510869785 -0.646341400419574 0
2.155258120696915 -0.8713066825882579 0
1.810743740223214 -0.5591991847576261 0
3.082105845914026 -0.4771711954322627 0
3.101558562603647 -0.5194677924408759 0
1.460184487395285 -0.525882726171504 0
1.5137564334004 0.04398905880357719 0
1.780692990146121 -0.07834083813346368 0
1.715289260196235 -0.4471845227788854 0
1.696492914227898 -0.4746518541527346 0
1.150978013390609 -0.3785277811672159 0
1.536333519549144 0.002352051945478962 0
1.653288852535755 -0.9305807341186845 0
2.306498370752799 -0.8972375076231212 0
2.095464282481367 -0.9854812456341415 0
2.104034511055755 -0.9719290485458854 0
2.120441168079386 -0.9727418090085626 0
2.112828608466589 -0.9569229416942393 0
3.302375982422551 -0.9172244562950088 0
2.346025269235493 0.2433539043752361 0
1.015804347890228 -0.8218211471493788 0
1.534063801786381 0.2161607039276096 0
2.116006896021653 -0.5206163649108636 0
3.090650059185433 -0.9299859674044716 0
1.085881185465364 0.4084271166635816 0
2.715267415213947 -0.9828340239758498 0
2.10822188562681 -0.8711903630899857 0
2.592344799211464 -0.9164292270491582 0
3.293804849821612 -0.6590699440171082 0
1.981835286963298 -0.6645762686188641 0
1.954751464447038 -0.6636072241602957 0
1.940908393613756 -0.683999416332013 0
1.615495364200029 -0.928826754081955 0
1.732789671928286 -0.4766852550062102 0
1.577213919421096 -0.9285439418671901 0
1.567313564243023 -0.9442275326750945 0
1.549211671466023 -0.9439290479710931 0
1.558012301022552 -0.9600401051538839 0
1.578342236365031 -0.9604928625890605 0
1.187050415500762 -0.9682757271686326 0
2.903148664108811 -0.982997781831122 0
1.323339486366563 -0.8232174992805832 0
2.73149756414045 -0.7758290167008326 0
1.060673267945839 -0.9095135301590461 0
1.625778270494973 -0.8806645977103007 0
2.012728360824991 -0.7690108323780844 0
2.023708120294361 -0.7887362353614034 0
1.988459906513835 -0.7682538145463448 0
1.97509748490955 -0.787976583977496 0
1.936476850041787 -0.8576123175047178 0
1.957630523107405 -0.8585004485869919 0
1.966873468501448 -0.8759325415506064 0
1.92650000954747 -0.8743552014965887 0
0.5923023977951419 0.9176237624653384 0
1.810867103919243 -0.8519847839785492 0
1.820124246322273 -0.8704690777183608 0
1.800386002396978 -0.8697937603957612 0
1.789861682534186 -0.8512141904085109 0
1.780529352047375 -0.8688330500439214 0
2.264638332667786 -0.3856607830107356 0
2.534580996691274 -0.7186780420701684 0
2.060428467940976 -0.7714642866390486 0
1.126818274047199 -0.5421694096629788 0
2.408573796153291 0.9228048499751625 0
2.447569194745535 0.8336475946501134 0
2.547147126348496 0.8282203569845825 0
2.589660612363697 0.9186353724390759 0
2.679285761589639 0.9199745239119459 0
2.727229564673504 0.8426971225145643 0
2.814762747629473 0.8445024866700721 0
2.86164798975224 0.9209830748980168 0
2.908964291655612 0.8347165786010976 0
2.996447474800197 0.8444553155275499 0
3.044306197090124 0.9216034989545357 0
3.088236275488715 0.8540399685546612 0
3.180308176093901 0.8381462522884975 0
2.641152784637633 -0.9236456715220407 0
1.472844664324243 -0.8756867400312354 0
1.901473297556185 -0.4834033250743922 0
1.150872567258177 -0.9162727926418044 0
1.132373033373183 -0.9157750613341952 0
2.646729351537054 -0.4454388594940094 0
2.661924749441537 -0.4774679345292623 0
2.633115723613133 -0.7465101632032903 0
2.629164376440918 -0.7954141741189149 0
2.622350398958914 -0.8217156093325386 0
2.637737098810819 -0.8382776357293227 0
2.601415834966009 -0.7903228301704337 0
1.748397550713375 -0.756706859185962 0
1.75907513239111 -0.7776535626143082 0
2.110301114867895 -0.7731917941353434 0
2.097704740749715 -0.7948092489337596 0
3.124082293646111 0.5320713161262223 0
3.082155277246322 0.4669302781319403 0
3.005763650501779 0.4677114123562657 0
2.96599763082137 0.5394139111527041 0
2.923459669614998 0.4622814540553091 0
1.65265145887585 -0.693914109360247 0
1.580485927193663 -0.7318692239829619 0
2.382219048099348 -0.07587755384065814 0
2.335736547428365 -0.07883207141628162 0
1.564788038402028 -0.2184179903470627 0
1.432583306928773 -0.8750895796412458 0
1.443465363678776 -0.8936544558336902 0
1.39271101087232 -0.8749309876139248 0
1.401465752886274 -0.8915515081444255 0
3.690484102529063 -0.9102542612703219 0
1.862758374584885 -0.9511413270984768 0
1.854973742868024 -0.9364329148357423 0
1.32897620930815 -0.6367052432787169 0
2.178945412704151 -0.4923631340927143 0
2.935148124599834 -0.09463961401229276 0
1.322672850386552 -0.5767215540328356 0
1.52627584839632 -0.824430204032119 0
1.548053373459042 -0.825003228382442 0
1.537040159415096 -0.8427939625722505 0
2.744581540237197 0.2242027229796112 0
2.773411361561763 0.1590737997969865 0
2.677225217155768 0.2274798190340178 0
2.63832357693743 0.1700360554410249 0
2.578062493263129 0.1700383451029428 0
1.689569005357497 -0.5048447905060358 0
2.642097299333987 0.8367962722240252 0
2.482189875349169 -0.3673357375915803 0
3.22677865094195 0.9204599274001177 0
3.27269398236759 0.8423798576235366 0
1.487945890081329 -0.5747016525331261 0
2.355192533282536 -0.497920130444989 0
2.606884005577155 -0.2564694564269086 0
2.62519871769568 -0.2944503807705457 0
1.378425212380683 -0.7226196070269542 0
1.365712227913178 -0.7432145303275006 0
1.340649350801183 -0.7398815669775867 0
2.15852200614678 -0.2419025383019064 0
1.510415886247785 -0.6645834209905606 0
1.316891096517252 -0.08690134543130468 0
0.7712583785240577 0.9221184843029446 0
0.8624248469912367 0.9229953095062942 0
2.292256891516632 -0.5247236952881514 0
1.565172959943361 -0.6231027669741951 0
1.639338558496351 -0.7139069575066626 0
2.262293690382866 0.5675859526386361 0
2.212827117909655 -0.8926721881812053 0
1.166539109124356 -0.5409234186876049 0
1.177586730218926 -0.5595102620483645 0
1.15644652578847 -0.5603084870911084 0
2.446803551557909 -0.9520226940335861 0
1.032465226973747 -0.8213191850009411 0
1.480825955407852 -0.8946893996254512 0
2.568243439541031 -0.1253065215447504 0
1.038953186751449 -0.6559091883786381 0
1.012650544727393 -0.03418918736865535 0
2.926878746263861 -0.7421772605201215 0
1.381996808318343 -0.8913478840757498 0
2.000001793256391 0.397988547098529 0
1.40342846432308 0.9215450537229717 0
1.077694560694409 -0.8825669401466426 0
1.496532802911952 -0.6855857705032049 0
2.478822999759004 -0.8662188534607519 0
1.283697765776556 -0.6336707834145262 0
2.34516557361736 -0.7295333803873817 0
2.574143319007382 -0.8321876100132928 0
1.367282720194113 -0.6625067975679505 0
1.403940446566335 -0.643784129720109 0
1.343516062897513 -0.9230455108542819 0
1.270758556457217 -0.870212908736957 0
1.252717122672942 -0.8701234421381774 0
1.322135900664522 -0.8562988463997255 0
1.343105788621523 -0.8575648844540698 0
2.459424159737302 -0.6882205215699546 0
2.44400692861277 -0.7116031492453178 0
1.151182255510931 -0.8529599454283223 0
2.822393079554267 0.1095838523560932 0
2.973695540917096 -0.2677403553215325 0
2.28293959748574 -0.9862021736995807 0
2.286161992537966 0.2446044588187723 0
3.100529207363467 -0.8379554889693159 0
3.087076719301717 -0.8587740450009506 0
3.075340155681081 -0.8368632704276877 0
3.06126622700271 -0.8606124263612589 0
3.051454698080617 -0.8358947512347983 0
3.063379375983854 -0.8155047909470189 0
3.037950800337268 -0.8142372362111293 0
3.097646987295108 -0.8812982556394181 0
3.038099235377341 -0.8532109692487611 0
1.334231092626612 -0.9389397524008148 0
1.684712016707843 -0.6540293269627403 0
2.524811293992993 -0.8725479252446613 0
1.20030019756364 -0.7372459205782427 0
1.013887679421015 -0.6134560927084919 0
1.07245295610745 -0.8364572537919899 0
1.081918120531077 -0.7321316653520165 0
1.064945943269038 -0.7312201211471842 0
1.38188199890131 -0.2928960824647925 0
1.366368254824632 -0.2681211074607036 0
1.295090632036253 -0.9708032668426916 0
3.086682677076606 0.2085768487430764 0
3.051262130534553 0.1521557765591282 0
3.117978655142903 0.1475421225554378 0
3.078746877527208 0.09454021070896285 0
3.146236435669745 0.08966387633519091 0
3.325696431619884 -0.8686492085422617 0
2.661359214191571 -0.7482347014686497 0
1.088576947815203 -0.8668373358261046 0
1.135814027090391 -0.4881239497023818 0
2.228017888708449 0.9247970171492021 0
0.5137244145556907 0.07899759790069505 0
3.162175611604956 0.461610629025778 0
3.23929559108625 0.4573947491899313 0
1.169079422516432 -0.9165833940543513 0
2.652958539676455 -0.08371105455952778 0
2.420959078653965 -0.8020269204869774 0
2.436787482464493 -0.5845152569621188 0
3.448145821254363 -0.6842803065955121 0
3.407955538176025 -0.6859761656276492 0
1.123289424915201 -0.9311901757627559 0
1.114533292645094 -0.9470783286623906 0
3.195209403821663 -0.6092947209597473 0
3.634464859624708 0.445048141288961 0
3.382096256487959 -0.9259226076477266 0
1.538625783528042 -0.6224038602843727 0
1.552386194555175 -0.6490374205090523 0
1.395844497533476 -0.4218522898461168 0
1.290305053590138 -0.7215109334155747 0
1.301973320874703 -0.7410021029066773 0
1.278097042450423 -0.7387312439959728 0
3.667669282108748 -0.9852681535820076 0
1.064830856962827 -0.7619674923940704 0
3.037349803163031 -0.9695848000248851 0
3.385331903285484 -0.9862082704254228 0
3.924351831079565 0.2273181076151075 0
1.569587870907216 -0.7511576495537452 0
1.548314988785014 -0.7512563963061282 0
1.012559964559229 -0.4193256151169696 0
1.760375898350081 -0.8681318321889702 0
2.698850432809636 -0.8188074030302978 0
2.685132217158254 -0.8390807230623871 0
3.049315908880449 0.3970586319505892 0
2.96841680662032 -0.925778032680328 0
1.141789480641794 -0.9001980365908151 0
1.123501155765701 -0.8992448018442369 0
1.054779479460857 -0.265604271834462 0
1.025746318930581 -0.2550369488689098 0
3.926805855578908 -0.9721538313923221 0
3.896811680524131 -0.9427055864125296 0
3.311296285666304 0.183513403642567 0
1.840024867871202 -0.8708090967794108 0
2.523950634960517 -0.912395773591829 0
1.361444630306448 -0.5121152635313208 0
1.071426506200447 -0.596285853493731 0
2.886774694719794 -0.6612908870639875 0
1.143893165580614 -0.4344915439112783 0
1.382974584950332 -0.5991405774334904 0
2.075132180030511 -0.2387856422738587 0
2.438224210901984 -0.9852642472462751 0
2.561729119990861 -0.9860811203883835 0
1.081657398003492 -0.792244771311006 0
1.445429705360759 0.08410676161075151 0
3.18497975749262 0.1446071221498048 0
2.247880376407238 -0.2431496378831643 0
1.540238046840174 -0.9277306773400369 0
1.531516160768895 -0.9440249282473514 0
1.072202455888765 -0.6267797352412114 0
3.920192890157598 0.6842857029854854 0
1.51912871578065 -0.2821399592406583 0
2.312606647634089 -0.9610202987950243 0
2.650410813861799 -0.5946684056289624 0
1.361456190386727 0.8479282630439885 0
1.724810910250639 -0.7554010330862866 0
2.944081098590132 -0.8333617192488916 0
1.332898244033286 -0.7215626752919655 0
3.925451979694748 0.4952176264428192 0
3.927872118135975 0.4087922370358477 0
2.103156534270071 0.1475100758530289 0
2.483445663509446 -0.7853642646512867 0
2.20261946326111 -0.7917848102542488 0
1.090170839804254 -0.6865060516782862 0
1.188806079390558 -0.8527948611221534 0
2.702939813814102 0.1686498206752209 0
0.32436761804039 0.07675293547714762 0
1.450202187470483 -0.6432768513075044 0
1.178528319346448 -0.9006371029553099 0
1.446998927997055 -0.549914869433403 0
1.233318997250963 -0.9332917513520502 0
1.198427421038362 -0.8043602934744757 0
1.170262155687509 -0.7920251416976514 0
1.207939677259817 -0.8206592450180011 0
1.247200186170229 -0.7546623989491331 0
0.07760111669224451 0.5907767920466135 0
0.1496424229702066 0.6332440899582571 0
1.618877789907846 -0.6252659481214451 0
0.07781157695130911 0.4090470185555877 0
0.1525667521378101 0.3688170434867085 0
2.593764769750793 -0.9853836242218762 0
2.818936939509997 -0.9273258531842383 0
2.40665638184247 -0.9866406274666845 0
2.549119217908787 0.2260379013223572 0
3.681562460121782 0.9093654155675225 0
3.493871178525855 0.2557234719865557 0
3.535794943777403 0.1895988171469093 0
3.525510022729482 0.3187918729350562 0
3.592885709614023 0.3573880042799834 0
3.542443038831223 -0.9819360586632225 0
2.070045623253282 -0.791812945390873 0
3.869777550518449 -0.9853416697048789 0
3.860017896797634 -0.9610904765612194 0
1.481356056562642 -0.9710364422108324 0
0.07991929042887996 0.7686753122936816 0
1.300746814022378 -0.8584853874651387 0
1.419999541451067 0.3096025119281817 0
0.0929989105459815 0.2170986271508405 0
2.87315259921314 -0.4456403132924363 0
3.355275833141373 -0.9866236543967517 0
1.437654246272134 -0.6646227136012303 0
2.73033399081174 -0.3808748248116502 0
3.69754211631242 -0.9842668670795194 0
1.532916392872543 -0.4113475098842932 0
1.322927567469948 -0.666432662494197 0
1.579303230827311 -0.6466881162301072 0
3.546245592689608 -0.6139589910988581 0
3.913113621063417 0.8640277298151694 0
1.269058042692341 -0.7207299308311313 0
1.78471854379642 -0.9860996269635429 0
1.727179895347761 -0.8823838878086313 0
2.24951640409724 -0.9851570097958222 0
3.123638575666307 -0.8823678040270011 0
1.169970105325508 -0.1171006454977535 0
1.515005988791704 -0.8420482662872983 0
1.463181318119027 -0.8234450919209636 0
1.483597469004472 -0.785271987441019 0
1.143319397692104 -0.7175392800935324 0
1.125450141977739 -0.9654874399213957 0
1.217890757049668 -0.4140488902712832 0
3.014005597248326 0.1014431694722597 0
2.3546446784196 0.849721838001557 0
2.304095465755598 0.7836377429664551 0
1.013565111087962 -0.09694840809456515 0
2.929520574474818 -0.8893554111064106 0
1.753894151312299 -0.263962188226836 0
1.197012848469182 -0.9009483615828487 0
1.352646405792835 -0.9388273624173191 0
3.432209224000008 -0.9076947651180527 0
3.128616311539692 -0.792747577665236 0
2.418582364879401 -0.7109363862181739 0
1.699028363259134 -0.7928958441103804 0
1.47601249054346 -0.5981394252593178 0
1.140864912646933 0.04777014909477876 0
1.172593837731944 -0.2083516966770811 0
0.4674007464370351 0.1532192492069203 0
0.3633355578937849 0.1595964680757136 0
2.503551497388159 -0.716419869235933 0
0.7924297161454801 0.368385582886897 0
2.612306118622897 -0.6454850116815891 0
1.655982411308889 -0.8280249061582414 0
1.116467064976399 -0.7624453656144574 0
3.05645159638016 -0.5106024768467453 0
3.026155823201741 -0.5410489901969218 0
3.4258443859437 -0.1148645718309746 0
2.887990712481457 0.5433047925241843 0
1.057665868691489 -0.7782343349769381 0
1.283695817281873 -0.7885434753447595 0
1.274113494403499 -0.7718054528644233 0
1.013374845136923 -0.9513881038899559 0
1.028597339044614 -0.9587726112518703 0
1.03182005217456 -0.9755300265277843 0
1.529039199476412 -0.5053026631794157 0
1.506255604221888 -0.7073167392024697 0
1.029740275428695 -0.8776934227934835 0
1.532851857940665 -0.6672584665594608 0
1.125282676850575 -0.6265084883101419 0
2.369712911303835 -0.7325190705689857 0
2.167903431638942 -0.8918462819867896 0
1.501841382329047 -0.4545995717193785 0
2.545822925671532 -0.9524365853198989 0
2.377135977779082 -0.9413683972070531 0
1.406278734176786 0.6488760431820317 0
1.064800216818807 -0.7923878964748213 0
1.081704590835102 -0.2130163405810412 0
1.255187180818756 -0.8050862804002796 0
0.281372088309547 0.5053311358495118 0
2.802159723830375 -0.975136539362075 0
1.013753452752727 -0.7888045056333192 0
3.028290510466259 -0.9528502536282175 0
1.731401650150056 -0.226305410592221 0
1.330115304518455 0.04172054553559292 0
2.473200886489599 -0.9520411117497727 0
0.604642453249617 0.07903002213328481 0
1.244341709934535 -0.8536681195403095 0
2.835530132346025 -0.2196698319742983 0
1.336914631839043 0.2569649153193146 0
1.304067726824829 0.2080710588333508 0
1.133098551024348 -0.852778685980236 0
1.08133034576065 -0.6712346749658776 0
1.263001186998053 -0.5962576929282617 0
1.125433473273607 -0.7174167300881245 0
1.243193921374529 -0.8859610499997164 0
1.237009679667871 -0.7714223686843509 0
2.312691418384882 0.1923772168611917 0
2.49589963530642 0.7748999531337261 0
1.698617379056625 -0.3585906538946814 0
1.152400984956607 -0.6716953276266048 0
1.124824822917962 -0.8078524655954383 0
3.212497759758866 -0.2635314544871001 0
3.821904205191839 -0.9872202949559494 0
2.770086428735839 -0.9057960307518691 0
1.678800594994455 -0.2628529389225529 0
1.234323076955171 0.9216160848492998 0
3.012623260356459 -0.8193034712802661 0
2.93744721614069 -0.7672146341660204 0
0.8986712421794056 0.8435430538683586 0
3.395073685008564 0.5986054993975117 0
2.961484491684308 -0.6954040245074156 0
1.954452286858814 -0.9554975583290908 0
2.264551766408735 -0.7721812622756711 0
1.014278620340011 -0.1615540899496174 0
2.784641339877813 -0.8500444121619575 0
2.202000389343984 -0.8720589069287322 0
1.02656105195463 -0.4922737436695168 0
0.4559201183950067 0.3652167876169551 0
2.357609494658512 -0.859466323800858 0
2.355722187994252 -0.9001306208656221 0
1.191798770159699 -0.7054265216822648 0
1.502313901775236 0.1717040269772249 0
1.063217603350933 -0.8503404656371983 0
2.895505750514011 -0.8703894105851118 0
2.863694505908655 -0.8633550963914145 0
3.040858327200281 -0.6494823945924975 0
1.443024090011923 -0.8237471235802651 0
1.473612072530273 -0.9860170616573329 0
1.792301753249268 -0.9732580835850908 0
1.064269834632515 -0.7002014303832225 0
1.393760426614913 -0.6211747653568456 0
1.183958086218682 -0.7358543923857207 0
3.564660189067534 0.7480246135897515 0
3.777526508440979 0.6633136899897915 0
3.494975345933786 0.004604177921911461 0
3.420382113682797 0.0102651760817467 0
1.130290882483533 -0.3784540847229301 0
3.599202449976639 0.5213144562811179 0
3.660567589217727 -0.2782035205766733 0
3.586047146904528 -0.2672272289046941 0
1.262745570283403 -0.8541079718919686 0
2.1413275668668 0.9211978753051022 0
2.599954127898759 -0.8319681745883494 0
2.624155823575303 -0.4752278512515752 0
1.075986981848948 -0.1789060627755422 0
1.510130283399024 -0.03773840863315055 0
1.339923161107105 -0.2295719079746193 0
2.708597162736846 -0.3424391568423122 0
2.275668896986347 -0.7939846123982135 0
1.65736242118175 -0.753782419336862 0
1.662121012338505 -0.9488264658331397 0
1.634727380220713 -0.8273978043839847 0
2.737105174957394 -0.8030710710279725 0
2.406298633479269 -0.8211043793833331 0
2.600534622202565 -0.9368501885247553 0
1.106185299520787 -0.5650732032877994 0
1.071326127468712 -0.5062589948860478 0
1.706269485857619 -0.5314364480559447 0
1.718672313346285 -0.5569446870032146 0
2.436550490701753 -0.7367112083916523 0
1.812011933015589 -0.2292287743161679 0
1.228838122249144 0.05161575651461655 0
1.210788425554346 0.01654607508231366 0
1.190032376342766 -0.05535391459261976 0
1.156518824210646 -0.06457253984135188 0
1.372859236306089 -0.5342810826742908 0
2.570056026647333 -0.9719490650715729 0
1.594427551044729 -0.6700160200217931 0
1.73333646024657 -0.07708853751804814 0
1.116073677664098 -0.6107316930963547 0
3.529954566714384 -0.5669134308645394 0
1.13422600186703 -0.6716553987459798 0
1.532881034039437 -0.8777730799564727 0
2.125142175726227 -0.7122030827054304 0
1.466970370618846 0.04331662753342554 0
2.225628184017041 0.7783928543352002 0
2.325295252021601 0.4048485849424806 0
2.52601945309608 -0.7875331225925732 0
2.771564169294909 0.7682023282007495 0
1.115861478620351 -0.8225886848729068 0
2.472076389168285 -0.7129494859756003 0
1.105574939917256 -0.4389779232883811 0
3.156467315707036 0.2052534261358838 0
3.251002720556597 0.1196786003737955 0
1.280495926419727 -0.6680330386436117 0
3.807406134250611 -0.6557222211431508 0
3.748157562700665 -0.636713906011352 0
1.234376333156737 -0.869864031984088 0
1.750819787489015 -0.6750791264377473 0
3.275882945523727 0.3899017803742072 0
1.993647934168949 -0.3713727879147017 0
2.247239839521637 -0.6042876844175595 0
1.274086129696847 -0.8055647174791327 0
1.207863417970391 -0.5049950022093556 0
3.468563668429641 -0.4140997205525213 0
3.411007324466525 -0.4139609501900214 0
2.980372715056562 -0.8982268544392942 0
2.37559887389861 -0.5833035655986205 0
1.603127728154252 -0.7709728407551919 0
1.405617719314018 -0.7556121876900017 0
1.196630993897743 -0.4505522898936963 0
1.591723603388917 0.7116651266807846 0
1.1250033728495 -0.7474808054669233 0
1.646003012303269 -0.772292666466819 0
1.027088665343463 -0.4620067039310645 0
3.0675530593658 -0.003785706514399417 0
2.515964251150852 -0.4069636075463219 0
2.526797215141857 -0.3683802520319837 0
3.612800302736328 0.8325570098585937 0
0.7247344228894628 0.8419965036302216 0
1.351547084773248 -0.4439645350383733 0
2.828735271939686 -0.8556203167365807 0
1.013167839958472 -0.5165372217690689 0
1.809718288994519 -0.8875431578720012 0
1.629299351939453 -0.9864492366021286 0
1.261425610063478 -0.632355998452875 0
1.907661614874664 -0.9566360029535093 0
1.955830923232726 -0.8924742514423962 0
1.946662348780419 -0.8751359777878964 0
1.77919200021415 0.7766265213805688 0
1.598047532981159 -0.3591869163468436 0
2.349218279001564 -0.7980077807587189 0
1.333520576797081 -0.8063564988606334 0
1.664795086265026 -0.3592964203624336 0
1.274875601323032 -0.1800575879539873 0
1.673855166820668 -0.5810713061339485 0
1.569492059673764 0.3588592758909258 0
1.773579087907547 -0.8873983969996202 0
3.391603501324666 -0.1729112855923605 0
2.584716946258335 -0.8542474613438956 0
1.782962934111775 -0.3906115275937582 0
1.828407743001392 -0.8879642485722279 0
1.786701261918426 -0.6978955181021743 0
1.765602547923312 -0.4772707016528173 0
1.680576439174096 -0.7149684620080698 0
1.727934646576549 -0.9634773893115923 0
1.22898846297086 -0.5778504367309624 0
1.865256164070576 -0.8004159844357178 0
2.330963368013625 -0.4040425761755791 0
2.004587805444799 -0.7068142812364084 0
1.042086306762038 -0.02886197131212648 0
1.720944392229589 -0.7935807347608567 0
2.655908797365583 0.1074483689068363 0
3.351809645393163 -0.3243694869350806 0
2.536808593159563 -0.6164429578168014 0
3.189804285118245 -0.00607790146570781 0
2.049926271487188 -0.5680645374101794 0
2.079925059865296 -0.5709334697863158 0
2.160754866408734 -0.4019942346257848 0
2.235414170863232 -0.4065101487619305 0
2.215701494106522 -0.8130260405427647 0
1.063458562261292 -0.6123568565446778 0
1.24203934991733 -0.9487418421918601 0
1.633393845259031 0.08688369919929601 0
1.807341190467725 -0.5870110756130528 0
1.935095927941157 -0.483226805444417 0
1.319551844303777 -0.9860195618225545 0
2.549879057663547 -0.7432998193550349 0
2.566545212376847 -0.5619145562019312 0
1.972153569187026 -0.593761017381209 0
1.553855063319727 -0.5542917671998301 0
2.13451178757687 -0.2782097194490545 0
1.049211766848513 0.9063531145882655 0
2.027688447282712 -0.5961916137536052 0
2.289244706782418 -0.2880850218782806 0
2.086271525449884 -0.5979977232822469 0
2.211368847170047 -0.2842365880658408 0
2.035131368139226 0.09130010513449166 0
2.365368615142158 -0.2877959053483051 0
3.0886557341806 0.7374865395741226 0
2.929688816290751 0.7497709466559481 0
2.095017615517199 -0.2760871068583446 0
3.575409714883699 -0.5301013835816227 0
2.689890147692 0.7634978188193077 0
2.016996028939013 -0.274082095143835 0
2.142588140493821 0.09285580463077391 0
2.035820748379145 -0.0823794296649536 0
2.389618507030494 -0.4975374703352858 0
2.212761041111582 -0.4924885104139015 0
1.584945749650263 -0.863393811285833 0
2.64540080447826 -0.6459327767834213 0
1.343425537537375 0.1705199038727616 0
0.1535391049680891 0.4543426000647581 0
2.453925094083705 -0.1247103441205151 0
2.407252716084504 -0.1231445572992918 0
1.195549835971047 -0.4141699487500025 0
1.780043024350102 -0.5897786659458528 0
2.545714157512386 0.1114515134225754 0
1.726553430834746 -0.5841052947662624 0
1.749700003768246 -0.5566729260634571 0
1.607220150519329 -0.5562280151747929 0
2.011087237453048 -0.1221822316219124 0
3.096345221270124 -0.6782867377020438 0
1.544785048615993 -0.1145245385507792 0
2.51904396438888 0.3977580831367269 0
2.802485358079078 -0.7900362504176907 0
2.31567303912027 -0.1259859326979185 0
3.41117622585743 -0.8487522487641589 0
2.387356090090333 0.4021473072720105 0
2.420412855069042 -0.6114891418371068 0
2.551048701612477 -0.4065603698522249 0
1.96466594149939 -0.1204860155123932 0
2.164773422160491 0.3550440726540882 0
1.390478008957075 -0.9078094734305139 0
1.710063653357016 -0.1158113620647516 0
2.658545588833969 0.3943724504307241 0
2.267239754464909 -0.7292936390032212 0
3.778819449923612 0.1934329423014089 0
3.711874543188172 -0.01227385597250914 0
3.215223595695363 -0.9866393371152097 0
3.305170546465536 -0.1170907180622216 0
2.035534641050595 0.7039573056284755 0
1.770714472216412 -0.297015356365122 0
0.1497009305577668 0.5441105365267371 0
1.42978362771489 -0.2550507367423114 0
1.125049953977048 -0.307839240621153 0
2.624763439822526 -0.6722686740407866 0
1.614502586915804 -0.7521175697577515 0
3.199883613018426 0.3930555417939896 0
0.1649749766070032 0.2844120285855477 0
1.383027214447342 -0.3456543846268644 0
1.570864952631475 -0.8796537746686254 0
3.280976660887527 -0.4122067212061085 0
1.102867799963504 -0.2776561550289194 0
2.92549390668713 -0.2699881124884358 0
1.811231476346625 0.7069994868021959 0
1.64509268933107 -0.3274588315147653 0
2.741563285400476 -0.5115296026112359 0
3.08949115065542 -0.8136283884122396 0
1.689620731029552 -0.5567765614158722 0
1.071301622850466 -0.8653051380453461 0
2.727504582046254 -0.8661340878753792 0
2.401792867410673 0.06448146959424597 0
1.163393004589009 -0.9866294846139017 0
1.012147894737762 -0.9197517132839131 0
1.582485835208589 -0.975613650847887 0
1.245954412300003 0.2158005968456638 0
2.391159643123286 -0.6102751742124014 0
2.281904845243446 -0.896217097769014 0
1.855056725650629 -0.7810305305172727 0
1.541330159957006 -0.960683604313589 0
2.733734073858868 -0.6803650157179649 0
2.275046884190525 -0.9707792973833413 0
2.815112097680994 -0.872779602764076 0
1.204388622209196 -0.3576297665648687 0
1.395745363135381 0.2601272639084778 0
1.136843201435917 -0.3244078468411533 0
2.431319823668949 -0.8229608648948379 0
1.280969941991392 0.8477267220000277 0
1.414209764936237 -0.6644950333323035 0
3.24530119585611 -0.7180431306415411 0
1.015739045723041 -0.9022261114651039 0
1.126067554829356 0.8397471518113152 0
2.260795226425262 -0.8549431229866459 0
1.354067822606702 -0.8069581174000505 0
1.131990052731975 -0.2876823755232836 0
2.876247476131002 -0.5111817302641284 0
1.160384170679198 -0.7776674239892851 0
2.871782657305298 -0.6869101124960029 0
3.075494767618403 -0.8760321484165948 0
3.6204034542273 -0.1390938063648317 0
1.592952514645413 -0.5311806056373509 0
1.267953646937788 -0.1096488701344745 0
1.54601557455995 -0.8604080946464109 0
3.162902230050046 -0.6806002938229315 0
1.592187394248562 -0.7514673637492365 0
1.052996618771874 -0.5641473634476387 0
2.428566409612197 -0.8630428817618705 0
1.972833803526434 -0.9544270834625252 0
0.5064436294786012 0.7539712050231926 0
1.864010099057184 -0.890360846397202 0
1.986174115421829 -0.2325096690083648 0
2.954948298098788 -0.6093085933408506 0
3.06674233036938 -0.3574488427983418 0
1.441487334002668 0.8483735384067163 0
1.047204582407568 0.5781428108016067 0
1.374711739494578 0.5870881651754847 0
3.352470459766605 -0.664331453200496 0
1.027429974085837 -0.4260449302471338 0
1.904466700144251 -0.8724058757765014 0
3.835367661088007 -0.987716865313143 0
2.498758096914937 -0.9528651881132625 0
2.085271664451104 -0.8968686283274316 0
3.033407131796302 -0.8845213243305801 0
1.213432767281223 0.1707081698981294 0
2.284625020433865 -0.8560582303899805 0
2.522974430919134 -0.9519852834505392 0
1.918779031673857 -0.8919142815013584 0
1.190206807258783 -0.6505576229528495 0
1.882259180215707 -0.8934542437735571 0
0.9038879773393698 0.5804255673318073 0
2.199521676478134 -0.575883906558508 0
1.29489722548686 -0.04369912966411657 0
2.125403463802031 -0.8904998958495796 0
1.942193681000065 -0.5915924167751478 0
1.374133451161005 -0.8075651909814227 0
3.383503563529174 -0.4578509607675585 0
3.358378035628661 -0.4184760855218486 0
1.133959891321969 -0.7324286771694085 0
1.118223173402136 0.1715040348862714 0
1.240282127999329 -0.5959049340053092 0
1.087265436889496 -0.5346044342419054 0
2.681113153469107 -0.1266448190900081 0
1.033372308977925 0.1650104353833481 0
3.331385731696099 -0.1712272387346088 0
1.333837105304964 -0.8741298890079892 0
3.019540050949086 -0.7247063171760192 0
1.133168658976557 -0.8229300903690642 0
0.1315534215244801 0.07260287054538304 0
1.73846007596149 -0.6955989746170337 0
2.864438982744974 -0.3094426233032787 0
1.975295779141206 -0.8927540914588923 0
1.865017238238535 -0.2679553357083221 0
2.94375811975257 -0.9853800707986174 0
1.512926098941303 0.4692016162887973 0
2.600437875844433 -0.9687650598522061 0
1.26478224974502 -0.7887909314892916 0
1.607955826950489 -0.881031340689499 0
1.77611792549555 -0.6762551566580299 0
3.315196656752288 0.4567243856833385 0
1.798480749756272 -0.9333568537632285 0
1.684193640817989 -0.07536706867556434 0
3.258099707064818 -0.8306194251191048 0
1.246856496072681 -0.1842946461764959 0
3.860911964351083 0.9334266877949956 0
3.092896851767556 -0.9503191203030157 0
1.225254999440619 -0.9813295029817027 0
1.356060846326784 -0.1441584634331494 0
3.462061972108724 0.06643516225173708 0
1.89964379274011 -0.2292558602506367 0
1.559071674522548 0.9192387114989501 0
0.139936200081572 0.930965366750492 0
3.205444748692669 -0.8471149812189632 0
1.298570870147314 -0.5774073975580587 0
2.814731397637801 -0.4499536822299246 0
1.116315053461032 -0.641357748537424 0
1.224050793197567 -0.2764499183928796 0
2.70748177055119 -0.8391096423418107 0
1.325199066547003 0.3556252316547603 0
1.409576919588851 -0.9077092508070175 0
1.013011157477269 -0.177320104218885 0
1.16115006622247 -0.1879595054865537 0
3.552253192569033 -0.9629847156251335 0
2.762146064296708 -0.6821372794310596 0
3.492531646585634 -0.9838198953955088 0
2.951717698486593 -0.3106336209179474 0
2.682065040926764 -0.8636272628469657 0
2.962602671024909 -0.7691583283815573 0
1.231558360952431 -0.1610545869675951 0
1.02700761055983 -0.555054272287424 0
1.66630799428215 0.7102764078167159 0
3.184426485273047 -0.8695062504601244 0
2.228924193149064 -0.7056277289314545 0
2.102494010556643 0.3528943986970691 0
1.940604075274991 -0.2766045222034155 0
1.454291380058237 -0.9547044578580468 0
3.159051620672378 -0.3605976009591055 0
3.353991227488319 0.8274035807500904 0
0.9101432260299405 0.1248644727737211 0
3.317148220888469 -0.5033157331431229 0
2.191429929705316 -0.8112799553846171 0
3.315230319635427 -0.8378872534901813 0
0.7362975906920457 0.2975382337949606 0
1.69137041449686 -0.9314408275286234 0
2.886143026764605 0.2199476267701521 0
2.334879701344838 -0.6097937858117197 0
1.711319618827019 -0.963082391914442 0
1.683154973817871 -0.8826430251630519 0
3.224125733220589 -0.7452987722735475 0
1.115244312066287 -0.2294303088509053 0
3.520650401978082 -0.8465594921808216 0
2.295355866433105 -0.8767420248925519 0
1.935571784971071 -0.07784230999446527 0
2.033836786254163 -0.8079157666010635 0
2.325041601255986 -0.7964242836539381 0
2.139783329609637 -0.08141908596060386 0
2.476769664117367 -0.618789335933941 0
1.208987963294376 0.4131602189323638 0
2.952994423190612 0.2168812048785586 0
1.890263643622725 0.708958224535529 0
1.920841480005158 -0.5635326039195132 0
1.084829651815436 0.6418736314715571 0
1.590123970230514 -0.07138293599691629 0
1.817470299274283 -0.3916286296593557 0
1.735762200888278 -0.7744548631903916 0
2.227363255851271 -0.1285495102683782 0
3.008685719550221 -0.9502602111788312 0
3.230803450430412 -0.8751851013605993 0
1.096775397394995 -0.9445711040914149 0
1.586399575006453 -0.9436596495668474 0
2.344544762184214 -0.8792123494965126 0
1.366556069979027 -0.4207346191064022 0
1.025738929486158 -0.3952434900669647 0
0.5474769545328013 0.8343572056179195 0
0.9054795118253862 0.3317421279900394 0
3.583784596142462 -0.8528934591897542 0
2.290143087380516 -0.7731074704137498 0
1.219284303168961 -0.5233688543425399 0
1.636222834863267 -0.7530906674272618 0
1.207240925132542 -0.4322095586641846 0
1.559895940765984 -0.7703704342921616 0
3.401747534368661 0.9086649711868744 0
1.711382426898938 -0.6509409134005231 0
2.512018970176279 -0.9335814039487292 0
1.386315416774056 -0.5129247873952143 0
1.141853525010916 -0.838003225442814 0
1.799825170195416 -0.1173156752477697 0
1.199786590531636 -0.6320794333778197 0
1.939402032676333 -0.985700199722532 0
2.721142064923051 -0.6543124116720862 0
1.422321098132306 -0.8904173806328993 0
1.987257962412762 -0.8762888326967275 0
1.052319662518321 -0.966373163941874 0
2.12910071813975 -0.9846846135058419 0
1.83380840220881 -0.07589716007899179 0
1.641885777969522 -0.9450547219360012 0
1.416255852416779 -0.7376707099843614 0
2.101972485070523 -0.1246039048892637 0
2.981518858910396 -0.9615744990155921 0
2.16608081682622 -0.607261633878438 0
2.506707079202222 -0.5836933198972947 0
1.34485965923476 -0.9543888662305674 0
2.444725179461793 -0.4061849503025869 0
1.398552545549287 -0.3173038340650189 0
1.153340014903699 -0.09631105915428845 0
2.18704462275749 -0.1349920335032475 0
2.985394470191489 0.158516971376059 0
1.88768096391051 -0.8008752233119163 0
1.270389323558885 -0.2750127787850011 0
3.10224825378839 -0.5602399100715828 0
3.409423257060889 -0.5074589964388994 0
1.361052706128244 0.3082578416125933 0
1.628877394661735 -0.1224782517262958 0
0.7603254319948558 0.6296575892762384 0
1.079081544661558 -0.161850578881563 0
1.421816244778284 -0.9667174516111183 0
2.173339208078618 -0.7541557422537566 0
0.8728936937242416 0.2804990236973997 0
2.799261006675207 -0.4164617651040222 0
1.790450529601664 -0.2636512211155123 0
3.113655869324546 -0.6501178131800609 0
3.708868832511128 -0.6752726590920424 0
1.496772728567605 -0.9722751253190933 0
1.287688954482343 -0.4210021915068428 0
2.980273288266666 0.05136535559793343 0
1.783130207949114 -0.774011416117205 0
1.292567354549905 -0.2927435798351146 0
1.816576011099859 -0.9347216466266552 0
1.255509583962966 -0.7721585752182364 0
2.046650654537918 -0.7899323507820362 0
1.012677123414395 -0.2592714117411472 0
2.873519520544826 -0.7873797082317316 0
2.012437543679293 -0.8068031965097849 0
1.114519723432754 -0.9144721257448275 0
3.78478874941634 -0.4161907184051105 0
1.176678164120333 0.3620279701822964 0
1.325694814488497 0.6517363864995172 0
2.30447561214388 -0.6078688407806864 0
1.662369762272777 -0.508632109811355 0
3.643986131059358 -0.5233016271304533 0
2.320053141196981 -0.8780159545737727 0
2.732761800737515 -0.03841603473116421 0
2.190399229818618 -0.9576668867251044 0
1.208873563706492 -0.7004947025607516 0
3.567744548324133 -0.8202049665952046 0
1.953570077084761 -0.7054976438427607 0
2.500740953885049 -0.9104260941892007 0
3.380300350777151 -0.9703633908947928 0
3.275465940043835 -0.8063119266636035 0
2.780834960905167 -0.6581457990711226 0
1.383435277031815 -0.8246888490367956 0
3.930953986044034 0.04784022659888591 0
1.427127883606013 -0.6438993159988626 0
1.760651348047536 -0.7994299037643302 0
3.094818148144403 -0.3162724538689397 0
2.803743599945802 -0.5745877047821991 0
3.278697218942072 0.5247300800872808 0
1.214361510015769 -0.3376386931858407 0
1.821757745798508 -0.7988446603426849 0
1.18072289728617 -0.8372604051187583 0
1.537756914226426 -0.7693716034865377 0
1.134548630227306 -0.6416292190503999 0
1.888723119823063 -0.5944568561703105 0
1.109383208126361 -0.5384870516266717 0
2.139144982432235 -0.6025512673088528 0
1.638139850853212 -0.9727925987052775 0
1.523176156942172 -0.9641306623259243 0
1.933342125005637 0.7734724978927798 0
3.276622024946083 -0.981556200760342 0
1.082333092697836 -0.9767408117757737 0
1.012982546545089 -0.5640628877104636 0
1.182470181252295 0.577348276178472 0
3.012192936408496 -0.6961427343263671 0
2.854358045388399 -0.8787082400878382 0
2.241072152921507 -0.7278918400854655 0
2.678563204961088 -0.9402404300161543 0
2.190603862674087 -0.8921498864097788 0
1.726166918653687 -0.6736846844123383 0
1.092599808969408 -0.2294275648455837 0
1.802875678326867 -0.8013612034748029 0
3.843468908030983 -0.03548269021191228 0
3.498316055159656 0.1260583274796239 0
1.881365791731835 -0.1281940060707738 0
3.0635704450439 -0.6777897208392109 0
2.58916514067081 -0.3368058901327796 0
1.151441384933418 -0.7324646812595225 0
2.823186460705319 -0.5448510674009763 0
2.287652557345881 -0.08528697886189127 0
1.246828160425033 0.5697481209654768 0
1.250786273305782 -0.9633120383984738 0
2.939802027477998 -0.5788467755781275 0
2.180519388956015 -0.7905781538211846 0
1.143456756027215 -0.6568550192561058 0
1.838506938494238 -0.3619706058490859 0
3.440862219919949 -0.8550706368063282 0
2.000477954556705 -0.7878595945796751 0
1.416440950850135 -0.5129825010423842 0
1.902740252333281 -0.7815814972332286 0
1.265913144986119 -0.7544652948071564 0
1.190087383288695 -0.8215836838015629 0
2.012687671604099 -0.8951509430719018 0
1.012820730772681 -0.8537348951646957 0
3.149651833938869 -0.5197388507890306 0
1.267526289120799 -0.9638620275378276 0
1.118101997814622 0.3625630315680071 0
1.861783001920665 -0.591160357566184 0
3.139601955855392 -0.9605231398104661 0
1.275400608005606 -0.3945884540034181 0
2.951477003959666 -0.890084620095245 0
1.856985827658209 -0.9765285010055902 0
3.858676001090044 0.1742687953960525 0
1.492025553786087 0.08466448058279796 0
1.242381987936877 -0.5224485561715854 0
2.660182395648083 -0.8334857580861913 0
1.444386145482533 -0.9112812524974253 0
1.01132578345458 -0.06526769443977319 0
1.012420055544362 -0.2098526252721564 0
1.026438840174128 -0.3304008784286143 0
2.637653380908695 -0.5073609732787049 0
1.125981929825613 -0.2461779600176024 0
2.213994156957658 -0.9330964110701165 0
1.434403012683088 -0.9711974239479331 0
1.170595507737081 -0.6114687897911342 0
2.201997565786491 -0.9134223202544889 0
0.4784213880244891 0.6849757815812544 0
0.6200958112923081 0.3692966465970704 0
3.872153946436292 -0.7359083720405855 0
3.844124406099782 -0.2277560908259506 0
2.442723291771875 -0.8434059357107517 0
1.800789993740343 0.3551087743402502 0
1.462391309369067 -0.8891759568980767 0
0.1517690901398542 0.7154170605900255 0
1.287298106585202 -0.3744366694893709 0
1.173244795546489 0.01844309340296874 0
1.702937989994341 -0.9770969894898689 0
1.966807058426142 -0.685039370746679 0
1.255870710485184 -0.5038320550253909 0
3.927434414877462 -0.563407916203487 0
1.23907192548493 -0.3367613059398622 0
1.275091188234128 -0.5779909092242668 0
1.464132662229586 -0.3657369549802341 0
2.850117560256043 -0.6583246966700372 0
1.4647984274669 -0.970689448082204 0
1.05789547012626 -0.7458980408638862 0
3.409063908168455 -0.7508641248341312 0
2.585864627667099 -0.9736883626055333 0
3.168274539623061 -0.9547544438237028 0
1.160825397951335 -0.8380878325230294 0
1.624204022717884 -0.9434891865010238 0
2.765385542377006 -0.9552438235831314 0
1.701401275603018 -0.9472749089192662 0
3.447347329607924 -0.9498907799093494 0
1.403121847308859 -0.8250608079548855 0
1.134346374867827 -0.08040918778938846 0
1.141049744235194 -0.03745077045271796 0
3.524929688395983 -0.9827781264085789 0
1.951271012301916 -0.7817540753902474 0
3.025312755748851 -0.7956156688931699 0
3.59036557688807 -0.6171378343109577 0
1.930485364673906 -0.9711840474998281 0
3.534808197098907 -0.2328806184396592 0
1.812610422449256 -0.6987286386327953 0
1.025187085042317 -0.6856890475635355 0
1.025194899850467 -0.2985138208312333 0
1.394663262074515 -0.2593399109320952 0
1.189546254151541 -0.6124843850614887 0
2.029259379335363 -0.8986246509757727 0
1.928307988381903 -0.8068671737475483 0
1.169068549883187 -0.5777053492139391 0
3.57420362976241 0.1254070273035815 0
1.970912600965336 -0.8087219234467744 0
2.960655167265243 -0.5466728173196884 0
1.025183452641404 -0.940857556873087 0
1.380828192577477 -0.9870124523023128 0
1.487327440849254 0.9228452872323191 0
2.741735946286431 -0.9728992136733416 0
3.121436061152904 -0.9582627369596859 0
2.678922698766812 -0.6829618303901741 0
1.013144507043184 -0.8713448608184206 0
2.267619460399812 0.8538263230982264 0
1.942097718798887 0.09625288875718288 0
2.816914551873193 -0.6908978376186273 0
2.669235336570596 -0.3433556757197309 0
1.048984186641282 -0.101556954720032 0
1.161223137335767 -0.594759632720828 0
0.9434984023840296 0.09025755189091567 0
1.829302128399386 0.4052227507879998 0
1.235836216591688 -0.2545510686451201 0
1.026211972017551 -0.366637923297893 0
1.268253792250096 0.0509972052531797 0
1.550374430831262 -0.9740552751869566 0
2.632083416272525 -0.8592513811237439 0
2.815621343072087 -0.772164757819382 0
2.090642195664301 -0.400803238820188 0
1.703034003536212 0.7757776253876472 0
2.861109190050489 -0.7590112260657329 0
0.9391440444630468 0.64027174720628 0
1.010949684534182 0.6419387129086445 0
1.11047087585242 -0.03775006302369195 0
3.409011428772167 -0.9284288367325415 0
3.289444510801705 -0.8992337685672905 0
2.01003367283113 -0.9775113508356664 0
1.301386458773624 0.1600100999139574 0
2.631080231041517 -0.9828694080736166 0
1.048122512592725 -0.007859609748561831 0
3.317147052041687 0.5959628020688285 0
2.137615496541053 -0.9679090004888522 0
2.769499429341854 0.0987793429338355 0
3.040169461604202 0.04528469759919133 0
2.675301514578087 -0.5077884454127233 0
2.503089074579557 -0.8293216670891247 0
1.928204851287858 -0.703962178715926 0
3.054481910615476 -0.9704883159557625 0
1.230491474278912 -0.4318655917605878 0
3.305099918814531 -0.810378480836013 0
1.838092059436035 -0.9529855894023682 0
2.85973403476628 -0.8122298407025101 0
1.488875760315472 -0.9253457908012148 0
1.408741210707965 -0.4467103345903009 0
1.994266526537729 -0.6854733256772684 0
3.734669799809593 -0.7685832267207767 0
1.566607757184529 -0.5308205720372224 0
1.251234115306551 -0.3561810210644896 0
2.093245976807442 0.4574778745027184 0
1.297831175508911 -0.5374761724055119 0
1.046132164956739 -0.5875405905112464 0
2.045874167660388 -0.9573874556292982 0
1.413900468477343 -0.8083491939171484 0
2.814817962377834 -0.08855398121670816 0
1.888309481973854 -0.3952401290972699 0
1.286175547855319 -0.7557799686046823 0
1.614286603264796 -0.3302582954114122 0
2.052265465789197 -0.8788205304173884 0
1.696802129111447 0.4137282117203979 0
1.648097033101607 -0.7344899961468021 0
2.309699306499915 -0.03331934416646278 0
1.025176792024104 -0.6551505512302249 0
1.139240668687257 -0.5551019458762347 0
2.83706125630043 -0.9782669883934763 0
1.52653454780401 -0.750122916180296 0
2.991056639234297 -0.9477925510763752 0
2.952215525038131 -0.7453629144858968 0
1.914333156988004 -0.6822936325699438 0
2.621541328607017 -0.9403366860738857 0
3.704047229727729 -0.9666225141170151 0
1.605729903248589 -0.9427779570320123 0
2.701985846547434 -0.4774543506631328 0
3.308849385878881 -0.9594370127921554 0
2.371547216268985 0.1943256685077197 0
3.178473829337953 -0.5642362638887912 0
3.147598400801535 -0.6504796316963014 0
1.025485030931623 -0.1373473623299515 0
1.149746598511477 -0.2457906459383356 0
3.365519305257369 -0.1140624057303105 0
3.237225569976661 0.7777266602935307 0
3.137375544157421 -0.3243058662385922 0
2.993114435886737 -0.5513555464539698 0
3.022321144429529 -0.501492887699542 0
1.736861697538407 0.3574871021685735 0
1.474843316466476 -0.3389805266640209 0
3.772160812338979 -0.9800624949341803 0
1.015459044482877 -0.2281958164572244 0
2.467891894463627 -0.8451795059326204 0
1.174581220417309 -0.7774112440889481 0
0.5676927058710151 0.2938171206019076 0
1.83108816575038 -0.6777701461336796 0
1.465357235856505 -0.7839097355300465 0
1.253690666813457 -0.4320267721710678 0
1.517764999449129 0.1272391063516059 0
3.943910037685239 -0.8596506333976082 0
2.106470517343453 -0.5735544892473796 0
3.847797210595687 0.5167740312634332 0
3.452588354003246 -0.8879821495351751 0
2.842672450649607 -0.51120639195476 0
2.703572663682656 -0.08287268142413454 0
1.727703176468727 0.08563798514294582 0
3.277600327746981 -0.7222304883370906 0
2.828881364637216 -0.9643223160058216 0
1.4406055826064 -0.6229503466204472 0
1.025196005060793 -0.08685160131411172 0
2.990025823479576 -0.9774920788605592 0
2.21842787529519 -0.6028907492376118 0
0.9823777675633787 0.839830323591187 0
1.08514544752563 -0.4121892849706043 0
2.137711315030553 -0.6921437223613816 0
2.040969637130704 -0.9690430274448959 0
3.860081698264452 0.3669087773324974 0
1.537378239703368 -0.7314850233568513 0
2.062867222310371 -0.9572256828634695 0
1.43458729343433 -0.8082737015834214 0
2.092459733941545 -0.8815081723407268 0
1.878434292624688 -0.7031734920363647 0
3.575061710178276 -0.9655666567641902 0
1.018451812736493 -0.9840229006413077 0
1.918730213005635 -0.4010017130688189 0
2.752555529208277 -0.9390863855157652 0
1.51460138006926 -0.9430457289083325 0
2.022755214814462 -0.6863939593871766 0
1.303642226475738 -0.7588709721489747 0
2.109141800055545 -0.3728013612957032 0
2.97674613512674 0.3969132892779462 0
3.506023139652738 0.3859870902569194 0
3.851534996029399 0.6522953217384909 0
2.492730185270386 -0.8081770964094459 0
1.85769576708382 -0.7046277756184121 0
2.513095723463545 -0.8910547855899079 0
2.341724323408554 -0.9590898099861304 0
3.455566243577596 0.3157680647465104 0
2.781357619422171 -0.9556663520913827 0
1.161596422449537 -0.6574475518492143 0
3.230766563647234 -0.9692862749945566 0
1.50567853603716 -0.925590617900458 0
1.987726411329064 -0.4032254745866254 0
2.238899352623306 -0.9697213072622742 0
3.853500993140848 0.8104075777840194 0
2.875767932311036 -0.09011582494853571 0
1.17009952787192 -0.9728506693211673 0
3.398349981682305 -0.05213795776536442 0
1.95565746089805 -0.3612402785663308 0
2.870003130584414 0.4250211007441925 0
3.839448272692642 -0.8259336572816962 0
3.066617710873145 -0.7829165811107954 0
1.427460174495288 -0.9806749816312861 0
2.095720768524092 -0.5462603364358828 0
3.279309482716829 0.6596804075103102 0
1.622031659407568 0.347120598602157 0
2.078910821853973 -0.8107239997014515 0
2.363915413839893 -0.7788285316577233 0
2.99657090495423 -0.4697072582070542 0
1.835893047859953 -0.5559953843669742 0
1.025996200183406 -0.8332782377524298 0
2.287368955346953 -0.5799060506515905 0
1.081957033368284 -0.1054735957044327 0
1.274751443473327 -0.9500579186898765 0
2.366115903811238 -0.9603359566926273 0
1.312109729754346 -0.004386646825311688 0
3.378500522607275 -0.3701819841394348 0
2.13440099532647 0.5202947291869245 0
2.040442420124938 -0.371395553529865 0
1.242924531259638 -0.9775728810741889 0
3.65978047596274 -0.9681322283543793 0
1.292638211796793 -0.6513890210368487 0
3.938468516496954 -0.9234408312822566 0
3.103490936350118 0.04332545412732518 0
1.256904073577227 -0.1607933401502527 0
2.065600087438615 -0.8969133419949848 0
1.562508234207785 0.165396223974789 0
2.502478351055294 -0.8695276103956689 0
1.039252353290097 -0.5338011280842466 0
2.110764157707331 -0.6916984222133564 0
1.890297069333 -0.9807840768412914 0
2.055745128428246 -0.4009490289413208 0
1.98939878413842 -0.9533997295875026 0
1.464363892601399 -0.7440623911525155 0
1.322067305766906 -0.7356204418631376 0
1.026014762497638 -0.7151305877704224 0
1.894455658483219 -0.9546005547144614 0
1.884616115552723 -0.9672155544414704 0
3.340429526106934 -0.4637356424783187 0
1.45286134075121 -0.5988772407277266 0
2.553574147138638 -0.969084712531894 0
3.442884766550391 -0.3676223371827504 0
1.169010427763662 -0.03811052843167148 0
1.259868060379137 -0.2538544645077179 0
3.471933176867941 -0.8272034401883616 0
1.867868560929907 -0.9653488010971731 0
1.451946385234131 -0.8101845267027408 0
1.323313881259951 -0.2999037701195594 0
1.553235394818913 -0.5061794709416766 0
1.621112085714777 0.1739586296800856 0
2.354070233777518 -0.7529362621030045 0
0.4914202435265095 0.2959358458702906 0
3.070623352482631 -0.9709848242727084 0
2.080871570716499 -0.9579062178339464 0
2.1801506330741 0.5831410726898746 0
1.920998479184691 -0.9561857992818698 0
3.63771241271697 -0.2137471218674498 0
2.051602398302443 -0.7149502637986647 0
3.104456135186809 -0.9176372598114275 0
2.492109066210315 -0.8481022757641289 0
1.088647770488152 -0.1466812697560305 0
2.505495200067603 -0.7887831166546512 0
1.173679758650917 -0.2446360285196298 0
1.026132297956391 -0.7796127952055821 0
1.736077132450784 -0.9832959639063596 0
1.660319797381038 -0.7148475264583457 0
2.485165041228702 0.4500550688236083 0
1.042911461169754 -0.3257494665580565 0
1.450312702258941 -0.7232941773664364 0
1.527481914830061 -0.70861285019141 0
1.478689249614066 -0.9110032738364127 0
1.423470813916436 -0.4893319845205291 0
1.654356328394254 0.125433885878801 0
0.8499999403382262 0.3324081063299087 0
2.145031631538026 -0.3737463979709557 0
1.025608255618358 -0.6253405704008876 0
3.555803344950065 -0.3202869457791233 0
0.8747816976029945 0.6390306923261142 0
2.072531599966578 -0.7121823602492208 0
2.06488531908967 0.4025521674655081 0
3.175151345132929 -0.9400080989871945 0
1.276520684752924 -0.3566983588549519 0
2.013568651924579 -0.9553159870589323 0
1.010079441418069 -0.7417286196788248 0
1.281483468975981 -0.9631173230403504 0
2.829669843324861 -0.7526390098448634 0
2.340675719042705 0.05430693224580127 0
3.829947861748342 -0.9673747004353297 0
1.522946738298145 -0.3345293617818489 0
2.005532386637756 0.7684581185099919 0
2.274390230197295 -0.5507869573476897 0
0.2088428052046269 0.5000371130761018 0
1.276275471770674 -0.9182748612883009 0
3.162587241787723 0.0416247264320926 0
1.274483235281104 -0.5082163581631826 0
1.630604863108379 -0.2973367863953109 0
1.338217831698434 -0.2753951686053062 0
2.534455013480407 -0.9679698968706109 0
2.15929421054873 -0.6914346597635015 0
1.024017204588736 -0.1851326357932062 0
1.038964166708759 -0.4505246504105176 0
1.708534749445641 0.1228586589386339 0
2.860397505857837 -0.4776309920714801 0
2.415407921793676 0.4543439644610684 0
0.7595041904086464 0.09624067134240823 0
1.022720346659048 -0.5084082789381597 0
3.146491241962833 -0.9825227221879257 0
2.098805990021119 -0.8141480639141 0
3.05148701106981 -0.7975375037761909 0
3.782552838110123 -0.01739650928908947 0
1.012028872199064 -0.593527295065516 0
1.076547042414057 -0.1286108388339209 0
2.921592548014481 -0.9049927800134209 0
3.054427216982324 -0.7569801518596763 0
2.607645917259938 -0.9529803109534194 0
1.038490097167348 -0.4372189750660592 0
1.113432413848912 -0.5521276369377012 0
1.064923940151568 0.360751245429355 0
1.327567218782133 -0.9738762146663034 0
2.096020359241586 -0.9606655184424832 0
2.400879478815308 -0.9739663664983165 0
3.301172874166501 -0.8803857735750598 0
1.037974860725412 -0.5620076338816691 0
2.837682456079385 -0.9521967320462559 0
1.283225899579569 -0.9355147055004613 0
1.974604573256012 0.348009212889533 0
1.464253485015153 -0.5732789767270717 0
1.515727337746933 -0.4319886110900382 0
2.885864827748088 -0.4149016672950911 0
3.800154642257479 -0.4822886635154036 0
3.356568163073328 -0.75710025568939 0
2.931290894485106 -0.4203890459857155 0
1.347117286822932 -0.7569858662648414 0
1.02636647459723 -0.8098212124183743 0
2.748965274941346 -0.9576081227730613 0
2.220109756901039 -0.9696909531932092 0
1.055074342061477 0.1959477918765149 0
2.955867774665942 -0.1392320575772836 0
1.674916551113108 -0.485594287310364 0
2.38964370287158 -0.7389814204797964 0
2.558357291112136 0.4477780466681896 0
1.739494903121278 -0.8881079733273136 0
1.921289671255316 0.3411208657495923 0
1.10409690692221 -0.9642474092638189 0
2.788446419952396 -0.968859818423162 0
1.024157434668882 -0.2674563183263525 0
1.426794931153633 -0.721631840240871 0
3.68215886561363 -0.1503951781483157 0
1.663633200081307 0.8410759956578382 0
2.534806455663949 -0.1344221643626218 0
1.181367373851957 -0.2266111985979241 0
1.023299080778165 -0.7662595736699397 0
3.962282834585841 -0.960937114353148 0
3.933449926584448 0.9334499265844831 0
3.858960352945643 -0.1047440573696146 0
2.262263704021861 0.5054887377049022 0
0.065396126059176 0.9369470429120699 0
3.023871341908695 -0.8657599308931729 0
3.638152974827838 -0.9661357637532284 0
1.313246527406246 -0.6526163399001778 0
1.301003595548965 -0.9069636100715956 0
1.773216096679335 -0.9461475560106476 0
1.539643659865409 -0.4826928242584348 0
3.795820195094836 -0.9595415642976747 0
2.89433079726598 -0.8867979099563243 0
1.400008011364948 -0.1746673187767879 0
2.968580822991031 -0.72221200764223 0
3.71001017850211 -0.8982684080500086 0
1.168108785033004 -0.7338160263118336 0
0.05950489679686263 0.05907855507217349 0
3.294435248108796 -0.9349595266112376 0
2.886561694319248 -0.2771807566679232 0
2.433262877441145 0.199973404516043 0
1.806019836608903 -0.975285607415716 0
2.54775881939104 0.7500570399413522 0
3.112745833926836 -0.9768481691127171 0
3.571998283496885 -0.5798638936343816 0
1.788548827418916 -0.9439960424807696 0
2.952040559505304 -0.4561364268059239 0
2.651448989620139 -0.3149344857453247 0
2.18372269436733 -0.3740330648240551 0
1.850453144538207 -0.5401569997493814 0
1.36510508420456 -0.7606090095157347 0
2.413826484504573 -0.9745464061026321 0
0.4300596742061905 0.2260393161076942 0
2.286089955232039 0.003189887639100321 0
2.983332982574445 -0.9300414317741709 0
3.323406457536504 -0.7892280585319725 0
1.075317321609802 0.03351301508321183 0
2.122072026970924 -0.7894109398925944 0
1.518912538386483 -0.6870939146528077 0
1.390746183514996 -0.7387120476780833 0
1.65216133127743 -0.9752381259748458 0
3.48511039898984 -0.9652368978483689 0
1.022551420609509 -0.4758240807392808 0
3.867300934025929 -0.284665715227463 0
1.646048889781031 -0.2699781666131881 0
1.505364849053512 -0.9870480063041807 0
3.002390180612627 -0.1504436890386549 0
1.67294791978508 -0.6954476972994337 0
3.66663455246153 0.3774216614362418 0
3.366612009614763 -0.01120574577797343 0
3.095368485878005 -0.9000515992409314 0
3.467199342994661 -0.325290825388184 0
1.098231261787071 -0.4091161176157389 0
3.163955119245458 -0.6233047642349887 0
2.354708194490194 0.4571097686708212 0
1.058808477422059 -0.3237036448046307 0
1.223352897340686 -0.6670184175804287 0
1.234015612466076 -0.6811234470410097 0
2.113346292850102 -0.9416545994081964 0
3.760968971457486 -0.6900127583318345 0
0.143797898583355 0.1413477815982219 0
3.166832821384922 -0.2559325350304731 0
3.507731299281641 -0.8223807970849932 0
1.348911545712215 -0.2517511806837899 0
1.419128653119101 -0.9524479467518671 0
1.192547262308643 -0.7232328455832975 0
3.125276274561533 0.7934532454744071 0
2.745725256376436 -0.920352027046215 0
1.752563381609063 -0.9622130887137882 0
2.618620461975194 -0.8401125565017674 0
3.223100905824007 -0.8558656054920162 0
1.221870473673223 -0.7053604724950622 0
1.532423854751428 -0.308531792931403 0
1.025788449985115 -0.8901537183376906 0
1.427661190622575 -0.5611607805143936 0
2.859588247898191 0.3814583212247749 0
2.45788003133641 0.2455503830687015 0
0.1771753666212604 0.8695127850559143 0
2.716153058062957 0.4508502090899681 0
1.055164301734463 -0.4664523287151005 0
1.502197129864085 -0.4092959824386498 0
1.288257715539463 -0.987697830196705 0
3.764672700039876 -0.7319641101732606 0
1.64613974077763 -0.9603806955881141 0
1.038086487806998 -0.7660169932059782 0
0.746740928501914 0.5663105065965328 0
3.140101363559093 -0.2034017009284026 0
2.29244208812483 -0.9712265389287866 0
3.300472555538039 -0.6954762715419665 0
2.045288775963881 -0.9801720083584957 0
1.812246819516203 -0.9885697893143797 0
1.837388254995685 -0.5026968336703797 0
3.044336696362831 -0.8707724893438065 0
2.370734731761071 -0.98192923897874 0
1.800495251045995 -0.9633571895154155 0
3.042906623730154 0.796988504195725 0
2.729514585916734 -0.4855266144287661 0
1.454711583760713 -0.7728202707836913 0
1.657913609703387 -0.9882110781002049 0
2.145117754117989 -0.8159892063217647 0
0.2189306510308861 0.3379070229971572 0
2.223443968541298 -0.3762920497641292 0
3.39240838924044 0.08173202022329602 0
2.51371511093424 -0.09784834247857413 0
1.355150342485506 -0.9683054729798294 0
1.200182590744462 -0.9627087479649223 0
2.656370861029962 -0.9370440286358279 0
1.715424265692765 -0.8875658684837178 0
2.518071536641934 -0.7699121313027284 0
2.443208943468118 0.7527242129498644 0
2.888269082622438 -0.975068776936538 0
0.2792657031880269 0.13584817406088 0
3.397609765984055 -0.7133360928922279 0
3.24420300301176 0.7180253983116089 0
1.60107433823016 -0.8673473928086888 0
1.175612996367677 -0.9596941532760986 0
3.918472408510334 -0.6321780004119036 0
1.438077010235335 -0.5239414764092443 0
3.683906046872434 -0.9700483845462666 0
3.078650800738299 -0.8933410354403408 0
3.587465157845607 -0.8001442673751546 0
1.437892205270996 -0.4743082808436979 0
3.384218745129417 -0.6620199931387593 0
1.574796682162521 -0.9871717081600647 0
1.276740034591339 0.348056270297501 0
3.866929832647346 -0.6737866803329555 0
3.036932329495952 -0.6795421127408506 0
1.59219703187893 -0.9683993092041731 0
1.66966556262967 -0.4658531540369548 0
1.525060455803108 -0.4586714592877237 0
3.197561086120676 0.0965569788001059 0
1.285404522500608 -0.8688641086704547 0
3.875549422399031 -0.7857147304681031 0
2.047090706358293 0.8294277073249487 0
1.176560105270994 -0.6582176421141339 0
2.763999057811703 0.4001175840222698 0
2.318273708484236 0.51164101360638 0
1.548610043405592 -0.2838099241020164 0
2.756311079348486 -0.7689950510041634 0
1.061459130158905 -0.8907533369411063 0
1.822154099596963 0.1303411351290839 0
1.800353606844233 0.08684246638874449 0
1.119598639863016 -0.2767794508041933 0
2.793415193312867 -0.7720740671706229 0
1.156159463467065 -0.9757898937464695 0
3.080177197614263 -0.9564944663907643 0
1.627099057053243 0.9059252831988134 0
3.107440109107686 -0.7960717512730129 0
1.476968799506736 -0.4102306553993852 0
1.293677823630838 -0.8911768962871259 0
1.02169581738081 -0.9273765778194394 0
3.633040421462129 -0.7999653894384768 0
3.604521329216989 -0.3832817316975237 0
2.910728715691674 -0.8871546467109335 0
3.294556428355052 -0.9821494348262407 0
3.817436633277512 0.872718113057665 0
1.333179428339472 -0.6534756754549045 0
2.726220581492142 -0.9753235071314721 0
2.63419006245039 0.4484288645831717 0
3.581737034674314 -0.983536390113918 0
2.140988526578019 -0.5271386128487668 0
2.598582552587093 -0.14130358718838 0
1.298552105428047 0.05092693429520234 0
3.080453050046026 -0.1972546446445922 0
3.877532017394044 -0.1765412350971368 0
1.874918202214033 0.4023569481315913 0
2.527825897848162 -0.5940212311992643 0
0.2101875302362549 0.6698954168047093 0
0.8626874058565461 0.1198286430393782 0
3.507592846052626 -0.9718095774240596 0
3.729558008490793 -0.08609395500807013 0
2.206306809475018 -0.951326631294054 0
2.721655904327492 -0.8492548827253574 0
3.873280245250564 0.4471045165201571 0
1.02452280457778 -0.3428285855505733 0
2.3920930494996 0.1180626206471759 0
3.048216866268417 -0.1477389523824243 0
2.861631937916702 -0.8474656072194777 0
3.36352508769807 -0.972758893324176 0
1.393568494646291 -0.9531648034269498 0
2.443283383740925 -0.9696095966927785 0
1.630705156805161 -0.460821666852521 0
2.843872643736025 -0.452550861187632 0
3.745753067761329 0.8660330459857071 0
1.18456581535939 -0.7669967868641999 0
1.550896360488466 -0.6731996842716955 0
2.316359333289938 -0.5326068132050925 0
1.022131282181316 -0.4113196273397087 0
2.192843197088237 -0.6898193030428972 0
1.68502672296693 -0.6773606999455017 0
2.017357135699545 -0.9675621297910442 0
2.270341797870357 -0.2654547743463875 0
1.175494403295476 -0.7500706749847821 0
1.021593496199057 -0.3792135420022084 0
2.461960975620099 -0.3852922419647289 0
2.214438312310687 -0.9857483573236618 0
1.269677317873094 -0.9874976199252166 0
1.850589328684672 -0.949595966257452 0
1.290726315876956 -0.5044417215917243 0
2.965507169698042 -0.8930276626448642 0
3.432731437396533 -0.9306415559016061 0
1.560758401532961 -0.08419120364707788 0
2.022347707268764 -0.9888655464468152 0
2.962367926066604 -0.9846052797883168 0
3.295652345471022 -0.9505468126134671 0
3.62740800985392 -0.4403601603715926 0
2.551487434652484 -0.350260328810383 0
3.317419584790259 -0.4239551925220368 0
2.524043765001569 -0.9848133003883638 0
1.025517852167057 -0.2424270246319219 0
1.549549464129239 -0.437685071211917 0
2.49666916778116 -0.3379183693271209 0
2.606900470941178 -0.8097627194829257 0
1.113777134105204 -0.4270819715378047 0
1.142457174581034 -0.568224453323978 0
1.088051283782643 -0.515110399047207 0
1.049919256566853 -0.7683159477056631 0
1.068707108833709 -0.3368746306947254 0
0.6701006353073042 0.5598165916554481 0
1.036666429344142 -0.8890378297186547 0
1.318341701986321 -0.0588663863436792 0
1.580877598598174 -0.4316280457773063 0
3.367972421188572 0.1381376624827239 0
3.031863461847396 -0.832972768839809 0
3.739327466906357 0.3841880722534656 0
1.025953506276539 -0.03552534495882557 0
1.52415660413849 -0.9852623438880859 0
0.426540170547204 0.6482607428311172 0
2.975297425961056 -0.9127671147127862 0
2.305925296926865 -0.3779588327717368 0
1.582144215464808 -0.2441864945566163 0
2.959106134711535 0.8002531703901457 0
2.848388163322707 -0.8594144909548223 0
2.985941293601283 -0.7006123795755405 0
3.323190270193717 -0.6679752953855955 0
1.062560715298514 -0.4800798356221498 0
2.975240215744573 -0.9876674603816089 0
2.175213668541562 -0.9494229017305377 0
2.343386692711162 -0.3772733802486815 0
3.873251141590016 0.1016951951945731 0
2.216211323708924 -0.690707830541741 0
1.049448198604479 -0.4551130856333409 0
2.009539744277644 0.1224790520095731 0
1.74244556647972 -0.9586216259763047 0
3.193019621376157 -0.9431721522624765 0
2.264898208490205 -0.4137333488024718 0
1.141480005776383 -0.9579687268773346 0
3.07494538479405 -0.8003754272198315 0
$EndNodes
$Elements
7 9962 1 9962
1 1 1 11
1 1 7 
2 7 8 
3 8 9 
4 9 10 
5 10 11 
6 11 12 
7 12 13 
8 13 14 
9 14 15 
10 15 16 
11 16 2 
1 2 1 61
12 2 17 
13 17 18 
14 18 19 
15 19 20 
16 20 21 
17 21 22 
18 22 23 
19 23 24 
20 24 25 
21 25 26 
22 26 27 
23 27 28 
24 28 29 
25 29 30 
26 30 31 
27 31 32 
28 32 33 
29 33 34 
30 34 35 
31 35 36 
32 36 37 
33 37 38 
34 38 39 
35 39 40 
36 40 41 
37 41 42 
38 42 43 
39 43 44 
40 44 45 
41 45 46 
42 46 47 
43 47 48 
44 48 49 
45 49 50 
46 50 51 
47 51 52 
48 52 53 
49 53 54 
50 54 55 
51 55 56 
52 56 57 
53 57 58 
54 58 59 
55 59 60 
56 60 61 
57 61 62 
58 62 63 
59 63 64 
60 64 65 
61 65 66 
62 66 67 
63 67 68 
64 68 69 
65 69 70 
66 70 71 
67 71 72 
68 72 73 
69 73 74 
70 74 75 
71 75 76 
72 76 3 
1 3 1 132
73 3 77 
74 77 78 
75 78 79 
76 79 80 
77 80 81 
78 81 82 
79 82 83 
80 83 84 
81 84 85 
82 85 86 
83 86 87 
84 87 88 
85 88 89 
86 89 90 
87 90 91 
88 91 92 
89 92 93 
90 93 94 
91 94 95 
92 95 96 
93 96 97 
94 97 98 
95 98 99 
96 99 100 
97 100 101 
98 101 102 
99 102 103 
100 103 104 
101 104 105 
102 105 106 
103 106 107 
104 107 108 
105 108 109 
106 109 110 
107 110 111 
108 111 112 
109 112 113 
110 113 114 
111 114 115 
112 115 116 
113 116 117 
114 117 118 
115 118 119 
116 119 120 
117 120 121 
118 121 122 
119 122 123 
120 123 124 
121 124 125 
122 125 126 
123 126 127 
124 127 128 
125 128 129 
126 129 130 
127 130 131 
128 131 132 
129 132 133 
130 133 134 
131 134 135 
132 135 136 
133 136 137 
134 137 138 
135 138 139 
136 139 140 
137 140 141 
138 141 142 
139 142 143 
140 143 144 
141 144 145 
142 145 146 
143 146 147 
144 147 148 
145 148 149 
146 149 150 
147 150 151 
148 151 152 
149 152 153 
150 153 154 
151 154 155 
152 155 156 
153 156 157 
154 157 158 
155 158 159 
156 159 160 
157 160 161 
158 161 162 
159 162 163 
160 163 164 
161 164 165 
162 165 166 
163 166 167 
164 167 168 
165 168 169 
166 169 170 
167 170 171 
168 171 172 
169 172 173 
170 173 174 
171 174 175 
172 175 176 
173 176 177 
174 177 178 
175 178 179 
176 179 180 
177 180 181 
178 181 182 
179 182 183 
180 183 184 
181 184 185 
182 185 186 
183 186 187 
184 187 188 
185 188 189 
186 189 190 
187 190 191 
188 191 192 
189 192 193 
190 193 194 
191 194 195 
192 195 196 
193 196 197 
194 197 198 
195 198 199 
196 199 200 
197 200 201 
198 201 202 
199 202 203 
200 203 204 
201 204 205 
202 205 206 
203 206 207 
204 207 4 
1 4 1 22
205 4 208 
206 208 209 
207 209 210 
208 210 211 
209 211 212 
210 212 213 
211 213 214 
212 214 215 
213 215 216 
214 216 217 
215 217 218 
216 218 219 
217 219 220 
218 220 221 
219 221 222 
220 222 223 
221 223 224 
222 224 225 
223 225 226 
224 226 227 
225 227 228 
226 228 5 
1 5 1 44
227 5 229 
228 229 230 
229 230 231 
230 231 232 
231 232 233 
232 233 234 
233 234 235 
234 235 236 
235 236 237 
236 237 238 
237 238 239 
238 239 240 
239 240 241 
240 241 242 
241 242 243 
242 243 244 
243 244 245 
244 245 246 
245 246 247 
246 247 248 
247 248 249 
248 249 250 
249 250 251 
250 251 252 
251 252 253 
252 253 254 
253 254 255 
254 255 256 
255 256 257 
256 257 258 
257 258 259 
258 259 260 
259 260 261 
260 261 262 
261 262 263 
262 263 264 
263 264 265 
264 265 266 
265 266 267 
266 267 268 
267 268 269 
268 269 270 
269 270 271 
270 271 6 
1 6 1 11
271 6 272 
272 272 273 
273 273 274 
274 274 275 
275 275 276 
276 276 277 
277 277 278 
278 278 279 
279 279 280 
280 280 281 
281 281 1 
2 1 2 9681
282 2978 4142 3001 
283 2439 2740 105 
284 2789 3788 1283 
285 3102 4023 1818 
286 3393 4724 2339 
287 563 4142 2978 
288 4294 4458 2615 
289 2876 3065 3035 
290 1364 3340 3339 
291 1690 4000 2693 
292 2 3418 327 
293 320 4372 113 
294 1904 3969 3140 
295 2352 4279 2037 
296 2778 3004 2201 
297 1512 2896 2750 
298 2791 3788 2789 
299 3541 3542 1508 
300 4181 4274 1434 
301 1017 2967 2746 
302 3054 4414 306 
303 3149 3677 2449 
304 3538 4563 3536 
305 2199 3053 2148 
306 141 2716 140 
307 2817 4512 4365 
308 2339 3676 3393 
309 568 3822 156 
310 118 2838 282 
311 3065 4170 3204 
312 2920 2921 2233 
313 2487 4136 3468 
314 1473 2927 2925 
315 1665 4487 1666 
316 2307 3007 3006 
317 2380 2735 112 
318 1774 2941 2937 
319 2 327 326 
320 3345 4347 3571 
321 1186 3075 1284 
322 3212 4828 1344 
323 2405 3004 2778 
324 1364 4195 3340 
325 3542 4039 1508 
326 2845 3179 1357 
327 2874 4105 2231 
328 2167 4396 2956 
329 1774 2937 2936 
330 3240 4149 2298 
331 121 4824 322 
332 2168 3513 3511 
333 3559 3720 2043 
334 233 2967 1017 
335 3110 3867 1793 
336 1351 3112 3111 
337 2307 3006 2306 
338 2393 4026 2895 
339 2615 4458 2837 
340 2232 2920 2233 
341 2614 4095 4005 
342 1357 4354 2845 
343 3111 4371 1351 
344 3791 4767 2145 
345 985 4563 3538 
346 462 4481 464 
347 3410 4131 2713 
348 4365 4512 1276 
349 633 3442 2612 
350 2814 2933 91 
351 290 2856 166 
352 3391 4612 3286 
353 2731 2824 1530 
354 2075 3564 3507 
355 1473 3233 2927 
356 1274 3949 3565 
357 1295 3430 2847 
358 464 4481 3242 
359 3793 4205 2557 
360 2750 2806 1512 
361 2944 4726 4332 
362 2191 3395 3004 
363 1904 3140 3138 
364 2687 3791 2145 
365 2693 4000 3502 
366 3051 3052 2542 
367 208 4735 4 
368 3949 3950 3565 
369 2043 4470 3559 
370 2540 4612 3391 
371 2821 2822 978 
372 3507 4757 2075 
373 1807 4578 3553 
374 629 4131 3410 
375 4022 4064 1887 
376 2357 3785 3318 
377 1511 4275 3132 
378 1490 4342 3386 
379 4005 4095 1510 
380 3318 4722 2357 
381 2716 3696 140 
382 2181 3395 2191 
383 3303 4443 3302 
384 1067 3559 2984 
385 2834 4274 4181 
386 3436 4586 3464 
387 1498 4268 3238 
388 3190 4219 1484 
389 2279 3394 3234 
390 2788 3548 2947 
391 2886 2887 1663 
392 2755 3006 1707 
393 3553 4578 2903 
394 316 2863 92 
395 283 3090 3015 
396 3241 4149 3240 
397 3163 4406 3154 
398 2151 3926 2375 
399 2486 2983 2855 
400 3950 4043 1874 
401 2191 3004 2405 
402 3676 3970 3500 
403 4255 4332 2727 
404 234 2967 233 
405 106 2439 105 
406 119 2838 118 
407 3132 4225 1511 
408 681 2571 169 
409 3427 4064 4022 
410 2786 4507 324 
411 2855 4741 2486 
412 1793 3866 3110 
413 654 4545 4005 
414 3119 4487 1665 
415 2201 3005 2778 
416 3251 3475 3451 
417 3915 4106 2331 
418 4670 4746 836 
419 3564 4016 3510 
420 958 3679 815 
421 2356 2838 119 
422 2895 4026 442 
423 3238 4218 1498 
424 3386 4288 1490 
425 3040 3428 3041 
426 235 4244 234 
427 3268 4011 420 
428 2612 4658 633 
429 3531 4316 1490 
430 166 2856 165 
431 402 4027 400 
432 4005 4545 2614 
433 2688 4062 3752 
434 4075 4669 2361 
435 2917 3001 1525 
436 286 3696 3211 
437 289 2866 159 
438 2571 2943 168 
439 2821 3273 2197 
440 4218 4260 1498 
441 3561 3562 2344 
442 1941 4638 3407 
443 2352 3126 2998 
444 3299 3688 2311 
445 2998 4279 2352 
446 2426 3715 3206 
447 3789 4733 942 
448 2549 4627 4357 
449 3752 4795 2688 
450 3052 3074 2542 
451 4113 4132 3298 
452 3832 4079 612 
453 1347 3112 1351 
454 1196 3856 3337 
455 113 2380 112 
456 3788 4396 761 
457 3227 3552 1676 
458 1484 4263 3190 
459 2388 4001 3191 
460 2168 4013 3513 
461 2784 3738 798 
462 3703 4559 4329 
463 3199 3569 1650 
464 1577 4007 2797 
465 1490 4288 3531 
466 170 681 169 
467 2797 3268 1577 
468 3571 4347 2094 
469 4058 4098 2044 
470 1320 4660 2602 
471 169 2571 168 
472 3262 3520 1664 
473 1479 4433 3490 
474 2770 4694 4595 
475 2973 3899 1528 
476 365 2959 367 
477 3170 4260 4218 
478 319 4397 106 
479 2 326 16 
480 2720 4808 4094 
481 3451 3475 3450 
482 2720 4094 2719 
483 3559 3614 2984 
484 4259 4774 3942 
485 2175 4783 3743 
486 2232 4630 4289 
487 1972 3777 1970 
488 3562 4030 2344 
489 4597 4828 3212 
490 3252 4029 3997 
491 2888 4802 1612 
492 2232 4289 2920 
493 1707 4530 2755 
494 867 3428 3040 
495 3057 4706 3096 
496 2887 2888 1663 
497 165 2856 2373 
498 2746 3951 1017 
499 2671 3823 1447 
500 2791 4396 3788 
501 179 2591 299 
502 3446 4272 2817 
503 3120 3893 2741 
504 3206 4010 2426 
505 267 2823 266 
506 4329 4559 2804 
507 1528 3899 2964 
508 3464 4586 3232 
509 2838 2841 2839 
510 2306 3006 2755 
511 1792 4109 3031 
512 3299 4113 3298 
513 3117 4213 2503 
514 120 2356 119 
515 319 4647 3978 
516 3204 4170 2056 
517 2758 3726 692 
518 184 2733 183 
519 1636 3418 2 
520 3191 4001 2242 
521 1621 4189 3678 
522 2947 2948 2788 
523 2998 3126 2999 
524 2988 2993 2987 
525 3090 4542 2868 
526 2307 4399 3007 
527 3587 4431 3586 
528 3031 4488 1792 
529 3229 4262 725 
530 2602 4276 1320 
531 2469 4701 2934 
532 3174 4098 4058 
533 581 3604 583 
534 3959 4638 1941 
535 1296 3743 3660 
536 316 2923 2863 
537 4134 4544 3226 
538 3490 4419 1479 
539 3190 3654 630 
540 427 3830 425 
541 2865 4343 305 
542 2522 4414 3054 
543 3150 3525 1703 
544 725 4134 3229 
545 3252 3997 3444 
546 2449 3895 3149 
547 2339 3970 3676 
548 234 4244 2967 
549 1280 3363 3013 
550 1650 3569 1227 
551 3561 3985 3720 
552 158 2866 2340 
553 2077 4404 3439 
554 3535 3679 958 
555 156 3822 2575 
556 1676 3552 1237 
557 2769 4446 3077 
558 283 4378 3090 
559 165 2373 164 
560 2897 3071 2898 
561 692 3727 2758 
562 2197 3273 2383 
563 1447 4716 2671 
564 1020 3789 942 
565 2730 4714 4711 
566 2199 3459 3458 
567 3593 4960 1636 
568 3302 4443 2296 
569 2411 4302 4015 
570 1663 2888 1612 
571 3088 3909 3089 
572 159 2866 158 
573 269 3272 268 
574 1530 3390 2731 
575 2931 3271 420 
576 2934 4264 2469 
577 1664 3520 1253 
578 2038 4446 2770 
579 1345 3112 1347 
580 3909 4408 3089 
581 798 4811 2784 
582 2574 3851 2606 
583 1692 4205 3793 
584 3978 4647 2953 
585 158 2340 157 
586 2478 3050 3049 
587 85 4169 84 
588 2344 3985 3561 
589 1703 3526 3150 
590 3701 4009 2667 
591 3949 4043 3950 
592 2997 3016 1944 
593 2965 3021 1367 
594 616 4774 4259 
595 3415 4619 1941 
596 2149 3614 1815 
597 3252 4032 617 
598 2900 3058 301 
599 3678 4376 1621 
600 3096 4706 3071 
601 725 4544 4134 
602 2279 4842 3394 
603 2770 4595 2038 
604 2969 4687 14 
605 2797 4011 3268 
606 2817 4365 3446 
607 3905 4396 2167 
608 3101 3708 2343 
609 418 4009 3701 
610 3000 3061 2445 
611 4372 4628 2738 
612 3441 4006 3989 
613 2515 4255 2090 
614 92 4436 91 
615 1538 3652 3128 
616 3631 4693 53 
617 2867 2868 2038 
618 2773 3482 3114 
619 305 4314 2865 
620 3439 4444 2077 
621 324 3285 2786 
622 4332 4726 2728 
623 612 4465 3832 
624 311 3018 2924 
625 3153 3634 2272 
626 3013 3363 2547 
627 2576 2577 602 
628 4595 4694 1531 
629 128 625 127 
630 1874 4941 3950 
631 2843 3830 2415 
632 3545 4377 2802 
633 617 4029 3252 
634 2301 3070 2932 
635 623 3934 543 
636 69 4441 4364 
637 962 4662 3596 
638 2802 4393 3545 
639 542 3339 544 
640 3506 3776 2315 
641 2132 4608 4495 
642 2410 4748 3363 
643 1984 3921 1982 
644 2126 4105 2875 
645 2763 4693 3631 
646 978 3272 2821 
647 150 602 149 
648 2960 3888 2379 
649 1307 4542 3090 
650 2932 3071 2897 
651 2987 2993 2068 
652 4137 4223 624 
653 3643 4204 2518 
654 3035 3065 741 
655 2357 3902 3785 
656 2841 4111 2839 
657 3596 4662 3160 
658 322 4937 121 
659 2867 3090 2868 
660 2493 4431 3587 
661 1384 2964 2846 
662 3156 4257 414 
663 3094 4192 2115 
664 3863 4800 1354 
665 4231 4726 3658 
666 4375 4399 2627 
667 315 4364 2721 
668 3785 3902 3612 
669 4520 4591 2564 
670 177 2994 176 
671 321 3121 2922 
672 2652 3021 2787 
673 178 4331 177 
674 3000 3069 3061 
675 2813 4713 1533 
676 2564 4591 2563 
677 3154 3634 3153 
678 2856 3670 2857 
679 3542 4498 4350 
680 2836 4891 838 
681 3720 3985 2043 
682 3261 4223 4137 
683 4711 4714 438 
684 3154 4406 3634 
685 1765 2965 1588 
686 2846 3014 1384 
687 838 3604 2836 
688 3503 4292 3745 
689 2892 3958 3601 
690 3348 3349 2930 
691 1284 3075 1682 
692 4131 4250 2682 
693 483 4427 3635 
694 3138 4157 1904 
695 150 2576 602 
696 1364 3339 542 
697 1512 3075 1186 
698 1354 4306 3863 
699 3096 3736 3057 
700 3739 3951 2674 
701 2688 4795 1489 
702 2729 4114 1539 
703 2820 2959 1352 
704 2585 4131 2682 
705 3012 4168 2681 
706 3468 4553 2487 
707 2601 4030 3562 
708 3077 4446 2868 
709 2011 3313 2095 
710 601 4549 2739 
711 956 4670 4123 
712 2993 4555 2485 
713 367 2959 413 
714 1067 4207 808 
715 3211 4766 286 
716 3692 4404 4101 
717 2399 4122 3298 
718 2095 3313 3305 
719 3430 4380 2847 
720 3826 4598 1188 
721 2075 4016 3564 
722 2486 2946 2945 
723 3792 3923 2355 
724 3146 3526 3148 
725 179 299 178 
726 2415 4754 2843 
727 2805 4669 4075 
728 2565 4758 170 
729 3001 4142 1525 
730 1630 4180 3678 
731 2984 4207 1067 
732 1539 4172 2744 
733 100 4858 99 
734 2822 2823 978 
735 2769 3077 3076 
736 4198 4405 2800 
737 4334 4351 2912 
738 4031 4032 3901 
739 3101 4023 3102 
740 3562 3738 2601 
741 2148 3053 2382 
742 3204 4748 2410 
743 2922 3122 321 
744 91 4436 2814 
745 4249 4257 3449 
746 3468 4136 1339 
747 2738 4628 3549 
748 2629 4463 3460 
749 3609 3750 2147 
750 1941 4619 3959 
751 2315 4844 3506 
752 2930 4946 3348 
753 624 4223 3264 
754 3453 3888 2960 
755 4185 4555 2993 
756 2875 3577 2126 
757 176 2994 734 
758 3139 4157 3138 
759 1533 4407 2813 
760 2802 4653 3590 
761 3666 4561 2559 
762 1818 4440 3102 
763 2199 4469 3053 
764 4350 4498 2500 
765 1539 4197 2729 
766 2283 3741 2174 
767 2902 2904 428 
768 4424 4528 3355 
769 3011 3767 3625 
770 4495 4608 3335 
771 3687 3926 2726 
772 3740 3741 2283 
773 419 4114 4017 
774 3982 4560 4482 
775 1479 4419 3366 
776 2681 4439 3012 
777 617 4032 4031 
778 2979 3705 2070 
779 3301 4334 2912 
780 3601 3958 2358 
781 3230 3934 623 
782 4472 4509 3524 
783 4015 4302 3277 
784 1944 3016 1526 
785 3451 3563 3251 
786 483 4266 453 
787 2175 3743 2283 
788 4017 4114 2729 
789 1489 4846 2688 
790 1480 4836 4763 
791 3337 3856 2621 
792 2739 3672 601 
793 718 3441 3431 
794 3678 4189 1630 
795 2278 4783 2175 
796 3233 4265 2929 
797 3035 3577 2876 
798 1954 3798 1953 
799 815 3679 813 
800 2606 3851 3579 
801 2485 2983 2486 
802 1541 4509 4472 
803 3128 4896 1538 
804 3264 4325 624 
805 2712 4366 318 
806 976 4522 2701 
807 2313 3123 3122 
808 122 2881 121 
809 2331 4106 3557 
810 3760 3910 3062 
811 3150 3644 3525 
812 418 3575 2851 
813 1852 4102 3621 
814 2744 4197 1539 
815 414 4257 4249 
816 1268 4575 3933 
817 3670 3824 2857 
818 1664 3270 3262 
819 414 4345 3156 
820 1157 2961 2141 
821 1296 4564 3743 
822 3055 3114 1387 
823 2475 4210 3234 
824 3301 4224 1167 
825 2852 2854 323 
826 3590 4393 2802 
827 3366 4430 1479 
828 3745 4292 1074 
829 2726 3926 2151 
830 2559 4617 3666 
831 4438 4717 2890 
832 2875 4105 2874 
833 3444 3997 717 
834 3049 4618 2478 
835 2451 3895 2448 
836 3835 4143 708 
837 3305 4875 2095 
838 15 2969 14 
839 2189 4220 2906 
840 4144 4326 2972 
841 2907 4627 2549 
842 1041 4570 4564 
843 2397 4762 3267 
844 3298 4132 2399 
845 2932 3070 1659 
846 4155 4172 417 
847 2658 4771 3418 
848 2892 3835 708 
849 3933 4601 2645 
850 317 4453 99 
851 1996 2867 2038 
852 4067 4188 3615 
853 978 2823 267 
854 2601 3738 2784 
855 3326 4239 3328 
856 625 3053 2529 
857 2023 4506 3518 
858 135 600 134 
859 1765 3548 2965 
860 2744 4172 4155 
861 2326 3760 3663 
862 3189 3654 3190 
863 4052 4573 2996 
864 3715 4018 3336 
865 3933 4581 1268 
866 420 4011 2931 
867 2147 3750 2913 
868 2850 3443 1339 
869 3019 3747 2546 
870 2569 4341 4212 
871 1352 4965 2820 
872 2431 4224 3301 
873 2927 3233 2929 
874 2009 3313 2011 
875 337 3788 761 
876 3257 3441 3438 
877 2862 3848 1510 
878 1676 4895 3227 
879 3450 3475 1261 
880 3019 4746 4670 
881 4388 4527 3380 
882 1352 2959 365 
883 4813 4893 4048 
884 99 4858 317 
885 3170 4019 441 
886 3438 3440 3257 
887 634 4428 4250 
888 4364 4441 2724 
889 3418 4467 2658 
890 2716 3827 3588 
891 2461 4877 2861 
892 3571 4762 2397 
893 2917 4127 4079 
894 4289 4630 2759 
895 3458 4469 2199 
896 2963 3683 2374 
897 2311 4113 3299 
898 2885 3825 413 
899 2721 4593 315 
900 1650 4921 3199 
901 2115 4611 3094 
902 77 4332 4255 
903 168 2943 167 
904 1432 3872 2272 
905 2701 4671 976 
906 2231 4607 2874 
907 2561 4598 3826 
908 3356 4086 3954 
909 1685 4326 4144 
910 708 3958 2892 
911 115 2914 114 
912 1699 3893 3120 
913 1387 4156 3055 
914 3264 4368 4325 
915 2838 2839 282 
916 2804 4285 2715 
917 2486 2945 2065 
918 156 2575 155 
919 2774 2897 2866 
920 4359 4852 470 
921 2576 2578 2577 
922 2859 4629 2280 
923 4271 4289 1647 
924 3490 4358 3489 
925 2629 4704 4463 
926 2393 4027 4026 
927 2445 3879 3000 
928 3265 4368 3264 
929 717 4592 3444 
930 3588 4915 2716 
931 2546 3747 3686 
932 3241 4335 4149 
933 2280 4529 2859 
934 3621 4827 1852 
935 4813 4870 3292 
936 2931 3349 3271 
937 3159 3161 3135 
938 2503 4307 3117 
939 3150 3526 3146 
940 2136 4528 4424 
941 1546 4188 4067 
942 2741 3893 2742 
943 735 4252 3102 
944 3686 3747 1189 
945 1278 4626 1647 
946 4763 4836 2663 
947 2823 3495 266 
948 2315 3777 1972 
949 2965 4750 3021 
950 3928 4794 2783 
951 958 3649 3535 
952 3427 4106 1943 
953 3135 4449 3159 
954 3117 4307 3067 
955 86 4931 85 
956 470 4654 4359 
957 172 2869 171 
958 3522 4296 3657 
959 1815 3614 1817 
960 4564 4570 3742 
961 2995 2997 1944 
962 3707 4822 2732 
963 2267 3951 3875 
964 2415 3830 427 
965 3954 4086 1632 
966 2426 4018 3715 
967 583 3604 838 
968 1647 4289 2759 
969 3805 4255 2515 
970 2930 3349 2928 
971 99 4961 98 
972 2272 3872 3153 
973 4651 4729 3003 
974 2117 3021 2652 
975 3177 4405 4198 
976 3114 3482 1387 
977 2840 3854 3408 
978 1983 3291 2133 
979 4531 4609 3864 
980 400 4027 1508 
981 2842 4665 3383 
982 1472 4601 3933 
983 2899 3637 1471 
984 1943 4106 3915 
985 2343 4023 3101 
986 2591 3151 299 
987 421 4145 415 
988 2407 4371 3779 
989 2122 4136 2120 
990 1943 4064 3427 
991 3033 3035 741 
992 1588 2965 1366 
993 2988 4418 3744 
994 1649 4527 4388 
995 2201 3079 3005 
996 2518 4704 3643 
997 3102 4252 3100 
998 4122 4130 3494 
999 3169 4019 3170 
1000 2141 4643 4277 
1001 292 4379 3024 
1002 3292 4870 3294 
1003 3799 4580 4516 
1004 3104 4873 2677 
1005 2482 3784 2990 
1006 4101 4404 2077 
1007 3635 4427 3636 
1008 3446 3797 2294 
1009 1381 3014 1379 
1010 4294 4479 907 
1011 268 3272 978 
1012 2482 4882 3784 
1013 1339 4136 2850 
1014 734 4573 4052 
1015 1730 3272 269 
1016 2706 4609 2705 
1017 2787 3548 2788 
1018 2436 4822 3707 
1019 625 2529 127 
1020 2928 3349 2931 
1021 731 3940 3201 
1022 3635 4266 483 
1023 1286 3312 753 
1024 3383 4615 2842 
1025 2961 4643 2141 
1026 3328 4239 1407 
1027 3809 4441 632 
1028 2773 4845 3482 
1029 1138 2961 1157 
1030 3668 4853 4603 
1031 2510 3851 2574 
1032 3331 4363 3332 
1033 85 4931 318 
1034 1981 3291 1983 
1035 4079 4127 612 
1036 2895 4838 3130 
1037 3234 4210 2279 
1038 2399 4130 4122 
1039 2161 2985 560 
1040 4524 4944 3022 
1041 2706 4632 4609 
1042 108 2950 107 
1043 213 3123 212 
1044 3707 4569 2596 
1045 2851 4009 418 
1046 3645 4073 3598 
1047 2918 3884 303 
1048 4026 4027 402 
1049 1491 3990 3989 
1050 3663 4920 2326 
1051 4594 4673 3230 
1052 4173 4881 254 
1053 931 2990 961 
1054 1444 4105 1660 
1055 1663 2935 2886 
1056 3542 4350 4039 
1057 2037 4279 2437 
1058 2707 3151 2401 
1059 2117 2651 2118 
1060 1253 3520 1251 
1061 4634 4767 3379 
1062 2374 3684 2963 
1063 1237 3552 1235 
1064 2401 3152 2446 
1065 2981 3846 1614 
1066 3019 4670 3747 
1067 1508 4027 3541 
1068 989 4358 3490 
1069 3787 4709 4622 
1070 3014 3646 1379 
1071 3989 4006 1491 
1072 4212 4341 2403 
1073 3309 4876 4875 
1074 1227 3569 1225 
1075 288 3467 152 
1076 4182 4253 3547 
1077 3074 4281 822 
1078 4363 4429 3332 
1079 1525 4127 2917 
1080 333 2968 1283 
1081 4013 4966 3513 
1082 576 4729 4651 
1083 152 3467 151 
1084 3023 4524 3022 
1085 1345 3711 3112 
1086 4632 4655 3311 
1087 1017 3951 3739 
1088 1659 3071 2932 
1089 3231 4327 3229 
1090 3202 4208 3201 
1091 4652 4773 3808 
1092 3229 4327 4262 
1093 2715 4329 2804 
1094 2976 3947 2975 
1095 1612 4802 1614 
1096 2439 2741 2740 
1097 2911 3691 1792 
1098 155 1370 154 
1099 3272 3273 2821 
1100 2901 4874 3598 
1101 2878 4245 3628 
1102 3047 4232 3480 
1103 2147 4148 3609 
1104 4250 4428 2682 
1105 289 4845 2866 
1106 255 4173 254 
1107 2806 3075 1512 
1108 2244 4304 3082 
1109 3794 4059 4023 
1110 3300 3688 3299 
1111 2876 4170 3065 
1112 2890 4717 2889 
1113 3815 4623 3088 
1114 4496 4521 3136 
1115 4232 4508 1732 
1116 3397 3398 1771 
1117 167 2943 290 
1118 3187 3191 2242 
1119 543 3934 541 
1120 1501 4215 3156 
1121 1207 3610 1012 
1122 1121 4220 2189 
1123 3060 4290 4163 
1124 2705 4609 4531 
1125 3052 4281 3074 
1126 3130 4838 3129 
1127 3555 3769 3557 
1128 2081 3184 2436 
1129 600 2732 134 
1130 2728 4726 4231 
1131 1369 3923 3792 
1132 3202 4300 4208 
1133 4516 4580 2523 
1134 2677 4878 3104 
1135 3526 3527 3148 
1136 2437 4279 2845 
1137 3557 3769 2331 
1138 2701 4403 2910 
1139 2465 4312 3439 
1140 3443 3813 1440 
1141 1377 3604 581 
1142 3831 3832 1935 
1143 2904 3081 428 
1144 948 3676 3500 
1145 1039 4184 1020 
1146 3040 3894 867 
1147 2616 4143 3835 
1148 3306 4875 3305 
1149 2693 4843 1690 
1150 4590 4633 3329 
1151 2962 3695 419 
1152 1322 3760 3062 
1153 3192 3194 3189 
1154 1379 3646 1353 
1155 3465 4168 3012 
1156 3598 4874 1654 
1157 4640 4661 3296 
1158 2494 4500 3504 
1159 2900 4499 3058 
1160 641 4164 3132 
1161 3290 4893 4813 
1162 2152 4837 2726 
1163 2936 4916 1774 
1164 2994 4573 734 
1165 3498 3956 3497 
1166 1896 4753 3460 
1167 2560 3905 2163 
1168 2029 3161 1562 
1169 1757 4229 3824 
1170 1647 4626 4271 
1171 1095 3682 1092 
1172 598 4792 3411 
1173 3452 3879 2445 
1174 298 4693 3029 
1175 323 4261 2852 
1176 2521 4961 99 
1177 3168 4215 4044 
1178 3411 4806 598 
1179 3926 4865 2375 
1180 3307 4875 3306 
1181 3677 4180 2449 
1182 3485 4874 2891 
1183 719 4024 346 
1184 2866 4845 2774 
1185 2988 4185 2993 
1186 2959 3847 413 
1187 3899 4950 2964 
1188 3518 4506 2711 
1189 2380 2736 2735 
1190 600 3707 2732 
1191 1863 4304 2244 
1192 1159 3116 974 
1193 3218 3890 3756 
1194 4622 4709 2762 
1195 2163 3905 2167 
1196 921 3413 919 
1197 1625 3736 3096 
1198 3404 3405 303 
1199 3027 3656 3655 
1200 3194 3654 3189 
1201 2334 4767 4634 
1202 4864 4945 4710 
1203 2739 4549 2613 
1204 631 3094 3080 
1205 3346 4347 3345 
1206 1445 4299 2912 
1207 2438 4253 4182 
1208 2984 3614 2149 
1209 1142 3398 1140 
1210 2374 3683 2030 
1211 933 4813 4048 
1212 3625 3767 1112 
1213 1536 4204 3643 
1214 2861 4382 2461 
1215 975 4082 3387 
1216 3177 4198 2398 
1217 2397 3267 3266 
1218 1608 2935 1610 
1219 3079 4952 3005 
1220 1491 4008 3990 
1221 2845 4354 2437 
1222 602 2710 149 
1223 2966 3872 1432 
1224 1432 3718 2966 
1225 327 2968 329 
1226 3817 4299 4119 
1227 851 3529 849 
1228 2301 2932 2774 
1229 2239 3130 1873 
1230 3431 3441 3257 
1231 3387 4082 3384 
1232 3845 4670 836 
1233 1272 3116 1159 
1234 1581 2117 1762 
1235 2977 4534 828 
1236 3938 4624 4599 
1237 3498 3500 2125 
1238 2294 3798 1954 
1239 143 4943 142 
1240 4482 4560 1319 
1241 3984 4227 2590 
1242 1384 3014 1381 
1243 3947 4777 2975 
1244 3504 4699 2494 
1245 290 3670 2856 
1246 2168 3921 1984 
1247 2733 3671 183 
1248 3211 3588 3209 
1249 1859 4633 4590 
1250 1654 4874 3485 
1251 1495 4423 3882 
1252 3525 3644 666 
1253 2457 4967 4912 
1254 1057 3306 759 
1255 1707 4286 2860 
1256 3911 4164 4047 
1257 2284 2867 1996 
1258 2326 3910 3760 
1259 2048 3101 3100 
1260 636 3017 711 
1261 3203 4673 4594 
1262 2847 4426 1295 
1263 3296 4661 3391 
1264 3497 3974 3688 
1265 136 4828 135 
1266 2833 4079 3832 
1267 2944 4332 78 
1268 2155 4950 3899 
1269 149 4466 148 
1270 2652 2786 2757 
1271 1598 4853 3668 
1272 632 4808 3809 
1273 2132 4495 3332 
1274 442 4838 2895 
1275 2850 3813 3443 
1276 2657 4532 3280 
1277 1377 3605 2957 
1278 3779 4371 3111 
1279 3396 3397 1771 
1280 2079 2987 2068 
1281 3439 4312 840 
1282 4837 4957 2726 
1283 3659 4512 2816 
1284 3511 3921 2168 
1285 413 3847 2885 
1286 2710 4466 149 
1287 3777 3918 1970 
1288 3116 3117 3067 
1289 3625 4785 3011 
1290 3574 4715 3573 
1291 193 2855 192 
1292 3832 4024 1935 
1293 428 3830 2902 
1294 2778 3005 2779 
1295 3428 4849 3041 
1296 997 3888 3453 
1297 3279 4659 1072 
1298 4154 4254 3493 
1299 417 3903 2992 
1300 3609 4148 3610 
1301 4715 4765 3573 
1302 615 3952 3578 
1303 4511 4755 992 
1304 3822 4727 2575 
1305 3352 4567 4554 
1306 3015 4960 283 
1307 1566 4004 3575 
1308 1057 3307 3306 
1309 4600 4637 1794 
1310 2578 2890 2887 
1311 2637 4356 3171 
1312 3164 3178 3165 
1313 2829 3001 2917 
1314 2410 3363 3362 
1315 2497 4399 4375 
1316 2117 2118 1762 
1317 2819 4965 2241 
1318 1118 3139 1198 
1319 3171 4356 1436 
1320 3352 4554 3351 
1321 128 2792 625 
1322 3241 4861 4335 
1323 1495 4639 4103 
1324 2779 3005 2785 
1325 2076 3042 2327 
1326 2313 4400 3123 
1327 2141 3887 3020 
1328 622 2716 141 
1329 1512 4953 2896 
1330 2696 4637 4600 
1331 2098 3027 744 
1332 3309 4875 3307 
1333 1370 3097 154 
1334 571 3321 3320 
1335 2825 2980 2978 
1336 4270 4360 3382 
1337 3598 4073 2901 
1338 2701 4522 4403 
1339 3480 4862 3047 
1340 930 2990 931 
1341 2652 2757 2651 
1342 3331 4254 2416 
1343 1996 2038 1686 
1344 1510 4095 2862 
1345 3122 4712 2313 
1346 3047 4508 4232 
1347 919 3413 943 
1348 3954 4967 2457 
1349 1471 3999 2899 
1350 3421 4725 4708 
1351 544 3339 3338 
1352 2461 4382 2403 
1353 3558 3720 3559 
1354 84 3036 83 
1355 1035 2986 1148 
1356 3027 3655 946 
1357 856 4521 4496 
1358 173 294 172 
1359 2822 4236 2823 
1360 746 3773 2944 
1361 3968 4072 2366 
1362 1526 3016 1591 
1363 2653 3016 2997 
1364 78 4332 77 
1365 352 3033 741 
1366 2200 2935 1608 
1367 55 3442 633 
1368 425 3830 428 
1369 2048 3708 3101 
1370 151 2576 150 
1371 1012 3610 1059 
1372 1910 3070 2301 
1373 2145 4767 2334 
1374 2910 4403 461 
1375 3291 3292 2133 
1376 2748 4773 4652 
1377 1103 3886 1311 
1378 615 3495 3078 
1379 3037 3039 1715 
1380 256 4437 255 
1381 997 3453 3448 
1382 1894 3399 1202 
1383 1367 3021 1581 
1384 1225 4020 1223 
1385 1261 3976 1259 
1386 3612 3902 2354 
1387 3065 3204 3064 
1388 101 3043 100 
1389 47 1293 46 
1390 2921 4664 2233 
1391 3473 4505 4474 
1392 3436 3464 3433 
1393 642 3164 3162 
1394 1235 4021 1233 
1395 3082 4537 444 
1396 2511 3749 3274 
1397 974 3066 966 
1398 2957 3604 1377 
1399 2606 3579 3578 
1400 2242 3341 3187 
1401 2891 4874 2725 
1402 3824 4229 2857 
1403 2448 3895 2449 
1404 3273 3274 2383 
1405 3036 4169 2609 
1406 3348 4946 3347 
1407 970 3300 885 
1408 1251 3998 1249 
1409 3545 4253 2438 
1410 2355 3923 2354 
1411 3531 4227 999 
1412 3358 4761 4591 
1413 3756 3890 2258 
1414 1578 2980 1843 
1415 867 3894 862 
1416 2627 4399 2307 
1417 123 1388 122 
1418 250 3404 303 
1419 2895 3130 2239 
1420 3261 4002 3431 
1421 3538 3800 3293 
1422 3029 4693 2763 
1423 1774 4956 2941 
1424 4119 4299 1445 
1425 3482 4845 289 
1426 2117 2652 2651 
1427 2354 3923 3612 
1428 3289 3290 2194 
1429 1811 3073 1487 
1430 3013 4057 1280 
1431 2231 4105 1444 
1432 424 3081 444 
1433 2308 3693 3061 
1434 2942 4945 4864 
1435 3882 4639 1495 
1436 3322 3338 3325 
1437 2945 2947 1765 
1438 332 4244 235 
1439 316 4585 4278 
1440 1113 3172 1040 
1441 3494 3961 3491 
1442 556 3354 510 
1443 3135 3161 2029 
1444 2066 2993 2485 
1445 60 3049 59 
1446 2127 4168 3465 
1447 3329 4217 3964 
1448 571 3322 3321 
1449 2403 4382 4212 
1450 58 3050 301 
1451 2198 4112 2822 
1452 162 1387 161 
1453 1020 4184 3789 
1454 3328 4217 3329 
1455 3337 4514 1196 
1456 2979 4565 3705 
1457 2615 4479 4294 
1458 356 3064 2410 
1459 3352 4528 2136 
1460 2195 3961 3494 
1461 34 3018 33 
1462 2143 4702 3459 
1463 4023 4059 1818 
1464 2489 4165 3118 
1465 2632 3069 3000 
1466 2887 2889 2888 
1467 4222 4330 3403 
1468 3186 3192 3189 
1469 3921 4016 1982 
1470 3421 4708 3596 
1471 2120 4136 2487 
1472 79 2944 78 
1473 1332 3079 2201 
1474 753 3312 755 
1475 2048 3100 3099 
1476 2924 4728 311 
1477 343 3826 345 
1478 571 3338 3322 
1479 3173 3413 921 
1480 1513 1588 1366 
1481 974 3116 3066 
1482 3118 4165 1902 
1483 3238 4228 3239 
1484 3567 4200 332 
1485 4591 4761 2563 
1486 3332 4429 2132 
1487 560 2985 570 
1488 428 3081 424 
1489 127 2529 126 
1490 630 4219 3190 
1491 2986 3068 1148 
1492 3408 4422 2840 
1493 1351 3939 1349 
1494 2985 4365 1276 
1495 327 329 328 
1496 3062 3732 1322 
1497 1792 4488 2911 
1498 571 3320 548 
1499 3380 4205 1692 
1500 3394 3419 3234 
1501 1268 4581 2893 
1502 17 3593 1636 
1503 317 3480 3479 
1504 16 2765 15 
1505 482 4234 3664 
1506 83 3036 309 
1507 142 622 141 
1508 91 2933 90 
1509 4051 4905 4692 
1510 2726 4957 3687 
1511 2097 3099 2466 
1512 2065 2945 1763 
1513 1189 3747 3746 
1514 2539 3269 2059 
1515 4639 4730 4103 
1516 556 3355 3354 
1517 2989 3483 2276 
1518 1072 4659 3882 
1519 411 3570 2397 
1520 2356 2841 2838 
1521 3008 3063 1811 
1522 2956 4625 2167 
1523 1014 3098 2772 
1524 3356 3857 1619 
1525 2059 3269 1637 
1526 3166 4406 3163 
1527 3521 3681 3522 
1528 2282 4796 2949 
1529 3657 4296 1742 
1530 1636 4960 3983 
1531 461 4883 2910 
1532 769 3306 3304 
1533 3695 4014 1566 
1534 37 293 36 
1535 154 3097 153 
1536 1614 3846 1615 
1537 4044 4215 1501 
1538 3703 4329 4083 
1539 3484 3895 2771 
1540 3414 4181 1434 
1541 99 4453 2521 
1542 1179 1366 1180 
1543 285 4085 3357 
1544 4245 4340 1327 
1545 1408 4370 4286 
1546 694 3470 3125 
1547 2276 3609 2989 
1548 2453 3857 3356 
1549 2820 4965 2819 
1550 186 3054 185 
1551 1589 1763 1588 
1552 3956 3974 3497 
1553 200 4523 199 
1554 2125 3956 3498 
1555 12 3828 3648 
1556 694 3125 637 
1557 3312 4632 3311 
1558 3171 4492 2893 
1559 185 306 184 
1560 1148 1179 1149 
1561 4057 4427 483 
1562 1763 2945 1765 
1563 3441 3989 3438 
1564 4417 4461 1688 
1565 4175 4194 2046 
1566 1222 3233 1224 
1567 855 3529 851 
1568 2947 3548 1765 
1569 3589 4716 3462 
1570 1715 3180 3037 
1571 3274 4812 2511 
1572 2617 3024 2336 
1573 1771 3398 1142 
1574 3691 3994 1458 
1575 1303 3124 1408 
1576 3875 3951 2746 
1577 2991 4158 1343 
1578 3149 3895 3484 
1579 1198 3139 1550 
1580 1634 3070 1910 
1581 3184 4085 2436 
1582 1578 4146 2980 
1583 4112 4236 2822 
1584 2707 4510 3151 
1585 2712 4816 3637 
1586 180 2591 179 
1587 1366 2965 1367 
1588 3460 4463 1896 
1589 2771 3895 2451 
1590 3449 3911 1500 
1591 1610 2935 1663 
1592 113 4372 2380 
1593 33 3018 311 
1594 2031 3819 2135 
1595 2417 4025 3734 
1596 2860 4530 1707 
1597 3064 3204 2410 
1598 135 2835 600 
1599 3088 4623 3909 
1600 2578 4892 2890 
1601 1581 3021 2117 
1602 3570 3571 2397 
1603 3553 4720 1593 
1604 1763 1765 1588 
1605 1562 3161 1564 
1606 3475 3976 1261 
1607 2266 3137 3133 
1608 3105 4176 1672 
1609 2565 4689 4369 
1610 3059 4290 3060 
1611 2325 3873 3694 
1612 194 310 193 
1613 346 4024 344 
1614 3575 4004 2851 
1615 3055 3115 3114 
1616 2416 4254 4154 
1617 4720 4781 1593 
1618 2622 4707 4675 
1619 1666 4487 1672 
1620 1697 3180 1695 
1621 2410 3362 358 
1622 2529 4256 126 
1623 1694 3926 3687 
1624 3288 3289 2194 
1625 3129 4732 3591 
1626 3688 3974 2311 
1627 1742 3658 3657 
1628 3664 4234 2562 
1629 2124 3158 3157 
1630 2787 2788 2786 
1631 1656 3042 2076 
1632 2501 3132 3131 
1633 3366 4360 1066 
1634 4008 4533 3990 
1635 21 1307 20 
1636 2129 3128 3127 
1637 3238 4268 4228 
1638 3492 3493 993 
1639 1040 3172 990 
1640 3172 4194 4175 
1641 3628 4924 2878 
1642 3398 3692 1140 
1643 2618 3337 2621 
1644 628 4533 4008 
1645 153 3097 288 
1646 3152 4913 2446 
1647 303 3884 249 
1648 2386 3819 3020 
1649 4322 4410 1605 
1650 4286 4370 2860 
1651 3133 3137 3134 
1652 1181 3682 1095 
1653 3099 3100 2466 
1654 2241 4872 2819 
1655 1272 3117 3116 
1656 1179 1513 1366 
1657 4692 4905 2754 
1658 3078 3952 615 
1659 1485 3008 1811 
1660 3201 3940 3197 
1661 3520 3998 1251 
1662 1822 3181 2080 
1663 663 3283 848 
1664 3461 4511 992 
1665 610 3017 636 
1666 2769 3076 2768 
1667 3082 4491 2244 
1668 2718 3485 2891 
1669 2446 4310 3072 
1670 695 3104 674 
1671 3386 4321 3387 
1672 1936 4330 4222 
1673 4546 4787 3395 
1674 3552 4021 1235 
1675 4278 4585 4384 
1676 2949 4796 2253 
1677 3181 3182 2080 
1678 3174 4089 3413 
1679 3462 4716 1447 
1680 4492 4557 2893 
1681 77 4255 3806 
1682 3378 3790 3648 
1683 162 4156 1387 
1684 2133 3800 1985 
1685 3569 4020 1225 
1686 2300 3115 1911 
1687 1224 3233 1473 
1688 1203 3681 3521 
1689 3617 3839 3461 
1690 163 4156 162 
1691 939 3711 1345 
1692 769 3304 771 
1693 333 1283 335 
1694 1066 4360 4270 
1695 3026 3773 746 
1696 2887 2890 2889 
1697 897 3492 993 
1698 1744 3483 1758 
1699 98 4780 97 
1700 818 3925 1694 
1701 2135 3819 2386 
1702 3882 4423 1072 
1703 1465 1531 1210 
1704 134 2732 133 
1705 970 3688 3300 
1706 2118 3019 2546 
1707 1168 4335 1532 
1708 242 3509 1372 
1709 3198 4042 3654 
1710 3183 4906 4718 
1711 50 3093 49 
1712 2129 3127 1869 
1713 935 3414 1434 
1714 3093 4333 4192 
1715 431 3218 822 
1716 3128 3652 3127 
1717 948 3500 3499 
1718 3156 4345 1501 
1719 3072 4310 2733 
1720 2110 3485 2718 
1721 3578 3952 2606 
1722 1911 3115 1937 
1723 2485 2486 2065 
1724 3106 3107 953 
1725 2912 4351 1445 
1726 1064 4772 3533 
1727 2123 3217 3214 
1728 57 3058 56 
1729 3017 3659 711 
1730 4200 4244 332 
1731 2134 3022 2374 
1732 1873 3130 1871 
1733 129 4930 128 
1734 3218 3756 822 
1735 1652 3207 1875 
1736 3261 4137 4002 
1737 3129 4838 4732 
1738 240 3512 304 
1739 1308 3143 3142 
1740 1788 4411 4258 
1741 1661 3192 3185 
1742 375 3903 417 
1743 4474 4505 2512 
1744 3509 3564 3510 
1745 415 4145 1538 
1746 3509 3510 1372 
1747 512 3354 3353 
1748 3649 4061 3650 
1749 3367 4121 2472 
1750 2911 3994 3691 
1751 3123 4400 212 
1752 999 4227 3984 
1753 1599 3220 3219 
1754 2501 3131 2020 
1755 2369 4104 4033 
1756 3185 3192 3186 
1757 301 4425 2900 
1758 3893 4818 2742 
1759 3435 3440 3438 
1760 1280 4057 449 
1761 4796 4821 2253 
1762 3500 3970 2125 
1763 306 4414 2734 
1764 1169 3868 1483 
1765 1846 2057 1785 
1766 747 4211 4093 
1767 4675 4707 2818 
1768 1300 3084 1673 
1769 2413 3141 2016 
1770 3277 4302 2212 
1771 39 3361 1281 
1772 24 3028 23 
1773 1679 3435 3434 
1774 4599 4624 1799 
1775 1331 3079 1332 
1776 3512 3513 304 
1777 2266 3133 1552 
1778 759 3306 769 
1779 1536 1537 1535 
1780 2989 3610 1207 
1781 2653 4573 2994 
1782 3257 3440 3254 
1783 3216 3288 2245 
1784 106 4397 2439 
1785 3718 3834 2966 
1786 3496 3499 3498 
1787 2949 4518 2282 
1788 413 3825 369 
1789 1573 3244 3243 
1790 1642 3254 3253 
1791 2712 4667 4366 
1792 1695 3180 1715 
1793 2484 3155 2012 
1794 123 3456 1388 
1795 3459 4793 2143 
1796 1302 3124 1303 
1797 3304 3306 3305 
1798 1510 3848 259 
1799 2786 3285 2757 
1800 321 3123 213 
1801 3214 3217 3215 
1802 2674 3951 2267 
1803 3151 3152 2401 
1804 2893 4557 1268 
1805 3907 4267 2414 
1806 681 2680 2571 
1807 3280 4867 2657 
1808 2287 4517 3517 
1809 2814 4839 2933 
1810 4400 4851 211 
1811 4369 4689 2873 
1812 2712 4931 4816 
1813 4357 4627 1355 
1814 4099 4685 4536 
1815 1846 3643 2629 
1816 1843 2980 2395 
1817 1937 3115 2350 
1818 4258 4818 3893 
1819 2533 3167 2008 
1820 3528 4454 1621 
1821 1143 3595 1058 
1822 2124 3157 1582 
1823 2825 2978 2827 
1824 3344 3348 3347 
1825 1138 1157 1107 
1826 1654 3485 1462 
1827 56 3442 55 
1828 3036 3481 309 
1829 732 4458 4294 
1830 1506 3099 2097 
1831 1601 3095 1757 
1832 3284 3792 3502 
1833 856 4496 3140 
1834 661 3283 663 
1835 144 1312 143 
1836 1125 3466 1323 
1837 3551 4891 2836 
1838 923 3173 921 
1839 1734 3336 1738 
1840 44 3091 43 
1841 1118 4157 3139 
1842 59 3050 58 
1843 2389 3169 2004 
1844 849 3529 1703 
1845 2909 4400 2313 
1846 1092 3682 3681 
1847 3120 4206 1699 
1848 2350 3115 3055 
1849 4718 4906 2792 
1850 1035 1148 1146 
1851 2856 2857 2373 
1852 1308 3142 670 
1853 329 2968 333 
1854 996 3414 935 
1855 1806 3213 2363 
1856 2576 3467 2578 
1857 3526 4947 3527 
1858 1537 1846 1785 
1859 3511 3513 3512 
1860 2207 2401 2057 
1861 4139 4273 2063 
1862 3269 4790 1548 
1863 3624 4420 3849 
1864 1548 4952 3079 
1865 1288 3121 215 
1866 885 3300 887 
1867 3313 4443 3303 
1868 2398 4384 3177 
1869 3039 3486 1715 
1870 1387 3482 161 
1871 395 3701 1577 
1872 2141 3020 1787 
1873 2347 3315 3314 
1874 29 4524 4379 
1875 3254 3440 3253 
1876 2490 3237 1999 
1877 3379 3790 3378 
1878 1699 4206 1698 
1879 574 3391 3286 
1880 116 1410 115 
1881 2110 2717 2515 
1882 419 3695 385 
1883 3510 4016 3921 
1884 1374 4442 3776 
1885 3207 3208 1875 
1886 2194 3291 1981 
1887 697 4668 4458 
1888 1106 1107 1039 
1889 1450 3469 2023 
1890 3208 3210 3209 
1891 1661 3185 1221 
1892 318 4931 2712 
1893 2397 3266 416 
1894 3209 3588 3213 
1895 2761 3873 3605 
1896 3940 4080 3198 
1897 3205 3302 3206 
1898 1621 4376 3528 
1899 3091 3092 1386 
1900 1679 3440 3435 
1901 3201 4208 731 
1902 1774 3236 1523 
1903 1281 3287 38 
1904 1326 3298 3297 
1905 3386 4342 4321 
1906 1037 3302 3205 
1907 3508 3509 243 
1908 3625 4854 4785 
1909 3639 4269 3775 
1910 251 3404 250 
1911 2284 3015 2867 
1912 913 3452 2445 
1913 171 4689 2565 
1914 564 3473 3472 
1915 1846 2207 2057 
1916 1082 3886 1103 
1917 2276 3483 1744 
1918 3007 3364 1702 
1919 512 3353 514 
1920 3149 3484 3143 
1921 2790 4461 4417 
1922 3042 3824 2327 
1923 1037 3205 773 
1924 3400 3401 1365 
1925 3270 4826 3247 
1926 2774 2932 2897 
1927 43 3091 1386 
1928 3220 3580 3219 
1929 2123 3214 1973 
1930 1321 3351 3350 
1931 3330 3331 1317 
1932 1599 3219 1231 
1933 1314 3235 784 
1934 3390 4237 2731 
1935 2532 3490 3489 
1936 3780 3825 2885 
1937 238 3515 1373 
1938 3024 4379 3023 
1939 792 3617 3461 
1940 2395 2980 2825 
1941 2725 4954 2891 
1942 2946 2948 2947 
1943 1534 1536 1535 
1944 2379 4936 2960 
1945 1532 3868 1169 
1946 496 3445 487 
1947 2038 4595 1686 
1948 841 3106 953 
1949 1659 3096 3071 
1950 798 3738 800 
1951 1369 3792 3284 
1952 969 3419 871 
1953 600 4569 3707 
1954 1703 3529 3526 
1955 3293 3800 2133 
1956 968 3066 2986 
1957 1210 2961 1138 
1958 1573 3243 1257 
1959 2550 3366 3365 
1960 3533 4690 1064 
1961 3334 3335 1055 
1962 173 3409 294 
1963 1679 3434 1243 
1964 3555 3557 3556 
1965 2598 3412 2597 
1966 3848 4091 325 
1967 744 3027 824 
1968 1639 3348 3343 
1969 1513 1589 1588 
1970 3247 4764 3270 
1971 3266 3267 1282 
1972 2198 4387 4112 
1973 1642 3253 1247 
1974 45 3281 296 
1975 2894 4511 2406 
1976 2878 4340 4245 
1977 2396 3382 3381 
1978 3101 3102 3100 
1979 4322 4362 2537 
1980 137 1344 136 
1981 3143 3484 3142 
1982 3648 3828 3378 
1983 958 4061 3649 
1984 3395 4787 2632 
1985 2260 3387 3384 
1986 949 3334 1055 
1987 262 3579 654 
1988 1537 3643 1846 
1989 3499 3500 3498 
1990 778 3372 2234 
1991 1168 4968 4335 
1992 124 3456 123 
1993 2378 3727 2193 
1994 3063 4663 1811 
1995 2066 2485 2065 
1996 2990 3784 961 
1997 420 3271 401 
1998 87 4816 86 
1999 1785 3661 1993 
2000 2656 4605 4532 
2001 2389 4019 3169 
2002 3400 3406 3401 
2003 1283 4771 2789 
2004 2245 3288 1977 
2005 1106 1138 1107 
2006 998 3561 3560 
2007 3029 3030 298 
2008 391 3575 418 
2009 1411 3318 3317 
2010 965 974 966 
2011 1534 1535 1356 
2012 3084 3085 1673 
2013 161 3482 160 
2014 1311 3886 3523 
2015 3514 3516 3515 
2016 2406 4910 2894 
2017 3282 3283 661 
2018 4300 4594 623 
2019 399 3268 420 
2020 3515 3516 1373 
2021 3053 4469 2529 
2022 419 4017 2962 
2023 4790 4952 1548 
2024 192 4894 191 
2025 2978 3001 2827 
2026 2347 3314 1832 
2027 1055 3468 983 
2028 548 3320 550 
2029 1828 3422 3369 
2030 2001 3432 1739 
2031 3901 4072 1507 
2032 3502 4000 3283 
2033 991 1040 990 
2034 2176 3416 3415 
2035 1481 3825 3780 
2036 3529 4947 3526 
2037 3647 3884 2919 
2038 1353 3646 3372 
2039 826 827 747 
2040 350 3033 352 
2041 510 3354 512 
2042 716 747 714 
2043 478 3662 3581 
2044 930 931 827 
2045 2030 3683 1854 
2046 2537 4362 2758 
2047 4176 4402 2390 
2048 4458 4668 2837 
2049 3291 4813 3292 
2050 1318 3275 534 
2051 1507 4072 3968 
2052 105 4833 104 
2053 2422 3301 2912 
2054 966 3066 968 
2055 961 990 959 
2056 2873 4409 3063 
2057 1688 4416 3907 
2058 3776 4442 3777 
2059 2438 4377 3545 
2060 2472 3342 2086 
2061 31 1358 30 
2062 2968 4771 1283 
2063 1369 3284 609 
2064 3357 4576 3766 
2065 2174 4432 1900 
2066 1158 1159 974 
2067 3445 3797 3446 
2068 2905 4898 4821 
2069 2522 2775 2162 
2070 1363 3393 3392 
2071 574 3286 530 
2072 1110 3098 1014 
2073 1672 4176 3554 
2074 70 4441 69 
2075 2414 3768 1443 
2076 3024 4682 292 
2077 1326 3297 889 
2078 3015 3090 2867 
2079 1319 3295 526 
2080 1966 3240 2879 
2081 1485 1811 1487 
2082 3216 3289 3288 
2083 1964 3359 1946 
2084 713 714 712 
2085 2866 2897 2340 
2086 1757 3824 3042 
2087 1056 1111 1040 
2088 63 3178 62 
2089 3191 4901 2388 
2090 828 4565 2977 
2091 299 4510 2958 
2092 2879 2880 2482 
2093 3424 3428 867 
2094 429 3218 431 
2095 2207 3460 2707 
2096 564 3472 520 
2097 2733 4310 3671 
2098 255 4437 4173 
2099 294 3409 2871 
2100 2839 3854 2840 
2101 3296 4560 2534 
2102 3343 3348 3344 
2103 713 3659 1316 
2104 212 4400 211 
2105 1335 3595 1143 
2106 1566 4014 4004 
2107 3310 3311 3308 
2108 3439 4404 3397 
2109 40 3361 39 
2110 1411 3317 552 
2111 211 2047 210 
2112 2110 2718 2717 
2113 3066 3067 2986 
2114 3132 4275 641 
2115 2758 3727 2378 
2116 3868 4346 2586 
2117 828 4534 3713 
2118 901 3330 1317 
2119 3662 3663 3581 
2120 3521 3651 1203 
2121 3775 4269 2400 
2122 1321 3350 516 
2123 2068 2993 2066 
2124 1909 3420 1385 
2125 2871 3409 2996 
2126 444 4145 421 
2127 1639 3343 405 
2128 3502 3792 2693 
2129 2908 4124 622 
2130 2702 4742 3551 
2131 2441 3014 2846 
2132 2060 3423 3422 
2133 968 2986 1035 
2134 2207 2707 2401 
2135 1720 3360 1826 
2136 1575 3486 1405 
2137 2532 3489 1932 
2138 80 746 79 
2139 1188 3034 3033 
2140 1507 4031 3901 
2141 3637 4816 1471 
2142 915 3452 913 
2143 718 4006 3441 
2144 337 761 339 
2145 2827 3001 2829 
2146 3619 3625 1112 
2147 1702 3364 1337 
2148 1175 1485 1176 
2149 2957 3873 2325 
2150 2578 2887 2886 
2151 2550 3365 1928 
2152 2488 4273 4139 
2153 2736 2737 2735 
2154 354 3064 356 
2155 637 3125 658 
2156 1077 3708 1079 
2157 2316 4535 4357 
2158 1157 1787 1786 
2159 2651 3019 2118 
2160 4558 4717 4412 
2161 2395 2825 2824 
2162 998 3560 802 
2163 2396 3381 1924 
2164 4307 4855 3067 
2165 3868 4861 4346 
2166 711 712 694 
2167 2343 3708 1077 
2168 3235 3715 3336 
2169 3117 4797 4213 
2170 1202 3399 1771 
2171 1324 3556 3426 
2172 3278 4659 3279 
2173 327 3418 2968 
2174 881 3499 3496 
2175 741 3065 3064 
2176 4058 4089 3174 
2177 2260 3384 1886 
2178 14 4687 652 
2179 244 3508 243 
2180 1276 3017 610 
2181 3206 3715 1314 
2182 833 3556 1324 
2183 2416 4363 3331 
2184 3495 4236 3078 
2185 3157 3160 2204 
2186 2023 3518 1595 
2187 1804 3383 1803 
2188 1670 3554 1917 
2189 3180 4210 2475 
2190 1327 3389 506 
2191 658 3125 2098 
2192 931 959 932 
2193 1714 3422 1828 
2194 1729 3550 1728 
2195 2032 3371 1783 
2196 1487 3073 1519 
2197 2906 4859 2189 
2198 999 4316 3531 
2199 2160 2162 2079 
2200 2032 3854 3371 
2201 2514 3385 1882 
2202 1519 3073 1944 
2203 903 3333 905 
2204 3141 3911 3449 
2205 1058 3595 3546 
2206 2768 3337 2620 
2207 3665 3763 3667 
2208 1610 1663 1612 
2209 446 3358 486 
2210 655 3986 738 
2211 2335 3023 3022 
2212 303 4868 2918 
2213 1465 4595 1531 
2214 1694 3925 3700 
2215 1063 3336 1734 
2216 3505 3506 302 
2217 3034 3035 3033 
2218 965 966 947 
2219 3309 4538 2015 
2220 426 3266 1282 
2221 2361 4669 2570 
2222 946 965 947 
2223 3507 3564 3508 
2224 606 1276 610 
2225 2558 4200 3567 
2226 2907 4797 4627 
2227 2176 3415 1756 
2228 2335 3022 2134 
2229 2620 3337 2618 
2230 120 4464 2356 
2231 1428 3834 3718 
2232 3694 3873 2187 
2233 151 3467 2576 
2234 216 3388 1288 
2235 3906 3907 2414 
2236 3164 4666 3178 
2237 109 1393 108 
2238 3585 3587 3586 
2239 1111 1175 1113 
2240 3290 4813 3291 
2241 1322 3732 493 
2242 1188 3033 350 
2243 822 3756 3074 
2244 412 3543 361 
2245 1608 1610 1609 
2246 2824 4700 1530 
2247 3483 3965 1758 
2248 540 3429 1364 
2249 1300 1673 1301 
2250 252 3400 1365 
2251 4794 4817 2783 
2252 640 3282 661 
2253 2294 4272 3446 
2254 112 4825 111 
2255 1363 3392 875 
2256 4039 4350 433 
2257 1917 3554 2323 
2258 1966 2482 1747 
2259 3667 4493 3666 
2260 471 3447 1768 
2261 3061 4948 2308 
2262 556 4161 3355 
2263 2076 2254 2127 
2264 130 1371 129 
2265 1057 3308 3307 
2266 2741 2742 2740 
2267 3063 4369 2873 
2268 1739 3432 1736 
2269 3743 4783 3660 
2270 3517 4801 2287 
2271 2694 4600 4486 
2272 1057 3310 3308 
2273 3431 4002 718 
2274 3766 4576 1371 
2275 2134 2374 2030 
2276 3664 4481 462 
2277 2578 2886 2577 
2278 2136 4567 3352 
2279 1743 3485 2110 
2280 1589 1764 1763 
2281 1808 3370 1807 
2282 965 1158 974 
2283 1941 3407 1779 
2284 1537 1785 1568 
2285 824 3027 946 
2286 4246 4309 2364 
2287 3601 4604 2702 
2288 3002 4616 3003 
2289 3591 4896 3128 
2290 713 716 714 
2291 1636 4467 3418 
2292 716 826 747 
2293 3132 4164 3131 
2294 2825 2827 2826 
2295 4489 4551 1964 
2296 4033 4104 2408 
2297 3333 3334 905 
2298 3032 3118 960 
2299 444 4537 4145 
2300 1481 4282 3903 
2301 4616 4651 3003 
2302 2178 2317 2243 
2303 960 3118 1902 
2304 4047 4164 641 
2305 826 930 827 
2306 636 711 694 
2307 3535 3649 3534 
2308 2534 4560 3982 
2309 2241 3543 412 
2310 3021 4750 2787 
2311 961 991 990 
2312 2113 2653 2566 
2313 2862 4091 3848 
2314 2763 3631 2555 
2315 1157 2141 1787 
2316 1366 1367 1180 
2317 1343 4466 2991 
2318 741 3064 354 
2319 2721 4364 2724 
2320 991 1056 1040 
2321 931 961 959 
2322 3667 3763 1767 
2323 2919 3884 2918 
2324 1622 1797 1623 
2325 343 4897 3826 
2326 1637 3269 1441 
2327 1715 3486 1575 
2328 3406 3962 3401 
2329 2598 3816 3412 
2330 3618 3619 1112 
2331 1787 2569 1857 
2332 871 3419 873 
2333 3643 4704 2629 
2334 3393 3676 3392 
2335 860 3424 867 
2336 1787 3020 2569 
2337 2788 4507 2786 
2338 3061 3693 912 
2339 2735 4825 112 
2340 1966 2879 2482 
2341 3085 3088 3086 
2342 2446 4913 4310 
2343 2164 3535 3534 
2344 1601 1757 1602 
2345 3434 3436 3433 
2346 622 3827 2716 
2347 711 713 712 
2348 35 3430 1295 
2349 1368 3712 3574 
2350 3487 3488 2462 
2351 711 3659 713 
2352 1603 3095 1601 
2353 1492 1601 1493 
2354 1519 1944 1526 
2355 731 4080 3940 
2356 3017 4512 3659 
2357 808 4207 810 
2358 2129 3129 3128 
2359 348 1188 350 
2360 3536 4563 3679 
2361 4144 4950 2155 
2362 3467 4892 2578 
2363 2962 4014 3695 
2364 1935 4088 3831 
2365 94 3176 93 
2366 1696 3454 1699 
2367 636 694 637 
2368 3681 3682 3522 
2369 3966 4069 1567 
2370 610 636 611 
2371 3090 4378 1307 
2372 2337 3880 3660 
2373 656 3844 627 
2374 1822 2080 1823 
2375 3144 3644 3150 
2376 284 3456 124 
2377 3056 3822 568 
2378 160 3482 289 
2379 2301 2773 2300 
2380 3496 3497 970 
2381 1591 2113 1896 
2382 2240 3541 2393 
2383 3271 3349 1639 
2384 664 3525 666 
2385 1179 1180 1149 
2386 447 449 448 
2387 2368 3900 3563 
2388 3689 4309 4246 
2389 2829 2917 2831 
2390 1486 3008 1485 
2391 1462 3485 1743 
2392 3318 3785 3317 
2393 1743 2110 2090 
2394 2462 3503 1960 
2395 606 610 607 
2396 148 1343 147 
2397 779 3372 778 
2398 73 4077 72 
2399 3537 3538 3536 
2400 4258 4411 3048 
2401 352 741 354 
2402 3234 3419 969 
2403 3049 3050 59 
2404 1764 2065 1763 
2405 959 3032 960 
2406 3094 4611 3080 
2407 2081 2436 2434 
2408 4201 4903 2765 
2409 2894 4755 4511 
2410 3398 4404 3692 
2411 3558 3559 1067 
2412 2613 4549 2971 
2413 1486 3767 3011 
2414 1747 2990 930 
2415 3445 3446 2161 
2416 2943 4475 290 
2417 2765 2969 15 
2418 2711 2991 2710 
2419 2946 2947 2945 
2420 2587 2588 1370 
2421 214 321 213 
2422 1935 4024 719 
2423 1869 3127 1867 
2424 2266 3138 3137 
2425 1158 1160 1159 
2426 1728 3550 1754 
2427 1175 1486 1485 
2428 1298 1300 1299 
2429 2758 4362 3726 
2430 214 3121 321 
2431 1349 1492 1350 
2432 2320 2538 2059 
2433 1178 1356 1355 
2434 1687 1996 1686 
2435 2302 3533 3532 
2436 3210 3211 3209 
2437 2652 2787 2786 
2438 990 3172 3032 
2439 3114 3115 2300 
2440 4093 4211 2473 
2441 2889 4558 2888 
2442 658 2098 744 
2443 4627 4797 1272 
2444 794 3461 992 
2445 1347 1349 1348 
2446 1308 3644 3144 
2447 1262 3450 1261 
2448 3357 3766 285 
2449 1530 3466 1127 
2450 1056 1112 1111 
2451 907 3106 841 
2452 1025 3443 1440 
2453 1656 2076 1851 
2454 38 3287 37 
2455 2047 3280 210 
2456 1104 3341 1083 
2457 1160 1178 1177 
2458 701 3586 700 
2459 3108 3711 953 
2460 3530 3531 2514 
2461 1048 3373 1050 
2462 2177 2178 1797 
2463 2288 3585 829 
2464 2850 4136 2122 
2465 3138 3140 3137 
2466 1239 3433 1676 
2467 1618 1622 1620 
2468 1345 1347 1346 
2469 841 953 842 
2470 1148 4886 1179 
2471 767 841 768 
2472 3433 3464 1676 
2473 824 946 945 
2474 3182 3184 2080 
2475 926 3173 923 
2476 199 3285 198 
2477 2276 3750 3609 
2478 2463 3174 3173 
2479 1163 3645 3598 
2480 3284 3502 3282 
2481 325 3709 3597 
2482 1178 1355 1177 
2483 2164 3534 1991 
2484 732 767 733 
2485 722 3463 724 
2486 988 4108 3673 
2487 2302 3532 2071 
2488 4102 4854 3625 
2489 1160 1177 1159 
2490 1133 3793 1515 
2491 2317 3056 2243 
2492 3066 3116 3067 
2493 937 2463 926 
2494 2320 2924 2538 
2495 3308 3309 3307 
2496 2702 3551 2322 
2497 1910 2300 1911 
2498 3107 3109 3108 
2499 2124 3159 3158 
2500 2618 2621 2617 
2501 2718 2719 2717 
2502 2178 2243 1797 
2503 1406 3474 1788 
2504 1597 3906 2414 
2505 1749 3663 3662 
2506 1591 3016 2113 
2507 1314 3715 3235 
2508 2365 3986 655 
2509 1121 2189 1119 
2510 3448 3453 2263 
2511 1112 3767 1111 
2512 3327 3602 3323 
2513 243 3509 242 
2514 1402 3476 1732 
2515 265 3495 615 
2516 3464 4895 1676 
2517 3085 3815 3088 
2518 1692 4388 3380 
2519 2401 2446 2057 
2520 3362 3363 1280 
2521 1660 4105 2126 
2522 1853 2059 1637 
2523 3122 3123 321 
2524 4407 4847 2813 
2525 1309 3929 1586 
2526 3338 3339 3325 
2527 2080 3184 2081 
2528 2265 2522 2162 
2529 1157 1786 1107 
2530 475 3568 479 
2531 49 3093 631 
2532 951 3603 853 
2533 1065 3519 1001 
2534 3159 3421 3158 
2535 1021 3468 1339 
2536 3527 3528 3148 
2537 3112 3711 3108 
2538 1657 3213 1806 
2539 3355 4528 3354 
2540 449 451 450 
2541 1853 2320 2059 
2542 2863 4436 92 
2543 3854 4111 3371 
2544 3417 4239 3326 
2545 1610 1612 1611 
2546 3106 3110 3107 
2547 1282 3218 429 
2548 1627 1659 1629 
2549 627 3844 2282 
2550 1952 3487 2462 
2551 570 2985 606 
2552 3849 4958 3624 
2553 3370 4578 1807 
2554 314 3406 3400 
2555 46 3281 45 
2556 755 3312 3310 
2557 447 448 412 
2558 4912 4967 3867 
2559 47 3955 1293 
2560 2015 4876 3309 
2561 142 2908 622 
2562 3682 4296 3522 
2563 1622 1623 1620 
2564 85 4602 4169 
2565 524 3471 1319 
2566 3080 3955 631 
2567 491 3445 2161 
2568 1083 3341 2242 
2569 1368 3572 582 
2570 416 3266 422 
2571 245 3505 302 
2572 1058 3546 1010 
2573 3907 4417 1688 
2574 2162 2987 2079 
2575 3969 4588 3140 
2576 1661 3193 3192 
2577 976 3706 450 
2578 2575 2587 1370 
2579 1792 3691 1477 
2580 1606 1608 1607 
2581 3503 3745 2302 
2582 451 453 452 
2583 1839 3710 1841 
2584 3265 4592 717 
2585 486 496 487 
2586 3081 4491 3082 
2587 3057 3736 2243 
2588 41 313 40 
2589 3505 3776 3506 
2590 1119 3414 996 
2591 3576 3810 1749 
2592 3133 3134 2029 
2593 653 994 482 
2594 2243 3736 1797 
2595 241 3512 240 
2596 3517 3567 3566 
2597 2164 3537 3536 
2598 2226 3540 2384 
2599 3580 4921 1650 
2600 2380 2738 2736 
2601 3107 3108 953 
2602 2466 2579 2464 
2603 2941 4945 2942 
2604 2839 2840 282 
2605 2513 3582 2225 
2606 3202 4594 4300 
2607 3401 3403 3402 
2608 1531 2961 1210 
2609 435 443 436 
2610 2542 3074 2259 
2611 1652 1875 1657 
2612 2020 3131 2018 
2613 2941 4956 4945 
2614 1217 3341 1104 
2615 3537 3800 3538 
2616 1311 3523 1651 
2617 663 677 664 
2618 210 3280 209 
2619 883 3496 970 
2620 356 2410 358 
2621 487 3445 491 
2622 1634 1910 1760 
2623 4163 4290 1724 
2624 1175 3767 1486 
2625 3669 3801 1572 
2626 3158 3160 3157 
2627 2955 4760 4744 
2628 2590 3710 1839 
2629 2160 2265 2162 
2630 3673 4108 3540 
2631 939 1345 1016 
2632 661 663 662 
2633 431 435 432 
2634 3743 4564 3742 
2635 2190 3367 2472 
2636 3374 3376 652 
2637 1302 1303 994 
2638 2512 4505 3351 
2639 2422 2912 2420 
2640 1303 1305 1304 
2641 3322 3323 3321 
2642 3556 3557 3426 
2643 2240 2393 2239 
2644 329 333 331 
2645 2113 3016 2653 
2646 429 431 430 
2647 453 457 454 
2648 1937 2350 2349 
2649 1297 3603 951 
2650 1211 1465 1210 
2651 1385 3420 1383 
2652 998 3562 3561 
2653 1485 1487 1176 
2654 1111 1113 1040 
2655 1125 1323 1123 
2656 447 3362 1280 
2657 1368 3573 3572 
2658 2724 4441 3809 
2659 980 3692 834 
2660 937 2861 2463 
2661 3323 3602 3321 
2662 109 3764 1393 
2663 2557 4656 3793 
2664 1441 1548 1341 
2665 2016 3141 2014 
2666 1757 3042 1602 
2667 2771 4873 3484 
2668 1601 1602 1493 
2669 1766 3544 1006 
2670 1629 3070 1634 
2671 3167 4215 3168 
2672 422 3266 426 
2673 457 459 458 
2674 1599 3221 3220 
2675 459 482 460 
2676 2076 2327 2254 
2677 1708 3341 1217 
2678 1573 3245 3244 
2679 2076 2127 1851 
2680 3193 3194 3192 
2681 1347 1351 1349 
2682 710 732 728 
2683 2612 3592 2218 
2684 1999 3237 1998 
2685 570 606 605 
2686 135 4828 2835 
2687 895 3492 897 
2688 2653 2994 2566 
2689 239 3515 238 
2690 806 3558 1067 
2691 426 429 427 
2692 3447 3724 1768 
2693 2135 2335 2134 
2694 360 447 412 
2695 674 3104 676 
2696 946 947 945 
2697 3605 3873 2957 
2698 3523 3524 2541 
2699 829 3585 748 
2700 3566 3567 332 
2701 1880 3530 2514 
2702 1148 1149 1146 
2703 1294 4668 679 
2704 3292 3293 2133 
2705 2086 3342 1716 
2706 4493 4561 3666 
2707 1642 3255 3254 
2708 3134 3136 3135 
2709 1056 3618 1112 
2710 3660 3880 1296 
2711 1361 3590 1395 
2712 1329 1330 1328 
2713 1533 1534 1356 
2714 854 951 853 
2715 2925 4973 1473 
2716 1441 3269 1548 
2717 1331 1332 1330 
2718 1602 3042 1656 
2719 2097 2464 2275 
2720 848 849 677 
2721 3221 3222 3220 
2722 3541 4027 2393 
2723 2501 4225 3132 
2724 676 1294 679 
2725 1175 1176 1113 
2726 1523 3236 1267 
2727 1492 1603 1601 
2728 3037 3180 2475 
2729 931 932 827 
2730 2431 3301 2422 
2731 3155 4257 3156 
2732 2905 4821 3098 
2733 2012 3155 2010 
2734 2610 4069 3966 
2735 284 3457 3456 
2736 1282 3890 3218 
2737 3797 3798 2294 
2738 4409 4663 3063 
2739 3120 4413 4206 
2740 2232 2233 1710 
2741 3560 3720 3558 
2742 2441 3646 3014 
2743 3155 3156 2533 
2744 3214 3215 2245 
2745 3068 4886 1148 
2746 1694 3687 820 
2747 1940 2239 1873 
2748 2288 3587 3585 
2749 449 450 448 
2750 2538 2847 2539 
2751 1329 1331 1330 
2752 1738 1739 1736 
2753 1378 3693 2308 
2754 2767 2768 2620 
2755 3167 3168 2389 
2756 990 3032 959 
2757 1740 1998 1739 
2758 3207 3816 3208 
2759 3654 4042 630 
2760 1946 3359 1948 
2761 3237 3238 2246 
2762 3422 3423 3369 
2763 3088 3089 3086 
2764 1845 3694 2187 
2765 3089 3897 3086 
2766 3245 3246 3244 
2767 767 907 841 
2768 1707 3006 1702 
2769 1787 1857 1786 
2770 426 1282 429 
2771 3205 3206 1314 
2772 573 3611 1369 
2773 3235 3336 1063 
2774 317 4078 3480 
2775 468 3447 471 
2776 3169 3170 2490 
2777 3097 4438 288 
2778 3220 4673 3580 
2779 1492 1493 1350 
2780 1955 2586 2165 
2781 3255 3256 3254 
2782 142 4943 2908 
2783 2740 4833 105 
2784 3189 3190 3188 
2785 1393 3764 2952 
2786 3298 4122 3297 
2787 1129 3390 1530 
2788 3213 3588 2363 
2789 672 695 674 
2790 2008 3167 2006 
2791 1625 3096 1627 
2792 1417 3633 1574 
2793 3195 3198 3194 
2794 3401 3402 1365 
2795 643 3599 565 
2796 306 2733 184 
2797 1659 3070 1629 
2798 2201 3004 1675 
2799 1388 2882 2881 
2800 1221 3185 1219 
2801 3185 3186 1708 
2802 236 3566 332 
2803 3435 3437 3436 
2804 1639 3349 3348 
2805 2350 2852 2349 
2806 850 851 849 
2807 1867 2332 1865 
2808 943 1329 1328 
2809 1758 3965 1770 
2810 3663 3760 3581 
2811 1998 2246 2001 
2812 2482 2990 1747 
2813 3083 3651 2247 
2814 1910 2301 2300 
2815 1764 2066 2065 
2816 943 1328 918 
2817 3435 3436 3434 
2818 640 661 660 
2819 1734 1736 1735 
2820 1796 3615 957 
2821 3904 3905 2560 
2822 2373 4543 164 
2823 3510 3511 1372 
2824 2055 3889 2548 
2825 1867 3127 2332 
2826 2362 3541 2240 
2827 2272 3634 3633 
2828 1326 3299 3298 
2829 1871 2129 1869 
2830 2004 3169 2002 
2831 451 483 453 
2832 2215 3881 2502 
2833 1662 4847 4407 
2834 3223 3226 3222 
2835 3020 3887 2386 
2836 1321 3352 3351 
2837 14 652 13 
2838 2775 2988 2987 
2839 3651 3723 1203 
2840 36 3430 35 
2841 1063 1734 1733 
2842 1291 2905 1289 
2843 4097 4138 2427 
2844 2225 3582 2223 
2845 653 1302 994 
2846 1308 3144 3143 
2847 1315 3883 1784 
2848 3141 3449 2484 
2849 1486 3009 3008 
2850 1710 3124 1302 
2851 3358 4591 486 
2852 473 3568 475 
2853 2453 3356 2455 
2854 144 3697 1312 
2855 1552 3133 1554 
2856 676 3104 1294 
2857 2322 3551 2321 
2858 1651 3523 2093 
2859 2825 2826 2824 
2860 3405 4868 303 
2861 2262 2501 2020 
2862 2141 4277 3887 
2863 2164 3536 3535 
2864 477 3662 478 
2865 1736 3432 1737 
2866 1305 1336 1306 
2867 3595 4046 3547 
2868 2018 2413 2016 
2869 2988 4904 4418 
2870 2246 3239 2500 
2871 3305 3313 3303 
2872 1550 2266 1552 
2873 348 350 349 
2874 3187 3341 1708 
2875 841 842 768 
2876 4380 4650 2847 
2877 2439 2743 2741 
2878 2387 2617 2336 
2879 3373 3861 1050 
2880 3811 3912 1456 
2881 3508 3564 3509 
2882 3248 3252 3246 
2883 446 486 456 
2884 724 3463 736 
2885 1037 3303 3302 
2886 3734 4835 2417 
2887 3258 3261 3256 
2888 1336 1702 1337 
2889 2014 2484 2012 
2890 470 3447 468 
2891 3253 3440 1679 
2892 767 768 733 
2893 1863 2244 1816 
2894 3292 3294 3293 
2895 1332 2201 1675 
2896 350 352 351 
2897 2463 4098 3174 
2898 1554 2029 1562 
2899 3125 4120 2098 
2900 1499 4893 4723 
2901 670 3142 672 
2902 844 3693 1378 
2903 1139 1210 1138 
2904 2097 2466 2464 
2905 3777 4442 3918 
2906 2010 2533 2008 
2907 3907 4416 4267 
2908 1349 1350 1348 
2909 3669 4406 3166 
2910 1910 1911 1760 
2911 1948 3359 2143 
2912 440 3358 446 
2913 1940 2240 2239 
2914 3067 3068 2986 
2915 2992 4155 417 
2916 1257 3243 1255 
2917 1560 3703 3702 
2918 1582 3157 1584 
2919 2293 3632 2290 
2920 2262 2960 2501 
2921 755 3310 757 
2922 2002 2490 1999 
2923 582 3572 580 
2924 2588 3097 1370 
2925 942 4733 929 
2926 1502 2048 1504 
2927 3198 4080 4042 
2928 116 4251 1410 
2929 1564 2124 1582 
2930 1489 4795 4151 
2931 959 960 932 
2932 459 653 482 
2933 2006 2389 2004 
2934 3058 3442 56 
2935 3628 4245 502 
2936 1608 1609 1607 
2937 1784 3883 3607 
2938 1466 1686 1465 
2939 2537 4410 4322 
2940 2773 3114 2300 
2941 1584 2204 1794 
2942 2177 2179 2178 
2943 1347 1348 1346 
2944 2031 2134 2030 
2945 1259 3976 1573 
2946 2093 3523 2541 
2947 2018 3131 2413 
2948 2290 3632 1205 
2949 451 452 450 
2950 352 354 353 
2951 3465 4641 2128 
2952 3798 4519 1953 
2953 736 3463 1286 
2954 1380 1381 1379 
2955 3022 4944 2374 
2956 2036 3855 3417 
2957 1506 2097 2096 
2958 2465 3439 3397 
2959 2694 4486 2695 
2960 2413 3911 3141 
2961 1380 1382 1381 
2962 4391 4525 2699 
2963 431 822 435 
2964 1303 1304 994 
2965 453 454 452 
2966 2732 3616 133 
2967 1382 1385 1383 
2968 345 348 347 
2969 2762 4709 3724 
2970 3156 4215 2533 
2971 322 4548 3315 
2972 409 3570 411 
2973 1231 3219 1229 
2974 422 426 425 
2975 1382 1383 1381 
2976 1554 3133 2029 
2977 3881 3882 2502 
2978 2868 4542 3077 
2979 1359 3590 1361 
2980 3208 3212 3210 
2981 1832 3314 1834 
2982 3513 3514 304 
2983 1378 1379 1353 
2984 3142 3484 695 
2985 663 664 662 
2986 1223 1661 1221 
2987 2336 3024 2335 
2988 3109 3111 3108 
2989 305 3388 217 
2990 3186 3188 3187 
2991 1378 1380 1379 
2992 3394 4842 3765 
2993 4742 4891 3551 
2994 3506 3507 302 
2995 732 733 728 
2996 3200 3201 3197 
2997 2463 3173 926 
2998 1971 2123 1973 
2999 2362 3542 3541 
3000 3674 4243 3673 
3001 2014 3141 2484 
3002 1247 3253 1245 
3003 1223 4020 1661 
3004 2113 2318 1896 
3005 459 460 458 
3006 1219 1708 1217 
3007 2404 3367 2190 
3008 3081 3082 444 
3009 668 1308 670 
3010 773 3205 775 
3011 1742 4231 3658 
3012 784 3235 786 
3013 3372 3646 2234 
3014 2441 2483 2235 
3015 3237 4218 3238 
3016 457 458 454 
3017 565 3599 557 
3018 1243 3434 1241 
3019 2445 3061 912 
3020 2846 2972 2483 
3021 1729 4290 3059 
3022 1773 1774 1523 
3023 2200 4338 2935 
3024 621 3282 640 
3025 3343 3344 423 
3026 1668 3554 1670 
3027 1834 1964 1946 
3028 1411 3319 3318 
3029 1072 4786 3279 
3030 1229 1650 1227 
3031 757 3310 1057 
3032 3186 3189 3188 
3033 862 3894 864 
3034 2469 3627 2040 
3035 325 3597 257 
3036 3295 3296 574 
3037 3765 4724 3393 
3038 844 1353 782 
3039 2972 4950 4144 
3040 491 2161 560 
3041 2324 3601 2702 
3042 1267 1540 1265 
3043 354 356 355 
3044 1233 1599 1231 
3045 1096 3645 1163 
3046 3411 4792 4791 
3047 687 3630 693 
3048 1550 3139 2266 
3049 873 3419 1363 
3050 1249 3998 1642 
3051 554 599 562 
3052 401 3271 403 
3053 771 1037 773 
3054 1336 1707 1702 
3055 775 1314 784 
3056 1564 3161 2124 
3057 3745 4589 3533 
3058 786 1063 788 
3059 3193 3195 3194 
3060 2010 3155 2533 
3061 2366 4072 2368 
3062 3083 3781 3723 
3063 1969 3583 1971 
3064 3228 3229 3225 
3065 1233 4021 1599 
3066 1973 3214 1975 
3067 314 3400 253 
3068 661 662 660 
3069 1303 1408 1305 
3070 1997 2284 1996 
3071 1419 3633 1417 
3072 2234 2235 829 
3073 435 436 432 
3074 1259 1573 1257 
3075 3174 3413 3173 
3076 1975 2245 1977 
3077 844 1378 1353 
3078 1345 1346 1016 
3079 450 3706 448 
3080 1622 2177 1797 
3081 1623 3736 1625 
3082 4569 4597 2598 
3083 590 3763 3665 
3084 3491 3961 3492 
3085 405 3343 407 
3086 1836 3627 3606 
3087 1540 3451 3450 
3088 1341 3079 1331 
3089 3385 3386 2260 
3090 3356 3954 2455 
3091 407 3343 423 
3092 1255 1664 1253 
3093 1241 3433 1239 
3094 3263 3264 3260 
3095 2880 4882 2482 
3096 1239 1676 1237 
3097 552 3317 554 
3098 3794 4023 2343 
3099 1245 1679 1243 
3100 3493 4254 993 
3101 1021 1339 1023 
3102 2441 2846 2483 
3103 1048 1050 1049 
3104 1249 1642 1247 
3105 3072 3661 2446 
3106 623 4594 3230 
3107 757 1057 759 
3108 3256 3431 3257 
3109 1962 3503 2302 
3110 918 3452 915 
3111 546 571 548 
3112 399 420 401 
3113 1791 3083 2247 
3114 1738 1740 1739 
3115 1836 3606 1334 
3116 3491 3492 895 
3117 1504 3099 1506 
3118 2189 3414 1119 
3119 1734 1738 1736 
3120 982 3494 3491 
3121 804 3560 3558 
3122 2006 3167 2389 
3123 1363 3394 3393 
3124 1584 3157 2204 
3125 2617 4682 3024 
3126 1730 3273 3272 
3127 1127 3466 1125 
3128 2234 2441 2235 
3129 736 1286 753 
3130 1740 1999 1998 
3131 1267 3236 1540 
3132 2301 2774 2773 
3133 447 1280 449 
3134 190 3744 189 
3135 2629 3460 2207 
3136 1627 3096 1659 
3137 2002 3169 2490 
3138 1789 3704 2273 
3139 3245 3248 3246 
3140 1383 3420 1528 
3141 431 432 430 
3142 1998 3237 2246 
3143 3764 3871 2952 
3144 1219 3185 1708 
3145 305 4737 3388 
3146 1834 3314 1964 
3147 1977 3288 1979 
3148 973 1747 930 
3149 2548 4798 3636 
3150 3282 3502 3283 
3151 3331 3332 1317 
3152 407 423 409 
3153 1332 1675 1674 
3154 2040 3627 1836 
3155 1398 3702 2042 
3156 391 418 393 
3157 672 3142 695 
3158 2827 2829 2828 
3159 2249 3592 2900 
3160 792 3461 794 
3161 500 3628 502 
3162 1716 3342 1909 
3163 395 1577 397 
3164 1536 3643 1537 
3165 1612 1614 1613 
3166 1718 3360 1720 
3167 1305 1306 1304 
3168 2292 3589 2567 
3169 666 3644 668 
3170 2093 2541 2259 
3171 387 1566 389 
3172 660 3794 659 
3173 2252 3615 1796 
3174 1716 1909 1385 
3175 4094 4808 632 
3176 536 567 538 
3177 1023 3443 1025 
3178 599 3785 3612 
3179 794 992 796 
3180 3221 3223 3222 
3181 1025 1027 1026 
3182 2637 3171 2639 
3183 1847 1966 1747 
3184 1576 3454 1696 
3185 361 3543 363 
3186 466 470 468 
3187 2281 3240 1966 
3188 411 2397 416 
3189 1293 3281 46 
3190 3144 3145 3143 
3191 2902 3830 2843 
3192 751 3556 833 
3193 3200 3202 3201 
3194 778 829 748 
3195 870 969 871 
3196 403 1639 405 
3197 13 3828 12 
3198 1368 3574 3573 
3199 2492 3912 3811 
3200 775 3205 1314 
3201 2665 3501 2793 
3202 2647 2756 2649 
3203 714 715 712 
3204 2590 4227 3710 
3205 1313 4073 3645 
3206 786 3235 1063 
3207 532 1318 534 
3208 1534 3316 1559 
3209 2218 3592 1942 
3210 802 3560 804 
3211 534 3275 536 
3212 218 305 217 
3213 1975 3214 2245 
3214 1871 3130 2129 
3215 379 1539 381 
3216 3741 4432 2174 
3217 3255 3258 3256 
3218 2241 4965 3543 
3219 762 3728 910 
3220 2697 3080 2205 
3221 1979 2194 1981 
3222 293 3430 36 
3223 485 3581 1322 
3224 3496 3498 3497 
3225 2393 2895 2239 
3226 383 419 385 
3227 771 3304 1037 
3228 778 2234 829 
3229 609 3284 621 
3230 530 3286 532 
3231 3776 3777 2315 
3232 3479 3480 3477 
3233 3134 3135 2029 
3234 2955 4744 2954 
3235 2480 4386 4339 
3236 526 3295 528 
3237 360 412 361 
3238 520 3472 522 
3239 2190 2472 2086 
3240 37 3287 293 
3241 516 3350 518 
3242 2639 2893 2641 
3243 528 574 530 
3244 704 3586 701 
3245 3246 3444 3247 
3246 524 1319 526 
3247 1917 2322 2321 
3248 1290 1291 1289 
3249 1830 2347 1832 
3250 506 3389 508 
3251 1105 1106 1039 
3252 1610 1611 1609 
3253 371 1481 373 
3254 1358 4944 4524 
3255 496 3797 3445 
3256 1979 3288 2194 
3257 3263 3265 3264 
3258 1140 3692 980 
3259 901 1317 903 
3260 1229 3219 1650 
3261 522 3471 524 
3262 358 360 359 
3263 1828 3368 3360 
3264 3696 4915 3211 
3265 2233 3124 1710 
3266 663 848 677 
3267 889 3297 891 
3268 849 1703 677 
3269 3435 3438 3437 
3270 3344 3347 3346 
3271 3129 3591 3128 
3272 356 358 357 
3273 2691 3615 2252 
3274 891 982 893 
3275 2971 4959 2613 
3276 375 417 377 
3277 1255 3243 1664 
3278 899 3330 901 
3279 2596 2598 2597 
3280 429 430 427 
3281 518 564 520 
3282 2486 4741 2946 
3283 1714 1828 1718 
3284 1453 1665 1641 
3285 887 1326 889 
3286 67 3462 66 
3287 2464 2465 2275 
3288 3093 3094 631 
3289 2220 2221 555 
3290 3723 3781 1086 
3291 1079 3708 1502 
3292 363 1352 365 
3293 1768 3568 473 
3294 3170 4218 2490 
3295 3555 3556 751 
3296 1615 3846 1618 
3297 3418 4771 2968 
3298 2764 3853 835 
3299 3069 4948 3061 
3300 3344 3346 3345 
3301 1771 3399 3396 
3302 3308 4684 3309 
3303 3421 3596 3158 
3304 800 998 802 
3305 2632 4787 3069 
3306 3228 3231 3229 
3307 3469 3897 2023 
3308 1950 3487 1952 
3309 2691 4067 3615 
3310 3918 4442 2919 
3311 883 970 885 
3312 3563 3900 3251 
3313 2048 3099 1504 
3314 1245 3253 1679 
3315 3012 4641 3465 
3316 621 3284 3282 
3317 1265 3450 1262 
3318 1932 3489 1950 
3319 2176 3549 3416 
3320 2114 2115 1813 
3321 397 3268 399 
3322 514 1321 516 
3323 1930 2532 1932 
3324 460 3664 462 
3325 1666 1672 1668 
3326 363 3543 1352 
3327 1241 3434 3433 
3328 1924 3381 1926 
3329 3134 4496 3136 
3330 3238 3239 2246 
3331 1928 3365 1930 
3332 3449 4257 2484 
3333 1998 2001 1739 
3334 897 993 899 
3335 580 3572 616 
3336 1756 3415 1777 
3337 2242 4001 1081 
3338 2130 3534 2669 
3339 1886 3384 1922 
3340 2405 2776 2404 
3341 258 325 257 
3342 554 3317 599 
3343 881 3496 883 
3344 2639 3171 2893 
3345 453 4266 457 
3346 2191 2404 2190 
3347 729 3751 723 
3348 1556 1792 1477 
3349 2570 4669 3432 
3350 3579 3851 654 
3351 1454 3704 1789 
3352 1983 2133 1985 
3353 1803 3383 1830 
3354 1926 2550 1928 
3355 254 314 253 
3356 1971 3583 2123 
3357 700 742 644 
3358 1701 2060 1712 
3359 2346 4525 4391 
3360 1289 3098 1110 
3361 907 3113 3106 
3362 1882 3385 1884 
3363 403 3271 1639 
3364 367 413 369 
3365 1952 2462 1960 
3366 508 556 510 
3367 1754 2176 1756 
3368 1922 2396 1924 
3369 3633 3634 1574 
3370 1638 1853 1637 
3371 1884 2260 1886 
3372 1365 3404 251 
3373 3215 3216 2245 
3374 389 3575 391 
3375 1749 3810 3663 
3376 1801 1804 1803 
3377 1712 3422 1714 
3378 1720 1826 1722 
3379 3330 4254 3331 
3380 2220 3732 3062 
3381 1736 1737 1735 
3382 3407 3408 2032 
3383 2340 4501 157 
3384 887 3300 1326 
3385 866 870 869 
3386 262 654 261 
3387 1816 3370 1808 
3388 782 3372 779 
3389 2467 3637 2899 
3390 2321 3551 2836 
3391 1987 3537 1989 
3392 1989 3537 2164 
3393 2181 2190 2086 
3394 2390 2892 2324 
3395 550 1411 552 
3396 3580 4673 3203 
3397 1337 3364 1453 
3398 877 948 879 
3399 2709 2711 2710 
3400 3158 3596 3160 
3401 1423 3718 1432 
3402 983 3468 1021 
3403 2222 2223 2221 
3404 1336 1337 1306 
3405 2323 2324 2322 
3406 1734 1735 1733 
3407 3574 4617 2559 
3408 499 555 500 
3409 1672 3554 1668 
3410 3226 3230 3222 
3411 1191 3598 1654 
3412 220 3672 1392 
3413 1665 1666 1641 
3414 2246 2500 2001 
3415 3085 3086 1673 
3416 3531 4288 2514 
3417 1880 2514 1882 
3418 3219 3580 1650 
3419 1783 3371 1801 
3420 3747 4670 956 
3421 1383 1528 1384 
3422 1670 1917 1916 
3423 3009 3012 3010 
3424 3335 4553 1055 
3425 3516 3517 1373 
3426 879 3499 881 
3427 1866 1867 1865 
3428 2067 2068 2066 
3429 3639 3641 3640 
3430 329 331 330 
3431 1781 2032 1783 
3432 858 3424 860 
3433 2224 2225 2223 
3434 508 3389 556 
3435 685 3630 687 
3436 4604 4742 2702 
3437 3179 4772 1064 
3438 1878 3530 1880 
3439 853 855 851 
3440 1165 3653 1644 
3441 1358 4293 3684 
3442 2097 2275 2096 
3443 873 1363 875 
3444 891 3297 982 
3445 3731 4056 2412 
3446 1991 3534 2130 
3447 4078 4858 3043 
3448 3620 3621 3619 
3449 584 3712 1368 
3450 875 3392 877 
3451 2237 2475 969 
3452 893 3491 895 
3453 504 1327 506 
3454 479 480 477 
3455 544 3338 546 
3456 518 3350 564 
3457 1515 4237 3390 
3458 3182 3357 3184 
3459 1917 2321 1916 
3460 1618 1620 1619 
3461 536 3275 567 
3462 1868 1869 1867 
3463 1779 3407 1781 
3464 3256 3257 3254 
3465 3145 3677 3149 
3466 1789 1942 1580 
3467 522 3472 3471 
3468 1960 3503 1962 
3469 2324 2702 2322 
3470 717 4368 3265 
3471 1830 3383 2347 
3472 3476 4232 1732 
3473 3717 3993 1906 
3474 532 3286 1318 
3475 2226 2384 2225 
3476 1864 1865 1863 
3477 1063 1733 788 
3478 1001 3519 1000 
3479 750 3555 751 
3480 514 3353 1321 
3481 1644 3653 1861 
3482 4111 4615 1804 
3483 1789 2218 1942 
3484 3578 3579 263 
3485 475 477 476 
3486 1363 3419 3394 
3487 2110 2515 2090 
3488 1807 3553 1594 
3489 804 3558 806 
3490 2042 3477 3476 
3491 1922 3384 2396 
3492 1010 3546 1008 
3493 473 475 474 
3494 466 468 467 
3495 1324 3425 3424 
3496 1177 1272 1159 
3497 263 3579 262 
3498 265 615 264 
3499 1777 3415 1941 
3500 41 3675 313 
3501 1089 3613 1091 
3502 528 3295 574 
3503 1623 1625 1624 
3504 468 471 469 
3505 471 473 472 
3506 1817 1863 1816 
3507 940 3639 3638 
3508 3006 3007 1702 
3509 66 3462 1447 
3510 260 1510 259 
3511 748 3585 704 
3512 2955 4829 3060 
3513 3411 4791 3410 
3514 538 3429 540 
3515 3280 4532 209 
3516 540 1364 542 
3517 1325 3817 1197 
3518 1926 3381 2550 
3519 1950 3489 3487 
3520 2212 4302 1587 
3521 385 3695 387 
3522 2538 2539 2059 
3523 1828 3360 1718 
3524 1884 3385 2260 
3525 618 629 613 
3526 3576 4773 3810 
3527 2221 3539 2230 
3528 3862 4233 2599 
3529 499 3732 2220 
3530 3261 3431 3256 
3531 1374 3505 246 
3532 1930 3365 2532 
3533 2692 2843 2691 
3534 1791 2247 2153 
3535 3632 3865 1313 
3536 464 466 465 
3537 1483 3868 1955 
3538 3426 3427 3425 
3539 1000 1359 1002 
3540 2698 3859 2697 
3541 460 462 461 
3542 636 637 611 
3543 3246 3247 3244 
3544 1394 1560 1396 
3545 54 3631 53 
3546 3519 3590 1359 
3547 1577 3268 397 
3548 581 582 580 
3549 2435 3455 2082 
3550 2591 3152 3151 
3551 1454 1789 1580 
3552 1292 1593 1291 
3553 1777 1941 1779 
3554 2775 2987 2162 
3555 806 1067 808 
3556 575 646 643 
3557 646 648 647 
3558 313 3361 40 
3559 1038 1039 1020 
3560 1342 1441 1341 
3561 3208 3816 3212 
3562 1361 1394 1362 
3563 550 3320 1411 
3564 2223 3582 3539 
3565 2948 4853 2788 
3566 610 611 607 
3567 1359 1361 1360 
3568 1407 4217 3328 
3569 860 867 862 
3570 1454 1580 1430 
3571 3544 3545 1065 
3572 462 464 463 
3573 2498 4795 3752 
3574 3665 3667 3666 
3575 4536 4685 2594 
3576 910 3728 2297 
3577 186 4187 3054 
3578 1985 3800 1987 
3579 2779 2780 2777 
3580 3622 3626 3621 
3581 2450 3857 2453 
3582 1200 1289 1110 
3583 2060 3422 1712 
3584 706 750 707 
3585 800 3738 998 
3586 3208 3209 1875 
3587 3546 3547 1766 
3588 848 850 849 
3589 955 1000 954 
3590 1404 3474 1406 
3591 833 1324 858 
3592 650 706 651 
3593 441 4260 3170 
3594 2833 3832 3831 
3595 648 650 649 
3596 42 3675 41 
3597 870 871 869 
3598 2071 3532 2073 
3599 993 3330 899 
3600 252 1365 251 
3601 1014 2772 839 
3602 1340 1341 1331 
3603 831 954 830 
3604 3186 3187 1708 
3605 1820 1822 1821 
3606 752 830 750 
3607 1870 1871 1869 
3608 1339 3443 1023 
3609 2541 2542 2259 
3610 481 488 480 
3611 579 580 578 
3612 3252 3444 3246 
3613 1515 3390 1131 
3614 566 575 565 
3615 1696 1699 1698 
3616 4251 4422 1410 
3617 2475 3234 969 
3618 1442 1637 1441 
3619 3386 3387 2260 
3620 982 3491 893 
3621 495 499 498 
3622 266 3495 265 
3623 360 3362 447 
3624 789 3617 792 
3625 3339 3340 3325 
3626 345 3826 348 
3627 426 427 425 
3628 358 3362 360 
3629 3018 4426 2924 
3630 1619 4086 3356 
3631 3583 4637 2696 
3632 489 557 488 
3633 558 565 557 
3634 1120 1121 1119 
3635 3287 4451 2780 
3636 2839 4111 3854 
3637 2206 2697 2205 
3638 854 952 951 
3639 1566 3575 389 
3640 919 943 918 
3641 237 3566 236 
3642 4783 4959 2970 
3643 2085 2086 1716 
3644 1406 1788 1576 
3645 1066 4430 3366 
3646 499 2220 555 
3647 1989 2164 1991 
3648 486 487 456 
3649 927 937 926 
3650 4780 4961 2715 
3651 1962 2302 2071 
3652 580 616 578 
3653 1622 3846 2177 
3654 3296 3391 574 
3655 216 1288 215 
3656 812 940 814 
3657 2220 2222 2221 
3658 783 844 782 
3659 2673 3758 2139 
3660 3110 3866 3107 
3661 1206 3698 2289 
3662 1781 3407 2032 
3663 2959 4779 3847 
3664 3009 3010 3008 
3665 2718 2720 2719 
3666 1398 2042 1400 
3667 913 2445 912 
3668 291 3871 3764 
3669 2701 2910 2673 
3670 2861 4877 4098 
3671 1675 3395 2632 
3672 1594 3553 1593 
3673 477 478 476 
3674 948 3499 879 
3675 2743 3120 2741 
3676 3145 3149 3143 
3677 615 3578 264 
3678 2249 2900 2476 
3679 3665 3666 595 
3680 485 1322 493 
3681 4641 4785 2128 
3682 1129 1530 1127 
3683 2335 3024 3023 
3684 2747 2749 2228 
3685 475 476 474 
3686 1068 1799 1070 
3687 1448 2745 2470 
3688 2073 3532 2703 
3689 3336 4018 1738 
3690 1801 3371 1804 
3691 557 3599 3576 
3692 393 3701 395 
3693 3322 3324 3323 
3694 4192 4333 3030 
3695 2247 3651 2255 
3696 1027 1029 1028 
3697 2690 2691 2252 
3698 2103 4914 2923 
3699 1453 3364 1665 
3700 3083 3723 3651 
3701 2892 3601 2324 
3702 877 3392 948 
3703 2695 4045 1914 
3704 1942 3592 2249 
3705 473 474 472 
3706 3929 4794 3928 
3707 302 3508 244 
3708 606 607 605 
3709 360 361 359 
3710 2142 2205 2114 
3711 1537 1568 1535 
3712 546 3338 571 
3713 1595 3518 1606 
3714 3127 3652 2332 
3715 654 4005 261 
3716 740 3594 2764 
3717 1572 3818 3698 
3718 1402 1732 1404 
3719 488 3576 1749 
3720 1008 3546 1766 
3721 1400 3476 1402 
3722 1841 3710 1878 
3723 1938 2114 1813 
3724 2255 3651 3521 
3725 471 472 469 
3726 471 1768 473 
3727 3621 4102 3619 
3728 3546 3595 3547 
3729 1658 1813 1556 
3730 1394 1396 1362 
3731 2130 2669 2668 
3732 583 584 582 
3733 1151 3629 1150 
3734 3293 4582 3538 
3735 3367 4922 4121 
3736 1006 3544 1004 
3737 3188 3191 3187 
3738 1548 3079 1341 
3739 1788 3454 1576 
3740 2222 2224 2223 
3741 1625 1627 1626 
3742 468 469 467 
3743 599 3612 3611 
3744 581 583 582 
3745 3321 3602 3319 
3746 2235 3504 2288 
3747 3121 4778 2922 
3748 1012 1059 1058 
3749 1172 1174 1173 
3750 1856 2030 1854 
3751 1004 1065 1001 
3752 1328 3452 918 
3753 2021 2262 2020 
3754 567 3429 538 
3755 2327 3824 3670 
3756 749 778 748 
3757 1540 3450 1265 
3758 3425 3428 3424 
3759 2553 2612 2218 
3760 765 3751 729 
3761 579 581 580 
3762 1361 1362 1360 
3763 1150 3629 1298 
3764 493 3732 495 
3765 1828 3369 3368 
3766 1354 3630 685 
3767 1324 3424 858 
3768 1942 2249 2203 
3769 247 1374 246 
3770 566 3755 577 
3771 1615 1618 1617 
3772 3877 3878 1561 
3773 448 2241 412 
3774 2224 2226 2225 
3775 1317 3333 903 
3776 2374 4944 3684 
3777 1359 1360 1002 
3778 1012 1058 1010 
3779 2228 3540 2226 
3780 2974 2975 2698 
3781 1478 1556 1477 
3782 2630 3995 2392 
3783 3534 3649 2669 
3784 1606 2200 1608 
3785 3455 4081 2082 
3786 2019 2020 2018 
3787 348 349 347 
3788 1046 1048 1047 
3789 591 593 592 
3790 2161 4365 2985 
3791 478 3581 485 
3792 1449 1716 1385 
3793 2179 4558 4412 
3794 3010 3063 3008 
3795 589 591 590 
3796 1059 1143 1058 
3797 2055 2548 2547 
3798 3328 3329 3327 
3799 1837 3786 2590 
3800 2550 4360 3366 
3801 2139 3758 2138 
3802 2954 4744 3368 
3803 648 1678 650 
3804 2823 4236 3495 
3805 587 589 588 
3806 955 1001 1000 
3807 2292 2567 2293 
3808 466 467 465 
3809 1277 3877 1561 
3810 1791 2153 2064 
3811 1432 2272 1422 
3812 3326 3328 3327 
3813 240 304 239 
3814 245 302 244 
3815 250 303 249 
3816 1775 2138 1773 
3817 2105 2398 2107 
3818 1732 3474 1404 
3819 3536 3679 3535 
3820 3937 3938 2063 
3821 585 587 586 
3822 222 3714 601 
3823 260 4005 1510 
3824 1008 1766 1006 
3825 3324 3326 3323 
3826 3041 3486 3039 
3827 475 479 477 
3828 750 751 707 
3829 3840 4757 3507 
3830 2569 4212 1857 
3831 4035 4283 2586 
3832 2221 2230 555 
3833 573 1369 609 
3834 831 955 954 
3835 1897 3937 2063 
3836 2384 2513 2225 
3837 1150 1298 1297 
3838 1191 1654 1462 
3839 1872 1873 1871 
3840 1815 1816 1808 
3841 1174 3175 1653 
3842 1208 4138 4097 
3843 842 3711 939 
3844 870 2237 969 
3845 706 707 651 
3846 3147 3678 3677 
3847 1091 1093 1092 
3848 852 853 851 
3849 1000 3519 1359 
3850 1534 1559 1536 
3851 830 3555 750 
3852 1093 1096 1095 
3853 912 3693 845 
3854 1547 1773 1523 
3855 583 585 584 
3856 479 481 480 
3857 215 3121 214 
3858 2042 3476 1400 
3859 1004 3544 1065 
3860 585 586 584 
3861 2223 3539 2221 
3862 1271 1523 1267 
3863 2017 2018 2016 
3864 1205 3632 1182 
3865 3577 4955 2126 
3866 1528 4970 2973 
3867 1678 3771 650 
3868 837 3687 1448 
3869 1812 3864 720 
3870 2211 2800 2799 
3871 1709 1710 1302 
3872 1861 3653 2345 
3873 1752 3083 1791 
3874 358 359 357 
3875 650 651 649 
3876 2135 2336 2335 
3877 1939 1940 1873 
3878 2041 2467 2040 
3879 1627 1629 1628 
3880 752 831 830 
3881 2361 2362 2240 
3882 499 500 498 
3883 2610 3841 2054 
3884 1647 2759 1913 
3885 1089 1091 1090 
3886 1000 1002 954 
3887 2015 2016 2014 
3888 982 4122 3494 
3889 646 647 643 
3890 242 1372 241 
3891 2273 2553 2218 
3892 606 2985 1276 
3893 3382 4360 3381 
3894 2703 3179 2845 
3895 687 689 688 
3896 356 357 355 
3897 3304 3305 3303 
3898 830 3769 3555 
3899 1266 1267 1265 
3900 2749 3673 3540 
3901 587 588 586 
3902 2291 2292 2290 
3903 1167 4334 3301 
3904 668 3644 1308 
3905 3385 4288 3386 
3906 3344 3345 423 
3907 3248 4032 3252 
3908 648 649 647 
3909 1324 3426 3425 
3910 2101 2102 1604 
3911 1163 3598 1191 
3912 2039 2040 1836 
3913 706 752 750 
3914 352 353 351 
3915 3249 3250 3248 
3916 847 912 845 
3917 1477 3691 1459 
3918 2177 3846 2981 
3919 820 3687 837 
3920 685 687 686 
3921 2677 4873 2771 
3922 354 355 353 
3923 683 685 684 
3924 1023 1025 1024 
3925 1386 3675 42 
3926 589 590 588 
3927 3355 4161 3975 
3928 1948 2143 2025 
3929 2013 2014 2012 
3930 598 683 682 
3931 482 3664 460 
3932 3901 4032 3250 
3933 489 3722 558 
3934 3144 3146 3145 
3935 2323 2390 2324 
3936 781 782 779 
3937 3198 3654 3194 
3938 705 748 704 
3939 1333 1543 1335 
3940 591 592 590 
3941 464 465 463 
3942 369 3825 371 
3943 905 3334 949 
3944 2331 3769 1002 
3945 593 598 592 
3946 752 3771 2280 
3947 3497 3688 970 
3948 130 3766 1371 
3949 1327 3931 3389 
3950 137 3737 1344 
3951 2749 3540 2228 
3952 575 643 565 
3953 481 489 488 
3954 1917 2323 2322 
3955 917 918 915 
3956 566 576 575 
3957 1218 1219 1217 
3958 1751 1807 1594 
3959 1332 1674 1330 
3960 3613 3833 1091 
3961 489 558 557 
3962 558 566 565 
3963 557 3576 488 
3964 1213 3698 1206 
3965 3290 3291 2194 
3966 1202 1771 1142 
3967 318 4602 85 
3968 1002 3769 954 
3969 2829 2831 2830 
3970 2964 4950 2846 
3971 2113 2566 2318 
3972 2462 4292 3503 
3973 3636 4427 2548 
3974 1096 1163 1095 
3975 2455 2457 2456 
3976 220 1392 219 
3977 1361 1395 1394 
3978 1450 2023 1595 
3979 1678 4616 3002 
3980 2235 2288 829 
3981 2468 3637 2467 
3982 2429 2626 2505 
3983 2249 2476 2250 
3984 1220 1221 1219 
3985 1182 1313 1161 
3986 2011 2012 2010 
3987 2187 2761 2760 
3988 3530 4227 3531 
3989 1122 1123 1121 
3990 1334 3606 1333 
3991 2453 2455 2454 
3992 3004 3395 1675 
3993 2443 4224 2431 
3994 588 3665 595 
3995 2912 4299 2420 
3996 1093 1095 1092 
3997 488 1749 480 
3998 963 3930 3829 
3999 1668 1670 1669 
4000 350 351 349 
4001 2237 3037 2475 
4002 577 578 576 
4003 698 3728 762 
4004 2437 3717 1908 
4005 2321 2836 2325 
4006 1301 3469 1450 
4007 1666 1668 1667 
4008 3140 4496 3137 
4009 1182 3632 1313 
4010 1729 4932 3550 
4011 1670 1916 1671 
4012 2483 3504 2235 
4013 3812 4722 3318 
4014 2387 2618 2617 
4015 1178 1533 1356 
4016 1133 1515 1131 
4017 3316 4713 2808 
4018 1911 1937 1912 
4019 1533 3316 1534 
4020 1429 1430 1428 
4021 3492 3961 3493 
4022 706 3771 752 
4023 1861 2345 2170 
4024 2592 3589 2292 
4025 2244 3370 1816 
4026 2009 2010 2008 
4027 3795 3894 3038 
4028 3392 3676 948 
4029 257 3597 256 
4030 2704 3448 2263 
4031 3196 3197 3195 
4032 1602 1656 1655 
4033 1458 3704 1455 
4034 949 1055 983 
4035 1422 3633 1419 
4036 1091 1092 1090 
4037 1260 1261 1259 
4038 383 4114 419 
4039 2073 2703 2150 
4040 253 3400 252 
4041 1353 3372 782 
4042 3324 3417 3326 
4043 1144 1333 1143 
4044 1937 2349 2348 
4045 1222 1223 1221 
4046 217 3388 216 
4047 2356 2842 2841 
4048 3020 3819 2569 
4049 2467 2899 2469 
4050 2827 2828 2826 
4051 3454 3893 1699 
4052 2836 3604 2957 
4053 2007 2008 2006 
4054 3229 4134 3225 
4055 2980 4719 2978 
4056 870 3795 2237 
4057 577 579 578 
4058 2000 2002 1999 
4059 3259 3260 3258 
4060 1539 4114 381 
4061 689 692 690 
4062 2297 3719 964 
4063 2582 2673 2139 
4064 3585 3586 704 
4065 1356 4040 1355 
4066 1476 1477 1459 
4067 2005 2006 2004 
4068 1675 2632 1674 
4069 1614 4802 2981 
4070 584 1368 582 
4071 1258 1259 1257 
4072 2042 3702 3478 
4073 1431 1454 1430 
4074 687 688 686 
4075 3801 3818 1572 
4076 3326 3327 3323 
4077 247 3647 1374 
4078 2289 2290 1205 
4079 864 3795 866 
4080 685 686 684 
4081 2567 2721 2568 
4082 2337 3660 2970 
4083 3199 3200 3197 
4084 2749 3674 3673 
4085 1453 1641 1640 
4086 2003 2004 2002 
4087 714 4093 715 
4088 2419 2420 2418 
4089 683 1354 685 
4090 3262 3263 3260 
4091 1576 1696 1695 
4092 1050 1052 1051 
4093 1543 1604 1335 
4094 2237 3795 3038 
4095 1629 1634 1633 
4096 1337 1453 1452 
4097 722 3864 3463 
4098 2129 3130 3129 
4099 3581 3760 1322 
4100 1423 1432 1422 
4101 2184 3600 2346 
4102 4603 4853 2948 
4103 2292 2293 2290 
4104 1278 1647 1645 
4105 664 666 665 
4106 4022 4849 3428 
4107 818 1694 820 
4108 462 463 461 
4109 1372 3512 241 
4110 1383 1384 1381 
4111 3211 4915 3588 
4112 2208 2232 1710 
4113 3147 3677 3145 
4114 448 3706 2241 
4115 683 684 682 
4116 2881 4824 121 
4117 1224 1225 1223 
4118 1087 1089 1088 
4119 1256 1257 1255 
4120 2532 4419 3490 
4121 1908 3717 1906 
4122 2421 2422 2420 
4123 1059 1144 1143 
4124 1656 1851 1850 
4125 3109 3779 3111 
4126 2039 2041 2040 
4127 687 693 689 
4128 1254 1255 1253 
4129 1696 1698 1697 
4130 2905 3098 1289 
4131 1089 1090 1088 
4132 3700 3926 1694 
4133 2937 2939 2371 
4134 3224 3225 3223 
4135 935 1434 765 
4136 3639 3775 3641 
4137 1226 1227 1225 
4138 1279 3967 1099 
4139 2436 3707 2434 
4140 2556 2763 2555 
4141 1252 1253 1251 
4142 1892 3880 2337 
4143 1835 2039 1836 
4144 1797 3736 1623 
4145 1846 2629 2207 
4146 2476 2478 2477 
4147 1835 1836 1334 
4148 1410 2915 2914 
4149 1556 4109 1792 
4150 2556 3029 2763 
4151 1117 1119 996 
4152 1228 1229 1227 
4153 1050 1051 1049 
4154 3702 3703 3478 
4155 1457 1458 1455 
4156 1351 4934 3939 
4157 599 3611 562 
4158 1250 1251 1249 
4159 1097 1161 1096 
4160 304 3515 239 
4161 1754 3550 2176 
4162 1857 2520 2219 
4163 2320 2963 2924 
4164 3744 4185 2988 
4165 953 3711 842 
4166 3427 4022 3425 
4167 1845 2187 2186 
4168 1333 3606 1543 
4169 666 668 667 
4170 558 3755 566 
4171 3484 4873 695 
4172 1502 3708 2048 
4173 1230 1231 1229 
4174 1011 1012 1010 
4175 1528 2964 1384 
4176 1434 3751 765 
4177 1333 1335 1143 
4178 1248 1249 1247 
4179 1048 1049 1047 
4180 1425 3718 1423 
4181 3038 3894 3040 
4182 1406 1576 1575 
4183 3561 3720 3560 
4184 3227 3228 3225 
4185 2078 2079 2068 
4186 387 3695 1566 
4187 1246 1247 1245 
4188 3146 3147 3145 
4189 3310 3312 3311 
4190 2734 3072 2733 
4191 1009 1010 1008 
4192 1428 3718 1425 
4193 1264 1265 1262 
4194 4187 4904 4776 
4195 1232 1233 1231 
4196 1244 1245 1243 
4197 246 3505 245 
4198 1895 3979 2616 
4199 2070 3705 226 
4200 677 3525 664 
4201 977 3791 3721 
4202 1027 1028 1026 
4203 1200 1290 1289 
4204 1698 1701 1700 
4205 1605 3613 1089 
4206 1416 3669 1572 
4207 1083 2242 1081 
4208 1417 1574 1416 
4209 2310 2610 2054 
4210 1718 1720 1719 
4211 379 4172 1539 
4212 2098 4857 3027 
4213 1174 1653 1652 
4214 1144 1334 1333 
4215 837 1448 972 
4216 1234 1235 1233 
4217 1242 1243 1241 
4218 1328 3879 3452 
4219 668 670 669 
4220 1236 1237 1235 
4221 3162 3164 3163 
4222 1162 1182 1161 
4223 3320 3321 3319 
4224 3609 3610 2989 
4225 645 700 644 
4226 1238 1239 1237 
4227 3366 4419 3365 
4228 1634 1760 1759 
4229 1216 1217 1104 
4230 1415 1416 1414 
4231 689 690 688 
4232 1240 1241 1239 
4233 1942 2203 1580 
4234 3402 3405 3404 
4235 1025 1026 1024 
4236 3885 3972 2328 
4237 640 660 659 
4238 2544 3600 2184 
4239 2329 3657 2330 
4240 2405 2777 2776 
4241 3007 4933 3364 
4242 3060 4760 2955 
4243 1612 1613 1611 
4244 2703 2845 2150 
4245 828 3713 224 
4246 1298 1299 1297 
4247 11 3648 977 
4248 692 3726 690 
4249 3730 3731 1391 
4250 2121 2199 2148 
4251 1772 3817 1325 
4252 2508 2989 1207 
4253 588 595 586 
4254 4449 4900 3159 
4255 2041 2468 2467 
4256 12 3648 11 
4257 670 672 671 
4258 2586 4283 2165 
4259 3223 4134 3226 
4260 2674 4918 3739 
4261 703 704 701 
4262 3631 4658 2555 
4263 2181 2191 2190 
4264 2597 2599 2435 
4265 2302 3745 3533 
4266 1714 1718 1717 
4267 1720 1722 1721 
4268 1382 1449 1385 
4269 2031 2135 2134 
4270 1878 3710 3530 
4271 1161 3645 1096 
4272 2289 2291 2290 
4273 225 828 224 
4274 1191 1462 1273 
4275 2099 2623 2622 
4276 2191 2405 2404 
4277 1007 1008 1006 
4278 839 3844 656 
4279 1701 1712 1711 
4280 238 1373 237 
4281 590 3665 588 
4282 2577 2709 602 
4283 977 3721 10 
4284 2115 4109 1813 
4285 3586 4431 700 
4286 598 682 592 
4287 460 461 458 
4288 713 1316 716 
4289 946 3655 965 
4290 940 3638 814 
4291 3568 3787 479 
4292 601 3672 221 
4293 2450 2453 2452 
4294 1290 1292 1291 
4295 1427 1428 1425 
4296 871 873 872 
4297 1606 1607 1596 
4298 3641 3642 3640 
4299 3603 3972 3885 
4300 2721 2724 2722 
4301 1163 1191 1181 
4302 103 3957 102 
4303 2767 2769 2768 
4304 2567 2568 2293 
4305 3197 3940 3195 
4306 2345 2531 2170 
4307 3319 3812 3318 
4308 1430 3834 1428 
4309 452 976 450 
4310 2303 2418 1772 
4311 1722 1724 1723 
4312 2467 2469 2040 
4313 417 4172 377 
4314 1287 3618 1056 
4315 2085 2181 2086 
4316 3606 3782 1543 
4317 901 903 902 
4318 690 3726 698 
4319 1574 3669 1416 
4320 1378 2308 1380 
4321 1497 4090 3896 
4322 3446 4365 2161 
4323 1712 1714 1713 
4324 2169 3944 2849 
4325 3091 3947 3092 
4326 858 860 859 
4327 1003 1004 1001 
4328 1204 1820 1819 
4329 1458 3994 3704 
4330 418 3701 393 
4331 3639 3640 3638 
4332 1113 4194 3172 
4333 290 4475 3670 
4334 1172 3175 1174 
4335 933 4870 4813 
4336 1111 3767 1175 
4337 635 644 634 
4338 2413 4164 3911 
4339 1396 3702 1398 
4340 964 3719 987 
4341 2974 2976 2975 
4342 275 3730 1391 
4343 2831 2833 2832 
4344 762 908 763 
4345 899 901 900 
4346 698 762 699 
4347 3521 3522 2329 
4348 2779 2781 2780 
4349 860 862 861 
4350 1396 1398 1397 
4351 23 3028 312 
4352 225 3705 828 
4353 1085 1094 986 
4354 2227 2228 2226 
4355 1404 1406 1405 
4356 1090 3681 1203 
4357 1801 1803 1802 
4358 1560 3702 1396 
4359 1421 1422 1419 
4360 2206 2698 2697 
4361 28 292 27 
4362 2423 2431 2422 
4363 2234 3646 2441 
4364 738 3986 1068 
4365 1724 1726 1725 
4366 546 548 547 
4367 1664 4826 3270 
4368 3722 3755 558 
4369 862 864 863 
4370 966 968 967 
4371 548 550 549 
4372 873 875 874 
4373 2694 2695 1914 
4374 1824 3181 1822 
4375 2182 2545 1891 
4376 3522 3657 2329 
4377 1170 1171 1094 
4378 221 3672 220 
4379 2725 4874 2901 
4380 538 540 539 
4381 1005 1006 1004 
4382 910 963 908 
4383 1653 3207 1652 
4384 1174 1652 1275 
4385 628 4327 3231 
4386 2184 2346 1805 
4387 1062 3722 489 
4388 1300 1301 1299 
4389 536 538 537 
4390 1085 1170 1094 
4391 866 869 868 
4392 540 542 541 
4393 3900 3901 3250 
4394 2249 2250 2203 
4395 1969 1971 1970 
4396 710 728 727 
4397 1459 3691 1458 
4398 1388 2881 122 
4399 1584 1794 1585 
4400 4383 4386 2481 
4401 1971 1973 1972 
4402 907 4479 3113 
4403 1416 1572 1414 
4404 544 546 545 
4405 2101 2103 2102 
4406 1875 3213 1657 
4407 1895 2616 2202 
4408 4649 4686 979 
4409 1726 1728 1727 
4410 534 536 535 
4411 2229 2747 2228 
4412 2291 2592 2292 
4413 875 877 876 
4414 542 544 543 
4415 1783 1801 1800 
4416 897 899 898 
4417 2256 2530 2248 
4418 1209 3373 1048 
4419 2090 4255 2727 
4420 3190 4263 3188 
4421 532 534 533 
4422 1789 2273 2218 
4423 2831 4079 2833 
4424 1393 2952 2951 
4425 697 710 709 
4426 3896 4090 3653 
4427 1415 1417 1416 
4428 1467 2099 1469 
4429 833 858 857 
4430 495 3732 499 
4431 530 532 531 
4432 864 866 865 
4433 526 528 527 
4434 528 530 529 
4435 1435 1467 1171 
4436 1349 3939 1492 
4437 3713 3714 223 
4438 1582 1584 1583 
4439 2345 2699 2531 
4440 1183 1205 1182 
4441 2142 2206 2205 
4442 679 697 696 
4443 248 3647 247 
4444 1595 1606 1596 
4445 672 674 673 
4446 3674 4323 4243 
4447 845 3693 844 
4448 1283 3788 335 
4449 277 3733 726 
4450 676 679 678 
4451 1504 1506 1505 
4452 524 526 525 
4453 1398 1400 1399 
4454 659 3794 1075 
4455 249 3884 248 
4456 895 897 896 
4457 1087 1605 1089 
4458 762 910 908 
4459 1281 4451 3287 
4460 1973 1975 1974 
4461 1170 1435 1171 
4462 564 4505 3473 
4463 877 879 878 
4464 827 4211 747 
4465 1502 1504 1503 
4466 1864 1866 1865 
4467 2913 4866 2654 
4468 1158 1662 1160 
4469 3146 3148 3147 
4470 403 405 404 
4471 1542 1835 1334 
4472 3239 4228 433 
4473 842 939 938 
4474 395 397 396 
4475 3056 4540 3057 
4476 393 395 394 
4477 674 676 675 
4478 879 881 880 
4479 1413 1414 1213 
4480 2661 2663 2662 
4481 3630 3874 693 
4482 3264 4223 3260 
4483 2663 2665 2664 
4484 3726 3728 698 
4485 2659 2661 2660 
4486 1093 1097 1096 
4487 2185 2544 2184 
4488 952 1150 951 
4489 893 895 894 
4490 621 640 639 
4491 3506 4844 3840 
4492 1817 1864 1863 
4493 891 893 892 
4494 2554 2555 2553 
4495 2665 2793 2666 
4496 2465 3397 3396 
4497 373 3903 375 
4498 1803 1830 1829 
4499 405 407 406 
4500 391 393 392 
4501 2649 2659 2650 
4502 1391 3749 274 
4503 1950 1952 1951 
4504 1938 2142 2114 
4505 1658 1938 1813 
4506 3041 4160 3486 
4507 3394 3765 3393 
4508 1564 1582 1565 
4509 522 524 523 
4510 1156 3799 1073 
4511 1400 1402 1401 
4512 397 399 398 
4513 1434 4274 3751 
4514 1402 1404 1403 
4515 2793 2795 2794 
4516 1932 1950 1949 
4517 389 391 390 
4518 2631 4774 3573 
4519 1090 1203 1088 
4520 1478 1658 1556 
4521 2647 2649 2648 
4522 881 883 882 
4523 1562 1564 1563 
4524 2469 4264 3627 
4525 387 389 388 
4526 2099 2622 1469 
4527 2272 3633 1422 
4528 1206 2289 1205 
4529 399 401 400 
4530 1930 1932 1931 
4531 520 522 521 
4532 2915 2916 2914 
4533 1975 1977 1976 
4534 434 3699 1812 
4535 1781 1783 1782 
4536 1298 1460 1300 
4537 2699 2700 2531 
4538 2263 3453 2262 
4539 2645 2647 2646 
4540 619 634 618 
4541 1928 1930 1929 
4542 3100 4252 2466 
4543 1866 1868 1867 
4544 751 833 832 
4545 1329 1340 1331 
4546 223 3714 222 
4547 1550 1552 1551 
4548 2529 4469 4256 
4549 3478 3479 3477 
4550 3351 4505 3350 
4551 3494 4130 2195 
4552 3544 4253 3545 
4553 1087 1088 1086 
4554 1554 1562 1555 
4555 2070 4577 2979 
4556 775 784 776 
4557 784 786 785 
4558 1586 3929 2312 
4559 773 775 774 
4560 401 403 402 
4561 2217 3881 2215 
4562 4646 4819 4734 
4563 889 891 890 
4564 2795 2925 2796 
4565 518 520 519 
4566 1552 1554 1553 
4567 231 3739 1494 
4568 1977 1979 1978 
4569 1815 1817 1816 
4570 1414 3698 1213 
4571 3317 3785 599 
4572 852 854 853 
4573 614 618 613 
4574 1987 3800 3537 
4575 1969 4637 3583 
4576 1926 1928 1927 
4577 1521 3734 3733 
4578 264 3578 263 
4579 786 788 787 
4580 883 885 884 
4581 2273 2554 2553 
4582 908 909 763 
4583 385 387 386 
4584 771 773 772 
4585 597 613 596 
4586 1388 2884 2882 
4587 1455 3704 1454 
4588 2643 2645 2644 
4589 1728 1754 1753 
4590 1737 2805 2406 
4591 2255 3521 2329 
4592 2169 2849 2848 
4593 783 845 844 
4594 2651 4746 3019 
4595 1313 3645 1161 
4596 516 518 517 
4597 1086 3781 1085 
4598 1779 1781 1780 
4599 3655 3656 1662 
4600 1924 1926 1925 
4601 1292 1594 1593 
4602 816 3925 818 
4603 2037 2437 1908 
4604 1880 1882 1881 
4605 1878 1880 1879 
4606 1315 1784 1704 
4607 554 562 561 
4608 1164 4077 73 
4609 1075 2343 1077 
4610 2159 2160 2079 
4611 2641 2643 2642 
4612 550 552 551 
4613 1413 1415 1414 
4614 383 385 384 
4615 2925 2927 2926 
4616 9 3721 1489 
4617 2262 3453 2960 
4618 2545 3852 1891 
4619 1922 1924 1923 
4620 316 4278 2923 
4621 690 698 691 
4622 3074 3756 2259 
4623 885 887 886 
4624 1884 1886 1885 
4625 1886 1922 1921 
4626 552 554 553 
4627 1882 1884 1883 
4628 1411 3320 3319 
4629 1009 1011 1010 
4630 1046 1209 1048 
4631 2479 3162 3154 
4632 1979 1981 1980 
4633 1946 1948 1947 
4634 3417 4049 2036 
4635 1107 4184 1039 
4636 381 383 382 
4637 1820 1821 1819 
4638 1011 1207 1012 
4639 1597 2414 1443 
4640 2476 2477 2250 
4641 1476 1478 1477 
4642 2171 3716 2685 
4643 2639 2641 2640 
4644 887 889 888 
4645 643 3808 3599 
4646 2116 4075 1939 
4647 2566 2958 2318 
4648 1092 3681 1090 
4649 1623 1624 1620 
4650 1069 3971 821 
4651 939 1016 1015 
4652 2736 3059 2737 
4653 1506 2096 1516 
4654 2480 4339 3813 
4655 814 3638 816 
4656 1467 3725 2099 
4657 379 381 380 
4658 80 3025 746 
4659 2927 2929 2928 
4660 749 779 778 
4661 566 577 576 
4662 514 516 515 
4663 792 794 793 
4664 1193 3852 1195 
4665 762 763 699 
4666 1795 1969 1968 
4667 2255 2329 2256 
4668 2321 2325 1916 
4669 1374 3776 3505 
4670 1170 1752 1435 
4671 3810 4773 2748 
4672 2146 4884 4743 
4673 224 3713 223 
4674 1487 1519 1488 
4675 1393 2951 2950 
4676 964 986 963 
4677 594 596 593 
4678 2637 2639 2638 
4679 11 977 10 
4680 3038 3039 3037 
4681 1751 1808 1807 
4682 3607 3883 3608 
4683 1868 1870 1869 
4684 769 771 770 
4685 3611 3923 1369 
4686 987 1085 986 
4687 4589 4690 3533 
4688 2283 3742 3740 
4689 275 1391 274 
4690 3493 3961 3960 
4691 726 3730 276 
4692 3059 3060 2737 
4693 2203 3834 1580 
4694 847 913 912 
4695 377 379 378 
4696 1981 1983 1982 
4697 233 1017 232 
4698 2800 3748 2801 
4699 480 3662 477 
4700 2233 4395 3124 
4701 1905 2101 1604 
4702 1521 3733 278 
4703 512 514 513 
4704 2105 2107 2106 
4705 3867 4336 1793 
4706 3040 3041 3039 
4707 9 1489 8 
4708 1915 4307 4238 
4709 1007 1009 1008 
4710 1017 3739 232 
4711 1158 3655 1662 
4712 826 973 930 
4713 1777 1779 1778 
4714 2103 2105 2104 
4715 1561 3799 1156 
4716 853 3603 855 
4717 1830 1832 1831 
4718 3608 3883 3829 
4719 510 512 511 
4720 555 3628 500 
4721 2593 2671 2592 
4722 279 3752 1521 
4723 2266 3139 3138 
4724 2929 3565 2930 
4725 3911 4047 1500 
4726 1834 1946 1945 
4727 2800 2801 2799 
4728 1097 1162 1161 
4729 1457 1459 1458 
4730 508 510 509 
4731 3448 3917 997 
4732 759 769 760 
4733 1408 4286 1305 
4734 1983 1985 1984 
4735 2124 3161 3159 
4736 2281 3241 3240 
4737 279 1521 278 
4738 1788 4258 3454 
4739 3258 4223 3261 
4740 375 377 376 
4741 3092 4121 1386 
4742 1837 2590 1839 
4743 2721 2722 2568 
4744 794 796 795 
4745 1666 1667 1641 
4746 1892 2337 2188 
4747 781 783 782 
4748 2508 3483 2989 
4749 1198 1550 1389 
4750 1449 2085 1716 
4751 1204 3584 1820 
4752 2215 2502 2214 
4753 500 502 501 
4754 2333 4161 3931 
4755 2792 4305 625 
4756 373 375 374 
4757 1671 3694 1845 
4758 1905 3782 2209 
4759 1843 2395 2394 
4760 3610 4148 1059 
4761 1674 3879 1330 
4762 1431 1455 1454 
4763 2329 2330 2256 
4764 1670 1671 1669 
4765 227 3762 2070 
4766 789 792 791 
4767 1952 1960 1959 
4768 506 508 507 
4769 277 726 276 
4770 2581 2628 2217 
4771 3376 3828 652 
4772 21 3778 1307 
4773 371 373 372 
4774 2597 3862 2599 
4775 2897 2898 2340 
4776 2337 2970 2338 
4777 2187 2760 2186 
4778 10 3721 9 
4779 1321 3353 3352 
4780 1847 2281 1966 
4781 1162 1183 1182 
4782 2107 2211 2210 
4783 1856 2031 2030 
4784 910 964 963 
4785 1019 1020 942 
4786 2724 3809 2722 
4787 2213 2214 2212 
4788 276 3730 275 
4789 3245 3249 3248 
4790 1668 1669 1667 
4791 1427 1429 1428 
4792 327 328 326 
4793 1614 1615 1613 
4794 273 3749 2511 
4795 222 601 221 
4796 1025 1440 1027 
4797 3164 3165 3163 
4798 1196 3028 24 
4799 1754 1756 1755 
4800 4125 4553 3335 
4801 1429 1431 1430 
4802 226 3705 225 
4803 369 371 370 
4804 3618 3620 3619 
4805 2841 4615 4111 
4806 757 759 758 
4807 998 3738 3562 
4808 1326 3300 3299 
4809 274 3749 273 
4810 909 3883 1315 
4811 2599 3455 2435 
4812 1144 1542 1334 
4813 504 506 505 
4814 2320 3683 2963 
4815 705 749 748 
4816 698 699 691 
4817 2182 2558 2545 
4818 2350 3055 2854 
4819 2316 4040 1568 
4820 796 798 797 
4821 987 3719 1087 
4822 1618 1619 1617 
4823 2836 2957 2325 
4824 502 504 503 
4825 1123 4220 1121 
4826 973 1847 1747 
4827 227 2070 226 
4828 1373 3566 237 
4829 278 3733 277 
4830 367 369 368 
4831 3032 4175 3118 
4832 66 1447 65 
4833 1756 1777 1776 
4834 1985 1987 1986 
4835 2750 2896 2604 
4836 652 3828 13 
4837 712 3470 694 
4838 1854 3683 1853 
4839 903 905 904 
4840 2690 2692 2691 
4841 2598 4597 3816 
4842 3981 4973 4964 
4843 1421 1423 1422 
4844 2582 2701 2673 
4845 2247 2248 2153 
4846 1037 3304 3303 
4847 3829 3930 3608 
4848 478 485 484 
4849 1542 2146 1835 
4850 1183 1206 1205 
4851 268 978 267 
4852 1572 3698 1414 
4853 4439 4758 2565 
4854 231 1494 230 
4855 236 332 235 
4856 755 757 756 
4857 2181 4546 3395 
4858 1775 2139 2138 
4859 908 3829 909 
4860 910 2297 964 
4861 2855 2983 192 
4862 1841 1878 1877 
4863 1726 1729 1728 
4864 1764 2067 2066 
4865 2211 2799 2798 
4866 954 3769 830 
4867 1940 2361 2240 
4868 2596 2597 2435 
4869 232 3739 231 
4870 2593 2672 2671 
4871 650 3771 706 
4872 2966 3834 2203 
4873 365 367 366 
4874 3236 4916 2938 
4875 2418 3817 1772 
4876 4369 4439 2565 
4877 1005 1007 1006 
4878 2395 2824 2731 
4879 1957 3774 2495 
4880 228 3762 227 
4881 1075 3794 2343 
4882 270 1730 269 
4883 955 1003 1001 
4884 2175 2283 2174 
4885 2525 2528 2526 
4886 110 3764 109 
4887 753 755 754 
4888 1271 1547 1523 
4889 3649 3650 2669 
4890 1547 1775 1773 
4891 2021 2263 2262 
4892 2937 2940 2939 
4893 495 498 497 
4894 1266 1271 1267 
4895 1809 3772 2269 
4896 361 363 362 
4897 987 1087 1086 
4898 917 919 918 
4899 493 495 494 
4900 2390 3835 2892 
4901 1163 1181 1095 
4902 2464 4312 2465 
4903 84 4169 3036 
4904 1448 2470 972 
4905 2220 3062 2222 
4906 2073 2150 2074 
4907 1467 1469 1468 
4908 1340 1342 1341 
4909 1832 1834 1833 
4910 3627 3782 3606 
4911 991 1287 1056 
4912 3193 3196 3195 
4913 481 1062 489 
4914 2019 2021 2020 
4915 203 4123 202 
4916 1435 3725 1467 
4917 3724 4852 2678 
4918 798 800 799 
4919 2396 4082 3382 
4920 736 753 737 
4921 586 3712 584 
4922 1135 3793 1133 
4923 273 2511 272 
4924 1640 3690 2088 
4925 1576 1695 1575 
4926 1027 3858 1029 
4927 3255 3259 3258 
4928 3379 4767 3790 
4929 3547 4253 1766 
4930 485 493 492 
4931 1784 3750 1704 
4932 592 3763 590 
4933 1396 1397 1362 
4934 1653 3412 3207 
4935 280 3752 279 
4936 2634 2637 2636 
4937 1486 3011 3009 
4938 2084 2921 2920 
4939 1987 1989 1988 
4940 1870 1872 1871 
4941 2922 4297 3122 
4942 111 291 110 
4943 294 2870 2869 
4944 686 3729 684 
4945 3200 3203 3202 
4946 1704 3750 2276 
4947 1861 2170 1862 
4948 653 1709 1302 
4949 3249 3251 3250 
4950 2951 2953 2950 
4951 1467 1468 1171 
4952 2692 2902 2843 
4953 294 2871 2870 
4954 2039 2818 2041 
4955 50 4333 3093 
4956 1533 4713 3316 
4957 1442 1638 1637 
4958 1029 1030 1028 
4959 3322 3325 3324 
4960 1203 3723 1088 
4961 2017 2019 2018 
4962 2478 2479 2477 
4963 218 4314 305 
4964 3113 4479 2457 
4965 170 4758 681 
4966 1696 1697 1695 
4967 587 1461 589 
4968 3267 3890 1282 
4969 1191 1273 1181 
4970 2432 2443 2431 
4971 4046 4182 3547 
4972 1453 1640 1452 
4973 1673 3469 1301 
4974 3107 3866 3109 
4975 4167 4890 3762 
4976 363 365 364 
4977 1093 3833 1097 
4978 3144 3150 3146 
4979 1212 3843 1412 
4980 4256 4469 3458 
4981 2709 2710 602 
4982 2852 4261 2853 
4983 1337 1452 1306 
4984 2717 4435 2515 
4985 925 926 923 
4986 2158 3802 1769 
4987 2507 2859 2607 
4988 866 3795 870 
4989 1079 1502 1137 
4990 39 1281 38 
4991 2857 2858 2373 
4992 2530 4981 3026 
4993 3511 3512 1372 
4994 752 2280 831 
4995 3810 4920 3663 
4996 1003 1005 1004 
4997 1088 3723 1086 
4998 1769 3802 1745 
4999 3698 3818 2289 
5000 3056 3057 2243 
5001 964 987 986 
5002 2785 4650 2781 
5003 3865 4073 1313 
5004 2198 2822 2821 
5005 2093 2259 2258 
5006 800 802 801 
5007 1360 2331 1002 
5008 1901 2633 2053 
5009 43 1386 42 
5010 724 736 730 
5011 1260 1262 1261 
5012 2681 4758 4439 
5013 3000 3879 1674 
5014 45 296 44 
5015 1568 4040 1535 
5016 2015 2017 2016 
5017 2224 2227 2226 
5018 595 3712 586 
5019 3228 3232 3231 
5020 504 4245 1327 
5021 320 4628 4372 
5022 3221 3224 3223 
5023 1740 2000 1999 
5024 102 1463 101 
5025 1264 1266 1265 
5026 1218 1220 1219 
5027 1638 1854 1853 
5028 3412 3862 2597 
5029 2058 3103 2654 
5030 457 4063 459 
5031 2548 3013 2547 
5032 2247 2255 2248 
5033 49 631 48 
5034 2505 2507 2506 
5035 4455 4668 1294 
5036 987 1086 1085 
5037 1519 1526 1520 
5038 2310 2611 2610 
5039 684 1767 682 
5040 1216 1218 1217 
5041 1168 1532 1169 
5042 2013 2015 2014 
5043 1559 4204 1536 
5044 1809 2269 2268 
5045 4723 4893 3289 
5046 3162 3163 3154 
5047 1989 1991 1990 
5048 1820 1824 1822 
5049 3510 3921 3511 
5050 1698 1700 1697 
5051 52 298 51 
5052 2789 4771 2658 
5053 2318 4753 1896 
5054 802 804 803 
5055 835 3853 981 
5056 3371 4111 1804 
5057 1684 2299 2298 
5058 720 3864 722 
5059 2424 3945 2341 
5060 1124 1125 1123 
5061 55 633 54 
5062 58 301 57 
5063 65 3823 64 
5064 71 632 70 
5065 75 3804 74 
5066 68 315 67 
5067 23 312 22 
5068 19 283 18 
5069 26 3856 25 
5070 1052 1054 1053 
5071 3283 4000 848 
5072 1220 1222 1221 
5073 3295 4560 3296 
5074 2158 3803 3802 
5075 1050 3861 1052 
5076 1934 2198 2197 
5077 1406 1575 1405 
5078 1853 3683 2320 
5079 3540 4108 2384 
5080 339 3904 341 
5081 2492 2525 2524 
5082 3106 3113 3110 
5083 1820 3584 1824 
5084 2554 2556 2555 
5085 1872 1939 1873 
5086 1496 3772 1809 
5087 1258 1260 1259 
5088 3506 3840 3507 
5089 703 705 704 
5090 804 806 805 
5091 642 4666 3164 
5092 4480 4653 2798 
5093 3181 3183 3182 
5094 4318 4349 2459 
5095 740 2764 835 
5096 335 3788 337 
5097 2361 2570 2362 
5098 2852 2853 2349 
5099 436 438 437 
5100 2171 2685 2355 
5101 3294 4870 807 
5102 2071 2073 2072 
5103 2011 2013 2012 
5104 3750 4866 2913 
5105 139 286 138 
5106 189 4418 188 
5107 196 1598 195 
5108 182 745 181 
5109 125 284 124 
5110 132 285 131 
5111 146 287 145 
5112 153 288 152 
5113 160 289 159 
5114 175 4052 174 
5115 82 4076 81 
5116 89 3999 88 
5117 96 3870 95 
5118 690 691 688 
5119 4677 4933 3007 
5120 761 3904 339 
5121 3262 3270 3263 
5122 609 621 620 
5123 871 872 869 
5124 562 3611 573 
5125 3259 3262 3260 
5126 1785 1993 1568 
5127 3162 4618 642 
5128 83 309 82 
5129 449 4057 451 
5130 2498 3752 280 
5131 1625 1626 1624 
5132 579 1377 581 
5133 751 832 707 
5134 1106 1139 1138 
5135 3762 4890 4577 
5136 1342 1442 1441 
5137 3903 4282 2992 
5138 1644 1861 1860 
5139 281 2498 280 
5140 2377 2402 2378 
5141 3780 4282 1481 
5142 3105 4402 4176 
5143 2511 4812 4174 
5144 3029 3031 3030 
5145 2227 2229 2228 
5146 649 1190 647 
5147 178 4889 4331 
5148 3507 3508 302 
5149 583 838 585 
5150 2308 3924 1380 
5151 1256 1258 1257 
5152 371 3825 1481 
5153 1412 1413 1213 
5154 3648 3790 977 
5155 2429 2505 2430 
5156 2080 2081 1823 
5157 2173 2174 1900 
5158 1085 3781 1170 
5159 2229 2748 2747 
5160 2199 4793 3459 
5161 2009 2011 2010 
5162 3314 4489 1964 
5163 806 808 807 
5164 1701 1711 1700 
5165 76 2091 75 
5166 1254 1256 1255 
5167 3196 3199 3197 
5168 3802 3935 1745 
5169 1752 3781 3083 
5170 333 335 334 
5171 591 594 593 
5172 1222 1224 1223 
5173 1901 3973 2633 
5174 1437 3877 1277 
5175 2341 3796 1590 
5176 981 1168 1102 
5177 1693 2377 2193 
5178 2533 4215 3167 
5179 1120 1122 1121 
5180 1252 1254 1253 
5181 909 1315 1033 
5182 664 665 662 
5183 2007 2009 2008 
5184 1960 1962 1961 
5185 1284 1682 1681 
5186 1404 1405 1403 
5187 2829 2830 2828 
5188 2156 2158 1769 
5189 960 1902 1748 
5190 2718 2891 2720 
5191 3620 3622 3621 
5192 1888 2627 2307 
5193 1336 4286 1707 
5194 1919 2492 2491 
5195 3583 4871 2123 
5196 3413 4089 943 
5197 1991 2130 1992 
5198 2291 2593 2592 
5199 1398 1399 1397 
5200 585 3759 587 
5201 3086 3897 3469 
5202 3403 4330 3402 
5203 1955 3868 2586 
5204 1543 3782 1905 
5205 1286 4632 3312 
5206 1153 1512 1186 
5207 2005 2007 2006 
5208 808 810 809 
5209 684 3729 1767 
5210 1250 1252 1251 
5211 824 945 944 
5212 1224 1226 1225 
5213 3607 3608 2274 
5214 850 852 851 
5215 308 3178 63 
5216 1718 1719 1717 
5217 810 812 811 
5218 2938 4863 3236 
5219 1749 3662 480 
5220 1097 3833 1446 
5221 2255 2256 2248 
5222 1170 3781 1752 
5223 1400 1401 1399 
5224 2003 2005 2004 
5225 2337 2338 2188 
5226 259 3848 258 
5227 1226 1228 1227 
5228 1402 1403 1401 
5229 2130 2668 2131 
5230 1212 1213 1206 
5231 2000 2003 2002 
5232 1248 1250 1249 
5233 1627 1628 1626 
5234 3489 4358 3487 
5235 2147 2913 2146 
5236 2427 2429 2428 
5237 858 859 857 
5238 1570 2108 1437 
5239 2485 4555 2983 
5240 1087 3719 1605 
5241 2211 4198 2800 
5242 1955 2165 1956 
5243 3514 3515 304 
5244 3402 3404 1365 
5245 4077 4094 72 
5246 1712 1713 1711 
5247 1720 1721 1719 
5248 2145 2334 1849 
5249 1246 1248 1247 
5250 423 3570 409 
5251 2165 2815 2166 
5252 1244 1246 1245 
5253 1228 1230 1229 
5254 812 814 813 
5255 2398 4198 2107 
5256 3118 4805 2489 
5257 1591 1896 1592 
5258 860 861 859 
5259 1377 4092 3605 
5260 3224 3227 3225 
5261 1297 3972 3603 
5262 2772 3844 839 
5263 1706 2874 1648 
5264 1957 2495 2471 
5265 1469 2058 1468 
5266 297 4285 3748 
5267 1418 1419 1417 
5268 744 824 823 
5269 345 347 346 
5270 1722 4163 1724 
5271 1242 1244 1243 
5272 1752 1791 1790 
5273 1230 1232 1231 
5274 2064 2392 1790 
5275 1064 4834 3179 
5276 1704 2276 1744 
5277 1464 3774 1957 
5278 1714 1717 1713 
5279 2722 3809 2725 
5280 1918 3906 1597 
5281 4347 4941 1874 
5282 1848 2417 2144 
5283 645 701 700 
5284 1382 3924 1449 
5285 1412 3843 1693 
5286 2453 2454 2452 
5287 1232 1234 1233 
5288 1344 4703 3212 
5289 637 658 657 
5290 1962 2071 1963 
5291 2455 2456 2454 
5292 1240 1242 1241 
5293 862 863 861 
5294 2304 3937 1897 
5295 955 3770 1003 
5296 2295 2979 2844 
5297 1234 1236 1235 
5298 1526 1591 1527 
5299 1315 1704 1338 
5300 2371 4104 2369 
5301 2359 2427 2360 
5302 1236 1238 1237 
5303 2801 2804 2803 
5304 2196 2412 1933 
5305 3605 4315 2761 
5306 2593 3801 2672 
5307 35 1295 34 
5308 963 3829 908 
5309 1722 1723 1721 
5310 2198 2821 2197 
5311 3480 4232 3477 
5312 1238 1240 1239 
5313 474 1509 472 
5314 1894 4349 3399 
5315 1091 3833 1093 
5316 1284 1681 1285 
5317 2230 3628 555 
5318 478 484 476 
5319 1117 1120 1119 
5320 3602 3812 3319 
5321 434 1812 720 
5322 1517 3852 1193 
5323 284 3458 3457 
5324 1618 3846 1622 
5325 343 345 344 
5326 635 645 644 
5327 1460 3084 1300 
5328 2334 3860 1849 
5329 2237 3038 3037 
5330 1044 1046 1045 
5331 814 816 815 
5332 3278 3279 2304 
5333 3709 4117 3597 
5334 1193 1195 1114 
5335 1770 3965 2359 
5336 2179 4571 2178 
5337 3332 3333 1317 
5338 2042 3478 3477 
5339 1647 1913 1645 
5340 2492 3811 2525 
5341 2317 3822 3056 
5342 407 409 408 
5343 686 3838 3729 
5344 2978 4719 563 
5345 1052 1053 1051 
5346 2722 2725 2723 
5347 2103 2104 2102 
5348 3353 4528 3352 
5349 833 857 832 
5350 831 3770 955 
5351 1270 4964 3501 
5352 3095 4229 1757 
5353 986 3930 963 
5354 1648 3967 1279 
5355 873 874 872 
5356 2280 3770 831 
5357 864 865 863 
5358 2480 3813 2257 
5359 3712 4617 3574 
5360 3357 4085 3184 
5361 1171 3837 1094 
5362 864 3894 3795 
5363 1602 1655 1493 
5364 2515 4435 3805 
5365 1046 1047 1045 
5366 2418 4299 3817 
5367 1911 1912 1760 
5368 1186 1284 1187 
5369 1801 1802 1800 
5370 1703 3525 677 
5371 3727 4100 2193 
5372 1965 2341 1590 
5373 1580 3834 1430 
5374 2197 2383 2196 
5375 1468 3837 1171 
5376 1518 1892 1890 
5377 3517 3566 1373 
5378 438 440 439 
5379 1724 1725 1723 
5380 1208 2508 1207 
5381 2972 4326 2483 
5382 2107 2210 2106 
5383 965 3655 1158 
5384 2105 2106 2104 
5385 1629 1633 1628 
5386 1542 2147 2146 
5387 3519 4393 3590 
5388 341 343 342 
5389 2305 2688 2687 
5390 1277 1561 1156 
5391 1934 2197 2196 
5392 866 868 865 
5393 901 902 900 
5394 31 4293 1358 
5395 2342 2424 2341 
5396 3730 4056 3731 
5397 2899 4701 2469 
5398 691 3838 688 
5399 440 446 445 
5400 903 904 902 
5401 875 876 874 
5402 3038 3040 3039 
5403 3523 3886 3524 
5404 74 1164 73 
5405 416 422 421 
5406 1651 2093 2092 
5407 1415 1418 1417 
5408 739 839 656 
5409 1806 2184 1805 
5410 469 638 467 
5411 3408 3854 2032 
5412 22 3778 21 
5413 909 1033 763 
5414 2402 2537 2378 
5415 3734 4025 3733 
5416 1733 3617 788 
5417 699 1438 691 
5418 422 425 424 
5419 2211 2798 2210 
5420 1726 1727 1725 
5421 1892 2188 1893 
5422 2062 2212 1587 
5423 899 900 898 
5424 2137 2564 2563 
5425 2528 2585 2526 
5426 1770 2359 2157 
5427 1682 1934 1933 
5428 2973 2974 2698 
5429 1783 1800 1782 
5430 2377 2378 2193 
5431 1803 1829 1802 
5432 2479 3154 3153 
5433 1388 3456 2884 
5434 1682 1933 1681 
5435 1475 1476 1459 
5436 411 416 415 
5437 481 3787 1062 
5438 877 878 876 
5439 1183 1212 1206 
5440 1865 4304 1863 
5441 500 501 498 
5442 2150 2998 2074 
5443 1916 3694 1671 
5444 1681 1848 1285 
5445 339 341 340 
5446 2609 2630 2392 
5447 487 491 490 
5448 1728 1753 1727 
5449 1293 3859 3281 
5450 446 456 455 
5451 897 898 896 
5452 1934 2196 1933 
5453 409 411 410 
5454 3345 3571 3570 
5455 2126 4955 4135 
5456 3724 4809 2762 
5457 1824 4386 4383 
5458 3111 3112 3108 
5459 1483 1955 1954 
5460 666 667 665 
5461 2291 3818 2593 
5462 1737 2406 1735 
5463 348 3826 1188 
5464 688 3838 686 
5465 2801 2803 2799 
5466 1709 2208 1710 
5467 879 880 878 
5468 2427 4138 2429 
5469 895 896 894 
5470 893 894 892 
5471 633 4658 3631 
5472 4203 4354 1357 
5473 881 882 880 
5474 1781 1782 1780 
5475 3790 3791 977 
5476 33 311 32 
5477 810 4221 812 
5478 891 892 890 
5479 1413 3796 1415 
5480 1952 1959 1951 
5481 1174 1275 1173 
5482 2970 2971 2338 
5483 1950 1951 1949 
5484 1521 4062 3734 
5485 2871 2996 2995 
5486 258 3848 325 
5487 854 1061 952 
5488 2765 4903 2969 
5489 2058 2274 1468 
5490 2293 3865 3632 
5491 627 2282 604 
5492 1073 3971 1069 
5493 2814 2863 2192 
5494 1424 1425 1423 
5495 952 1151 1150 
5496 1932 1949 1931 
5497 538 539 537 
5498 3524 4509 2541 
5499 1301 1450 1439 
5500 883 884 882 
5501 1930 1931 1929 
5502 1889 1891 1517 
5503 816 818 817 
5504 2058 2654 2274 
5505 2531 3716 2170 
5506 2558 4587 2545 
5507 619 635 634 
5508 1496 3836 3772 
5509 536 537 535 
5510 534 535 533 
5511 540 541 539 
5512 1880 1881 1879 
5513 2269 2655 2268 
5514 1463 3045 3044 
5515 337 339 338 
5516 1937 2348 1912 
5517 532 533 531 
5518 2303 2419 2418 
5519 1928 1929 1927 
5520 633 3631 54 
5521 528 529 527 
5522 1806 2185 2184 
5523 526 527 525 
5524 530 531 529 
5525 1026 1357 1024 
5526 1779 1780 1778 
5527 3243 4826 1664 
5528 312 3778 22 
5529 1188 4598 3034 
5530 548 549 547 
5531 1606 3518 2200 
5532 2609 4840 3036 
5533 885 886 884 
5534 640 659 639 
5535 542 543 541 
5536 546 547 545 
5537 1827 3842 1557 
5538 1420 1421 1419 
5539 3650 4061 3932 
5540 1926 1927 1925 
5541 2793 2794 2666 
5542 668 669 667 
5543 2419 2421 2420 
5544 2289 3818 2291 
5545 1878 1879 1877 
5546 2663 2664 2662 
5547 587 3759 1461 
5548 544 545 543 
5549 2688 4846 2687 
5550 1199 1200 1110 
5551 2661 2662 2660 
5552 2665 2666 2664 
5553 2057 3661 1785 
5554 335 337 336 
5555 2444 2509 2443 
5556 1882 1883 1881 
5557 2490 4218 3237 
5558 1410 2914 115 
5559 2421 2423 2422 
5560 658 744 743 
5561 2144 2305 2145 
5562 2659 2660 2650 
5563 524 525 523 
5564 2795 2796 2794 
5565 2882 2883 2881 
5566 296 3091 44 
5567 889 890 888 
5568 2810 2813 2812 
5569 1848 1849 1285 
5570 1097 1446 1162 
5571 2187 3873 2761 
5572 2073 2074 2072 
5573 614 619 618 
5574 1848 2144 1849 
5575 2465 3396 2275 
5576 361 362 359 
5577 1924 1925 1923 
5578 981 3853 1168 
5579 1884 1885 1883 
5580 2151 2375 2027 
5581 2593 3818 3801 
5582 1922 1923 1921 
5583 1971 1972 1970 
5584 1886 1921 1885 
5585 522 523 521 
5586 1973 1974 1972 
5587 887 888 886 
5588 2649 2650 2648 
5589 2525 2526 2524 
5590 2163 2167 1918 
5591 479 3787 481 
5592 1109 1110 1014 
5593 1456 1457 1455 
5594 966 967 947 
5595 520 521 519 
5596 2647 2648 2646 
5597 1052 1172 1054 
5598 597 614 613 
5599 1412 1590 1413 
5600 1977 1978 1976 
5601 1284 1285 1187 
5602 2591 3754 3152 
5603 2915 3959 2916 
5604 1979 1980 1978 
5605 2250 2966 2203 
5606 3567 4517 2558 
5607 1634 1759 1633 
5608 2628 3881 2217 
5609 2969 4903 2516 
5610 3545 4393 1065 
5611 2925 2926 2796 
5612 2654 3607 2274 
5613 2730 4711 3753 
5614 1975 1976 1974 
5615 1981 1982 1980 
5616 629 4250 4131 
5617 1754 1755 1753 
5618 1013 1014 839 
5619 1983 1984 1982 
5620 594 597 596 
5621 1438 3838 691 
5622 2835 4828 4597 
5623 4140 4599 2365 
5624 2722 2723 2568 
5625 1607 1621 1596 
5626 2305 2687 2145 
5627 1295 3018 34 
5628 518 519 517 
5629 2605 3078 2751 
5630 1023 1024 1022 
5631 2706 4655 4632 
5632 682 3763 592 
5633 395 396 394 
5634 2338 2977 2188 
5635 788 3617 789 
5636 2574 2602 2573 
5637 2554 2911 2556 
5638 2484 4257 3155 
5639 393 394 392 
5640 1794 1795 1585 
5641 1607 4189 1621 
5642 2645 2646 2644 
5643 1212 1412 1213 
5644 1641 3690 1640 
5645 1316 4107 716 
5646 2778 2779 2777 
5647 763 3820 699 
5648 670 671 669 
5649 1426 1427 1425 
5650 391 392 390 
5651 2274 3837 1468 
5652 2346 4110 1805 
5653 389 390 388 
5654 465 1376 463 
5655 2927 2928 2926 
5656 1969 1970 1968 
5657 397 398 396 
5658 868 3786 1837 
5659 1985 1986 1984 
5660 1584 1585 1583 
5661 405 406 404 
5662 128 4930 2792 
5663 2384 4060 2513 
5664 3013 4427 4057 
5665 491 560 559 
5666 516 517 515 
5667 1693 3843 2377 
5668 2595 3126 2352 
5669 1777 1778 1776 
5670 4695 4888 1759 
5671 1335 4046 3595 
5672 4816 4931 86 
5673 2507 2607 2506 
5674 1845 2186 2112 
5675 2643 2644 2642 
5676 2270 2271 1827 
5677 2751 2806 2750 
5678 90 300 89 
5679 387 388 386 
5680 634 4250 618 
5681 3416 4619 3415 
5682 2144 2145 1849 
5683 3166 4951 3669 
5684 2831 2832 2830 
5685 3637 4667 2712 
5686 838 3759 585 
5687 403 404 402 
5688 1671 1845 1825 
5689 3942 4774 2631 
5690 1933 3821 1681 
5691 1513 1915 1589 
5692 1150 1297 951 
5693 732 4294 767 
5694 2641 2642 2640 
5695 1681 3821 1848 
5696 1830 1831 1829 
5697 1451 2328 1439 
5698 399 400 398 
5699 2109 2746 2381 
5700 2510 2573 2509 
5701 842 938 768 
5702 4233 4303 2599 
5703 2537 2758 2378 
5704 2295 2844 2674 
5705 788 789 787 
5706 1848 3821 2417 
5707 2411 4421 1147 
5708 3175 3862 1653 
5709 514 515 513 
5710 2639 2640 2638 
5711 3334 4495 3335 
5712 2109 2182 1891 
5713 1122 1124 1123 
5714 1892 1893 1890 
5715 2929 2930 2928 
5716 2725 2901 2723 
5717 1047 1407 1045 
5718 1348 1544 1346 
5719 794 795 793 
5720 3726 4362 3728 
5721 1814 1815 1808 
5722 3608 3837 2274 
5723 2345 4090 2699 
5724 1440 3858 1027 
5725 1029 1031 1030 
5726 291 3764 110 
5727 1905 2209 2192 
5728 2494 3898 1571 
5729 3062 3910 2222 
5730 775 776 774 
5731 2412 3821 1933 
5732 784 785 776 
5733 385 386 384 
5734 1750 1751 1594 
5735 773 774 772 
5736 512 513 511 
5737 401 402 400 
5738 1582 1583 1565 
5739 1756 1776 1755 
5740 2351 2352 2037 
5741 1504 1505 1503 
5742 550 551 549 
5743 1315 1338 1033 
5744 786 787 785 
5745 573 609 608 
5746 1960 1961 1959 
5747 510 511 509 
5748 3829 3883 909 
5749 1330 3879 1328 
5750 792 793 791 
5751 733 3594 728 
5752 3368 4744 3360 
5753 2035 2037 1908 
5754 660 4059 3794 
5755 383 384 382 
5756 2505 2506 2430 
5757 1987 1988 1986 
5758 508 509 507 
5759 3412 3816 3207 
5760 433 4350 3239 
5761 2603 2604 2602 
5762 381 382 380 
5763 1115 1296 1194 
5764 2295 2674 2267 
5765 1011 1208 1207 
5766 3340 4049 3325 
5767 562 573 572 
5768 1857 2219 1786 
5769 2534 4640 3296 
5770 1697 4210 3180 
5771 1360 3915 2331 
5772 1187 1649 1185 
5773 1965 2342 2341 
5774 2470 3741 3740 
5775 2610 3966 3841 
5776 796 797 795 
5777 2434 2435 2082 
5778 1822 1823 1821 
5779 379 380 378 
5780 2637 2638 2636 
5781 2975 3859 2698 
5782 1995 2807 2474 
5783 771 772 770 
5784 2654 4884 2913 
5785 1564 1565 1563 
5786 4304 4537 3082 
5787 1704 1744 1338 
5788 2680 4635 2571 
5789 1590 3796 1413 
5790 1397 3915 1362 
5791 1600 4099 1894 
5792 1449 3924 2087 
5793 2271 3842 1827 
5794 167 290 166 
5795 2479 3153 2477 
5796 1392 4314 219 
5797 798 799 797 
5798 3046 3047 3044 
5799 1562 1563 1555 
5800 2643 3933 2645 
5801 3165 3166 3163 
5802 697 4458 710 
5803 2176 3550 3549 
5804 506 507 505 
5805 2605 2750 2604 
5806 2173 2175 2174 
5807 3812 4633 1859 
5808 2492 2524 2491 
5809 341 4452 343 
5810 502 503 501 
5811 994 4234 482 
5812 2071 2072 1963 
5813 504 505 503 
5814 2423 2432 2431 
5815 301 3058 57 
5816 4214 4303 1209 
5817 325 4091 3709 
5818 1784 4866 3750 
5819 1552 1553 1551 
5820 377 378 376 
5821 1021 1023 1022 
5822 4126 4827 4740 
5823 1418 1420 1419 
5824 3725 3995 2099 
5825 1186 1187 1185 
5826 1554 1555 1553 
5827 4088 4274 3831 
5828 3251 3900 3250 
5829 1506 1516 1505 
5830 2883 4551 4489 
5831 2224 3910 2227 
5832 3407 4638 3408 
5833 2278 4959 4783 
5834 1502 1503 1137 
5835 2127 3465 1851 
5836 1005 1214 1007 
5837 1858 1859 1643 
5838 118 282 117 
5839 1989 1990 1988 
5840 1698 4206 1701 
5841 1893 2267 1890 
5842 64 308 63 
5843 1154 1906 1042 
5844 562 572 561 
5845 1412 1693 1590 
5846 357 2379 355 
5847 1993 3783 2316 
5848 375 376 374 
5849 672 673 671 
5850 626 2365 655 
5851 2342 2543 2424 
5852 1920 2494 1571 
5853 1152 1692 1135 
5854 2429 2430 2428 
5855 248 3884 3647 
5856 3426 4106 3427 
5857 2717 4885 4435 
5858 2746 2967 2381 
5859 1693 2193 1965 
5860 2342 2982 2543 
5861 2251 2252 1796 
5862 2816 4788 3659 
5863 3375 3380 3377 
5864 1595 1596 1451 
5865 373 374 372 
5866 554 561 553 
5867 1919 3912 2492 
5868 2619 2620 2618 
5869 1421 1424 1423 
5870 552 553 551 
5871 1550 1551 1389 
5872 4238 4307 2503 
5873 699 3820 1438 
5874 1907 1908 1906 
5875 2958 4889 299 
5876 1439 3972 1299 
5877 869 3786 868 
5878 769 770 760 
5879 3592 4499 2900 
5880 3803 4159 3802 
5881 2244 4491 3370 
5882 71 4094 632 
5883 1415 3796 1418 
5884 3384 4082 2396 
5885 3981 4964 1270 
5886 3226 3934 3230 
5887 2903 2904 2902 
5888 2633 2634 2053 
5889 1656 1850 1655 
5890 1450 1595 1451 
5891 2170 2171 1862 
5892 3325 4049 3324 
5893 2739 4373 3672 
5894 2088 2625 2372 
5895 621 639 620 
5896 2063 4273 1549 
5897 2067 2078 2068 
5898 371 372 370 
5899 2353 3943 1375 
5900 800 801 799 
5901 1461 3927 589 
5902 2327 4475 2254 
5903 1907 2036 2035 
5904 846 847 845 
5905 647 3808 643 
5906 1518 1890 1889 
5907 2685 2693 2355 
5908 2941 2942 2940 
5909 495 497 494 
5910 1022 1064 984 
5911 589 3927 591 
5912 905 906 904 
5913 3045 3048 3046 
5914 2535 2984 2149 
5915 369 370 368 
5916 2680 4880 4635 
5917 2997 4573 2653 
5918 2295 3876 2979 
5919 493 494 492 
5920 2170 3716 2171 
5921 1861 1862 1860 
5922 2833 2834 2832 
5923 631 3955 48 
5924 2605 2751 2750 
5925 1153 1186 1185 
5926 1893 2295 2267 
5927 1798 2949 2253 
5928 367 368 366 
5929 27 4183 26 
5930 2581 2752 2628 
5931 1481 3903 373 
5932 333 334 331 
5933 1139 1211 1210 
5934 802 803 801 
5935 2564 4519 3798 
5936 485 492 484 
5937 2177 2981 2179 
5938 780 781 779 
5939 759 760 758 
5940 1991 1992 1990 
5941 1767 3763 682 
5942 3837 3930 1094 
5943 1692 3793 1135 
5944 1889 2109 1891 
5945 1993 4462 3783 
5946 1744 1745 1338 
5947 2843 4754 4067 
5948 1767 4361 3667 
5949 1693 1965 1590 
5950 914 915 913 
5951 1165 3896 3653 
5952 1888 3936 2627 
5953 804 805 803 
5954 806 807 805 
5955 1851 2128 1850 
5956 1821 2536 1819 
5957 2427 2428 2360 
5958 1962 1963 1961 
5959 3140 4588 856 
5960 2574 2603 2602 
5961 3615 4188 957 
5962 3195 3940 3198 
5963 2714 3411 3410 
5964 2689 2690 2252 
5965 1450 1451 1439 
5966 2359 2360 2157 
5967 2108 3877 1437 
5968 2096 2459 1516 
5969 2270 2714 2713 
5970 2283 3743 3742 
5971 925 927 926 
5972 710 727 709 
5973 194 3668 310 
5974 1431 1456 1455 
5975 2088 4247 2625 
5976 2520 2676 2219 
5977 1033 3820 763 
5978 1173 1497 1054 
5979 1299 3972 1297 
5980 2800 4405 3748 
5981 697 709 696 
5982 1457 1475 1459 
5983 679 696 678 
5984 4613 4620 320 
5985 1640 2088 2028 
5986 472 3807 469 
5987 2632 3000 1674 
5988 2109 2381 2182 
5989 2140 2582 2139 
5990 2130 2131 1992 
5991 3401 3962 3403 
5992 1424 1496 1426 
5993 674 675 673 
5994 2516 4687 2969 
5995 3989 3990 3437 
5996 676 678 675 
5997 2936 2937 2371 
5998 1832 1833 1831 
5999 365 366 364 
6000 1154 3855 1907 
6001 61 642 60 
6002 642 3049 60 
6003 1518 1889 1517 
6004 1791 2064 1790 
6005 3447 4852 3724 
6006 1380 3924 1382 
6007 2370 2371 2369 
6008 1427 1433 1429 
6009 436 437 432 
6010 2351 4337 4195 
6011 808 809 807 
6012 1809 2268 1827 
6013 1496 1809 1557 
6014 1032 1044 1043 
6015 625 4972 3053 
6016 757 758 756 
6017 818 820 819 
6018 810 811 809 
6019 2672 4819 4646 
6020 2603 2605 2604 
6021 2202 3105 2496 
6022 2833 3831 2834 
6023 2425 2877 1876 
6024 3486 4160 1405 
6025 1744 1758 1745 
6026 1897 2063 1549 
6027 2977 3876 2188 
6028 1424 1426 1425 
6029 755 756 754 
6030 2270 2713 2271 
6031 812 813 811 
6032 3603 3885 855 
6033 2730 3753 2391 
6034 2455 3954 2457 
6035 1891 3852 1517 
6036 1631 2450 2448 
6037 363 364 362 
6038 4558 4802 2888 
6039 1310 2411 1147 
6040 1222 4265 3233 
6041 1362 3915 1360 
6042 1068 3986 1799 
6043 1076 2388 680 
6044 2306 2353 1375 
6045 3799 3971 1073 
6046 3382 4082 3980 
6047 1758 1769 1745 
6048 753 754 737 
6049 2392 3725 1790 
6050 2998 2999 2074 
6051 2227 2326 2229 
6052 2325 3694 1916 
6053 1895 2202 1994 
6054 991 3784 1287 
6055 1263 1264 1262 
6056 3619 4102 3625 
6057 2206 2973 2698 
6058 1194 1518 1517 
6059 1946 1947 1945 
6060 469 3807 638 
6061 1615 1617 1616 
6062 2510 2574 2573 
6063 155 2575 1370 
6064 2367 2369 936 
6065 920 921 919 
6066 1264 3841 1266 
6067 2167 3906 1918 
6068 2760 2762 2186 
6069 353 997 351 
6070 3423 3978 3369 
6071 1838 3892 1166 
6072 3438 3989 3437 
6073 3345 3570 423 
6074 1538 4145 3652 
6075 2952 2955 2954 
6076 2348 3680 2675 
6077 1938 2155 2142 
6078 1746 1874 1545 
6079 1604 4046 1335 
6080 868 1837 1166 
6081 961 3784 991 
6082 1393 2950 108 
6083 467 3814 465 
6084 2222 3910 2224 
6085 837 972 971 
6086 3618 4071 3620 
6087 1478 1685 1658 
6088 820 837 825 
6089 1053 1155 1051 
6090 814 815 813 
6091 1948 2025 2024 
6092 1094 3930 986 
6093 1834 1945 1833 
6094 2264 2704 2263 
6095 2351 2595 2352 
6096 1840 1842 1838 
6097 570 605 603 
6098 1420 3836 1421 
6099 1518 3880 1892 
6100 738 1068 821 
6101 2386 2387 2336 
6102 736 737 730 
6103 1082 1083 1081 
6104 2099 3995 2623 
6105 1190 3808 647 
6106 2714 3410 2713 
6107 2188 3876 1893 
6108 3704 3994 2273 
6109 430 2415 427 
6110 4206 4413 2060 
6111 2106 2438 2104 
6112 2035 2351 2037 
6113 2259 3756 2258 
6114 2923 4914 2863 
6115 1403 1887 1401 
6116 1103 1104 1083 
6117 1053 1165 1155 
6118 591 3927 594 
6119 2496 2497 1994 
6120 1837 1839 1838 
6121 1126 1127 1125 
6122 1770 2156 1769 
6123 2798 2802 2210 
6124 1399 1943 1397 
6125 1068 1070 1069 
6126 2568 3865 2293 
6127 2495 2860 2471 
6128 609 620 608 
6129 1851 3465 2128 
6130 916 917 915 
6131 1038 1105 1039 
6132 1215 1216 1104 
6133 3755 4092 577 
6134 2157 2559 2156 
6135 3608 3930 3837 
6136 2049 2116 1939 
6137 2265 4535 3783 
6138 1496 1557 1426 
6139 2026 2523 2111 
6140 1907 3855 2036 
6141 1395 4574 1394 
6142 2952 2954 2951 
6143 3786 3984 2590 
6144 1194 1517 1193 
6145 1809 1827 1557 
6146 560 570 569 
6147 2268 2270 1827 
6148 3748 3870 297 
6149 3657 3658 2330 
6150 1695 1715 1575 
6151 1671 1825 1669 
6152 3332 4495 3333 
6153 1487 1488 1176 
6154 1131 3390 1129 
6155 2309 2310 2054 
6156 3849 4420 1060 
6157 2277 2278 2175 
6158 1758 1770 1769 
6159 2052 2054 1635 
6160 1543 1905 1604 
6161 2159 2549 2160 
6162 1044 1045 1043 
6163 1733 3839 3617 
6164 2585 2682 2526 
6165 3471 4482 1319 
6166 349 3699 347 
6167 1907 2035 1908 
6168 1201 1202 1142 
6169 761 3905 3904 
6170 2277 2739 2613 
6171 2481 4386 2480 
6172 2257 3813 2850 
6173 2414 4267 3768 
6174 1080 1081 1078 
6175 2236 2391 1810 
6176 3456 3457 2884 
6177 816 817 815 
6178 176 734 175 
6179 25 1196 24 
6180 3455 4303 4214 
6181 3279 3937 2304 
6182 2072 2540 1963 
6183 1667 3690 1641 
6184 2227 3910 2326 
6185 1449 2087 2085 
6186 48 3955 47 
6187 2310 3847 2611 
6188 4743 4884 3103 
6189 3642 3700 3640 
6190 1849 3860 1285 
6191 2600 2894 2116 
6192 3045 3046 3044 
6193 2382 2480 2257 
6194 2607 3002 2608 
6195 2093 2258 2092 
6196 1172 1173 1054 
6197 2432 2444 2443 
6198 1672 4487 3105 
6199 1032 1042 1030 
6200 1943 3915 1397 
6201 2257 2850 2122 
6202 1770 2157 2156 
6203 1839 1841 1840 
6204 702 703 701 
6205 1162 3922 1183 
6206 2444 2510 2509 
6207 1285 3860 1187 
6208 3103 4675 2818 
6209 1200 1524 1290 
6210 3859 4777 3281 
6211 1948 2024 1947 
6212 3387 4321 975 
6213 1475 1571 1476 
6214 8 4151 7 
6215 3377 3379 3378 
6216 3573 4774 3572 
6217 728 740 727 
6218 1711 2279 1700 
6219 3309 4684 4538 
6220 2450 2452 2451 
6221 1046 4128 1209 
6222 1751 1814 1808 
6223 2874 3967 1648 
6224 347 434 346 
6225 2377 4150 2402 
6226 1187 3860 1649 
6227 3538 4582 985 
6228 1939 4075 1940 
6229 1043 1154 1042 
6230 1343 3735 147 
6231 3027 4857 3656 
6232 1292 1750 1594 
6233 922 923 921 
6234 3286 4612 1318 
6235 2405 2778 2777 
6236 2607 2608 2506 
6237 1183 3922 1212 
6238 1443 3768 1105 
6239 1115 1194 1193 
6240 1141 1142 1140 
6241 3864 4609 3463 
6242 2477 3872 2250 
6243 859 988 857 
6244 501 3968 498 
6245 1740 4018 2000 
6246 1958 2670 1903 
6247 2470 3740 972 
6248 3962 4068 3403 
6249 1953 2679 1482 
6250 3102 4440 735 
6251 1041 1115 1114 
6252 1003 3869 1005 
6253 2430 2631 2428 
6254 1446 3922 1162 
6255 1919 2491 1920 
6256 2508 3965 3483 
6257 3342 4698 4683 
6258 1456 3912 1457 
6259 1475 1919 1571 
6260 407 408 406 
6261 3844 4796 2282 
6262 1154 1907 1906 
6263 1841 1877 1876 
6264 1600 1894 1202 
6265 2596 4569 2598 
6266 1070 1072 1071 
6267 1016 1060 1015 
6268 939 1015 938 
6269 1421 3836 1424 
6270 614 708 619 
6271 2078 2159 2079 
6272 1212 3922 3843 
6273 1845 2112 1825 
6274 3931 4161 3389 
6275 465 3814 1376 
6276 1864 2043 1866 
6277 728 3594 740 
6278 3661 4462 1993 
6279 594 2358 597 
6280 1016 3849 1060 
6281 2282 4199 604 
6282 3504 4500 2288 
6283 3517 4517 3567 
6284 1041 1114 1036 
6285 702 1895 766 
6286 2328 3972 1439 
6287 1177 4627 1272 
6288 2723 3865 2568 
6289 905 949 906 
6290 653 4063 1709 
6291 1165 1644 1643 
6292 2305 4062 2688 
6293 3842 3914 1557 
6294 1893 3876 2295 
6295 1115 1193 1114 
6296 2655 3863 2268 
6297 1211 1466 1465 
6298 2213 2215 2214 
6299 2298 4696 3240 
6300 2434 2596 2435 
6301 863 1470 861 
6302 868 1166 865 
6303 2574 2606 2603 
6304 1052 3861 1172 
6305 659 1075 680 
6306 4738 4871 3583 
6307 3250 4032 3248 
6308 1464 4028 3774 
6309 2677 2771 2451 
6310 1860 2357 1858 
6311 1168 1169 1102 
6312 2552 3051 2460 
6313 3168 4019 2389 
6314 345 346 344 
6315 347 3699 434 
6316 872 3786 869 
6317 3455 4214 4081 
6318 1899 2261 2172 
6319 230 4167 229 
6320 721 1935 719 
6321 2109 3875 2746 
6322 2349 3680 2348 
6323 1593 4911 1291 
6324 1296 3880 1194 
6325 296 3947 3091 
6326 3425 4022 3428 
6327 1573 3976 3245 
6328 2937 2941 2940 
6329 72 4094 71 
6330 2261 2865 2864 
6331 1204 1819 1031 
6332 1719 2339 1717 
6333 2536 4128 4096 
6334 3124 4395 1408 
6335 943 4089 1329 
6336 476 4003 474 
6337 271 4174 270 
6338 764 765 729 
6339 1890 3875 1889 
6340 1059 4148 1144 
6341 1535 4040 1356 
6342 3168 4034 4019 
6343 487 490 456 
6344 1819 4096 1031 
6345 1109 1199 1110 
6346 4291 4361 3729 
6347 2267 3875 1890 
6348 1842 3892 1838 
6349 3568 4709 3787 
6350 4025 4056 726 
6351 1611 1630 1609 
6352 2779 2785 2781 
6353 1644 1860 1858 
6354 1436 4356 4226 
6355 4323 4502 651 
6356 579 4092 1377 
6357 2843 4067 2691 
6358 1165 1643 1155 
6359 2382 2481 2480 
6360 474 4003 1509 
6361 620 1484 608 
6362 1075 1077 1076 
6363 343 344 342 
6364 971 1041 1036 
6365 749 780 779 
6366 2112 2409 1825 
6367 971 1036 825 
6368 2456 2615 2458 
6369 1735 3839 1733 
6370 2250 3872 2966 
6371 3770 3869 1003 
6372 1837 1838 1166 
6373 3249 3475 3251 
6374 2363 2364 2185 
6375 826 4107 973 
6376 1054 3896 1053 
6377 1019 1038 1020 
6378 1723 2125 1721 
6379 739 1013 839 
6380 818 819 817 
6381 2425 2878 2877 
6382 1101 1140 980 
6383 1218 1274 1220 
6384 783 846 845 
6385 1124 1126 1125 
6386 3719 4322 1605 
6387 847 914 913 
6388 3084 3087 3085 
6389 1013 1109 1014 
6390 2861 4098 2463 
6391 2173 2277 2175 
6392 1839 1840 1838 
6393 1301 1439 1299 
6394 2131 2287 1992 
6395 1773 4956 1774 
6396 3462 4593 3589 
6397 3153 3872 2477 
6398 1775 2140 2139 
6399 1032 1043 1042 
6400 3359 4636 2143 
6401 1029 1204 1031 
6402 95 1474 94 
6403 1782 2195 1780 
6404 1457 3912 1475 
6405 2180 2694 1914 
6406 1642 3998 3255 
6407 911 1914 790 
6408 1905 2192 2101 
6409 1271 1567 1547 
6410 3025 3026 746 
6411 2952 3871 2955 
6412 876 999 874 
6413 2277 2613 2278 
6414 341 342 340 
6415 1881 2333 1879 
6416 3733 4025 726 
6417 3028 3076 312 
6418 1153 1185 1152 
6419 2776 4235 2404 
6420 1778 2399 1776 
6421 1814 2149 1815 
6422 3410 4791 629 
6423 1620 4086 1619 
6424 2845 4279 2150 
6425 1136 1153 1152 
6426 2009 4443 3313 
6427 2312 3929 3928 
6428 1919 1920 1571 
6429 1426 3914 1427 
6430 3259 3520 3262 
6431 1260 1263 1262 
6432 484 4003 476 
6433 2491 2493 1920 
6434 1889 3875 2109 
6435 1653 3862 3412 
6436 4140 4621 4139 
6437 1424 3836 1496 
6438 1661 4020 3193 
6439 2375 3988 2027 
6440 2202 2496 1994 
6441 880 1490 878 
6442 2277 4050 2739 
6443 1194 3880 1518 
6444 3941 4108 988 
6445 1990 2238 1988 
6446 837 971 825 
6447 960 1748 932 
6448 329 330 328 
6449 2496 3119 2497 
6450 1868 2344 1870 
6451 2507 4552 2859 
6452 886 975 884 
6453 817 958 815 
6454 2171 2355 2354 
6455 665 4059 662 
6456 3002 3003 2608 
6457 2273 3994 2554 
6458 1657 1806 1805 
6459 2766 2767 2620 
6460 2270 3863 2714 
6461 1644 1858 1643 
6462 2055 2547 2056 
6463 896 1479 894 
6464 1509 3807 472 
6465 1640 2028 1452 
6466 1254 1436 1256 
6467 1753 2311 1727 
6468 2172 2173 1900 
6469 3030 4333 298 
6470 3886 4381 3524 
6471 2753 2754 2752 
6472 4366 4667 4596 
6473 2116 4910 4075 
6474 892 1066 890 
6475 4478 4932 1729 
6476 1829 2416 1802 
6477 2693 3792 2355 
6478 1741 1742 1273 
6479 2917 4079 2831 
6480 339 340 338 
6481 900 989 898 
6482 2121 4793 2199 
6483 1921 2136 1885 
6484 2675 4371 2407 
6485 1307 4378 20 
6486 1841 1876 1840 
6487 497 2366 936 
6488 335 336 334 
6489 1224 1473 1226 
6490 1306 3953 1304 
6491 1029 3858 1204 
6492 1927 2512 1925 
6493 2634 2636 2635 
6494 1581 1762 1761 
6495 1228 1270 1230 
6496 1959 2534 1951 
6497 2478 4425 3050 
6498 811 985 809 
6499 1949 2314 1931 
6500 1599 4021 3221 
6501 789 791 790 
6502 3285 4523 2757 
6503 1877 2425 1876 
6504 1263 1901 1635 
6505 2268 3863 2270 
6506 3687 4957 1448 
6507 30 4524 29 
6508 906 1074 904 
6509 1248 1268 1250 
6510 2388 3987 680 
6511 1244 1472 1246 
6512 3612 3923 3611 
6513 1195 4162 1114 
6514 1132 1320 1134 
6515 1915 4238 1589 
6516 747 4093 714 
6517 2365 4599 3986 
6518 2893 4581 2641 
6519 1407 3891 1045 
6520 337 338 336 
6521 3196 3569 3199 
6522 315 3462 67 
6523 1795 1968 1967 
6524 594 3927 2358 
6525 1899 1900 1570 
6526 1615 1616 1613 
6527 1810 4099 1600 
6528 4438 4892 288 
6529 1855 1856 1854 
6530 3554 4176 2323 
6531 1234 1480 1236 
6532 934 935 765 
6533 1238 1269 1240 
6534 2669 4319 2668 
6535 1427 3914 1433 
6536 3602 4633 3812 
6537 3224 3552 3227 
6538 825 3932 819 
6539 2309 3780 2885 
6540 2154 2433 1967 
6541 2370 2938 2936 
6542 820 825 819 
6543 1139 4267 1211 
6544 1021 1022 984 
6545 3324 4049 3417 
6546 4060 4108 3941 
6547 638 3814 467 
6548 940 4269 3639 
6549 2366 2368 2367 
6550 2017 2022 2019 
6551 2679 4115 1482 
6552 715 3470 712 
6553 645 702 701 
6554 1901 2053 2052 
6555 573 608 572 
6556 1986 2168 1984 
6557 1895 1994 766 
6558 2021 2264 2263 
6559 2154 2919 2918 
6560 807 4810 3294 
6561 2370 2936 2371 
6562 3979 4143 2616 
6563 1738 4018 1740 
6564 294 2869 172 
6565 1199 3988 1200 
6566 498 3968 497 
6567 1005 3869 1214 
6568 2367 2370 2369 
6569 513 717 511 
6570 1814 2400 2149 
6571 2719 4094 4077 
6572 3383 4665 2347 
6573 2450 2451 2448 
6574 1872 2049 1939 
6575 2818 4743 3103 
6576 1031 1032 1030 
6577 733 3850 3594 
6578 911 2624 2180 
6579 2605 3952 3078 
6580 2928 2931 2926 
6581 2171 2354 1862 
6582 854 3920 1061 
6583 2692 2903 2902 
6584 1136 1152 1135 
6585 2424 4141 3945 
6586 1955 1956 1954 
6587 492 2408 484 
6588 2525 4324 2528 
6589 1646 2055 1705 
6590 3717 4203 3993 
6591 1631 3857 2450 
6592 1619 3857 1617 
6593 2306 2755 2353 
6594 2796 2797 2794 
6595 1103 1215 1104 
6596 2062 2213 2212 
6597 519 624 517 
6598 2112 2678 2409 
6599 525 718 523 
6600 1077 1079 1078 
6601 529 1491 527 
6602 2666 2667 2664 
6603 2074 3916 2072 
6604 1436 4492 3171 
6605 1082 1103 1083 
6606 3533 4772 3532 
6607 1476 3898 1478 
6608 1103 1311 1215 
6609 2662 2851 2660 
6610 1888 2307 2306 
6611 3771 4529 2280 
6612 2011 2095 2013 
6613 533 628 531 
6614 2165 2166 1956 
6615 2000 2426 2003 
6616 1433 4324 4178 
6617 2815 2816 2166 
6618 503 1507 501 
6619 1706 2875 2874 
6620 1497 3896 1054 
6621 3641 4606 3642 
6622 2005 2296 2007 
6623 539 725 537 
6624 497 936 494 
6625 2785 4790 4650 
6626 3557 4106 3426 
6627 2536 4096 1819 
6628 1409 1677 1569 
6629 1100 1495 1192 
6630 917 920 919 
6631 2049 2601 2600 
6632 2648 2962 2646 
6633 1617 1631 1616 
6634 805 933 803 
6635 1045 3891 1043 
6636 2604 4276 2602 
6637 545 623 543 
6638 3660 4783 2970 
6639 2644 2729 2642 
6640 507 617 505 
6641 2140 2583 2582 
6642 2140 2584 2583 
6643 659 680 639 
6644 1263 1635 1264 
6645 2640 2744 2638 
6646 1669 3908 1667 
6647 941 1098 1018 
6648 2390 4402 3835 
6649 2251 2689 2252 
6650 2114 4611 2115 
6651 780 1375 781 
6652 2142 3899 2206 
6653 2442 2572 2208 
6654 780 1888 1375 
6655 3623 3624 3622 
6656 1098 1278 1099 
6657 4379 4524 3023 
6658 1915 4886 3068 
6659 1154 3891 3855 
6660 1752 1790 1435 
6661 1945 2132 1833 
6662 2052 2309 2054 
6663 1492 3939 1603 
6664 995 996 935 
6665 2362 4498 3542 
6666 2743 4413 3120 
6667 2069 2303 1772 
6668 2554 3994 2911 
6669 1080 1082 1081 
6670 2448 2449 2447 
6671 359 4036 357 
6672 3900 4072 3901 
6673 1980 2075 1978 
6674 1204 3858 3584 
6675 3638 3925 816 
6676 1278 1645 1279 
6677 1075 1076 680 
6678 2088 2372 2028 
6679 3753 4711 443 
6680 1944 4979 2995 
6681 438 4714 440 
6682 2169 2848 2504 
6683 2369 4033 936 
6684 2634 2635 2053 
6685 1660 2126 2045 
6686 2625 3242 2372 
6687 1680 1772 1325 
6688 4357 4535 2549 
6689 2559 4715 3574 
6690 1519 1520 1488 
6691 2102 4046 1604 
6692 2542 4831 3051 
6693 1569 1570 1437 
6694 2684 2820 2819 
6695 1116 1117 996 
6696 2459 2551 2460 
6697 3059 4478 1729 
6698 2054 3841 1635 
6699 1806 2363 2185 
6700 2341 3945 3796 
6701 2584 2684 2683 
6702 2715 4961 4329 
6703 1134 1136 1135 
6704 726 4056 3730 
6705 1542 4148 2147 
6706 797 979 795 
6707 2348 2675 2407 
6708 364 1511 362 
6709 3752 4062 1521 
6710 362 4036 359 
6711 2100 2183 1683 
6712 368 641 366 
6713 1500 4249 3449 
6714 1898 3277 3276 
6715 738 739 656 
6716 3490 4433 989 
6717 3932 4162 3650 
6718 1745 3935 1338 
6719 1077 1078 1076 
6720 1043 3891 1154 
6721 2319 2489 1689 
6722 2777 4451 2776 
6723 2309 2885 2310 
6724 438 439 437 
6725 2395 2731 2394 
6726 983 1021 984 
6727 2392 3995 3725 
6728 97 297 96 
6729 626 4065 2365 
6730 1198 1389 1325 
6731 1680 2169 2069 
6732 2049 2600 2116 
6733 372 1500 370 
6734 801 1499 799 
6735 4175 4805 3118 
6736 2261 2864 2172 
6737 396 433 394 
6738 1475 3912 1919 
6739 390 1498 388 
6740 852 3920 854 
6741 2456 2458 2454 
6742 2452 2677 2451 
6743 406 442 404 
6744 2695 4196 4045 
6745 2551 2594 2552 
6746 3653 4090 2345 
6747 380 1501 378 
6748 1974 2315 1972 
6749 409 410 408 
6750 2999 3916 2074 
6751 702 766 703 
6752 451 4057 483 
6753 2406 3839 1735 
6754 3548 4750 2965 
6755 1813 4109 1556 
6756 1126 1128 1127 
6757 400 1508 398 
6758 2264 2706 2705 
6759 914 916 915 
6760 2400 2535 2149 
6761 1557 3914 1426 
6762 768 3850 733 
6763 2081 2434 2082 
6764 1657 1805 1275 
6765 572 630 561 
6766 1571 3898 1476 
6767 1079 1137 1080 
6768 3692 4101 834 
6769 1726 4290 1729 
6770 2366 2367 936 
6771 607 1514 605 
6772 968 1035 1034 
6773 2868 4446 2038 
6774 446 455 445 
6775 662 4059 660 
6776 459 4063 653 
6777 355 3888 353 
6778 3640 3925 3638 
6779 2031 4341 3819 
6780 2182 4200 2558 
6781 724 730 729 
6782 1172 3861 3175 
6783 386 441 384 
6784 2687 4846 3791 
6785 440 445 439 
6786 1635 3841 1264 
6787 357 4036 2379 
6788 1068 1069 821 
6789 776 962 774 
6790 3470 4969 3125 
6791 411 415 410 
6792 1899 2172 1900 
6793 1466 1687 1686 
6794 376 414 374 
6795 2264 2705 2704 
6796 3953 4234 1304 
6797 416 421 415 
6798 422 424 421 
6799 2000 4018 2426 
6800 3501 4964 2793 
6801 667 1818 665 
6802 1901 2052 1635 
6803 3346 4941 4347 
6804 1118 1198 1197 
6805 2372 2562 2028 
6806 861 3941 859 
6807 3147 4376 3678 
6808 1462 1743 1741 
6809 1631 2447 1616 
6810 2193 4100 1965 
6811 722 724 723 
6812 789 790 787 
6813 655 656 627 
6814 3012 4439 3010 
6815 3835 4402 2616 
6816 1507 3968 501 
6817 2514 4288 3385 
6818 2508 4097 3965 
6819 2342 4100 2982 
6820 1386 4121 3675 
6821 4319 4468 2668 
6822 2636 2992 2635 
6823 425 428 424 
6824 1033 3935 3820 
6825 1108 2231 1444 
6826 1338 3935 1033 
6827 491 559 490 
6828 1318 4547 3275 
6829 2939 4104 2371 
6830 1888 2306 1375 
6831 3808 4773 3599 
6832 1311 1651 1545 
6833 1053 3896 1165 
6834 3501 4836 3992 
6835 920 922 921 
6836 3635 3636 2572 
6837 2603 3952 2605 
6838 1795 1967 1585 
6839 850 1690 852 
6840 3755 4315 4092 
6841 822 4281 435 
6842 3399 4349 4318 
6843 1569 1899 1570 
6844 1957 2471 1958 
6845 1401 4064 1399 
6846 3086 3469 1673 
6847 3297 4122 982 
6848 2072 3916 2540 
6849 1311 1545 1215 
6850 2877 3977 1876 
6851 914 1464 916 
6852 637 657 611 
6853 3851 4545 654 
6854 443 4711 436 
6855 4412 4571 2179 
6856 770 777 760 
6857 551 731 549 
6858 282 4251 117 
6859 995 1118 1116 
6860 2236 2730 2391 
6861 3796 3945 1418 
6862 3783 4535 2316 
6863 2459 2460 1516 
6864 2212 4940 3277 
6865 177 4331 2994 
6866 3373 4303 4233 
6867 1790 3725 1435 
6868 3620 4071 3623 
6869 1201 1600 1202 
6870 865 3946 863 
6871 1583 1936 1565 
6872 2665 4836 3501 
6873 2567 4593 2721 
6874 261 4005 260 
6875 1970 3918 1968 
6876 922 1084 924 
6877 1346 3849 1016 
6878 1631 2448 2447 
6879 846 4028 847 
6880 1464 1957 1903 
6881 3798 4520 2564 
6882 1418 3945 1420 
6883 1505 1541 1503 
6884 911 2180 1914 
6885 1906 3993 1042 
6886 4049 4337 2036 
6887 2584 2683 2583 
6888 3892 3946 1166 
6889 720 722 721 
6890 1684 4420 2299 
6891 2645 4601 2647 
6892 1141 1201 1142 
6893 126 4256 125 
6894 1134 1135 1133 
6895 2684 2819 2683 
6896 2506 3942 2430 
6897 1964 4551 3359 
6898 1626 1632 1624 
6899 1031 4096 1032 
6900 1181 4296 3682 
6901 185 3054 306 
6902 3613 4248 3833 
6903 3377 3378 3376 
6904 1860 3902 2357 
6905 1079 1080 1078 
6906 671 735 669 
6907 793 3919 791 
6908 2379 3888 355 
6909 1555 2033 1553 
6910 2885 3847 2310 
6911 3378 3828 3376 
6912 2991 4466 2710 
6913 577 4092 579 
6914 1124 1167 1126 
6915 2152 2726 2151 
6916 1342 2044 1442 
6917 1662 4407 1160 
6918 1526 1527 1520 
6919 3080 4611 2205 
6920 1709 4063 2442 
6921 1200 3988 1524 
6922 1651 2092 1746 
6923 2180 2696 2694 
6924 2601 2784 2600 
6925 705 3936 749 
6926 1109 2026 1199 
6927 1051 3964 1049 
6928 1862 3902 1860 
6929 1709 2442 2208 
6930 1030 3993 1028 
6931 351 3917 349 
6932 1591 1592 1527 
6933 98 4961 4780 
6934 1128 1129 1127 
6935 2084 4401 2921 
6936 1633 1793 1628 
6937 2846 4950 2972 
6938 1651 1746 1545 
6939 2671 4646 3823 
6940 791 911 790 
6941 2155 3899 2142 
6942 756 856 754 
6943 1447 3823 65 
6944 1725 3956 1723 
6945 1478 3898 1685 
6946 180 3754 2591 
6947 973 4107 2385 
6948 2206 3899 2973 
6949 1902 1995 1748 
6950 2835 4569 600 
6951 764 1904 934 
6952 2807 2808 2474 
6953 1036 3932 825 
6954 3432 4669 1737 
6955 1070 1071 1069 
6956 2551 2552 2460 
6957 1201 1731 1600 
6958 3178 4666 62 
6959 1071 1073 1069 
6960 1117 1445 1120 
6961 434 720 719 
6962 1800 3960 1782 
6963 381 4114 383 
6964 2026 2027 1199 
6965 597 3958 614 
6966 1446 4150 3922 
6967 1638 1855 1854 
6968 1105 3768 1106 
6969 2552 3052 3051 
6970 125 4256 284 
6971 2111 2151 2027 
6972 1081 4001 1078 
6973 1405 4160 1403 
6974 3375 4205 3380 
6975 2303 3709 2419 
6976 1874 4043 1545 
6977 353 3888 997 
6978 1721 3970 1719 
6979 313 4235 3361 
6980 922 924 923 
6981 3009 4641 3012 
6982 3210 4766 3211 
6983 1409 1437 1277 
6984 2084 2920 2499 
6985 2404 4235 3367 
6986 983 984 950 
6987 945 3913 944 
6988 1968 2154 1967 
6989 1840 3977 1842 
6990 292 4183 27 
6991 2408 4003 484 
6992 1887 4064 1401 
6993 2092 2094 1746 
6994 678 840 675 
6995 1463 3044 3043 
6996 1100 1156 1073 
6997 1655 4126 1493 
6998 1825 3908 1669 
6999 1399 4064 1943 
7000 2616 4402 2202 
7001 1192 1277 1156 
7002 3613 4410 4248 
7003 1035 1146 1145 
7004 1208 4097 2508 
7005 949 950 906 
7006 1818 4059 665 
7007 1132 1134 1133 
7008 3084 3689 3087 
7009 2154 2918 2433 
7010 2135 2386 2336 
7011 1452 3953 1306 
7012 298 4333 51 
7013 3717 4354 4203 
7014 2923 4799 2103 
7015 1076 4001 2388 
7016 781 3943 783 
7017 3597 4437 256 
7018 2432 2614 2444 
7019 4019 4034 441 
7020 874 3984 872 
7021 2499 2686 2083 
7022 2064 2609 2392 
7023 635 3979 645 
7024 2790 2956 2791 
7025 1727 3974 1725 
7026 2359 4097 2427 
7027 2723 4073 3865 
7028 2611 4069 2610 
7029 1617 3857 1631 
7030 1155 3964 1051 
7031 2209 2814 2192 
7032 2853 3680 2349 
7033 764 934 765 
7034 3678 4180 3677 
7035 434 719 346 
7036 3131 4164 2413 
7037 1898 4015 3277 
7038 3705 4565 828 
7039 2615 2837 2458 
7040 1798 2253 2251 
7041 973 2385 1847 
7042 1047 4217 1407 
7043 3563 4301 2368 
7044 2728 4231 2089 
7045 3751 4088 723 
7046 1409 1569 1437 
7047 1266 3966 1271 
7048 1216 3949 1218 
7049 3673 4243 988 
7050 104 295 103 
7051 3389 4161 556 
7052 1084 2084 2083 
7053 2747 4652 4550 
7054 709 2077 696 
7055 949 983 950 
7056 1652 1657 1275 
7057 1913 3889 1645 
7058 2421 2862 2423 
7059 738 821 739 
7060 1258 3973 1260 
7061 2608 3942 2506 
7062 1547 3963 1775 
7063 3245 3976 3249 
7064 916 4087 917 
7065 1855 2461 2403 
7066 924 925 923 
7067 3026 4879 2530 
7068 848 4000 850 
7069 2442 3635 2572 
7070 1667 3908 3690 
7071 2901 4073 2723 
7072 2634 4356 2637 
7073 2348 2407 1912 
7074 102 3957 1463 
7075 716 4107 826 
7076 614 3958 708 
7077 1798 2251 1796 
7078 1957 1958 1903 
7079 3791 4846 3721 
7080 1731 2137 1810 
7081 1883 3975 1881 
7082 1290 3948 1292 
7083 3225 4134 3223 
7084 2745 4344 2470 
7085 424 444 421 
7086 847 4028 914 
7087 2387 2619 2618 
7088 655 738 656 
7089 511 3997 509 
7090 3351 4554 2512 
7091 1101 1141 1140 
7092 1456 4178 3811 
7093 2358 3958 597 
7094 2111 2152 2151 
7095 1951 3982 1949 
7096 2026 4053 2523 
7097 1993 2316 1568 
7098 452 4522 976 
7099 740 835 834 
7100 626 627 604 
7101 117 4251 116 
7102 2430 3942 2631 
7103 1646 3889 2055 
7104 435 4281 443 
7105 997 3917 351 
7106 835 981 980 
7107 981 1102 1101 
7108 2160 4535 2265 
7109 2963 4728 2924 
7110 4264 4839 2209 
7111 3938 4139 2063 
7112 3700 3925 3640 
7113 1298 3629 1460 
7114 1128 1522 1130 
7115 888 3980 886 
7116 497 3968 2366 
7117 2118 2546 2119 
7118 859 3941 988 
7119 2581 2753 2752 
7120 3255 3998 3259 
7121 4220 4298 2906 
7122 2137 2563 2236 
7123 1226 3981 1228 
7124 925 928 927 
7125 2832 2906 2830 
7126 2026 2111 2027 
7127 1178 4407 1533 
7128 1236 3991 1238 
7129 523 4002 521 
7130 1464 1903 916 
7131 1232 3992 1234 
7132 2606 3952 2603 
7133 1847 4035 2281 
7134 1026 4203 1357 
7135 1551 3944 1389 
7136 3375 3377 3376 
7137 2364 4309 2185 
7138 2189 4181 3414 
7139 626 655 627 
7140 2660 4004 2650 
7141 131 3766 130 
7142 3803 4291 4159 
7143 2996 2997 2995 
7144 342 612 340 
7145 461 4403 458 
7146 198 3285 324 
7147 2216 2922 2580 
7148 2471 2589 1958 
7149 69 4364 68 
7150 1060 1684 1683 
7151 1042 3993 1030 
7152 1805 4110 1275 
7153 2286 2790 2789 
7154 1470 3941 861 
7155 928 929 927 
7156 3179 4834 1357 
7157 334 563 331 
7158 3802 4159 3935 
7159 1169 1483 1482 
7160 2806 4387 3075 
7161 1766 4253 3544 
7162 2081 2082 1823 
7163 605 4065 603 
7164 349 3917 3699 
7165 4683 4976 3342 
7166 1166 3946 865 
7167 1132 1133 1131 
7168 730 764 729 
7169 863 3946 1470 
7170 560 569 559 
7171 2996 4573 2997 
7172 3175 4233 3862 
7173 2658 4467 2285 
7174 1866 3985 1868 
7175 1731 1810 1600 
7176 2429 4138 2626 
7177 702 3979 1895 
7178 1367 1581 1529 
7179 1375 3943 781 
7180 4207 4221 810 
7181 415 1538 410 
7182 1198 1325 1197 
7183 707 4323 651 
7184 2060 4413 3423 
7185 1821 4081 2536 
7186 527 4006 525 
7187 1558 1798 1796 
7188 3068 4855 1915 
7189 4090 4391 2699 
7190 3087 3815 3085 
7191 3938 4140 4139 
7192 1044 4128 1046 
7193 1389 1680 1325 
7194 531 4008 529 
7195 1680 2069 1772 
7196 2794 4007 2666 
7197 1511 4036 362 
7198 724 729 723 
7199 1169 1482 1102 
7200 658 743 657 
7201 1108 1443 1105 
7202 191 307 190 
7203 1071 1100 1073 
7204 995 1116 996 
7205 2664 4009 2662 
7206 2169 2504 2069 
7207 2553 4658 2612 
7208 3221 4021 3224 
7209 3620 3623 3622 
7210 722 723 721 
7211 2019 3996 2021 
7212 3922 4150 3843 
7213 1100 1192 1156 
7214 934 995 935 
7215 3841 3966 1266 
7216 1192 1409 1277 
7217 1460 3689 3084 
7218 1323 4220 1123 
7219 1940 4075 2361 
7220 88 1471 87 
7221 2926 4011 2796 
7222 2409 3908 1825 
7223 2751 4112 2806 
7224 4320 4401 1084 
7225 2580 2581 2217 
7226 338 1525 336 
7227 1988 4013 1986 
7228 3193 4020 3196 
7229 3965 4097 2359 
7230 1755 4113 1753 
7231 3478 4083 3479 
7232 2650 4014 2648 
7233 1982 4016 1980 
7234 2137 2236 1810 
7235 1215 4043 1216 
7236 2502 4659 3278 
7237 576 4651 575 
7238 3437 4586 3436 
7239 2975 4777 3859 
7240 2003 4010 2005 
7241 2368 4072 3900 
7242 1013 4053 1109 
7243 740 834 727 
7244 2953 4978 3978 
7245 4096 4128 1044 
7246 1493 4126 1350 
7247 1956 2294 1954 
7248 1826 4163 1722 
7249 2446 3661 2057 
7250 4093 4539 715 
7251 639 3987 620 
7252 1646 1648 1279 
7253 2101 4914 2103 
7254 2120 2487 2024 
7255 4128 4214 1209 
7256 4491 4578 3370 
7257 3863 4306 2714 
7258 1433 4178 1429 
7259 1524 3948 1290 
7260 1483 1954 1953 
7261 2391 4099 1810 
7262 3594 4504 2764 
7263 2025 2120 2024 
7264 384 4034 382 
7265 1118 1197 1116 
7266 53 4693 52 
7267 1719 3970 2339 
7268 2646 4017 2644 
7269 3992 4836 1480 
7270 1130 1132 1131 
7271 1965 4100 2342 
7272 944 3913 1691 
7273 3658 3773 2330 
7274 198 324 197 
7275 981 1101 980 
7276 835 980 834 
7277 3666 4617 595 
7278 1032 4096 1044 
7279 1876 3977 1840 
7280 720 721 719 
7281 1723 3956 2125 
7282 1684 2298 2100 
7283 2934 4839 4264 
7284 404 4026 402 
7285 3626 4958 1544 
7286 3231 4533 628 
7287 629 4791 613 
7288 4075 4910 2805 
7289 1992 4012 1990 
7290 1685 4144 1658 
7291 3724 4709 1768 
7292 2027 3988 1199 
7293 3137 4496 3134 
7294 2670 4087 1903 
7295 1544 3849 1346 
7296 2154 3918 2919 
7297 2096 4318 2459 
7298 26 4183 3856 
7299 1855 2403 1856 
7300 2776 4928 4235 
7301 938 3850 768 
7302 824 944 823 
7303 1782 3960 2195 
7304 4015 4759 2411 
7305 4092 4315 3605 
7306 3051 4070 2460 
7307 2125 3970 1721 
7308 1798 4317 2949 
7309 2100 2527 2183 
7310 2840 4422 4251 
7311 2173 4050 2277 
7312 509 4029 507 
7313 490 4116 456 
7314 2216 2217 2215 
7315 2505 4490 2507 
7316 3050 4425 301 
7317 1128 1130 1129 
7318 622 4124 3827 
7319 2808 4770 3316 
7320 2747 4550 2749 
7321 2354 3902 1862 
7322 620 3987 1484 
7323 787 4045 785 
7324 1483 1953 1482 
7325 3960 3961 2195 
7326 3944 4193 2849 
7327 1690 3920 852 
7328 3267 4445 3890 
7329 2454 4038 2452 
7330 1938 4144 2155 
7331 561 4042 553 
7332 737 3969 730 
7333 911 3919 2624 
7334 2312 3928 2909 
7335 432 4153 430 
7336 1700 4210 1697 
7337 1574 4406 3669 
7338 999 3984 874 
7339 377 4172 379 
7340 947 3761 945 
7341 1130 1131 1129 
7342 1857 4212 2520 
7343 749 3936 780 
7344 872 3984 3786 
7345 1850 1852 1655 
7346 1899 4051 2261 
7347 4103 4730 1677 
7348 1431 4178 1456 
7349 3703 4083 3478 
7350 1995 4311 2807 
7351 1292 3948 1750 
7352 1870 4030 1872 
7353 2489 4230 1689 
7354 1881 3975 2333 
7355 2055 2056 1705 
7356 1645 1646 1279 
7357 3783 4935 2265 
7358 1218 3949 1274 
7359 4353 4434 1731 
7360 2043 3985 1866 
7361 3874 4800 2655 
7362 505 4031 503 
7363 1288 4778 3121 
7364 791 3919 911 
7365 1144 4148 1542 
7366 2438 4182 2104 
7367 4420 4691 2299 
7368 3125 4969 4120 
7369 2152 4784 3878 
7370 1060 1683 1015 
7371 1811 4663 3073 
7372 3889 4798 2548 
7373 2816 2817 2166 
7374 2311 3974 1727 
7375 795 4041 793 
7376 398 4039 396 
7377 133 3616 132 
7378 1780 4130 1778 
7379 4781 4911 1593 
7380 1968 3918 2154 
7381 1776 4132 1755 
7382 1558 1796 957 
7383 1877 4152 2425 
7384 2801 4285 2804 
7385 1036 4162 3932 
7386 1489 4151 8 
7387 796 4811 798 
7388 886 3980 975 
7389 4532 4605 208 
7390 1084 2083 924 
7391 1273 4296 1181 
7392 1287 4071 3618 
7393 2287 4012 1992 
7394 2033 4068 3962 
7395 494 4033 492 
7396 744 823 743 
7397 1914 4045 790 
7398 1658 4144 1938 
7399 3779 4888 4695 
7400 783 3943 846 
7401 1705 1706 1648 
7402 3817 4119 1197 
7403 2082 4081 1823 
7404 3209 3213 1875 
7405 799 4037 797 
7406 708 4143 619 
7407 3960 4154 3493 
7408 1567 3963 1547 
7409 2183 4190 1683 
7410 28 4379 292 
7411 1775 3963 2140 
7412 2703 4772 3179 
7413 1609 4189 1607 
7414 2534 3982 1951 
7415 4040 4357 1355 
7416 2908 4129 4124 
7417 163 4971 4938 
7418 1949 3982 2314 
7419 1271 3966 1567 
7420 1278 1279 1099 
7421 382 4044 380 
7422 2876 3577 2875 
7423 1470 4060 3941 
7424 850 4000 1690 
7425 3249 3976 3475 
7426 2238 4013 1988 
7427 2960 4225 2501 
7428 645 3979 702 
7429 1098 1099 1018 
7430 430 4153 2415 
7431 1263 3973 1901 
7432 1260 3973 1263 
7433 4226 4356 2633 
7434 3276 3278 2304 
7435 2137 4434 2564 
7436 570 603 569 
7437 1463 3957 3045 
7438 1990 4012 2238 
7439 2172 4050 2173 
7440 717 3997 511 
7441 1173 4110 1497 
7442 1544 4958 3849 
7443 803 4048 801 
7444 1585 4054 1583 
7445 1473 3981 1226 
7446 644 4428 634 
7447 2219 4184 1786 
7448 766 4375 4240 
7449 4235 4928 3361 
7450 521 4137 519 
7451 3658 4726 3773 
7452 174 3409 173 
7453 2452 4038 2677 
7454 1228 3981 1270 
7455 1687 1997 1996 
7456 2871 2995 2872 
7457 456 4116 455 
7458 559 2440 490 
7459 455 957 445 
7460 1824 4383 3181 
7461 616 4729 578 
7462 648 4616 1678 
7463 2091 3804 75 
7464 3473 4398 3472 
7465 2780 4909 3287 
7466 1753 4113 2311 
7467 2195 4130 1780 
7468 2386 3887 2387 
7469 4381 4472 3524 
7470 680 3987 639 
7471 370 4047 368 
7472 1494 4167 230 
7473 2350 2854 2852 
7474 1216 4043 3949 
7475 3527 4947 3885 
7476 4456 4614 1242 
7477 2084 2499 2083 
7478 455 1558 957 
7479 1778 4130 2399 
7480 2655 4800 3863 
7481 1701 4206 2060 
7482 2602 4660 2573 
7483 3259 3998 3520 
7484 1480 3991 1236 
7485 1462 1741 1273 
7486 3973 4226 2633 
7487 3230 4673 3222 
7488 1238 3991 1269 
7489 74 3804 1164 
7490 2087 4948 3069 
7491 2433 4054 1967 
7492 1684 2100 1683 
7493 1234 3992 1480 
7494 721 4088 1935 
7495 2399 4132 1776 
7496 2309 4055 3780 
7497 3950 4941 3347 
7498 1078 4001 1076 
7499 4178 4324 3811 
7500 1743 2090 2089 
7501 3866 4888 3109 
7502 718 4002 523 
7503 1741 4231 1742 
7504 2810 2812 2811 
7505 439 1546 437 
7506 3472 4398 3471 
7507 1868 3985 2344 
7508 2028 3953 1452 
7509 917 4087 920 
7510 270 4174 1730 
7511 3076 3077 312 
7512 1680 3944 2169 
7513 1340 4058 1342 
7514 2412 4902 3731 
7515 25 3856 1196 
7516 3466 4367 1323 
7517 2871 2872 2870 
7518 2619 2766 2620 
7519 1514 4065 605 
7520 840 4444 3439 
7521 2635 4055 2053 
7522 3481 4840 2153 
7523 1750 4287 1751 
7524 2851 4004 2660 
7525 1898 2304 1897 
7526 1544 4740 3626 
7527 3636 4679 2572 
7528 4463 4704 2034 
7529 1986 4013 2168 
7530 3836 4141 3772 
7531 2140 3963 2584 
7532 1491 4006 527 
7533 914 4028 1464 
7534 4192 4705 2115 
7535 64 3823 308 
7536 525 4006 718 
7537 437 4153 432 
7538 2767 2770 2769 
7539 2931 4011 2926 
7540 3172 4175 3032 
7541 1706 2876 2875 
7542 2797 4007 2794 
7543 2333 4152 1879 
7544 1220 4265 1222 
7545 3302 4977 3206 
7546 529 4008 1491 
7547 2808 2810 2809 
7548 2667 4009 2664 
7549 199 4523 3285 
7550 603 626 604 
7551 2666 4007 2667 
7552 3803 4361 4291 
7553 628 4008 531 
7554 1802 4154 1800 
7555 2796 4011 2797 
7556 619 4143 635 
7557 2545 4468 3852 
7558 2053 4055 2052 
7559 3945 4141 1420 
7560 2662 4009 2851 
7561 1725 3974 3956 
7562 254 4881 314 
7563 4265 4929 2929 
7564 2105 4799 2398 
7565 3838 4291 3729 
7566 941 942 929 
7567 2424 4348 4141 
7568 1879 4152 1877 
7569 2108 4171 3877 
7570 780 3936 1888 
7571 2051 2557 2517 
7572 1823 4081 1821 
7573 2022 3996 2019 
7574 3859 4688 2697 
7575 3071 4706 2898 
7576 2344 4030 1870 
7577 2863 4914 2192 
7578 2648 4014 2962 
7579 817 4061 958 
7580 2159 2907 2549 
7581 4141 4348 3772 
7582 311 4293 32 
7583 2416 4154 1802 
7584 2962 4017 2646 
7585 936 4033 494 
7586 3368 4803 2954 
7587 1018 1019 942 
7588 1563 4068 1555 
7589 492 4033 2408 
7590 2457 4479 2456 
7591 2644 4017 2729 
7592 2638 4155 2636 
7593 1474 3177 3176 
7594 2115 4705 4109 
7595 507 4029 617 
7596 3224 4021 3552 
7597 1646 1705 1648 
7598 3391 4661 2540 
7599 689 4919 692 
7600 2946 4603 2948 
7601 1677 4051 1569 
7602 1516 4070 1505 
7603 1329 4089 1340 
7604 2021 3996 2264 
7605 1395 4653 4480 
7606 3196 4020 3569 
7607 3226 4544 3934 
7608 3768 4267 1139 
7609 617 4031 505 
7610 3373 4233 3861 
7611 4335 4861 1532 
7612 2636 4155 2992 
7613 3782 4264 2209 
7614 2426 4010 2003 
7615 2756 4562 2649 
7616 3980 4082 975 
7617 3260 4223 3258 
7618 1545 4043 1215 
7619 503 4031 1507 
7620 3932 4061 819 
7621 3931 4152 2333 
7622 3215 4686 4649 
7623 3340 4337 4049 
7624 1275 4110 1173 
7625 1442 4066 1638 
7626 2049 4030 2601 
7627 3630 4800 3874 
7628 1980 4016 2075 
7629 2005 4010 2296 
7630 553 4080 551 
7631 2213 2216 2215 
7632 2556 4488 3029 
7633 1389 3944 1680 
7634 1444 1597 1443 
7635 1176 4194 1113 
7636 2864 4050 2172 
7637 2434 3707 2596 
7638 2107 4198 2211 
7639 1309 4284 3929 
7640 593 4792 598 
7641 1484 4219 608 
7642 2323 4176 2390 
7643 2994 4331 2566 
7644 81 3025 80 
7645 3232 4895 3464 
7646 3935 4159 3820 
7647 2562 4234 3953 
7648 1420 4141 3836 
7649 2643 4581 3933 
7650 1429 4178 1431 
7651 3877 4171 3878 
7652 519 4137 624 
7653 1903 4087 916 
7654 3820 4159 1438 
7655 1645 3889 1646 
7656 1786 4184 1107 
7657 1852 4126 1655 
7658 3528 4376 3148 
7659 4195 4337 3340 
7660 32 4293 31 
7661 2608 4259 3942 
7662 1011 4313 1208 
7663 928 941 929 
7664 630 4042 561 
7665 2676 3789 2219 
7666 933 4048 803 
7667 1691 1897 1549 
7668 1872 4030 2049 
7669 819 4061 817 
7670 3559 4470 3614 
7671 603 604 569 
7672 1108 1444 1443 
7673 1624 4086 1620 
7674 1611 4074 1630 
7675 442 4026 404 
7676 2538 4426 2847 
7677 2419 4091 2421 
7678 1569 4051 1899 
7679 3950 4946 3565 
7680 3477 4232 3476 
7681 1613 4074 1611 
7682 1561 4580 3799 
7683 3957 4328 3045 
7684 2458 4038 2454 
7685 2808 2809 2474 
7686 2400 4287 3775 
7687 739 4147 1013 
7688 642 4618 3049 
7689 2264 3996 2706 
7690 1592 2034 1689 
7691 730 3969 764 
7692 441 4034 384 
7693 2104 4182 2102 
7694 3964 4217 1049 
7695 764 3969 1904 
7696 979 4041 795 
7697 2812 4120 2811 
7698 368 4047 641 
7699 3539 4782 2230 
7700 3913 4015 1691 
7701 941 1018 942 
7702 1500 4047 370 
7703 2562 3953 2028 
7704 2744 4155 2638 
7705 2052 4055 2309 
7706 2810 2811 2809 
7707 988 4243 857 
7708 1649 4388 1185 
7709 396 4039 433 
7710 1108 4191 2231 
7711 2216 2580 2217 
7712 1488 4194 1176 
7713 1995 2474 2473 
7714 673 4084 671 
7715 1038 1108 1105 
7716 2848 4173 2504 
7717 1898 3276 2304 
7718 2061 2062 1587 
7719 797 4037 979 
7720 3731 4394 1391 
7721 3396 4318 2275 
7722 932 4211 827 
7723 1508 4039 398 
7724 2047 4389 3280 
7725 1499 4037 799 
7726 2148 2257 2122 
7727 1586 2312 2061 
7728 380 4044 1501 
7729 1660 1918 1597 
7730 1856 4341 2031 
7731 3997 4029 509 
7732 2933 2934 300 
7733 3716 4644 2685 
7734 3819 4341 2569 
7735 3573 4765 2631 
7736 2045 2163 1918 
7737 801 4048 1499 
7738 295 4328 3957 
7739 2200 4841 4338 
7740 2423 4095 2432 
7741 2025 2121 2120 
7742 1995 2473 1748 
7743 790 4045 787 
7744 1800 4154 3960 
7745 3399 4318 3396 
7746 3971 4147 821 
7747 2466 4252 2579 
7748 3203 4921 3580 
7749 4004 4014 2650 
7750 3375 3376 3374 
7751 4730 4905 1677 
7752 1520 2046 1488 
7753 3801 4951 2672 
7754 3978 4209 319 
7755 766 4240 703 
7756 466 4856 470 
7757 635 4143 3979 
7758 3614 4470 1817 
7759 1592 1689 1527 
7760 1403 4160 1887 
7761 3448 4374 3917 
7762 1109 4053 2026 
7763 3855 4239 3417 
7764 2835 4597 4569 
7765 2387 3887 2619 
7766 3843 4150 2377 
7767 3029 4488 3031 
7768 821 4147 739 
7769 944 1549 823 
7770 2148 2382 2257 
7771 2034 2518 2319 
7772 3656 4857 2812 
7773 2670 4401 4320 
7774 1409 4103 1677 
7775 3397 4404 3398 
7776 944 1691 1549 
7777 2940 4631 2939 
7778 2942 4745 2940 
7779 3093 4192 3094 
7780 2870 2873 2869 
7781 3936 4240 2627 
7782 793 4041 3919 
7783 1074 4216 904 
7784 785 4196 776 
7785 2642 4197 2640 
7786 4165 4311 1902 
7787 649 4502 1190 
7788 1755 4132 4113 
7789 2729 4197 2642 
7790 568 4540 3056 
7791 3406 4457 3962 
7792 1049 4217 1047 
7793 2535 4207 2984 
7794 2045 2376 2163 
7795 3347 4941 3346 
7796 1553 4193 1551 
7797 2640 4197 2744 
7798 2067 2503 2078 
7799 4002 4137 521 
7800 2303 4117 3709 
7801 1028 4203 1026 
7802 1436 4226 1256 
7803 695 4873 3104 
7804 1967 4054 1585 
7805 1691 1898 1897 
7806 1660 2045 1918 
7807 2594 4177 2552 
7808 2497 4375 1994 
7809 1616 4074 1613 
7810 285 3766 131 
7811 2513 4497 3582 
7812 4454 4804 2328 
7813 2447 4074 1616 
7814 1061 4473 952 
7815 2924 4426 2538 
7816 993 4254 3330 
7817 1132 4133 1320 
7818 1114 4162 1036 
7819 1583 4054 1936 
7820 3813 4339 1440 
7821 4 4735 207 
7822 549 4208 547 
7823 1117 4119 1445 
7824 3710 4227 3530 
7825 2799 4480 2798 
7826 2751 4236 4112 
7827 1586 1587 1310 
7828 743 2488 657 
7829 4068 4222 3403 
7830 3183 4576 3182 
7831 3878 4837 2152 
7832 1444 1660 1597 
7833 1463 3043 101 
7834 727 4101 709 
7835 4084 4252 735 
7836 2024 4125 1947 
7837 1495 4103 1192 
7838 3432 4768 2570 
7839 4152 4340 2425 
7840 611 4202 607 
7841 1152 4388 1692 
7842 2216 4297 2922 
7843 2460 4070 1516 
7844 1843 2394 1844 
7845 4150 4248 2402 
7846 2069 4117 2303 
7847 4248 4410 2402 
7848 603 4065 626 
7849 2385 4035 1847 
7850 3993 4203 1028 
7851 3076 4514 2768 
7852 675 4186 673 
7853 1116 4119 1117 
7854 2840 4251 282 
7855 1342 4058 2044 
7856 297 4780 4285 
7857 3908 4247 3690 
7858 1505 4070 1541 
7859 1794 4637 1795 
7860 618 4250 629 
7861 683 4806 1354 
7862 812 4221 940 
7863 2478 4618 2479 
7864 2857 4229 2858 
7865 3315 4925 322 
7866 3110 4912 3867 
7867 2381 4200 2182 
7868 551 4080 731 
7869 502 4245 504 
7870 3188 4263 3191 
7871 2376 2560 2163 
7872 2034 2319 1689 
7873 1304 4234 994 
7874 4034 4044 382 
7875 2635 4282 4055 
7876 2035 4337 2351 
7877 1555 4068 2033 
7878 607 4202 1514 
7879 776 4196 962 
7880 1746 4347 1874 
7881 1742 4296 1273 
7882 4329 4961 2521 
7883 2126 4135 2045 
7884 3827 4124 2364 
7885 323 4543 4261 
7886 2102 4182 4046 
7887 2440 4116 490 
7888 2609 4169 2630 
7889 140 3696 139 
7890 904 4216 902 
7891 3329 4633 3327 
7892 3881 4639 3882 
7893 2544 4610 3600 
7894 3168 4044 4034 
7895 731 4208 549 
7896 2351 4195 2595 
7897 1638 4066 1855 
7898 1855 4066 2461 
7899 2376 2561 2560 
7900 2552 4177 3052 
7901 608 4219 572 
7902 314 4731 3406 
7903 132 3616 285 
7904 2370 4301 2938 
7905 671 4084 735 
7906 1066 4270 890 
7907 3917 4374 3699 
7908 4247 4359 2625 
7909 2121 2122 2120 
7910 572 4219 630 
7911 2518 2519 2319 
7912 1256 4226 1258 
7913 995 4157 1118 
7914 433 4228 394 
7915 1814 4287 2400 
7916 1621 4454 1596 
7917 1214 4415 1007 
7918 1305 4286 1336 
7919 4083 4329 2521 
7920 4606 4676 3642 
7921 4171 4344 2745 
7922 2439 4397 2743 
7923 138 3737 137 
7924 4898 4911 2689 
7925 3043 4858 100 
7926 4081 4214 2536 
7927 4042 4080 553 
7928 145 3697 144 
7929 3686 4605 2656 
7930 394 4228 392 
7931 204 956 203 
7932 3488 4292 2462 
7933 3369 4978 3368 
7934 3709 4091 2419 
7935 1106 3768 1139 
7936 2044 4066 1442 
7937 2279 4210 1700 
7938 3078 4236 2751 
7939 2106 4377 2438 
7940 1565 4222 1563 
7941 2679 4434 4353 
7942 725 4262 537 
7943 3946 4241 1470 
7944 2802 4377 2210 
7945 1632 4086 1624 
7946 2033 4193 1553 
7947 1258 4226 3973 
7948 2518 4204 2519 
7949 1586 2061 1587 
7950 3892 4241 3946 
7951 723 4088 721 
7952 2420 4299 2418 
7953 4552 4629 2859 
7954 1724 4290 1726 
7955 1482 4115 1102 
7956 2900 4425 2476 
7957 705 4240 3936 
7958 2319 4165 2489 
7959 900 4295 989 
7960 876 4316 999 
7961 956 4123 203 
7962 3674 4502 4323 
7963 2368 4301 2367 
7964 3002 4832 1678 
7965 3077 3778 312 
7966 2768 4514 3337 
7967 2409 4247 3908 
7968 1451 4454 2328 
7969 1490 4316 878 
7970 3409 4052 2996 
7971 840 4186 675 
7972 3690 4247 2088 
7973 2256 4981 2530 
7974 2146 4743 1835 
7975 4462 4935 3783 
7976 3885 4804 3527 
7977 2685 4843 2693 
7978 2500 4768 2001 
7979 2682 4385 2526 
7980 641 4275 366 
7981 81 4076 3025 
7982 2630 4352 3995 
7983 1041 4564 1115 
7984 975 4321 884 
7985 1013 4147 4053 
7986 2790 2791 2789 
7987 372 4249 1500 
7988 4224 4460 4118 
7989 1936 4222 1565 
7990 2432 4095 2614 
7991 3882 4659 2502 
7992 4636 4702 2143 
7993 1102 4115 1101 
7994 2421 4091 2862 
7995 4339 4386 3584 
7996 3479 4453 317 
7997 3975 4161 2333 
7998 2671 4716 2592 
7999 4494 4678 2684 
8000 414 4249 374 
8001 1065 4393 3519 
8002 147 3735 146 
8003 3104 4878 1294 
8004 2531 4566 3716 
8005 1498 4260 388 
8006 2314 4308 1931 
8007 4055 4282 3780 
8008 2622 4675 1469 
8009 2312 2909 2313 
8010 4919 4927 2982 
8011 2909 4860 4851 
8012 2562 4481 3664 
8013 1323 4298 4220 
8014 4045 4196 785 
8015 1750 4471 4287 
8016 364 4275 1511 
8017 968 1034 967 
8018 1551 4193 3944 
8019 3247 4826 3244 
8020 2579 4312 2464 
8021 3839 4511 3461 
8022 709 4101 2077 
8023 2261 4692 2865 
8024 1061 4566 4473 
8025 4486 4600 2204 
8026 390 4268 1498 
8027 1546 4153 437 
8028 1630 4189 1609 
8029 2686 4179 2083 
8030 703 4240 705 
8031 3749 4394 3274 
8032 3239 4350 2500 
8033 1192 4103 1409 
8034 2058 4675 3103 
8035 2094 4762 3571 
8036 207 3685 206 
8037 386 4260 441 
8038 3160 4486 2204 
8039 340 4127 338 
8040 777 4725 3421 
8041 4140 4942 4621 
8042 880 4342 1490 
8043 2862 4095 2423 
8044 857 4243 832 
8045 545 4300 623 
8046 834 4101 727 
8047 2363 3827 2364 
8048 4568 4610 2544 
8049 2121 2148 2122 
8050 2517 3375 3374 
8051 2381 4244 4200 
8052 3679 4563 813 
8053 1900 4432 1570 
8054 2896 4276 2604 
8055 624 4325 517 
8056 3833 4248 1446 
8057 2967 4244 2381 
8058 4295 4358 989 
8059 4060 4241 2513 
8060 3773 4726 2944 
8061 2384 4108 4060 
8062 2487 4125 2024 
8063 2085 4546 2181 
8064 4159 4291 1438 
8065 3937 4624 3938 
8066 3701 4926 1577 
8067 888 4270 3980 
8068 300 3999 89 
8069 455 4116 1558 
8070 3627 4264 3782 
8071 1101 4115 1141 
8072 533 4327 628 
8073 174 4052 3409 
8074 2661 4763 2663 
8075 1126 4118 1128 
8076 295 3957 103 
8077 2770 4446 2769 
8078 1197 4119 1116 
8079 2108 4432 4344 
8080 1130 4133 1132 
8081 2332 4304 1865 
8082 1098 4626 1278 
8083 4259 4729 616 
8084 3672 4373 1392 
8085 3789 4184 2219 
8086 1904 4157 934 
8087 3622 4958 3626 
8088 2504 4117 2069 
8089 3967 4166 1099 
8090 309 4076 82 
8091 229 4736 5 
8092 5 4736 228 
8093 4540 4706 3057 
8094 567 4681 3126 
8095 3514 4830 3516 
8096 272 4739 6 
8097 6 4739 271 
8098 2286 4461 2790 
8099 2764 4749 3853 
8100 1128 4118 1522 
8101 922 4320 1084 
8102 1934 4962 2198 
8103 1209 4303 3373 
8104 336 4142 334 
8105 1208 4313 4138 
8106 4875 4876 2095 
8107 1407 4239 3891 
8108 1997 2285 2284 
8109 4209 4413 2743 
8110 374 4249 372 
8111 2727 2728 2089 
8112 1829 4363 2416 
8113 29 4379 28 
8114 2808 4713 2810 
8115 2731 4237 2394 
8116 3402 4330 3405 
8117 2566 4331 2958 
8118 681 2681 2680 
8119 4747 4888 3866 
8120 4146 4719 2980 
8121 1100 4423 1495 
8122 537 4262 535 
8123 284 4256 3458 
8124 840 4312 4186 
8125 1340 4089 4058 
8126 3748 4285 2801 
8127 3423 4413 4209 
8128 612 4127 340 
8129 3647 4442 1374 
8130 4610 4642 3600 
8131 2584 4494 2684 
8132 3761 3913 945 
8133 388 4260 386 
8134 734 4052 175 
8135 2007 4443 2009 
8136 1167 4118 1126 
8137 3274 4394 2383 
8138 657 4202 611 
8139 1240 4456 1242 
8140 1691 4015 1898 
8141 2939 4484 4104 
8142 4740 4827 3626 
8143 1578 1843 1579 
8144 2483 4326 3504 
8145 3722 4541 4315 
8146 3380 4527 3377 
8147 3890 4445 2258 
8148 3474 4411 1788 
8149 3856 4183 2621 
8150 4305 4972 625 
8151 2704 4374 3448 
8152 392 4268 390 
8153 4118 4460 1522 
8154 513 4368 717 
8155 2440 4317 4116 
8156 1149 1390 1146 
8157 3501 4980 1270 
8158 2046 4194 1488 
8159 1522 4133 1130 
8160 967 3761 947 
8161 1440 4339 3858 
8162 2297 4322 3719 
8163 843 4904 4187 
8164 2150 4279 2998 
8165 3347 4946 3950 
8166 1082 4381 3886 
8167 1309 1586 1310 
8168 3458 3459 3457 
8169 1859 4590 1643 
8170 1665 4933 3119 
8171 1501 4345 378 
8172 2039 4743 2818 
8173 1563 4222 4068 
8174 3861 4233 3175 
8175 2312 2313 2061 
8176 2143 4793 2025 
8177 1605 4410 3613 
8178 51 4333 50 
8179 2559 4561 2156 
8180 4830 4966 2238 
8181 1309 1310 1147 
8182 2491 4447 2493 
8183 3098 4821 2772 
8184 1748 4211 932 
8185 941 4450 1098 
8186 2971 4534 2338 
8187 7 4752 1 
8188 890 4270 888 
8189 457 4266 4063 
8190 3722 4315 3755 
8191 3775 4471 3641 
8192 1532 4861 3868 
8193 1293 4688 3859 
8194 1817 4470 1864 
8195 3003 4259 2608 
8196 2737 4756 2735 
8197 2476 4425 2478 
8198 2536 4214 4128 
8199 3087 4129 3815 
8200 1391 4394 3749 
8201 338 4127 1525 
8202 443 4281 4177 
8203 3487 4358 3488 
8204 366 4275 364 
8205 1019 4191 1038 
8206 4240 4375 2627 
8207 846 4242 4028 
8208 4028 4242 3774 
8209 673 4186 4084 
8210 1743 2089 1741 
8211 3582 4648 3539 
8212 4398 4482 3471 
8213 376 4345 414 
8214 90 2933 300 
8215 2298 4149 2100 
8216 19 4378 283 
8217 2558 4848 4587 
8218 3842 4572 4355 
8219 2400 4269 2535 
8220 1589 4238 1764 
8221 767 4294 907 
8222 2599 4303 3455 
8223 693 4927 4919 
8224 3055 4156 2854 
8225 1 4752 281 
8226 2672 4951 4819 
8227 924 4179 925 
8228 3408 4638 4422 
8229 4324 4355 2528 
8230 1525 4142 336 
8231 925 4179 928 
8232 1201 4353 1731 
8233 408 4896 3591 
8234 2903 4720 3553 
8235 2353 4242 3943 
8236 4490 4552 2507 
8237 330 1578 1184 
8238 1195 4468 4319 
8239 306 2734 2733 
8240 3105 4487 2496 
8241 1844 2050 1579 
8242 139 3696 286 
8243 2269 4751 2655 
8244 1348 4740 1544 
8245 1015 4190 938 
8246 934 4157 995 
8247 3742 4570 3740 
8248 1438 4291 3838 
8249 1153 4953 1512 
8250 1124 4334 1167 
8251 3891 4239 3855 
8252 1751 4287 1814 
8253 1760 4695 1759 
8254 1009 4313 1011 
8255 3815 4680 4623 
8256 1214 4490 4415 
8257 4116 4317 1558 
8258 2185 4309 2544 
8259 3454 4258 3893 
8260 334 4142 563 
8261 4129 4246 4124 
8262 2579 4252 4084 
8263 3381 4360 2550 
8264 1626 4336 1632 
8265 1706 4170 2876 
8266 1080 4381 1082 
8267 2136 4424 1885 
8268 2275 4318 2096 
8269 1793 4336 1628 
8270 1274 4265 1220 
8271 3591 4732 408 
8272 1479 4430 894 
8273 3980 4270 3382 
8274 95 3870 1474 
8275 2457 4912 3113 
8276 1074 4589 3745 
8277 1843 1844 1579 
8278 892 4430 1066 
8279 896 4433 1479 
8280 902 4295 900 
8281 2045 4135 2376 
8282 3636 4798 4679 
8283 989 4433 898 
8284 2714 4306 3411 
8285 2471 4370 2589 
8286 2499 4271 2686 
8287 547 4300 545 
8288 2100 4149 2527 
8289 3200 4921 3203 
8290 2573 4459 2509 
8291 2398 4799 4278 
8292 3684 4944 1358 
8293 2906 4298 2830 
8294 1445 4351 1120 
8295 2816 4512 2817 
8296 1167 4224 4118 
8297 1956 4272 2294 
8298 4359 4654 2625 
8299 20 4378 19 
8300 2939 4631 4484 
8301 2265 4935 4414 
8302 4315 4541 2761 
8303 2083 4179 924 
8304 3934 4544 541 
8305 2132 4429 1833 
8306 1470 4241 4060 
8307 2166 4272 1956 
8308 1713 4724 3765 
8309 2165 4283 2815 
8310 2817 4272 2166 
8311 1705 4170 1706 
8312 187 4187 186 
8313 1072 4423 1071 
8314 3228 4895 3232 
8315 2535 4269 4221 
8316 1343 4158 3735 
8317 2417 4835 2144 
8318 4035 4346 2281 
8319 2830 4298 2828 
8320 219 4314 218 
8321 2582 4671 2701 
8322 3217 4686 3215 
8323 2353 4476 4242 
8324 3588 3827 2363 
8325 1446 4248 4150 
8326 2196 4902 2412 
8327 2051 4280 2557 
8328 1064 4690 984 
8329 2358 4604 3601 
8330 2783 4860 3928 
8331 2655 4751 3874 
8332 146 3735 287 
8333 2078 4213 2159 
8334 1683 4190 1015 
8335 3126 4681 2999 
8336 2280 4629 3770 
8337 445 4188 439 
8338 2920 4289 2499 
8339 1018 4166 1019 
8340 3136 4449 3135 
8341 832 4323 707 
8342 3904 4452 341 
8343 1466 1688 1687 
8344 777 4392 760 
8345 2519 4311 4165 
8346 2033 4457 4193 
8347 2960 4936 4225 
8348 3650 4319 2669 
8349 1319 4560 3295 
8350 878 4316 876 
8351 2914 4613 114 
8352 2509 4460 2443 
8353 2153 4840 2064 
8354 2493 4447 4431 
8355 4216 4295 902 
8356 1931 4308 1929 
8357 3765 4842 1713 
8358 4475 4635 2254 
8359 4344 4432 3741 
8360 3931 4340 4152 
8361 2510 4545 3851 
8362 2586 4346 4035 
8363 2091 3805 3804 
8364 2743 4397 4209 
8365 4228 4268 392 
8366 4169 4602 2630 
8367 2437 4354 3717 
8368 2258 4445 2092 
8369 3897 4506 2023 
8370 4208 4300 547 
8371 201 836 200 
8372 3740 4570 972 
8373 2285 3983 2284 
8374 1195 4319 4162 
8375 2679 4353 4115 
8376 2859 4832 2607 
8377 2910 4815 2673 
8378 2942 4864 4745 
8379 1774 4916 3236 
8380 3600 4525 2346 
8381 3728 4362 2297 
8382 3748 4405 3870 
8383 1357 4834 1024 
8384 884 4321 882 
8385 1927 4474 2512 
8386 2820 4779 2959 
8387 957 4188 445 
8388 1099 4166 1018 
8389 2015 4538 2017 
8390 4261 4503 2853 
8391 1055 4553 3468 
8392 297 3870 96 
8393 4782 4924 2230 
8394 2557 4205 2517 
8395 211 4851 2047 
8396 4083 4453 3479 
8397 2581 4390 2753 
8398 2056 4170 1705 
8399 1859 4722 3812 
8400 3773 4981 2330 
8401 4062 4835 3734 
8402 1587 4302 1310 
8403 1474 4405 3177 
8404 517 4325 515 
8405 315 4593 3462 
8406 971 4570 1041 
8407 2979 4577 2844 
8408 1367 1529 1180 
8409 4109 4705 3031 
8410 2041 4707 2468 
8411 2748 4920 3810 
8412 2704 4531 4374 
8413 535 4327 533 
8414 286 3737 138 
8415 1038 4191 1108 
8416 1160 4407 1178 
8417 938 4190 3850 
8418 2992 4282 2635 
8419 1883 4424 3975 
8420 541 4544 539 
8421 4087 4320 920 
8422 1146 4284 1145 
8423 3596 4708 962 
8424 3842 4355 3914 
8425 2535 4221 4207 
8426 2380 4372 2738 
8427 2517 4205 3375 
8428 4243 4323 832 
8429 1254 4492 1436 
8430 4242 4476 3774 
8431 3995 4352 2623 
8432 2367 4301 2370 
8433 3943 4242 846 
8434 2346 4391 4110 
8435 2286 2789 2658 
8436 4313 4415 2626 
8437 4138 4313 2626 
8438 2233 4664 4395 
8439 3045 4328 3048 
8440 1540 4863 3451 
8441 463 4883 461 
8442 2678 4809 3724 
8443 293 4380 3430 
8444 1122 4334 1124 
8445 4480 4574 1395 
8446 4112 4387 2806 
8447 1686 4595 1465 
8448 3044 4862 3043 
8449 2036 4337 2035 
8450 3026 4981 3773 
8451 742 4428 644 
8452 2519 4165 2319 
8453 439 4188 1546 
8454 4710 4945 3758 
8455 2696 4738 3583 
8456 1628 4336 1626 
8457 667 4440 1818 
8458 3442 4499 2612 
8459 4789 4871 2624 
8460 2954 4803 2951 
8461 1764 4238 2067 
8462 2442 4266 3635 
8463 4186 4312 2579 
8464 1354 4806 4306 
8465 4355 4572 2528 
8466 2281 4346 3241 
8467 3036 4840 3481 
8468 2230 4924 3628 
8469 3699 4374 1812 
8470 3772 4348 2269 
8471 3148 4376 3147 
8472 1976 4757 3840 
8473 882 4342 880 
8474 318 4366 4352 
8475 2286 2658 2285 
8476 2577 4338 2709 
8477 2391 4685 4099 
8478 61 4666 642 
8479 2543 4348 2424 
8480 2488 4202 657 
8481 715 4823 3470 
8482 4452 4897 343 
8483 1035 1145 1034 
8484 1145 1147 1034 
8485 3072 4462 3661 
8486 2521 4453 4083 
8487 206 1189 205 
8488 3242 4856 464 
8489 1677 4905 4051 
8490 2546 3686 2656 
8491 735 4440 669 
8492 2572 4630 2208 
8493 18 3593 17 
8494 4024 4465 344 
8495 3933 4575 1472 
8496 2854 4938 323 
8497 692 4919 4526 
8498 3811 4324 2525 
8499 559 4199 2440 
8500 1560 4559 3703 
8501 2062 4297 2213 
8502 3876 4565 2979 
8503 3010 4369 3063 
8504 3928 4860 2909 
8505 296 4777 3947 
8506 1541 4472 1503 
8507 3689 4246 3087 
8508 2589 4664 4485 
8509 2406 4511 3839 
8510 2512 4554 1925 
8511 17 1636 2 
8512 2612 4499 3592 
8513 1844 2051 2050 
8514 1909 4814 3420 
8515 813 4563 811 
8516 4166 4191 1019 
8517 1022 4834 1064 
8518 3584 4386 1824 
8519 2051 2516 2050 
8520 3779 4695 2407 
8521 1268 4557 1250 
8522 1858 4722 1859 
8523 1145 1309 1147 
8524 2332 4537 4304 
8525 2560 4452 3904 
8526 2229 4920 2748 
8527 3858 4339 3584 
8528 1732 4508 3474 
8529 1120 4351 1122 
8530 569 4199 559 
8531 2540 4661 1963 
8532 2473 4211 1748 
8533 3634 4406 1574 
8534 378 4345 376 
8535 2819 4872 2683 
8536 4262 4327 535 
8537 2444 4545 2510 
8538 2696 4600 2694 
8539 2517 3374 2516 
8540 68 4364 315 
8541 4549 4908 2971 
8542 604 4199 569 
8543 563 4146 331 
8544 2265 4414 2522 
8545 1921 4567 2136 
8546 2056 4748 3204 
8547 2051 2517 2516 
8548 4078 4862 3480 
8549 2077 4444 696 
8550 2738 4478 2736 
8551 344 4465 342 
8552 2935 4338 2886 
8553 1472 4575 1246 
8554 678 4444 840 
8555 3729 4361 1767 
8556 1579 4201 1184 
8557 4596 4667 2468 
8558 2805 4910 2406 
8559 3860 4634 1649 
8560 929 4645 927 
8561 2372 4481 2562 
8562 3793 4656 1515 
8563 3423 4209 3978 
8564 2297 4362 4322 
8565 920 4320 922 
8566 2891 4954 2720 
8567 1074 4292 4216 
8568 2670 4320 4087 
8569 4063 4266 2442 
8570 2470 4344 3741 
8571 1248 4575 1268 
8572 1717 4724 1713 
8573 3840 4844 1976 
8574 2157 4715 2559 
8575 2425 4340 2878 
8576 2459 4349 2551 
8577 287 3697 145 
8578 2385 4283 4035 
8579 3365 4419 2532 
8580 3659 4788 1316 
8581 2159 4213 2907 
8582 88 3999 1471 
8583 2919 4442 3647 
8584 2588 4438 3097 
8585 3028 4514 3076 
8586 2284 3983 3015 
8587 4177 4281 3052 
8588 287 3909 3697 
8589 1527 4230 1520 
8590 2530 4850 2248 
8591 2745 4957 4837 
8592 458 4403 454 
8593 2762 4809 2186 
8594 2213 4297 2216 
8595 2633 4356 2634 
8596 2631 4765 2428 
8597 1558 4317 1798 
8598 3073 4979 1944 
8599 2790 4417 2956 
8600 2449 4907 2447 
8601 1327 4340 3931 
8602 1316 4513 4107 
8603 470 4856 4654 
8604 2812 4857 4120 
8605 3831 4274 2834 
8606 4343 4737 305 
8607 1902 4311 1995 
8608 3624 4691 4420 
8609 3043 4862 4078 
8610 1549 4273 823 
8611 1713 4842 1711 
8612 1831 4363 1829 
8613 4162 4319 3650 
8614 4776 4904 2775 
8615 2473 4539 4093 
8616 2719 4885 2717 
8617 4124 4246 2364 
8618 515 4368 513 
8619 2210 4377 2106 
8620 2094 4347 1746 
8621 1920 4949 2494 
8622 4117 4437 3597 
8623 2108 4344 4171 
8624 3481 4579 309 
8625 2736 4478 3059 
8626 1310 4302 2411 
8627 331 4146 330 
8628 2828 4367 2826 
8629 4321 4342 882 
8630 1244 4614 1472 
8631 209 4532 208 
8632 4050 4373 2739 
8633 710 4458 732 
8634 3240 4696 2879 
8635 2940 4745 4631 
8636 2587 4412 2588 
8637 4121 4922 3675 
8638 330 1184 328 
8639 2782 2783 2708 
8640 1009 4415 4313 
8641 1578 1579 1184 
8642 756 4521 856 
8643 4115 4353 1141 
8644 2860 4370 2471 
8645 2458 4455 4038 
8646 1689 4230 1527 
8647 1959 4640 2534 
8648 906 4589 1074 
8649 1497 4391 4090 
8650 3669 4951 3801 
8651 2503 4213 2078 
8652 2780 4451 2777 
8653 2678 4359 2409 
8654 700 4431 742 
8655 1530 4700 3466 
8656 4221 4269 940 
8657 2013 4876 2015 
8658 3069 4787 2087 
8659 3488 4358 4295 
8660 3924 4948 2087 
8661 2526 4385 2524 
8662 4261 4543 2858 
8663 1520 4230 2046 
8664 1804 4615 3383 
8665 2499 4289 4271 
8666 2474 4539 2473 
8667 3315 4489 3314 
8668 1276 4512 3017 
8669 1410 4422 2915 
8670 4263 4901 3191 
8671 2202 4402 3105 
8672 1978 4757 1976 
8673 1155 4590 3964 
8674 1945 4608 2132 
8675 1141 4353 1201 
8676 3975 4424 3355 
8677 2904 4491 3081 
8678 3914 4355 1433 
8679 4193 4457 2849 
8680 3354 4528 3353 
8681 2991 4697 4158 
8682 2869 4689 171 
8683 4503 4769 2853 
8684 856 4588 754 
8685 1513 4886 1915 
8686 3053 4972 2382 
8687 4325 4368 515 
8688 2112 4809 2678 
8689 3459 4702 3457 
8690 4179 4450 928 
8691 2403 4341 1856 
8692 4504 4749 2764 
8693 3 4556 76 
8694 2654 4866 3607 
8695 1185 4388 1152 
8696 985 4810 809 
8697 1958 4485 2670 
8698 3092 4698 4121 
8699 4308 4398 3473 
8700 3287 4909 293 
8701 2089 4231 1741 
8702 4110 4391 1497 
8703 2472 4698 3342 
8704 2523 4784 2111 
8705 2755 4530 4476 
8706 2748 4652 2747 
8707 1592 4463 2034 
8708 3528 4804 4454 
8709 2681 4168 2680 
8710 1474 3176 94 
8711 3823 4646 308 
8712 1994 4375 766 
8713 2879 4584 2880 
8714 2870 4409 2873 
8715 4550 4652 1190 
8716 1137 4381 1080 
8717 1894 4536 4349 
8718 3363 4748 2547 
8719 4374 4531 1812 
8720 2983 4894 192 
8721 4349 4536 2551 
8722 2314 4482 4398 
8723 1007 4415 1009 
8724 746 2944 79 
8725 1270 4980 1230 
8726 2409 4359 4247 
8727 2305 4835 4062 
8728 1799 4786 1070 
8729 2402 4410 2537 
8730 2198 4962 4387 
8731 2756 4614 4456 
8732 3460 4753 2707 
8733 4609 4632 1286 
8734 4309 4568 2544 
8735 4579 4879 4076 
8736 760 4392 758 
8737 743 4273 2488 
8738 2394 4280 1844 
8739 2548 4427 3013 
8740 1976 4844 1974 
8741 4456 4562 2756 
8742 4644 4843 2685 
8743 2316 4357 4040 
8744 2067 4238 2503 
8745 3275 4681 567 
8746 2167 4625 3906 
8747 4821 4898 2253 
8748 3388 4899 1288 
8749 807 4870 805 
8750 2375 4865 4676 
8751 1122 4351 4334 
8752 4084 4186 2579 
8753 3488 4295 4216 
8754 2692 4720 2903 
8755 2539 4790 3269 
8756 2504 4437 4117 
8757 2659 4657 2661 
8758 4237 4280 2394 
8759 4298 4367 2828 
8760 3999 4701 2899 
8761 823 4273 743 
8762 2956 4396 2791 
8763 962 4708 774 
8764 4366 4596 2623 
8765 1793 4747 3866 
8766 3181 4383 3183 
8767 4435 4885 1164 
8768 1320 4820 1134 
8769 4216 4292 3488 
8770 2468 4667 3637 
8771 2861 4515 4382 
8772 3374 4687 2516 
8773 4403 4522 454 
8774 2865 4692 4343 
8775 326 2765 16 
8776 3368 4978 4803 
8777 2528 4572 2585 
8778 4104 4484 2408 
8779 3048 4411 3046 
8780 2545 4587 4468 
8781 2411 4759 4421 
8782 3616 4085 285 
8783 2580 4390 2581 
8784 2686 4450 4179 
8785 3751 4274 4088 
8786 3333 4495 3334 
8787 1472 4614 4601 
8788 1084 4401 2084 
8789 2288 4500 3587 
8790 2842 4615 2841 
8791 1295 4426 3018 
8792 2678 4852 4359 
8793 3315 4548 4489 
8794 3360 4744 1826 
8795 3420 4970 1528 
8796 4502 4550 1190 
8797 2784 4755 2600 
8798 3590 4653 1395 
8799 4498 4768 2500 
8800 3087 4246 4129 
8801 1390 4284 1146 
8802 2761 4541 2760 
8803 330 4146 1578 
8804 2189 4859 4181 
8805 737 4588 3969 
8806 4476 4530 2495 
8807 4455 4878 4038 
8808 761 4396 3905 
8809 4149 4335 2527 
8810 1997 2286 2285 
8811 3797 4520 3798 
8812 3361 4928 1281 
8813 3887 4277 2619 
8814 1473 4973 3981 
8815 4235 4922 3367 
8816 3913 4759 4015 
8817 3927 4604 2358 
8818 770 4725 777 
8819 2296 4977 3302 
8820 1678 4529 3771 
8821 2781 4650 4380 
8822 3350 4505 564 
8823 4401 4485 2921 
8824 2950 4647 107 
8825 3684 4728 2963 
8826 692 4526 3727 
8827 4287 4471 3775 
8828 3054 4776 2522 
8829 2118 2119 1762 
8830 4069 4678 4494 
8831 2711 4506 2991 
8832 4180 4907 2449 
8833 2541 4509 2542 
8834 2621 4682 2617 
8835 1272 4797 3117 
8836 314 4881 4731 
8837 4635 4880 2254 
8838 4566 4644 3716 
8839 979 4686 4041 
8840 4209 4397 319 
8841 2589 4485 1958 
8842 120 4937 4464 
8843 3005 4952 2785 
8844 4485 4664 2921 
8845 3964 4590 3329 
8846 3992 4980 3501 
8847 2864 4373 4050 
8848 4497 4648 3582 
8849 3429 4975 1364 
8850 2131 4848 2287 
8851 4533 4586 3990 
8852 1196 4514 3028 
8853 3095 4769 4503 
8854 1885 4424 1883 
8855 3700 4865 3926 
8856 4308 4474 1929 
8857 894 4430 892 
8858 2180 4738 2696 
8859 2619 4277 2766 
8860 898 4433 896 
8861 1531 4643 2961 
8862 1633 4747 1793 
8863 2910 4883 4815 
8864 3853 4968 1168 
8865 2872 4409 2870 
8866 836 4523 200 
8867 1570 4432 2108 
8868 2022 4684 4655 
8869 313 4922 4235 
8870 2896 4953 4820 
8871 2788 4853 4507 
8872 2683 4807 2583 
8873 4370 4395 2589 
8874 2408 4484 4003 
8875 4126 4740 1350 
8876 1232 4980 3992 
8877 2716 4915 3696 
8878 2407 4695 1912 
8879 408 4732 406 
8880 4584 4696 2299 
8881 197 3757 196 
8882 3852 4468 1195 
8883 3898 4699 1685 
8884 2251 4898 2689 
8885 2314 4398 4308 
8886 2834 4859 2832 
8887 632 4441 70 
8888 952 4473 1151 
8889 1831 4429 4363 
8890 2886 4338 2577 
8891 2814 4436 2863 
8892 2356 4464 2842 
8893 3126 4923 567 
8894 309 4579 4076 
8895 288 4892 3467 
8896 1833 4429 1831 
8897 4125 4608 1947 
8898 2626 4490 2505 
8899 3203 4594 3202 
8900 410 4896 408 
8901 1060 4420 1684 
8902 4385 4447 2524 
8903 2282 4518 4199 
8904 2571 4635 2943 
8905 4451 4928 2776 
8906 976 4807 3706 
8907 1596 4454 1451 
8908 181 3754 180 
8909 2781 4909 2780 
8910 3075 4962 1682 
8911 196 3757 1598 
8912 3058 4499 3442 
8913 1071 4423 1100 
8914 2524 4447 2491 
8915 669 4440 667 
8916 3113 4912 3110 
8917 3955 4688 1293 
8918 1392 4974 4314 
8919 4317 4518 2949 
8920 486 4591 496 
8921 2236 4761 2730 
8922 1953 4519 2679 
8923 2412 4674 3821 
8924 2898 4501 2340 
8925 3962 4457 2033 
8926 4473 4566 2700 
8927 2682 4428 4385 
8928 2757 4746 2651 
8929 3892 4497 4241 
8930 2803 4480 2799 
8931 4338 4841 2709 
8932 3177 4384 3176 
8933 3938 4599 4140 
8934 2570 4498 2362 
8935 1812 4531 3864 
8936 3778 4542 1307 
8937 3714 4549 601 
8938 4801 4830 4012 
8939 2443 4460 4224 
8940 1318 4612 4547 
8941 1180 4483 1149 
8942 3034 4598 4135 
8943 2365 4942 4140 
8944 2711 4841 3518 
8945 4823 4969 3470 
8946 2001 4768 3432 
8947 2697 4688 3080 
8948 3444 4592 3247 
8949 2178 4571 2317 
8950 4071 4882 2880 
8951 1137 4472 4381 
8952 3870 4405 1474 
8953 4551 4636 3359 
8954 2649 4562 2659 
8955 696 4444 678 
8956 496 4591 4520 
8957 1731 4434 2137 
8958 2916 4613 2914 
8959 4382 4515 2520 
8960 1844 4280 2051 
8961 2375 4676 3988 
8962 2183 4504 4190 
8963 4181 4859 2834 
8964 2775 4904 2988 
8965 652 4687 3374 
8966 3589 4593 2567 
8967 1269 4456 1240 
8968 3034 4955 3035 
8969 1145 4284 1309 
8970 2456 4479 2615 
8971 2296 4443 2007 
8972 937 4515 2861 
8973 4361 4493 3667 
8974 2734 4462 3072 
8975 3216 4723 3289 
8976 651 4502 649 
8977 2905 4911 4898 
8978 2522 4776 2775 
8979 1364 4975 4195 
8980 4411 4508 3046 
8981 745 3754 181 
8982 4543 4971 164 
8983 3626 4827 3621 
8984 3089 4697 3897 
8985 1408 4395 4370 
8986 1358 4524 30 
8987 454 4522 452 
8988 2285 4467 3983 
8989 2050 4201 1579 
8990 1929 4474 1927 
8991 2158 4493 3803 
8992 4069 4494 1567 
8993 2767 4694 2770 
8994 4352 4366 2623 
8995 3774 4476 2495 
8996 4285 4780 2715 
8997 4434 4519 2564 
8998 2784 4811 4755 
8999 3514 4966 4830 
9000 3311 4684 3308 
9001 4672 4868 3405 
9002 3832 4465 4024 
9003 4212 4382 2520 
9004 2713 4869 2271 
9005 4077 4885 2719 
9006 2092 4445 2094 
9007 2911 4488 2556 
9008 496 4520 3797 
9009 2699 4525 2700 
9010 4541 4622 2760 
9011 1394 4574 1560 
9012 3799 4516 3971 
9013 3878 4580 1561 
9014 3804 4435 1164 
9015 4415 4490 2626 
9016 1503 4472 1137 
9017 3263 4764 3265 
9018 2896 4820 4276 
9019 3289 4893 3290 
9020 2874 4607 3967 
9021 4003 4484 1509 
9022 1581 1761 1529 
9023 4187 4776 3054 
9024 4276 4820 1320 
9025 3217 4871 4789 
9026 3183 4718 4576 
9027 2837 4455 2458 
9028 1252 4492 1254 
9029 3273 4812 3274 
9030 3463 4609 1286 
9031 1761 2782 2708 
9032 2916 4620 4613 
9033 2520 4515 2676 
9034 4775 4818 4328 
9035 4241 4497 2513 
9036 3744 4418 189 
9037 2782 4389 2783 
9038 1864 4470 2043 
9039 3178 4734 3165 
9040 1850 4854 1852 
9041 3983 4960 3015 
9042 310 2855 193 
9043 4056 4674 2412 
9044 3281 4777 296 
9045 2812 4847 3656 
9046 3885 4947 855 
9047 2792 4906 4305 
9048 4135 4598 2376 
9049 3327 4633 3602 
9050 4065 4942 2365 
9051 307 3744 190 
9052 3294 4582 3293 
9053 2727 4332 2728 
9054 2765 4448 4201 
9055 3003 4729 4259 
9056 1852 4854 4102 
9057 3232 4533 3231 
9058 2755 4476 2353 
9059 4529 4832 2859 
9060 3587 4949 2493 
9061 2641 4581 2643 
9062 3421 4900 777 
9063 3031 4705 3030 
9064 2496 4487 3119 
9065 1761 2708 1529 
9066 2158 4561 4493 
9067 3035 4955 3577 
9068 2858 4543 2373 
9069 3377 4527 3379 
9070 1151 4610 3629 
9071 2922 4778 2580 
9072 3278 4887 2502 
9073 679 4668 697 
9074 1433 4355 4324 
9075 2153 4850 3481 
9076 1062 4541 3722 
9077 742 4447 4385 
9078 3242 4481 2372 
9079 3046 4508 3047 
9080 2204 4600 1794 
9081 3151 4510 299 
9082 3629 4610 4568 
9083 3215 4649 3216 
9084 928 4450 941 
9085 195 3668 194 
9086 283 3593 18 
9087 1287 4882 4071 
9088 4173 4437 2504 
9089 1896 4463 1592 
9090 342 4465 612 
9091 3670 4475 2327 
9092 1567 4494 3963 
9093 2749 4550 3674 
9094 3473 4474 4308 
9095 2647 4601 2756 
9096 4392 4521 758 
9097 2882 4551 2883 
9098 3850 4504 3594 
9099 1685 4699 4326 
9100 2338 4534 2977 
9101 4311 4477 2807 
9102 4648 4782 3539 
9103 3267 4762 4445 
9104 2938 4916 2936 
9105 3160 4662 4486 
9106 4147 4516 4053 
9107 1149 4483 1390 
9108 3474 4508 4411 
9109 4756 4825 2735 
9110 836 4746 4523 
9111 4100 4526 2982 
9112 2561 4452 2560 
9113 2347 4665 3315 
9114 3270 4764 3263 
9115 2205 4611 2114 
9116 937 4645 4515 
9117 2549 4535 2160 
9118 4539 4823 715 
9119 2700 4566 2531 
9120 2879 4696 4584 
9121 777 4449 4392 
9122 1460 4568 3689 
9123 3652 4537 2332 
9124 4450 4626 1098 
9125 3549 4628 3416 
9126 2495 4530 2860 
9127 1323 4367 4298 
9128 2904 4578 4491 
9129 4749 4968 3853 
9130 4525 4642 2700 
9131 3816 4597 3212 
9132 2572 4679 4630 
9133 4190 4504 3850 
9134 2889 4717 4558 
9135 4501 4540 568 
9136 4431 4447 742 
9137 1355 4627 1177 
9138 758 4521 756 
9139 4229 4503 2858 
9140 3335 4608 4125 
9141 4471 4606 3641 
9142 4737 4899 3388 
9143 3948 4471 1750 
9144 3762 4577 2070 
9145 646 4651 4616 
9146 1115 4564 1296 
9147 2494 4949 4500 
9148 3714 4908 4549 
9149 202 3845 201 
9150 4676 4865 3642 
9151 1842 4497 3892 
9152 646 4616 648 
9153 3527 4804 3528 
9154 3982 4482 2314 
9155 2670 4485 4401 
9156 311 4728 4293 
9157 3025 4879 3026 
9158 2804 4559 2803 
9159 4306 4806 3411 
9160 2156 4561 2158 
9161 2623 4596 2622 
9162 3316 4770 1559 
9163 4484 4631 1509 
9164 3739 4918 1494 
9165 4744 4760 1826 
9166 1795 4637 1969 
9167 4267 4416 1211 
9168 2970 4959 2971 
9169 1211 4416 1466 
9170 2981 4558 2179 
9171 440 4714 3358 
9172 4204 4477 2519 
9173 2087 4546 2085 
9174 2551 4536 2594 
9175 2385 4513 4283 
9176 4099 4536 1894 
9177 3182 4576 3357 
9178 4278 4384 2398 
9179 3805 4435 3804 
9180 3011 4785 4641 
9181 4392 4449 3136 
9182 3212 4703 3210 
9183 1466 4416 1688 
9184 2123 4871 3217 
9185 4330 4672 3405 
9186 1577 4926 4007 
9187 2684 4678 2820 
9188 300 4701 3999 
9189 1649 4634 4527 
9190 2017 4538 2022 
9191 4048 4893 1499 
9192 1887 4849 4022 
9193 1630 4907 4180 
9194 4515 4645 2676 
9195 3987 4901 1484 
9196 1250 4557 1252 
9197 1925 4554 1923 
9198 4385 4428 742 
9199 3222 4673 3220 
9200 2847 4650 2539 
9201 3095 4503 4229 
9202 1730 4812 3273 
9203 2313 4712 2061 
9204 2772 4821 4796 
9205 4559 4574 2803 
9206 2705 4531 2704 
9207 4389 4860 2783 
9208 3041 4849 4160 
9209 2519 4477 4311 
9210 2317 4727 3822 
9211 4131 4869 2713 
9212 2628 4730 4639 
9213 539 4544 725 
9214 3342 4976 1909 
9215 1062 4622 4541 
9216 3971 4516 4147 
9217 3067 4855 3068 
9218 4422 4638 2915 
9219 855 4947 3529 
9220 2953 4647 2950 
9221 1252 4557 4492 
9222 2254 4880 2127 
9223 2479 4618 3162 
9224 4053 4516 2523 
9225 3919 4789 2624 
9226 2760 4622 2762 
9227 2977 4565 3876 
9228 2587 4571 4412 
9229 1214 4552 4490 
9230 1164 4885 4077 
9231 3727 4526 4100 
9232 1923 4567 1921 
9233 1522 4459 4133 
9234 1560 4574 4559 
9235 1603 4769 3095 
9236 575 4651 646 
9237 2668 4587 2131 
9238 1737 4669 2805 
9239 1246 4575 1248 
9240 3963 4494 2584 
9241 1688 4461 1687 
9242 183 3671 182 
9243 595 4617 3712 
9244 4067 4754 1546 
9245 1147 4421 1034 
9246 2807 4770 2808 
9247 2675 4934 4371 
9248 2062 4712 4297 
9249 972 4570 971 
9250 3089 4408 4158 
9251 3565 4929 1274 
9252 2999 4547 3916 
9253 2730 4761 4714 
9254 2468 4707 4596 
9255 1511 4936 4036 
9256 3990 4586 3437 
9257 287 4408 3909 
9258 3869 4552 1214 
9259 4107 4513 2385 
9260 4367 4700 2826 
9261 2903 4578 2904 
9262 3244 4826 3243 
9263 811 4563 985 
9264 2614 4545 2444 
9265 4785 4854 2128 
9266 1461 4604 3927 
9267 2271 4572 3842 
9268 4151 4752 7 
9269 3518 4841 2200 
9270 1842 4648 4497 
9271 4225 4936 1511 
9272 2214 4940 2212 
9273 2742 4775 2740 
9274 3236 4863 1540 
9275 1484 4901 4263 
9276 3983 4467 1636 
9277 2809 4539 2474 
9278 4025 4674 4056 
9279 2864 4974 4373 
9280 3011 4641 3009 
9281 4373 4974 1392 
9282 436 4711 438 
9283 1643 4590 1155 
9284 1768 4709 3568 
9285 2774 4845 2773 
9286 2238 4966 4013 
9287 2810 4713 2813 
9288 3232 4586 4533 
9289 2334 4634 3860 
9290 3080 4688 3955 
9291 2555 4658 2553 
9292 2543 4927 4751 
9293 3821 4674 2417 
9294 1559 4477 4204 
9295 754 4588 737 
9296 4554 4567 1923 
9297 2022 4655 3996 
9298 4580 4784 2523 
9299 3871 4829 2955 
9300 2943 4635 4475 
9301 4945 4956 2138 
9302 3030 4705 4192 
9303 1316 4788 4513 
9304 950 4589 906 
9305 1151 4642 4610 
9306 1291 4911 2905 
9307 3516 4801 3517 
9308 2673 4815 3758 
9309 2672 4646 2671 
9310 1294 4878 4455 
9311 2683 4872 4807 
9312 3159 4900 3421 
9313 3787 4622 1062 
9314 4655 4684 3311 
9315 148 4466 1343 
9316 4326 4699 3504 
9317 3549 4932 2738 
9318 4579 4850 2530 
9319 1522 4460 4459 
9320 62 4666 61 
9321 3697 4623 1312 
9322 2208 4630 2232 
9323 3689 4568 4309 
9324 3136 4521 4392 
9325 3077 4542 3778 
9326 2502 4887 2214 
9327 4121 4698 2472 
9328 2913 4884 2146 
9329 3607 4866 1784 
9330 3731 4902 4394 
9331 1448 4957 2745 
9332 3451 4863 4721 
9333 470 4852 3447 
9334 3516 4830 4801 
9335 927 4645 937 
9336 3629 4568 1460 
9337 2890 4892 4438 
9338 1529 4483 1180 
9339 967 4421 3761 
9340 4166 4607 4191 
9341 2183 4749 4504 
9342 3947 4683 3092 
9343 1242 4614 1244 
9344 4851 4860 2047 
9345 4098 4877 2044 
9346 4139 4621 2488 
9347 3406 4731 4457 
9348 4814 4970 3420 
9349 3543 4965 1352 
9350 4167 4736 229 
9351 2818 4707 2041 
9352 4145 4537 3652 
9353 3119 4677 2497 
9354 578 4729 576 
9355 2933 4839 2934 
9356 3753 4685 2391 
9357 271 4739 4174 
9358 3959 4619 2916 
9359 1461 4742 4604 
9360 3572 4774 616 
9361 1687 4461 1997 
9362 4964 4973 2795 
9363 2679 4519 4434 
9364 2138 4956 1773 
9365 3906 4625 3907 
9366 3758 4945 2138 
9367 4791 4792 596 
9368 3532 4772 2703 
9369 2732 4822 3616 
9370 1070 4786 1072 
9371 188 843 187 
9372 2417 4674 4025 
9373 4054 4672 1936 
9374 3656 4847 1662 
9375 2858 4503 4261 
9376 2090 2727 2089 
9377 4678 4779 2820 
9378 4199 4518 2440 
9379 205 3746 204 
9380 3513 4966 3514 
9381 2573 4660 4459 
9382 1947 4608 1945 
9383 292 4682 4183 
9384 2656 2657 2119 
9385 3668 4603 310 
9386 308 4734 3178 
9387 4160 4849 1887 
9388 3206 4977 4010 
9389 2908 4680 4129 
9390 2898 4540 4501 
9391 2759 4679 1913 
9392 3364 4933 1665 
9393 2530 4879 4579 
9394 2742 4818 4775 
9395 992 4811 796 
9396 1469 4675 2058 
9397 1034 4421 967 
9398 4468 4587 2668 
9399 4938 4971 323 
9400 2440 4518 4317 
9401 2592 4716 3589 
9402 2667 4926 3701 
9403 299 4889 178 
9404 613 4791 596 
9405 3986 4599 1799 
9406 2884 4636 2882 
9407 291 4756 3871 
9408 2663 4836 2665 
9409 3599 4773 3576 
9410 2981 4802 4558 
9411 596 4792 593 
9412 464 4856 466 
9413 3803 4493 4361 
9414 1559 4770 4477 
9415 1961 4640 1959 
9416 3451 4721 3563 
9417 2287 4848 4517 
9418 3916 4612 2540 
9419 188 4418 843 
9420 2882 4636 4551 
9421 2656 4532 2657 
9422 4582 4810 985 
9423 2793 4964 2795 
9424 2795 4973 2925 
9425 2376 4598 2561 
9426 4751 4927 3874 
9427 1997 4461 2286 
9428 1509 4631 3807 
9429 3806 4255 3805 
9430 1936 4672 4330 
9431 4085 4822 2436 
9432 52 4693 298 
9433 1190 4652 3808 
9434 1354 4800 3630 
9435 4624 4786 1799 
9436 2588 4717 4438 
9437 567 4923 3429 
9438 1179 4886 1513 
9439 2382 4972 2481 
9440 2798 4653 2802 
9441 1524 4606 3948 
9442 4483 4817 1390 
9443 4163 4760 3060 
9444 2929 4929 3565 
9445 3010 4439 4369 
9446 1963 4661 1961 
9447 3920 4644 1061 
9448 2494 4699 3898 
9449 2119 4583 1762 
9450 1835 4743 2039 
9451 2752 4730 2628 
9452 2625 4654 3242 
9453 2915 4638 3959 
9454 2103 4799 2105 
9455 2951 4803 2953 
9456 3770 4629 3869 
9457 1762 4583 1761 
9458 1350 4740 1348 
9459 4196 4662 962 
9460 4457 4731 2849 
9461 4547 4612 3916 
9462 4191 4607 2231 
9463 2487 4553 4125 
9464 3060 4829 2737 
9465 4070 4831 1541 
9466 228 4736 3762 
9467 1524 4676 4606 
9468 2686 4626 4450 
9469 598 4806 683 
9470 2511 4739 272 
9471 443 4917 3753 
9472 2583 4671 2582 
9473 4314 4974 2865 
9474 2628 4639 3881 
9475 4301 4721 2938 
9476 4158 4408 3735 
9477 3466 4700 4367 
9478 4657 4763 2661 
9479 326 4448 2765 
9480 3790 4767 3791 
9481 3279 4624 3937 
9482 4283 4513 2815 
9483 4390 4778 1288 
9484 3735 4408 287 
9485 4237 4656 4280 
9486 4012 4830 2238 
9487 2433 4868 4672 
9488 1269 4657 4562 
9489 693 4919 689 
9490 2934 4701 300 
9491 3869 4629 4552 
9492 950 4690 4589 
9493 1961 4661 4640 
9494 2708 4483 1529 
9495 2849 4731 2848 
9496 3874 4927 693 
9497 4459 4460 2509 
9498 4171 4837 3878 
9499 3600 4642 4525 
9500 2785 4952 4790 
9501 4201 4448 1184 
9502 2826 4700 2824 
9503 3977 4648 1842 
9504 4562 4657 2659 
9505 2657 4583 2119 
9506 2308 4948 3924 
9507 3948 4606 4471 
9508 281 4752 2498 
9509 295 4775 4328 
9510 2299 4696 2298 
9511 4202 4621 1514 
9512 4280 4656 2557 
9513 2357 4722 1858 
9514 984 4690 950 
9515 3759 4742 1461 
9516 3967 4607 4166 
9517 2594 4917 4177 
9518 3674 4550 4502 
9519 206 3685 1189 
9520 3814 4710 1376 
9521 2877 4924 4782 
9522 4074 4907 1630 
9523 1632 4967 3954 
9524 3713 4908 3714 
9525 3721 4846 1489 
9526 2360 4715 2157 
9527 2498 4752 4151 
9528 307 4185 3744 
9529 3737 4703 1344 
9530 1912 4695 1760 
9531 4601 4614 2756 
9532 1546 4754 4153 
9533 2690 4720 2692 
9534 3807 4745 638 
9535 774 4708 772 
9536 2958 4939 2318 
9537 3988 4676 1524 
9538 2752 4905 4730 
9539 4158 4697 3089 
9540 2248 4850 2153 
9541 2339 4724 1717 
9542 3176 4585 93 
9543 4650 4790 2539 
9544 4380 4909 2781 
9545 2575 4727 2587 
9546 2034 4704 2518 
9547 3624 4958 3622 
9548 4293 4728 3684 
9549 4183 4682 2621 
9550 772 4725 770 
9551 4513 4788 2815 
9552 4129 4680 3815 
9553 2044 4877 4066 
9554 3457 4702 2884 
9555 929 4733 4645 
9556 4297 4712 3122 
9557 2753 4899 4737 
9558 1061 4644 4566 
9559 2809 4823 4539 
9560 2611 4779 4678 
9561 2516 4903 2050 
9562 2894 4910 2116 
9563 4603 4741 310 
9564 2772 4796 3844 
9565 2709 4841 2711 
9566 4133 4660 1320 
9567 3623 4691 3624 
9568 2144 4835 2305 
9569 3109 4888 3779 
9570 2754 4905 2752 
9571 2690 4781 4720 
9572 3991 4657 1269 
9573 2813 4847 2812 
9574 4619 4620 2916 
9575 3199 4921 3200 
9576 3706 4872 2241 
9577 3227 4895 3228 
9578 4051 4692 2261 
9579 2766 4694 2767 
9580 2360 4765 4715 
9581 2046 4805 4175 
9582 4037 4649 979 
9583 2433 4672 4054 
9584 2428 4765 2360 
9585 3847 4779 2611 
9586 2787 4750 3548 
9587 3996 4655 2706 
9588 4343 4692 2754 
9589 4621 4942 1514 
9590 406 4732 442 
9591 4631 4745 3807 
9592 2815 4788 2816 
9593 3047 4862 3044 
9594 324 3757 197 
9595 3165 4819 3166 
9596 2607 4832 3002 
9597 2695 4662 4196 
9598 2853 4769 3680 
9599 2546 2656 2119 
9600 1759 4747 1633 
9601 2873 4689 2869 
9602 4745 4864 638 
9603 2974 4814 2976 
9604 4679 4798 1913 
9605 2700 4642 4473 
9606 2624 4738 2180 
9607 4477 4770 2807 
9608 3103 4884 2654 
9609 2091 3806 3805 
9610 2075 4757 1978 
9611 1184 4448 328 
9612 4271 4626 2686 
9613 2600 4755 2894 
9614 2946 4741 4603 
9615 1024 4834 1022 
9616 2192 4914 2101 
9617 2383 4902 2196 
9618 4168 4880 2680 
9619 111 4825 291 
9620 4708 4725 772 
9621 3416 4620 4619 
9622 3762 4736 4167 
9623 1682 4962 1934 
9624 4278 4799 2923 
9625 2884 4702 4636 
9626 2328 4804 3885 
9627 4174 4739 2511 
9628 2330 4981 2256 
9629 2971 4908 4534 
9630 3675 4922 313 
9631 2753 4737 2754 
9632 2689 4781 2690 
9633 2489 4805 4230 
9634 2186 4809 2112 
9635 3685 3686 1189 
9636 3784 4882 1287 
9637 3759 4891 4742 
9638 4620 4628 320 
9639 1134 4820 1136 
9640 2547 4748 2056 
9641 4769 4963 3680 
9642 2527 4749 2183 
9643 2111 4784 2152 
9644 4352 4602 318 
9645 2974 4970 4814 
9646 4731 4881 2848 
9647 3565 4946 2930 
9648 2611 4678 4069 
9649 2025 4793 2121 
9650 2488 4621 4202 
9651 838 4891 3759 
9652 1281 4928 4451 
9653 809 4810 807 
9654 1711 4842 2279 
9655 3826 4897 2561 
9656 2844 4918 2674 
9657 2976 4683 3947 
9658 3642 4865 3700 
9659 2061 4712 2062 
9660 2877 4782 3977 
9661 3809 4954 2725 
9662 4153 4754 2415 
9663 4394 4902 2383 
9664 3563 4721 4301 
9665 2880 4982 4071 
9666 4623 4680 1312 
9667 2563 4761 2236 
9668 4820 4953 1136 
9669 3550 4932 3549 
9670 2497 4677 4399 
9671 2481 4972 4305 
9672 324 4507 3757 
9673 3265 4764 4592 
9674 2326 4920 2229 
9675 2388 4901 3987 
9676 1136 4953 1153 
9677 1913 4798 3889 
9678 3909 4623 3697 
9679 1269 4562 4456 
9680 2595 4923 3126 
9681 2982 4927 2543 
9682 2676 4733 3789 
9683 1371 4930 129 
9684 3939 4963 1603 
9685 3920 4843 4644 
9686 4732 4838 442 
9687 307 4555 4185 
9688 201 3845 836 
9689 3680 4963 2675 
9690 4459 4660 4133 
9691 4815 4883 1376 
9692 3814 4864 4710 
9693 2878 4924 2877 
9694 1538 4896 410 
9695 4489 4548 2883 
9696 2095 4876 2013 
9697 2493 4949 1920 
9698 1499 4723 4037 
9699 1974 4844 2315 
9700 328 4448 326 
9701 2973 4970 2974 
9702 4755 4811 992 
9703 182 3671 745 
9704 2209 4839 2814 
9705 1541 4831 4509 
9706 1376 4883 463 
9707 2708 4817 4483 
9708 2613 4959 2278 
9709 1761 4583 2782 
9710 638 4864 3814 
9711 2803 4574 4480 
9712 681 4758 2681 
9713 805 4870 933 
9714 1826 4760 4163 
9715 2675 4963 3939 
9716 3978 4978 3369 
9717 3416 4628 4620 
9718 1480 4763 3991 
9719 4630 4679 2759 
9720 2783 4817 2708 
9721 1230 4980 1232 
9722 2811 4823 2809 
9723 4151 4795 2498 
9724 4643 4694 2766 
9725 1603 4963 4769 
9726 3051 4831 4070 
9727 2587 4727 4571 
9728 2918 4868 2433 
9729 4277 4643 2766 
9730 76 4556 2091 
9731 291 4825 4756 
9732 2908 4943 4680 
9733 2832 4859 2906 
9734 4683 4698 3092 
9735 4336 4967 1632 
9736 1531 4694 4643 
9737 4305 4906 2481 
9738 4387 4962 3075 
9739 2128 4854 1850 
9740 4036 4936 2379 
9741 3977 4782 4648 
9742 2047 4860 4389 
9743 3761 4759 3913 
9744 2865 4974 2864 
9745 2287 4801 4012 
9746 97 4780 297 
9747 4523 4746 2757 
9748 3907 4625 4417 
9749 1690 4843 3920 
9750 2253 4898 2251 
9751 2543 4751 4348 
9752 3991 4763 4657 
9753 4417 4625 2956 
9754 2585 4869 4131 
9755 2595 4975 4923 
9756 4230 4805 2046 
9757 4010 4977 2296 
9758 4571 4727 2317 
9759 2811 4969 4823 
9760 2127 4880 4168 
9761 4421 4759 3761 
9762 2883 4824 2881 
9763 4174 4812 1730 
9764 1598 3668 195 
9765 4037 4723 4649 
9766 2527 4968 4749 
9767 2064 4840 2609 
9768 1471 4816 87 
9769 4395 4664 2589 
9770 4041 4789 3919 
9771 317 4858 4078 
9772 4120 4969 2811 
9773 4384 4585 3176 
9774 2872 4979 4663 
9775 4509 4831 2542 
9776 104 4833 295 
9777 2872 4663 4409 
9778 4038 4878 2677 
9779 3277 4940 3276 
9780 3048 4818 4258 
9781 1515 4656 4237 
9782 1189 3746 205 
9783 2848 4881 4173 
9784 2754 4737 4343 
9785 4671 4807 976 
9786 4923 4975 3429 
9787 3939 4934 2675 
9788 3276 4887 3278 
9789 4734 4819 3165 
9790 286 4766 3737 
9791 1514 4942 4065 
9792 4156 4938 2854 
9793 1494 4890 4167 
9794 4412 4717 2588 
9795 4473 4642 1151 
9796 3754 4913 3152 
9797 4331 4889 2958 
9798 4527 4634 3379 
9799 4399 4677 3007 
9800 4464 4925 2842 
9801 1852 4827 4126 
9802 4507 4853 3757 
9803 2745 4837 4171 
9804 4135 4955 3034 
9805 4486 4662 2695 
9806 4572 4869 2585 
9807 2447 4907 4074 
9808 4007 4926 2667 
9809 4583 4867 2782 
9810 2837 4668 4455 
9811 2481 4906 4383 
9812 4418 4904 843 
9813 3276 4940 4887 
9814 4390 4899 2753 
9815 4663 4979 3073 
9816 563 4719 4146 
9817 2707 4939 4510 
9818 4649 4723 3216 
9819 4348 4751 2269 
9820 4066 4877 2461 
9821 3623 4982 4691 
9822 4071 4982 3623 
9823 310 4741 2855 
9824 4510 4939 2958 
9825 2999 4681 4547 
9826 2995 4979 2872 
9827 2580 4778 4390 
9828 4445 4762 2094 
9829 4685 4917 2594 
9830 4213 4797 2907 
9831 1344 4828 136 
9832 202 4123 3845 
9833 2909 4851 4400 
9834 1390 4794 4284 
9835 2570 4768 4498 
9836 4120 4857 2098 
9837 2657 4867 4583 
9838 3867 4967 4336 
9839 4195 4975 2595 
9840 4714 4761 3358 
9841 4346 4861 3241 
9842 2299 4691 4584 
9843 4526 4919 2982 
9844 2630 4602 4352 
9845 4284 4794 3929 
9846 4547 4681 3275 
9847 3897 4697 4506 
9848 4177 4917 443 
9849 4691 4982 4584 
9850 4538 4684 2022 
9851 4506 4697 2991 
9852 4328 4818 3048 
9853 4807 4872 3706 
9854 4500 4949 3587 
9855 4680 4943 1312 
9856 4887 4940 2214 
9857 4335 4968 2527 
9858 843 4187 187 
9859 1274 4929 4265 
9860 4371 4934 1351 
9861 3671 4310 745 
9862 1678 4832 4529 
9863 1915 4855 4307 
9864 3746 3747 956 
9865 3685 4605 3686 
9866 293 4909 4380 
9867 1312 4943 143 
9868 3737 4766 4703 
9869 2898 4706 4540 
9870 4383 4906 3183 
9871 3757 4853 1598 
9872 4753 4939 2707 
9873 3294 4810 4582 
9874 2842 4925 4665 
9875 4576 4718 1371 
9876 3616 4822 4085 
9877 4646 4734 308 
9878 4605 4735 208 
9879 4414 4935 2734 
9880 4596 4707 2622 
9881 4718 4930 1371 
9882 4076 4879 3025 
9883 4819 4951 3166 
9884 2738 4932 4478 
9885 2782 4867 4389 
9886 322 4925 4464 
9887 1288 4899 4390 
9888 2689 4911 4781 
9889 3758 4815 4710 
9890 207 4735 3685 
9891 4756 4829 3871 
9892 3878 4784 4580 
9893 2087 4787 4546 
9894 2734 4935 4462 
9895 4464 4937 322 
9896 2271 4869 4572 
9897 4592 4764 3247 
9898 2624 4871 4738 
9899 777 4900 4449 
9900 4645 4733 2676 
9901 4703 4766 3210 
9902 4517 4848 2558 
9903 2561 4897 4452 
9904 4577 4890 2844 
9905 163 4938 4156 
9906 2050 4903 4201 
9907 4534 4908 3713 
9908 204 3746 956 
9909 2737 4829 4756 
9910 3279 4786 4624 
9911 4587 4848 2131 
9912 191 4894 307 
9913 323 4971 4543 
9914 4665 4925 3315 
9915 4686 4789 4041 
9916 4890 4918 2844 
9917 2091 4556 3806 
9918 4123 4670 3845 
9919 307 4894 4555 
9920 3481 4850 4579 
9921 1494 4918 4890 
9922 2583 4807 4671 
9923 4389 4867 3280 
9924 4584 4982 2880 
9925 1759 4888 4747 
9926 4548 4824 2883 
9927 4710 4815 1376 
9928 4803 4978 2953 
9929 283 4960 3593 
9930 3217 4789 4686 
9931 4654 4856 3242 
9932 4310 4913 745 
9933 4555 4894 2983 
9934 3753 4917 4685 
9935 4721 4863 2938 
9936 295 4833 4775 
9937 4808 4954 3809 
9938 1390 4817 4794 
9939 2720 4954 4808 
9940 3119 4933 4677 
9941 4814 4976 2976 
9942 4775 4833 2740 
9943 2318 4939 4753 
9944 2976 4976 4683 
9945 1909 4976 4814 
9946 3685 4735 4605 
9947 745 4913 3754 
9948 2792 4930 4718 
9949 121 4937 120 
9950 164 4971 163 
9951 77 4556 3 
9952 3806 4556 77 
9953 93 316 92 
9954 93 4585 316 
9955 107 319 106 
9956 107 4647 319 
9957 114 320 113 
9958 114 4613 320 
9959 157 568 156 
9960 157 4501 568 
9961 171 2565 170 
9962 322 4824 4548 
$EndElements
