$MeshFormat
4.1 0 8
$EndMeshFormat
$PhysicalNames
5
1 1 "Gamma1"
1 2 "Gamma2"
1 3 "Gamma3"
1 4 "Gamma4"
2 5 "Omega"
$EndPhysicalNames
$Entities
6 6 1 0
1 0 0 0 0 
2 1 0 0 0 
3 1 -1.5 0 0 
4 4 -1.5 0 0 
5 4 1 0 0 
6 0 1 0 0 
1 0 0 0 1 0 0 1 1 2 1 -2 
2 1 -1.5 0 1 0 0 1 1 2 2 -3 
3 1 -1.5 0 4 -1.5 0 1 1 2 3 -4 
4 4 -1.5 0 4 1 0 1 4 2 4 -5 
5 0 1 0 4 1 0 1 2 2 5 -6 
6 0 0 0 0 1 0 1 3 2 6 -1 
1 0 -1.5 0 4 1 0 1 5 6 1 2 3 4 5 6 
$EndEntities
$Nodes
13 1563 1 1563
0 1 0 1
1
0 0 0
0 2 0 1
2
1 0 0
0 3 0 1
3
1 -1.5 0
0 4 0 1
4
4 -1.5 0
0 5 0 1
5
4 1 0
0 6 0 1
6
0 1 0
1 1 0 5
7
8
9
10
11
0.197391846842619 0 0
0.3947836936850966 0 0
0.592175540528086 0 0
0.7722093544813172 0 0
0.904064039692092 0 0
1 2 0 42
12
13
14
15
16
17
18
19
20
21
22
23
24
25
26
27
28
29
30
31
32
33
34
35
36
37
38
39
40
41
42
43
44
45
46
47
48
49
50
51
52
53
1 -0.04184002556834378 0
1 -0.07634455650080753 0
1 -0.1108276897406753 0
1 -0.1455006977279471 0
1 -0.1799838309678276 0
1 -0.2146568354196156 0
1 -0.249139968659437 0
1 -0.2836231018993114 0
1 -0.3181062351391938 0
1 -0.35260529916913 0
1 -0.3872624570738236 0
1 -0.4217455903137061 0
1 -0.4564186329072644 0
1 -0.4909017661471468 0
1 -0.525574770599273 0
1 -0.5600579038391554 0
1 -0.5945410370790379 0
1 -0.6290241703189206 0
1 -0.6635073035588031 0
1 -0.6981803345980705 0
1 -0.732663467837953 0
1 -0.7673365321565396 0
1 -0.8018196653966774 0
1 -0.8364926964361997 0
1 -0.8709758296763375 0
1 -0.9054589629164751 0
1 -0.9399420961566126 0
1 -0.9744252293967501 0
1 -1.009098233849131 0
1 -1.043581367089269 0
1 -1.078254409683082 0
1 -1.112737542923219 0
1 -1.147394700828121 0
1 -1.18189376485836 0
1 -1.216376898098497 0
1 -1.250860031338635 0
1 -1.285343164578772 0
1 -1.320016169030866 0
1 -1.354499302271004 0
1 -1.389172310258531 0
1 -1.423655443498669 0
1 -1.458159974431414 0
1 3 0 76
54
55
56
57
58
59
60
61
62
63
64
65
66
67
68
69
70
71
72
73
74
75
76
77
78
79
80
81
82
83
84
85
86
87
88
89
90
91
92
93
94
95
96
97
98
99
100
101
102
103
104
105
106
107
108
109
110
111
112
113
114
115
116
117
118
119
120
121
122
123
124
125
126
127
128
129
1.06460027207106 -1.5 0
1.110681173642095 -1.5 0
1.145964741740745 -1.5 0
1.180573353049238 -1.5 0
1.217792112096811 -1.5 0
1.263188341729256 -1.5 0
1.299155445627591 -1.5 0
1.333764056936084 -1.5 0
1.369972028377817 -1.5 0
1.415442836441712 -1.5 0
1.452346645705946 -1.5 0
1.486955257014439 -1.5 0
1.522408516342407 -1.5 0
1.567431819660889 -1.5 0
1.605537241536434 -1.5 0
1.640145852844927 -1.5 0
1.67508958581413 -1.5 0
1.719143450014305 -1.5 0
1.75872826681382 -1.5 0
1.793336878122312 -1.5 0
1.828005003498355 -1.5 0
1.870564727485832 -1.5 0
1.911918064328 -1.5 0
1.946527664714694 -1.5 0
1.981136276023186 -1.5 0
2.021823803579763 -1.5 0
2.064978079288777 -1.5 0
2.099718534014684 -1.5 0
2.134327145323433 -1.5 0
2.173350562606007 -1.5 0
2.217811113805481 -1.5 0
2.252909559284723 -1.5 0
2.287518170593472 -1.5 0
2.325162854769538 -1.5 0
2.370405937083061 -1.5 0
2.406100180467809 -1.5 0
2.440708791776558 -1.5 0
2.47724799064395 -1.5 0
2.522752006365244 -1.5 0
2.559291205744916 -1.5 0
2.593899817053665 -1.5 0
2.629594060059341 -1.5 0
2.67483714209873 -1.5 0
2.712481826928002 -1.5 0
2.74709043823675 -1.5 0
2.782188883465389 -1.5 0
2.826649434114648 -1.5 0
2.865672852198033 -1.5 0
2.900281463506782 -1.5 0
2.935021918104752 -1.5 0
2.97817619298667 -1.5 0
3.018863721498386 -1.5 0
3.053472332807135 -1.5 0
3.08808193318329 -1.5 0
3.129435269025119 -1.5 0
3.171994993938517 -1.5 0
3.20666311940045 -1.5 0
3.241271730709199 -1.5 0
3.280856546654299 -1.5 0
3.32491041150335 -1.5 0
3.35985414467877 -1.5 0
3.394462755987519 -1.5 0
3.432568177158639 -1.5 0
3.47759148085026 -1.5 0
3.513044740510199 -1.5 0
3.547653351818948 -1.5 0
3.58455716052196 -1.5 0
3.630027968683738 -1.5 0
3.666235940589493 -1.5 0
3.700844551898242 -1.5 0
3.736811655371847 -1.5 0
3.782207884828539 -1.5 0
3.819426644477272 -1.5 0
3.85403525578602 -1.5 0
3.889318823589956 -1.5 0
3.935399724048831 -1.5 0
1 4 0 11
130
131
132
133
134
135
136
137
138
139
140
4 -1.296999966647695 0
4 -1.088181787861336 0
4 -0.8793636090755212 0
4 -0.6705454302900895 0
4 -0.4617272515045137 0
4 -0.2529090727181544 0
4 -0.04409089393179544 0
4 0.1647272848545636 0
4 0.373545463640923 0
4 0.582363642427282 0
4 0.791181821213641 0
1 5 0 19
141
142
143
144
145
146
147
148
149
150
151
152
153
154
155
156
157
158
159
3.799999999999167 1 0
3.599999999998334 1 0
3.399999999998611 1 0
3.199999999999998 1 0
3.000000000001386 1 0
2.800000000002774 1 0
2.600000000004162 1 0
2.40000000000555 1 0
2.200000000006938 1 0
2.000000000008239 1 0
1.800000000007492 1 0
1.60000000000666 1 0
1.400000000005827 1 0
1.200000000004995 1 0
1.000000000004163 1 0
0.80000000000333 1 0
0.6000000000024972 1 0
0.4000000000016652 1 0
0.200000000000832 1 0
1 6 0 4
160
161
162
163
0 0.7999999999999996 0
0 0.6000000000013874 0
0 0.400000000001665 0
0 0.2000000000008325 0
2 1 0 1400
164
165
166
167
168
169
170
171
172
173
174
175
176
177
178
179
180
181
182
183
184
185
186
187
188
189
190
191
192
193
194
195
196
197
198
199
200
201
202
203
204
205
206
207
208
209
210
211
212
213
214
215
216
217
218
219
220
221
222
223
224
225
226
227
228
229
230
231
232
233
234
235
236
237
238
239
240
241
242
243
244
245
246
247
248
249
250
251
252
253
254
255
256
257
258
259
260
261
262
263
264
265
266
267
268
269
270
271
272
273
274
275
276
277
278
279
280
281
282
283
284
285
286
287
288
289
290
291
292
293
294
295
296
297
298
299
300
301
302
303
304
305
306
307
308
309
310
311
312
313
314
315
316
317
318
319
320
321
322
323
324
325
326
327
328
329
330
331
332
333
334
335
336
337
338
339
340
341
342
343
344
345
346
347
348
349
350
351
352
353
354
355
356
357
358
359
360
361
362
363
364
365
366
367
368
369
370
371
372
373
374
375
376
377
378
379
380
381
382
383
384
385
386
387
388
389
390
391
392
393
394
395
396
397
398
399
400
401
402
403
404
405
406
407
408
409
410
411
412
413
414
415
416
417
418
419
420
421
422
423
424
425
426
427
428
429
430
431
432
433
434
435
436
437
438
439
440
441
442
443
444
445
446
447
448
449
450
451
452
453
454
455
456
457
458
459
460
461
462
463
464
465
466
467
468
469
470
471
472
473
474
475
476
477
478
479
480
481
482
483
484
485
486
487
488
489
490
491
492
493
494
495
496
497
498
499
500
501
502
503
504
505
506
507
508
509
510
511
512
513
514
515
516
517
518
519
520
521
522
523
524
525
526
527
528
529
530
531
532
533
534
535
536
537
538
539
540
541
542
543
544
545
546
547
548
549
550
551
552
553
554
555
556
557
558
559
560
561
562
563
564
565
566
567
568
569
570
571
572
573
574
575
576
577
578
579
580
581
582
583
584
585
586
587
588
589
590
591
592
593
594
595
596
597
598
599
600
601
602
603
604
605
606
607
608
609
610
611
612
613
614
615
616
617
618
619
620
621
622
623
624
625
626
627
628
629
630
631
632
633
634
635
636
637
638
639
640
641
642
643
644
645
646
647
648
649
650
651
652
653
654
655
656
657
658
659
660
661
662
663
664
665
666
667
668
669
670
671
672
673
674
675
676
677
678
679
680
681
682
683
684
685
686
687
688
689
690
691
692
693
694
695
696
697
698
699
700
701
702
703
704
705
706
707
708
709
710
711
712
713
714
715
716
717
718
719
720
721
722
723
724
725
726
727
728
729
730
731
732
733
734
735
736
737
738
739
740
741
742
743
744
745
746
747
748
749
750
751
752
753
754
755
756
757
758
759
760
761
762
763
764
765
766
767
768
769
770
771
772
773
774
775
776
777
778
779
780
781
782
783
784
785
786
787
788
789
790
791
792
793
794
795
796
797
798
799
800
801
802
803
804
805
806
807
808
809
810
811
812
813
814
815
816
817
818
819
820
821
822
823
824
825
826
827
828
829
830
831
832
833
834
835
836
837
838
839
840
841
842
843
844
845
846
847
848
849
850
851
852
853
854
855
856
857
858
859
860
861
862
863
864
865
866
867
868
869
870
871
872
873
874
875
876
877
878
879
880
881
882
883
884
885
886
887
888
889
890
891
892
893
894
895
896
897
898
899
900
901
902
903
904
905
906
907
908
909
910
911
912
913
914
915
916
917
918
919
920
921
922
923
924
925
926
927
928
929
930
931
932
933
934
935
936
937
938
939
940
941
942
943
944
945
946
947
948
949
950
951
952
953
954
955
956
957
958
959
960
961
962
963
964
965
966
967
968
969
970
971
972
973
974
975
976
977
978
979
980
981
982
983
984
985
986
987
988
989
990
991
992
993
994
995
996
997
998
999
1000
1001
1002
1003
1004
1005
1006
1007
1008
1009
1010
1011
1012
1013
1014
1015
1016
1017
1018
1019
1020
1021
1022
1023
1024
1025
1026
1027
1028
1029
1030
1031
1032
1033
1034
1035
1036
1037
1038
1039
1040
1041
1042
1043
1044
1045
1046
1047
1048
1049
1050
1051
1052
1053
1054
1055
1056
1057
1058
1059
1060
1061
1062
1063
1064
1065
1066
1067
1068
1069
1070
1071
1072
1073
1074
1075
1076
1077
1078
1079
1080
1081
1082
1083
1084
1085
1086
1087
1088
1089
1090
1091
1092
1093
1094
1095
1096
1097
1098
1099
1100
1101
1102
1103
1104
1105
1106
1107
1108
1109
1110
1111
1112
1113
1114
1115
1116
1117
1118
1119
1120
1121
1122
1123
1124
1125
1126
1127
1128
1129
1130
1131
1132
1133
1134
1135
1136
1137
1138
1139
1140
1141
1142
1143
1144
1145
1146
1147
1148
1149
1150
1151
1152
1153
1154
1155
1156
1157
1158
1159
1160
1161
1162
1163
1164
1165
1166
1167
1168
1169
1170
1171
1172
1173
1174
1175
1176
1177
1178
1179
1180
1181
1182
1183
1184
1185
1186
1187
1188
1189
1190
1191
1192
1193
1194
1195
1196
1197
1198
1199
1200
1201
1202
1203
1204
1205
1206
1207
1208
1209
1210
1211
1212
1213
1214
1215
1216
1217
1218
1219
1220
1221
1222
1223
1224
1225
1226
1227
1228
1229
1230
1231
1232
1233
1234
1235
1236
1237
1238
1239
1240
1241
1242
1243
1244
1245
1246
1247
1248
1249
1250
1251
1252
1253
1254
1255
1256
1257
1258
1259
1260
1261
1262
1263
1264
1265
1266
1267
1268
1269
1270
1271
1272
1273
1274
1275
1276
1277
1278
1279
1280
1281
1282
1283
1284
1285
1286
1287
1288
1289
1290
1291
1292
1293
1294
1295
1296
1297
1298
1299
1300
1301
1302
1303
1304
1305
1306
1307
1308
1309
1310
1311
1312
1313
1314
1315
1316
1317
1318
1319
1320
1321
1322
1323
1324
1325
1326
1327
1328
1329
1330
1331
1332
1333
1334
1335
1336
1337
1338
1339
1340
1341
1342
1343
1344
1345
1346
1347
1348
1349
1350
1351
1352
1353
1354
1355
1356
1357
1358
1359
1360
1361
1362
1363
1364
1365
1366
1367
1368
1369
1370
1371
1372
1373
1374
1375
1376
1377
1378
1379
1380
1381
1382
1383
1384
1385
1386
1387
1388
1389
1390
1391
1392
1393
1394
1395
1396
1397
1398
1399
1400
1401
1402
1403
1404
1405
1406
1407
1408
1409
1410
1411
1412
1413
1414
1415
1416
1417
1418
1419
1420
1421
1422
1423
1424
1425
1426
1427
1428
1429
1430
1431
1432
1433
1434
1435
1436
1437
1438
1439
1440
1441
1442
1443
1444
1445
1446
1447
1448
1449
1450
1451
1452
1453
1454
1455
1456
1457
1458
1459
1460
1461
1462
1463
1464
1465
1466
1467
1468
1469
1470
1471
1472
1473
1474
1475
1476
1477
1478
1479
1480
1481
1482
1483
1484
1485
1486
1487
1488
1489
1490
1491
1492
1493
1494
1495
1496
1497
1498
1499
1500
1501
1502
1503
1504
1505
1506
1507
1508
1509
1510
1511
1512
1513
1514
1515
1516
1517
1518
1519
1520
1521
1522
1523
1524
1525
1526
1527
1528
1529
1530
1531
1532
1533
1534
1535
1536
1537
1538
1539
1540
1541
1542
1543
1544
1545
1546
1547
1548
1549
1550
1551
1552
1553
1554
1555
1556
1557
1558
1559
1560
1561
1562
1563
2.235360336545102 -1.469815958999278 0
1.035579831157727 -0.2661439043590292 0
2.499999998504597 -1.468356125325083 0
2.763666983635652 -1.470509173909025 0
1.033738254846966 -0.5101688022215326 0
1.964006056915875 -1.47061343732684 0
2.998993493890421 -1.466736172881396 0
1.034041115645763 -0.7485912645586029 0
1.032248867692409 -0.05901433356697214 0
1.733730249147823 -1.467040646572029 0
3.186671493457964 -1.468258728900861 0
3.377158450333144 -1.470028063416922 0
1.029414529080486 -0.9585902721899471 0
1.544920168001648 -1.468148156704438 0
3.533078506523733 -1.46454881221006 0
1.034482036425723 -1.127379692193837 0
1.391661108064179 -1.468605926932153 0
2.290383182201922 0.8091791889325914 0
3.81220671827239 -0.3447186285141198 0
2.08233438312036 -1.469772511198197 0
3.648131954636614 -1.469335519963513 0
1.239834678756711 -1.47015553329146 0
2.349117629444952 -1.467942775089571 0
2.882977157852406 -1.470028063416922 0
1.028993565604462 -1.276544519117829 0
2.652749002795604 -1.467840421232008 0
1.030831572682872 -0.6430631146495651 0
1.031063895557731 -0.403206393513699 0
1.029863269388043 -0.8537342630562686 0
1.02986326938782 -0.1627422643478874 0
1.850334880552284 -1.467341157356616 0
3.756408802376473 -1.462255292249747 0
1.722771298655607 0.8447506544961293 0
2.90000000000208 0.8267949192443141 0
0.9550136791673955 0.05421401848536626 0
1.027244908646424 0.06555053776323802 0
0.9816435470642149 0.1258142100763451 0
1.063152378040001 0.1299671477529108 0
1.031617972833329 -1.371756716995565 0
1.0189356166882 0.201339331980147 0
1.101185220639205 0.1995685405902228 0
1.14362137053897 0.1278679969449461 0
1.185311739496384 0.1981126219643102 0
1.227122127476174 0.1191483461721968 0
1.271251501101315 0.1960156628840291 0
1.316380598029631 0.1122557375617204 0
1.364771677051708 0.1979472954072344 0
1.409773131551703 0.1099126890115172 0
1.359759771502837 0.02774360623229813 0
1.450431468135939 0.02441379485547509 0
1.400575439006476 -0.05260315122049777 0
1.48922620243561 -0.05836855050116725 0
1.437077729758426 -0.132794982857264 0
1.525835831583865 -0.138486958539534 0
1.477226302730491 -0.2104004758584895 0
1.562224214042054 -0.216306212710918 0
1.512713070769345 -0.283415695144181 0
1.592397436761754 -0.2926629595216257 0
1.548880246633884 -0.3592462106419525 0
1.624716777806826 -0.3663685184549945 0
1.590189027662579 -0.4275920184831179 0
1.661870892082301 -0.4345205500148349 0
1.621070712732267 -0.4960473331113798 0
1.693944296328083 -0.5020876307239185 0
1.737470423442714 -0.4404856501640698 0
1.768984245983614 -0.5093515914379637 0
1.814098615846297 -0.445896383960765 0
1.84769679451743 -0.5127191587847058 0
1.651169359465238 -0.5614201588666861 0
1.893182328089593 -0.4519911361792982 0
1.927888838891206 -0.5200499256244205 0
1.974379445702563 -0.4600933482894763 0
2.009195039945487 -0.5326150906210011 0
2.057874093781499 -0.4662910682106151 0
2.092354426023759 -0.5415191198901129 0
2.143303024882468 -0.4719965946343661 0
2.179565898085342 -0.5505919904996905 0
2.231441056087221 -0.4786808620801418 0
2.271309142402474 -0.5604738616541769 0
1.954771041719515 -0.6052344999874674 0
1.575557111233781 -0.06105292679284747 0
2.324303774695581 -0.4841352362100314 0
2.365133027174861 -0.5699613356788817 0
2.096875969794803 -0.3939547594405656 0
2.21771423742116 -0.6293906383384796 0
2.420503443406284 -0.4901377177992482 0
2.463064806585102 -0.579381411905568 0
2.521340542339598 -0.4968323899072329 0
2.562647640361061 -0.589981834224663 0
2.502508941014224 -0.6674313512683112 0
2.600445328576296 -0.6797779254998997 0
1.579784552058616 -0.5566924391809018 0
1.610986398575982 -0.6182349226058015 0
1.544518184927051 -0.6154468749383613 0
1.572493527252026 -0.6725278625484183 0
2.543162444220687 -0.7537127211490176 0
2.637991974023575 -0.7667876859085114 0
1.510428418930626 -0.6687022403058426 0
1.536449955903495 -0.7236421134540694 0
1.480466618955553 -0.6172645534121984 0
1.477656879759469 -0.7199322695685614 0
1.502981185082868 -0.7728302308049964 0
1.561387005410361 -0.7777467370917208 0
1.528139527354827 -0.8246174882183426 0
1.584990161874105 -0.8300474408655312 0
1.552539960578237 -0.8757316715312947 0
1.60790961516341 -0.8812344193392226 0
1.575980668986105 -0.9257703691934039 0
1.630323847034112 -0.931085462071366 0
1.522144880976105 -0.9209575034142063 0
1.545669483779711 -0.969336585891978 0
1.493349628387113 -0.9654174930583179 0
1.516038186352169 -1.011232997169276 0
1.466017524708213 -1.007610782588863 0
1.487261881300457 -1.051437831370797 0
1.536648250985907 -1.054970542117605 0
1.439094548814388 -1.047299337276006 0
1.418077955242463 -1.004935947214963 0
2.476517754424726 -0.4015067067622971 0
2.586725258203501 -0.4085694915184095 0
2.694382229144038 -0.6930733594272838 0
2.727278094405901 -0.7945923230335432 0
2.581786035894991 -0.8367819152833695 0
1.392256742310655 -1.043802764073464 0
1.412388117974749 -1.085368124942174 0
1.371683565332364 -1.002299616529718 0
1.367657850049011 -1.082156876810108 0
2.536476165051575 -0.3059489237716512 0
2.660888794324415 -0.3145564574733732 0
2.788904021604915 -0.7060228297912882 0
2.826805327763007 -0.7955183091807467 0
1.386404466020118 -1.121870478608296 0
1.343229605837926 -1.118968444662366 0
1.360650326460732 -1.157123785034471 0
1.403210706253323 -1.159741211515805 0
1.318766952668288 -1.154223475370147 0
1.299662556985604 -1.116681953299868 0
2.888017657057271 -0.7151447322326778 0
2.924097442948379 -0.8073291369913133 0
2.865403544316651 -0.8812060914786541 0
2.959514699469072 -0.8922471255994255 0
1.335943112463867 -1.191588908978034 0
3.019598561809708 -0.822134463876171 0
3.050276214487898 -0.9037420268817045 0
1.294955753051438 -1.188811326950084 0
2.901045219374911 -0.9667277881271981 0
2.600100025179549 -0.1962673069775966 0
2.737086999236248 -0.2102989372899529 0
1.662377982237781 -0.8872865192631196 0
1.685303154904407 -0.9370038906592193 0
1.424359818675532 -0.2741928752914708 0
3.11462159696534 -0.8374235048450276 0
3.139778209696369 -0.9390551193547528 0
1.312541236429677 -1.225596646618365 0
1.272458914599743 -1.222849927943678 0
1.466003794257256 0.1939792499286078 0
1.717469992250418 -0.8922110758578513 0
1.740601185270712 -0.9429218897939462 0
2.497309968261492 -0.8301200515478498 0
2.532636647667368 -0.9035971830743332 0
2.453864849195851 -0.8969064905587253 0
2.487049568122992 -0.9663239186233508 0
2.41313549078921 -0.9600325367871402 0
2.443901714098831 -1.024230677488929 0
2.374961274719877 -1.018991290112985 0
2.403885816433883 -1.07895377095895 0
2.338206663415493 -1.073174113871777 0
2.469175840583671 -1.085938612158375 0
2.309015335501421 -1.015064805518282 0
2.274281911748302 -1.069139073175295 0
2.245052072641707 -1.011623661058743 0
2.211221645314647 -1.064655144430204 0
2.182480224149244 -1.008256233082258 0
2.149194403365296 -1.059736075297848 0
2.173857172930263 -1.112154836211479 0
2.117195922767613 -1.108955405106161 0
2.120763021574311 -1.004822786401482 0
2.13868154826294 -1.157264358153826 0
2.086412110857528 -1.156089896636411 0
2.429556813402265 -1.136836574874641 0
2.490925085813177 -1.143860917356606 0
1.773400792166995 -0.8971690333658053 0
1.858453905784364 -0.3788016848452637 0
1.797082813093049 -0.9489383453670073 0
1.763289739516036 -0.9940131462471933 0
1.830389917824002 -0.9022965591940999 0
2.675328348926127 -0.08894761966826126 0
2.536178532342083 -0.07741049178813515 0
2.813719256302277 -0.1025419956837641 0
3.819158152399012 0.2691363742477433 0
1.445940392150744 -0.7680405361918947 0
2.110507408187757 -1.203252653923006 0
2.058404988090972 -1.200002835582479 0
2.166268769893433 -1.201675400099151 0
2.036048209527011 -1.156007665726094 0
2.007389429849801 -1.199230549376622 0
1.664020597806642 -1.471352650739964 0
3.212270375176669 -0.854379997033307 0
3.24450787915189 -0.9496473541285944 0
3.17799874595647 -0.7547145410554883 0
3.186922612287963 -1.027335932618965 0
3.276419693806596 -1.040529572069536 0
1.289719229176004 -1.258823895140063 0
1.32943876866562 -1.262179779315141 0
1.250255756452536 -1.255488853304468 0
1.233089364470734 -1.22039983563288 0
2.45467774734975 -1.191516750765109 0
2.514296241793511 -1.198603110655514 0
2.549550193199927 -1.151535483845672 0
2.572670459698268 -1.205850919479725 0
1.14320605183671 0.2629276633050764 0
2.032619187239187 -1.242756204010095 0
1.981640311139086 -1.239510740504745 0
1.957816808567999 -1.19777314765094 0
1.932966543020387 -1.237432249803741 0
2.619191228358805 0.03270803156642968 0
2.471932475303103 0.04440978853191746 0
3.109170453573541 -1.467189092724018 0
1.909611204077881 -1.195713334831126 0
1.884720588610625 -1.235220207835922 0
3.219773133383491 -1.10756380755066 0
3.30141377272573 -1.122674400483768 0
2.607842194508642 -1.160740162996078 0
2.632005021124082 -1.213605674826812 0
1.165552922169985 -1.470574337403134 0
1.211157324320136 -1.252470982260181 0
2.134389933142949 -1.248404373279621 0
2.181714162032668 -1.253396080042032 0
1.194464937492156 -1.217626008615821 0
2.875499232806631 -0.2266627589905654 0
2.956329471457482 -0.1141875784235401 0
1.861936476885967 -1.194513984565631 0
1.837584230035453 -1.233562172031097 0
1.815245811853364 -1.193469001335454 0
1.791327046976951 -1.232665776048506 0
1.769138118360963 -1.19234819280616 0
1.745378955486751 -1.231375968837642 0
1.316375312432712 -1.46879598058141 0
1.746788136182866 -0.8455908979553566 0
1.41539176085212 0.2895018557645991 0
1.528366943099122 0.2857029124858781 0
1.723256510269016 -1.191197848328301 0
1.699978073114394 -1.230229444496013 0
3.361918513857552 -1.06044211665565 0
3.30755965567794 -0.8740893893218049 0
3.381957587196263 -1.14284780381907 0
0.924488903324814 0.1904248625913602 0
1.342589310966351 -0.1283237400864396 0
2.423493691813447 -1.468586679921491 0
1.72139910933724 -1.269442015825655 0
1.676878502242181 -1.268225294832603 0
1.655380182539326 -1.229563483134857 0
1.632784378178325 -1.267403454447174 0
1.227945868400269 -1.287242723780729 0
1.853996231764372 -0.9551139443324979 0
1.888116009771153 -0.9078284948059495 0
1.809657707807528 -1.272569599423302 0
1.906014035679749 -1.27903218373217 0
1.189991827135002 -1.283968728528261 0
3.455079829004454 -1.468148156865716 0
1.469045606405496 -1.468327707208855 0
2.575863064530536 -1.46316904973221 0
1.611085264444328 -1.229123411800457 0
1.589139812873853 -1.266920748484753 0
2.558454161449256 0.162376437185479 0
2.408712678372343 0.1715394035990708 0
2.154177511397968 -0.9525950882556878 0
2.666714082891535 -1.168456678553035 0
2.691117020253901 -1.221528327983042 0
2.480279361454524 -1.243196212700383 0
2.423746222302794 -1.237997109913356 0
3.304384764457553 -1.466222131831717 0
1.42083856081274 -0.7180108457985198 0
1.39006116496547 -0.7644993129882376 0
1.36652491487269 -0.717323786509382 0
1.336355775625955 -0.7586830917048251 0
1.314837682948219 -0.7150556742277258 0
1.287639143763911 -0.7556764260625537 0
1.266398725143864 -0.7134608621697502 0
1.292314451519662 -0.6728441014555415 0
1.241414738111494 -0.7534176974793964 0
1.261327834656925 -0.7943135251917743 0
1.244629159178628 -0.6716330635007681 0
1.26942622213536 -0.6306462068024369 0
1.222045500968556 -0.6292973806740476 0
1.246697639944703 -0.5881521617747596 0
1.216859555542568 -0.7913132360142751 0
1.236338454735594 -0.8313321148676061 0
3.016344763153063 -0.2427044661983966 0
3.102115182865638 -0.1235957463041931 0
3.039472171521155 0.0135033421054384 0
3.164814099743279 -0.2621494060847359 0
2.154402359240227 -1.292679473428568 0
2.201483764256488 -1.297119465014325 0
1.196939638476927 -0.752282633726612 0
2.004171995240005 -1.280813829364686 0
3.245050326543593 -1.182314070403328 0
3.168830606792509 -1.170085596268925 0
1.30599350824648 -1.294428193421393 0
1.345887657227513 -1.298113214812741 0
2.329611179810034 0.05203029254857987 0
2.265784844520559 0.1752696734530651 0
2.191267593819343 0.05572997769126095 0
2.127709817221517 0.1771848724442978 0
1.03017806171149 -1.029051732843625 0
3.314930686477188 0.7954746497858624 0
1.610248954154071 -1.30433549552568 0
1.567651536268339 -1.303746465036119 0
1.282399123787194 -0.8347071674362059 0
1.256986771919898 -0.8716006776747021 0
1.212447796518215 -0.8674382920766637 0
1.230412849321285 -0.9060732672330167 0
2.156881931930136 -1.46976595923619 0
1.031320809212837 -0.577857668838447 0
1.030174526272134 -1.197750969207336 0
0.5072838862167357 0.8162241089843307 0
1.182023645226245 -0.9022048881392376 0
1.204806506386775 -0.9396185122499217 0
1.028973996421327 -0.335371524975525 0
1.938900172037326 -1.155328538098418 0
1.20606006851541 -1.318098362082645 0
2.595939476050539 -1.262435271827052 0
2.055283918314215 0.0666379184048053 0
1.198856724785614 -0.5863311126912564 0
1.223994430054628 -0.5447530982336521 0
1.273993089811111 -0.5474123724442426 0
1.249524414817207 -0.501509985799214 0
1.302716097968468 -0.5043415623016936 0
1.275842571168355 -0.4569600363559306 0
1.216223850870485 -0.4581308340863129 0
1.247897091149157 -0.4109902944663851 0
2.726142335489666 -1.174617768643129 0
2.747956013464777 -1.228737710019075 0
1.698159060198108 -1.306138468635965 0
2.28057647753531 -0.9586463562721266 0
2.704840226610893 -1.122843490434932 0
1.657447131500137 -0.2296676620593087 0
1.54635794456288 -1.266985071460064 0
1.525414883823808 -1.303446657258636 0
1.170429570749902 -1.314407744946808 0
1.633448112022341 -1.190959321735229 0
2.785322884999337 -1.182040198244101 0
2.80550840355754 -1.245672249878784 0
2.844790941860595 -1.190979780245762 0
2.868389971610881 -1.256179159791426 0
2.905465647385125 -1.199146371439738 0
2.928969321154737 -1.254022290650408 0
3.252782315501838 -0.1359419077139549 0
1.39656252784173 -0.9635927370889588 0
3.83126801447553 -1.467782336405639 0
3.917473834994178 -1.438694435440177 0
2.227692977412706 -1.259056076615231 0
2.247786846503633 -1.302402707883801 0
1.863751798006653 -0.8534187403865645 0
1.92173647215673 -0.856201800587202 0
2.712421989735261 -1.275851353227038 0
3.450498149461603 -1.079705254593872 0
3.470645035592904 -1.182596377236539 0
1.679080945713126 -0.624620024649154 0
2.450180051655353 -1.286144089040681 0
1.169418000488242 -0.8631439688505331 0
1.995532273324069 0.1811160470035247 0
2.063960910228045 0.2941633216439385 0
1.196242898698491 -0.4099399200260961 0
1.223039038323641 -0.36455226599792 0
3.196840474194164 -1.237345013952103 0
3.264601108187705 -1.250076989933646 0
0.8994466272215857 0.8027350393757096 0
2.832072043429005 -1.292246962573864 0
2.277272323291717 -0.3970091726955598 0
1.472298277811655 0.3879795839196592 0
1.595507773434312 0.3854522446047886 0
1.839506813810408 -1.15307866879833 0
1.911531027233665 -0.9613899787306897 0
1.164869384972318 -0.9403188062398593 0
1.182328190046466 -0.9733751216710134 0
1.222328680372628 -0.9765947547689398 0
1.198806659088479 -1.009008963252188 0
1.321648315135279 -1.329239950095147 0
1.362279442231193 -1.334563352284514 0
1.385146764738515 -1.301818851122393 0
1.399081981015022 -1.33836591953503 0
1.154021532078826 -1.27911037360301 0
1.176500096064057 -0.5471216301031122 0
1.171027126821498 -0.6328206284655846 0
1.331051281913381 -0.4602802410233561 0
0.9716553431084096 0.286965820435869 0
0.8656053734884254 0.2809522764034267 0
0.4812983560433642 0.1635538337577045 0
1.159793047362219 -1.005174275166432 0
1.175621831297827 -1.040633919500805 0
1.589372027913204 -1.190706677636975 0
2.487974999931884 0.298990380874837 0
2.647036960595849 0.2878022640976307 0
1.504136558064811 -1.267352673537621 0
2.418352388685725 -0.8267594521025555 0
1.58823223040138 -1.340467316020761 0
1.185188404556854 -1.348454204178068 0
1.15069721132879 -1.344480877675628 0
1.653481765606263 -0.9797555053828717 0
1.221763967851038 -1.351771118457386 0
1.215885479355407 -1.185764668472355 0
1.178985300278431 -1.18427153256624 0
1.173263242135949 0.05447121342598392 0
1.931205823940451 0.07095227779876584 0
1.985181180975005 -0.0355513470801225 0
1.17199447823449 -0.3646388470965814 0
1.197315010718387 -0.3183647545628159 0
2.848755220905823 -0.6196576439034915 0
3.317844633147645 -0.2812287245304528 0
3.409594523318996 -0.1491009764716042 0
3.342287982323003 -0.001374011675206538 0
2.217300470280257 -1.339232205010884 0
2.263821136703068 -1.344567441565776 0
1.747225203234821 -1.151418899875412 0
2.60534542910515 -0.9164342618213071 0
1.512048162223978 -1.095427584234056 0
2.572786848056541 0.4291003913461882 0
1.137270338389258 -1.036642972505293 0
1.317778198583665 -0.6311565232356134 0
2.96617770975832 -1.205320082038537 0
2.988543739537949 -1.262220183931141 0
2.953707729392144 -1.307749242950478 0
3.010287071675072 -1.316243837041694 0
1.089220370405496 -1.465692254040866 0
3.22471302198857 -1.306816649507274 0
3.287330378604084 -1.312649872699964 0
2.293002580812443 -1.308111620663003 0
2.31024559618344 -1.349775951565044 0
1.151406836470677 -1.070321746899432 0
3.550851165383592 -1.097472540665214 0
3.577304746188826 -1.199282350614751 0
1.277919813080239 -0.9114627808364723 0
1.238916875324543 -1.0132666246761 0
1.897387929778775 -0.800008825223693 0
1.960385895385596 -0.8041144622312829 0
1.251685049320526 -0.3180789150254703 0
1.223225644063863 -0.2706727788576868 0
1.162305849955315 -0.2765355769413604 0
1.193424197054913 -0.2246528758418071 0
1.414169424408675 -0.8127007547576596 0
1.618895521797099 -0.78349524892666 0
2.091714775589033 -0.9489520945868952 0
2.126150591903035 -0.8941561450175023 0
1.190068875389455 -1.0816594405628 0
1.611550648880512 -1.151737111771985 0
1.568605525257818 0.1846380407531644 0
1.11521095438409 -1.067502753879009 0
1.293956656836417 0.8308676051081948 0
0.9185977802190276 0.3905576779186 0
0.7882383531359286 0.3851277287688443 0
1.146603864742893 -0.4068726766936349 0
3.82078453462925 -0.7597051099681282 0
1.340148626130482 -1.365546548058198 0
2.060123829649712 -1.001150910972341 0
1.868968285565051 -0.03121408106008093 0
2.241221272690959 -0.07204477217373512 0
3.503436631818608 -0.9766698522597483 0
1.121583524552821 -1.003120635199725 0
2.304260867670177 -1.125876789547536 0
2.735614341766564 0.4148541955626684 0
1.87824226298785 -1.007702292437797 0
3.069967449386936 -0.3667894987170419 0
2.592277778041444 -1.106291676303969 0
1.358143164429077 -0.5081672105396228 0
1.389872714613515 -0.4610143347847466 0
2.811017393089167 -0.9516473524773779 0
2.956059667594438 -0.6312848096647434 0
1.128870304282943 -1.100352329019158 0
3.514942212130294 -1.269987068828935 0
1.200762950366243 -1.381889309993745 0
1.237312083021899 -1.383511811468845 0
0.1709145547411617 0.5032233686290715 0
1.357656758336449 0.3867663169489866 0
1.931230807003749 0.2953846806490619 0
1.998417427913605 0.4172885867972052 0
2.417320324667338 0.4295066858527075 0
3.603075595827781 -1.292577044150333 0
1.533376517634816 0.4976466878964597 0
1.663868483632486 0.4930680163588582 0
1.139617277849738 -0.2253459186427304 0
1.163676328794204 -0.175824930175241 0
2.942700922329875 -1.145602472752826 0
3.158296679374411 -1.289828930362464 0
1.281046092744147 -0.2687449396273872 0
1.922257447529448 -0.1312091841299338 0
2.283873516690093 -1.38493315402068 0
2.820445637479177 -1.133510529299635 0
3.178033261606789 -1.346349522377228 0
2.033087960215512 -0.1381584521671611 0
3.008680457298916 -1.154077628997125 0
2.107884157826814 -1.289420879926375 0
2.127748863441343 -1.330664956147469 0
2.083428473716046 -1.328269676831834 0
2.103010018376211 -1.367091728155559 0
2.062509712873153 -1.364555721343066 0
2.337610538555019 -1.314513094021021 0
2.355829981931247 -1.356175385302155 0
2.324416960765326 -1.264398312252417 0
2.976348503462246 -1.357201236753051 0
3.033640012468109 -1.363610339774187 0
2.923843781058754 -1.350795082764485 0
1.057544373288142 0.01459487798302351 0
1.123994220169375 -0.3660361563999915 0
3.677557167736611 -1.223068878474494 0
1.934543313583209 -1.01406055247443 0
3.508844503629686 -0.0135836616257528 0
3.43343102250134 0.1407076703542577 0
2.499828683938543 -1.292160915410723 0
2.471113067329392 -1.332426365046101 0
2.518349677201709 -1.337552686901382 0
2.145818383398545 -1.370304897774715 0
1.810781052948117 0.07272527414724279 0
1.312071620866824 -0.3213395625914287 0
1.740505643947313 -1.308159671233551 0
1.718343492329943 -1.343309539446145 0
1.758924256606252 -1.344983767979765 0
1.737637474129399 -1.377567403923335 0
1.777352916468685 -1.378878644659683 0
1.698013625181333 -1.377355356184343 0
1.173749845812649 -0.7880566273553755 0
1.154442482821749 -0.7513560249081939 0
1.132492352926884 -0.785163246711774 0
1.114129162017162 -0.7493927816996138 0
1.135176448222397 -0.7161103035527122 0
1.095855204458904 -0.7142499302790344 0
1.093138809929451 -0.7825012715595482 0
1.110458993494233 -0.8172857108502602 0
3.82559008913889 0.6755676699770687 0
2.489679386907365 -1.374719054214343 0
2.535374293401174 -1.37999169172683 0
1.804704432577199 -0.5772015589832511 0
1.15687055026975 -1.214868039524526 0
1.142122120888336 -1.176906381142761 0
1.119287514439206 -1.212351543201162 0
1.103251791553094 -1.18071193623881 0
1.470524363720783 -0.9182862960176875 0
1.48549825806624 -1.304611563365093 0
1.505493905553463 -1.339408691624574 0
1.467196295579211 -1.270614755929909 0
1.483981463922913 -1.231612107962923 0
2.946229184161243 -1.399275804368275 0
3.32718538228037 -1.267160765411105 0
3.342143337463222 -1.32728861773256 0
2.809644827016311 0.2716949885386762 0
2.897440723192421 0.3870827968038989 0
1.116603702142961 -0.6824926332016045 0
2.982829462067979 -1.089665982332487 0
1.79874132682505 -1.346885594797753 0
1.816875536469455 -1.379924689365291 0
1.838247366508935 -1.348686977843763 0
1.856298420648795 -1.383277772448599 0
1.79614300369982 -1.412619349926763 0
2.444858882225295 -1.370986439400373 0
2.029286727658302 -0.9470339920279814 0
1.112085279549423 -0.2672778143287158 0
2.89827268645983 -1.39336303926166 0
3.661693038131166 -1.007000967837327 0
2.563711047548086 -1.343787873219892 0
2.58070374416374 -1.385812025156984 0
2.609012602766041 -1.349960558563983 0
1.877783214383629 -1.350809389420204 0
1.895977701454632 -1.384088558467909 0
1.917450006816342 -1.352558730353709 0
1.935854397262979 -1.387844887399183 0
1.913291315749529 -1.42031128891392 0
1.957246574920266 -1.354850775378389 0
1.975775160941185 -1.390268300596771 0
1.220583783724512 -0.1720350679490187 0
1.188735288733433 -0.1255407613520457 0
1.131632150684715 -0.1273748457982026 0
2.674264137261256 0.5839776646624451 0
2.721005326953161 -0.4359391960082549 0
1.341673990204958 -0.9628679303422034 0
1.374427282450272 -0.922559377918611 0
1.325958404269612 -0.9992512281092963 0
3.475045837055142 -0.2963276264220205 0
3.381822950017126 -0.4275094710328674 0
1.935610054204673 -0.745491015187322 0
2.003723470327843 -0.7517290378280848 0
1.868119693259056 -0.7400387643189301 0
1.417682669522857 -0.5121693512398729 0
1.450763663584654 -0.4600272005929213 0
1.973278821127119 -0.2273833339371205 0
3.045642167316045 -1.273577092152935 0
1.70096136336194 -1.150870472899999 0
1.724865899025337 -1.111342381523321 0
1.678141393454366 -1.110290517781971 0
1.704373866105408 -1.071756760256381 0
1.652566605665777 -1.065832775836992 0
1.093660010581192 -1.097920252955772 0
2.624730938552053 -1.391549678522503 0
2.65414990948671 -1.355854621389734 0
2.67278497902467 -1.403239938057642 0
2.699867845430317 -1.363090409864889 0
3.538190869179296 -0.444597188482408 0
3.44110425649236 -0.5679239053698754 0
1.394624595946949 -0.6684606342321532 0
1.813752432077897 -0.125358777976841 0
1.092293350046021 -0.2279990893130909 0
1.157800063545649 -0.07572050000679223 0
1.217343236725572 -0.07963024490326877 0
1.200253768220008 -1.152295052635171 0
0.849415005528811 0.5110411194356319 0
0.9961704591813542 0.5274941355155788 0
0.7013278481556124 0.5105254325214258 0
1.439567129546678 -1.238250098274267 0
2.912439823928749 -0.5294540236481515 0
3.303646341294347 -1.361066559974158 0
1.633041809208186 -1.341037930846646 0
1.610356624102725 -1.376077339087702 0
1.568237283990174 -1.375260788192659 0
1.588197874175897 -1.409730337109149 0
1.900521452335876 -1.058458624529775 0
1.846877625273309 -1.054634189802607 0
1.955859704946735 -1.064988642376711 0
2.718591605458869 -1.404527083177315 0
2.745028916642019 -1.368486477895373 0
3.539656393797329 -1.349329983927372 0
3.268367781638262 0.1534176290957195 0
3.357329166045257 0.2986259188248502 0
3.700009534791897 -1.333896407723001 0
3.122369546427955 -1.336352093181944 0
3.05689916397451 -1.094618862834519 0
3.141645727246118 -1.387738421922859 0
1.629557975007499 -1.410069230380975 0
2.191202619128675 -0.8980345006554529 0
2.163210967974151 -0.8375003693403547 0
2.231226319085609 -0.8404072372677802 0
2.204074609624925 -0.7728086583590612 0
2.274989347957109 -0.7817010495731997 0
3.467390175296525 -1.331213975898331 0
1.102386006698432 -0.4063863175432508 0
1.12254563068787 -0.4439635680679294 0
1.080620927153552 -0.4437313735165587 0
1.098495191122134 -0.4797189424704079 0
3.358290553498018 -1.388788785515956 0
3.293725150870986 -0.5511606691153406 0
1.462678174064214 -1.196775868121355 0
1.504670973895172 -1.194422798175127 0
1.381017960189888 -0.5673424164479447 0
1.258590856824877 -1.354844840540061 0
1.279716445858453 -1.386756129550453 0
1.033638247832126 -1.437545438501106 0
1.772901728376475 -1.111184151778515 0
2.121100736172558 -1.404884282008513 0
2.419641924887616 -0.2994764026274517 0
1.237998189204145 -1.152264243349327 0
1.409301859529633 -0.400195992395818 0
2.023490598794912 -0.826703244889902 0
2.073703470846238 -0.7598894252279611 0
2.047404375988489 -0.6817143257116237 0
2.139109892825396 0.4187177298555845 0
2.071892516348884 0.5479783226966849 0
1.900780592106629 0.5544540720200657 0
1.568001827548096 -1.152703163710608 0
1.590271954185599 -1.107812176009742 0
2.462905636949859 -1.41131344952177 0
2.423885749170017 -1.406532874203143 0
2.161701035888317 -1.40626029907137 0
1.99645588702747 0.6908976079966751 0
1.078831194375531 -1.064282277254437 0
3.602128414908135 -0.8828615098637648 0
3.190400338468136 -1.393321374530573 0
1.546863888169089 -1.40767594455549 0
2.916823591879574 -1.084755931931825 0
3.192047470662631 0.3157137619265571 0
3.276895172478206 0.4580388989824185 0
3.466021921169167 0.4653648623350072 0
1.138878180054794 -0.4805856042385043 0
1.115095217665744 -0.5149651163891542 0
3.586960814620661 -0.5926213830839171 0
2.079459406575301 -0.2329105200909332 0
3.434301499524885 -1.27078632029088 0
1.716079827517352 -1.409354019648898 0
1.215105035163581 -1.412379486205744 0
1.180005698800397 -1.412074133683431 0
1.262786911070945 -0.9804185657295003 0
1.480023450316603 -0.5088319013023882 0
1.994360429116883 -1.356172298698907 0
1.073702941183874 -0.8142040865251834 0
1.09021094837691 -0.8479567924354392 0
1.084363600728513 -1.210816806174994 0
1.099232085242848 -1.242291093348141 0
2.298094868826094 -0.8523221737276293 0
1.080741649266344 -0.6772036967123581 0
1.102246168913472 -0.6482972315222603 0
1.465227840486718 -1.340234238786884 0
1.483280118925437 -1.374144453486678 0
1.446559765110807 -1.373884437525706 0
1.465578185122718 -1.407096357254839 0
1.428493091134904 -1.405384172316946 0
1.724768125979363 0.3932289230278044 0
1.083151979112745 -0.374868109289597 0
1.608260800147242 -1.440173682310917 0
1.859692274976327 -1.315210736082228 0
0.7294013435362885 0.2587519952068076 0
2.380692210147124 -1.321828560119233 0
2.112018765403848 -0.7051336333062771 0
2.762400327252067 -1.41066961769725 0
2.79018418158316 -1.374559542815839 0
2.80911583984654 -1.41536668255887 0
2.775035938305507 -1.332594413220601 0
1.599714941157801 0.6126625378239079 0
1.45868671304278 0.6060302658107358 0
1.483028334606884 -1.161651541761968 0
1.15628887382631 -0.6823347488268983 0
3.488981089558729 -1.396433190190745 0
3.350668281179234 -0.6726410311740447 0
3.027912440007183 -0.5443131794606055 0
2.012928114714181 -1.393454033750025 0
1.993053375694643 -1.423648300690429 0
2.029048562482689 -1.431478754570011 0
2.210530354559362 0.5455310606087169 0
2.637163351872773 -1.312621015405727 0
1.098940912733049 -0.3307208275121088 0
3.784207553187657 -1.260275700077998 0
2.049635018132225 -1.331823426326433 0
2.876620944808867 -1.348477172189788 0
1.676179379762573 -1.409637674133454 0
1.103903754905705 -0.08001661782121106 0
1.124690284821492 -0.0409435470676513 0
3.025951212739656 -1.029868442369966 0
1.908296070639662 -0.6800222495143534 0
1.838272181173997 -0.6808803288634215 0
1.800073705185665 -0.7345571734411953 0
1.769020506465163 -0.6794642251079808 0
1.725882864912945 -0.7447854462099492 0
1.217426586792964 -1.117315885622538 0
1.347723815468802 -0.2692026979398797 0
1.696548623508635 -1.444315121745555 0
1.317824031969921 -0.04235112793338778 0
2.549865400491512 -1.425820872224434 0
0.8753364043705849 0.09487920023080096 0
1.312055598851461 -0.2100309039525952 0
0.7698465147034405 0.647221422027966 0
1.108474019957127 -1.130057466892312 0
1.145397337849351 -1.135593337549968 0
1.422460383552913 -1.305964322582579 0
1.056389175027087 -0.7069000564391655 0
2.310184303404323 -1.465768008927 0
2.331386958580857 -1.435098270566944 0
2.371996943895216 -1.436573784915251 0
1.063445015137425 -1.181565472236019 0
2.962135567076778 0.2433029642394554 0
1.057833405771713 -1.094767575962003 0
3.634956938129053 0.1564323828694827 0
3.678569609116517 -0.04990383804913585 0
1.325569088257436 -0.9175885349048924 0
1.355020930716872 -0.8808551388631245 0
1.400244707761116 -0.8818703210660122 0
1.889962561018803 -1.469837126785735 0
1.871434070031208 -1.436372605574256 0
3.089481281691701 -1.378895652405915 0
3.749958181210687 -1.125147563598747 0
1.744327804848856 0.6087624061352902 0
2.865887784622571 0.1263941090934905 0
2.691240044386742 -1.469562408900411 0
1.390172096075177 -0.2041576126643564 0
1.075509942712948 -0.5131099650796586 0
1.092739846862428 -0.5482670417233461 0
1.865800613485434 -0.6233617576854895 0
1.938240903153287 -1.318442198592571 0
1.066889899361187 -1.239094267897856 0
1.081656652279476 -1.266976800493043 0
1.264775480127671 0.02853685971412102 0
1.517699471080426 0.731006578347313 0
1.812535598904265 -1.469467764351595 0
3.082070139836163 -1.168282537233239 0
1.407862320111924 -1.269026609677795 0
1.395455561243418 -1.230634364173213 0
3.085655158374037 -0.6596116481365356 0
3.106984483071437 0.4737139170465224 0
3.423680242736117 -1.382492427849749 0
2.290266757802155 -1.428946686983324 0
1.826466392134887 -1.4393196715094 0
1.284596525267674 -1.016221346451931 0
1.256104499637601 -1.049020937313228 0
1.29126235928203 -1.052020384683425 0
3.794324732737612 -1.363012392935632 0
1.074761790474149 -0.120199152379744 0
2.140153105577695 -0.1505943338785573 0
2.1861618565125 -0.2492530264819023 0
3.194711234825193 0.6302936045009471 0
3.619831761907808 -1.369854948415782 0
1.103958842301003 -0.1757648559019805 0
2.959654748219724 -1.467165354672191 0
2.980497293611296 -1.432099746662142 0
3.021542483917377 -1.433390846993224 0
1.127664951823932 -0.8530025586906274 0
1.105012779364412 -0.882561193971662 0
1.063162357884889 -0.8762642673151709 0
1.0827882695995 -0.9121202486546363 0
1.052535641711386 -0.9088169089339866 0
1.119418891496414 -0.9156428468800966 0
1.09433575817955 -0.9447843079863928 0
1.989428891847439 -1.025627225552302 0
2.011628384104212 -1.074460529405445 0
2.198131298289515 -1.469468219492382 0
2.215838549653649 -1.440542679639194 0
3.465980580102221 -0.8601796815909605 0
1.505635004468472 -1.406421193569467 0
3.019308310532342 0.6478984975901768 0
1.193687175969889 -1.444018302409049 0
1.654134822727628 -1.376001452228159 0
3.262674527662428 -1.463936889625644 0
3.285100673011706 -1.430199237319186 0
3.243983095450835 -1.428263941172987 0
3.488851799895928 -0.7100584507856962 0
2.386108418981547 -0.07090570868709499 0
2.332283978095692 -0.1791097617969782 0
2.778021310191079 -0.8760187807517889 0
2.735687066792002 -0.9487384998046295 0
2.768437440772622 -1.015254011936524 0
2.695689323844088 -1.015933759015786 0
3.841246088241976 -0.5561577900969152 0
2.187616567389086 -1.373337563524372 0
1.126798746399089 -1.467405988397733 0
1.108556219574004 -1.435358984325686 0
1.071489773801771 -1.433195320981326 0
1.090519792617111 -1.403396374485814 0
1.124440829729222 -1.404214261462166 0
1.106676740062067 -1.37197277750556 0
1.074011817048292 -1.372006027329113 0
1.091291259382277 -1.34110388769285 0
1.057669916273211 -1.340678212250195 0
2.837962113513032 -1.020035838258 0
1.055976149111527 -0.7813396549425093 0
2.018830207656198 -0.3235641600304758 0
1.86876996042541 -1.103745300426418 0
3.068692017921117 -1.32784123255521 0
3.210680975831066 -0.4170971930720191 0
3.130591221035838 -1.230298683270528 0
1.092610047078932 0.8310615105533122 0
1.178025752037147 0.69898380110637 0
3.224493320489552 -1.362922994900451 0
1.776032572468066 -1.470028063417144 0
1.76050989375743 -1.439195034036884 0
2.914626340990573 -1.435079482572057 0
2.365556066913995 -1.13027610040477 0
2.327150367972422 -1.17674458232577 0
2.271596138689805 -1.173211653254834 0
2.233018126090887 -1.124667461288916 0
2.386530533099358 -1.190315959908497 0
2.216053339907159 -1.180839158710375 0
2.372687184116216 -1.245116956712242 0
1.150365222195586 -1.433979241244895 0
1.152763664611593 -0.5862065967680109 0
0.6070084662895017 0.6546399925223436 0
0.5347098562584413 0.4736744250904185 0
0.4350285876649528 0.6369163306275522 0
0.3061604564573732 0.7972827859954734 0
2.506357896692262 -1.412558755372817 0
2.037207967492309 -0.603540419190461 0
2.324809207542162 -1.391099017378119 0
2.256102066819388 -1.412006017052731 0
3.136531715828188 -1.099338000794964 0
1.866194554378359 -0.2182504537305083 0
1.760295721820643 -0.2162315186736666 0
1.711518720363958 -0.1314645948236313 0
1.72626846357407 -0.3005882852503542 0
1.819498778071076 -0.3004847389647033 0
3.562739796980532 -1.417564330724185 0
1.074614530708415 -0.7457941057532235 0
1.054088611450596 -1.404052292528587 0
1.278195063300172 -1.467381213212693 0
1.299937364101228 -1.436902634878152 0
1.336172826324272 -1.438698052516157 0
1.262306590644098 -1.440606053784761 0
1.320340701986223 -1.406423684825974 0
1.356274552967445 -1.405524769214307 0
1.376584251933826 -1.369876562477297 0
2.045344930714456 -1.467340600346576 0
1.306348279150471 -0.8766696438773705 0
1.329440560582937 -0.8380418819792071 0
1.97590426788888 -1.115316582530038 0
2.803857103879159 -1.470765087364819 0
1.054807211177261 -0.5453941368271423 0
1.070116081620503 -0.5798600045390533 0
1.058920798795287 -0.4773534994759185 0
1.050141808726512 -0.6111125594949122 0
1.037310149648006 -0.4408809426066655 0
2.404786612823744 -0.655341048211927 0
2.308089592294428 -0.6428445304453783 0
2.34958828199144 -0.7287609191856339 0
2.273054190918363 -1.465747455375741 0
2.558688569601445 -0.9742589846902102 0
3.326647695006162 -1.433866172796324 0
2.438596058352229 -0.7416356023783992 0
2.596340408795857 -1.426991273275705 0
0.6972642490728483 0.8201367604850583 0
3.682113960570028 -1.403454100873674 0
2.083047832093377 -1.402397902757611 0
2.534974187048711 -1.250441536318563 0
1.076554984777884 -1.310874643472313 0
1.111905839402279 -1.312219011155389 0
1.042178246545198 -1.309528423850952 0
1.956371667872214 -1.419237507044534 0
1.430932647322403 -1.4688331812484 0
1.546769256472962 -0.4895180256352168 0
2.513458534471129 -1.031564221729832 0
1.381167399378306 -0.3278025370541058 0
1.339886756206744 -0.3746708014584237 0
1.526138200305465 -1.37373267798878 0
2.84771339573679 -1.392747507153087 0
2.845511505608404 -1.433058139003289 0
1.192254393796292 -0.8269879928276719 0
1.927703099631886 -1.470189267099312 0
2.654984907588461 -0.8577814726424641 0
2.092780103663022 -1.05456462253412 0
2.93465698084478 -0.3430689753484451 0
1.821849320817779 -1.001434225175774 0
1.788324444579739 -1.055398399589101 0
3.166901695247028 -1.432183385429475 0
1.86962244340461 0.178861630876789 0
1.747835269294109 0.1728307130505609 0
1.694425185144274 0.06117161975810955 0
3.072144394452857 -1.467476720425357 0
3.088003787968052 -1.427565927722003 0
1.47226652976251 -0.8185194759504759 0
1.034664986822702 -0.8164111364327993 0
1.116141855926733 -1.276957353246314 0
2.08454006320274 -1.245424574793755 0
1.766961237740674 -1.271389975887051 0
1.045927169184338 -1.062779261896091 0
3.835248072242132 -0.9803370583186737 0
2.398394420386503 -1.370850441618775 0
1.180106031953157 -1.12344148267349 0
1.295798404012452 -0.9496228214294263 0
1.654586701673169 -1.305349739298483 0
1.22001971945376 -0.7122209826867457 0
2.800401491425792 -0.5251854310425428 0
1.350085964789762 -1.039919755127295 0
1.031305695849003 -1.473491539917776 0
1.761151795718883 -0.03426541743677073 0
1.599285190460929 -0.9743698291129175 0
1.623594590720262 -1.029393364673508 0
1.484501259905793 -0.4062757250300651 0
1.460630669512618 -1.087676281161337 0
1.710631011239322 -0.986351194739759 0
2.001103511634585 -1.462465871450881 0
2.461134761831392 -1.468017160055902 0
3.15653109782845 -0.5486982512850693 0
1.506153217203589 -1.467667540101033 0
1.498753920136718 -0.8701869769846625 0
1.072774026019658 -0.2681216486826411 0
1.914571479291435 0.8443376938894216 0
2.368511450121173 -0.8853123108707328 0
1.145582559734471 -0.3270602859016821 0
1.100304269768475 -1.033746030519358 0
1.084180093725984 -1.004034561011292 0
1.173687152503999 -1.248818761748136 0
1.026729767029043 0.6791415039616254 0
1.143579254074929 -0.9737683421259146 0
3.822713135528224 0.4754971769419705 0
3.645522133811392 0.5745993922596054 0
3.667433360326006 0.8030500844540845 0
3.487277642080086 0.679967233892115 0
3.649323956969161 0.3717167319006994 0
1.569578259528504 -1.017697243272989 0
3.607954297107243 -1.466291495549118 0
1.07268970795476 -1.125763040859467 0
2.12395175476607 -0.628199716958474 0
2.537453437808193 -1.466842604013724 0
1.722741994801789 -0.5666136297875116 0
0.3020985262914878 0.1674892789365052 0
0.4046551698800765 0.3185075302717833 0
2.49122973933784 0.8320348746397488 0
2.41160943455241 0.6828739005901939 0
2.694637135237508 0.7980913997508795 0
1.635954474785042 -0.6776863964389848 0
1.131713933536746 -0.6213111805344596 0
1.266078241146595 -1.290522461627888 0
1.110492331078805 -0.5835279599123158 0
1.164005445483389 -1.378643583445556 0
2.296869099046445 -1.220798928899702 0
3.104825038639698 0.8167436118535499 0
1.832900682477061 -0.794033128454988 0
1.057194551079263 -0.9379477920304344 0
2.092070484910368 0.8371002845341733 0
3.414236072829654 -1.467903995466938 0
3.395432799639516 -1.429602834303487 0
2.255975447039441 -0.7068356146124044 0
1.299145343367537 -1.356756738051014 0
2.614609346198925 -1.465390345596226 0
1.567660242699437 -1.229233420571026 0
1.042083970250663 0.3868292492068848 0
1.14785300994853 0.4740668799329397 0
2.898798982506091 -1.299706772896871 0
1.430957985576242 -1.122957750698401 0
3.567196622590483 -1.469680927696673 0
2.63908470130883 -1.432017591964488 0
1.280722251442833 -0.1516625812973945 0
3.631298471900163 -0.3182530520136978 0
1.855920743066874 0.4073043425671565 0
1.198724812131877 -0.5079499029045731 0
1.591114001311388 -1.062192756354813 0
2.053257530550633 -1.29035421690456 0
1.02780486723872 -0.6822113979896844 0
1.028894238330968 -0.9916864231951545 0
1.352958368494257 -1.228344093285862 0
2.387520046487329 -1.468570095727867 0
1.059814252890389 -0.1975188363179858 0
3.494994856441286 -1.46840597611404 0
1.323826323265661 -0.5522245043695657 0
1.451450706962633 -0.6678609778361929 0
1.419694565399682 -0.6165674562870955 0
1.447106614824626 -0.5649670024431621 0
2.46502204676611 -0.1850863781433297 0
2.848957519136374 0.6477389390761168 0
2.060507286601872 -1.104437161824477 0
1.029867868211019 -1.16464423284324 0
1.277631654858007 -1.152578861868633 0
2.117022839669059 -1.470028063416922 0
2.100411405461977 -1.437871522741423 0
1.028122177162232 -0.3690766866703503 0
3.342403068265172 -1.469943325279585 0
1.032790169922747 -0.1322403285126586 0
1.198895512994595 -0.6731930849580271 0
2.919731342394638 -1.469169977079155 0
2.367494306540443 -1.395852000963271 0
2.342187076612066 0.29780391994922 0
1.547319000726154 -1.339484996503811 0
1.677071717752241 -1.341722180684372 0
1.443763296766267 -0.9652256495692695 0
2.825773677104876 -1.336355929206674 0
3.318481620231851 -1.195583785677129 0
1.781025113579133 -1.311345879477952 0
1.136540115076893 -1.245732860778548 0
2.17239506800099 -1.333889760150055 0
2.229152253981907 -1.38179226343049 0
2.062051056702102 -0.8920694965769695 0
1.999983386972606 -0.9002992556948779 0
1.214883266944229 -1.045751956580001 0
1.030933846440735 -0.2272810423037288 0
1.029863269387816 -0.3008646685192528 0
1.060337223268054 -0.3181041237227483 0
1.640858055149737 -0.836065096374665 0
1.675808635025626 -0.791586373586473 0
2.546830899356884 -1.300402787837983 0
1.912413603542869 -0.3063711762160529 0
0.7390365091755148 0.1162207519305378 0
2.799678867767879 -0.330392568375944 0
1.958016127036939 -1.278350965631145 0
1.151006423057038 -0.8222733508810403 0
1.505735889261896 0.1030785509517643 0
1.242864948198003 -1.321633761576336 0
1.678319886909229 -1.190702058486868 0
1.5255877345056 -1.230310540583005 0
3.638030548614581 -0.7362121169898356 0
1.255858565582689 -1.117102398787672 0
1.231009002565941 -1.081276354393012 0
3.100202434231368 -1.281522219005546 0
1.169609933743638 -0.4471688100251404 0
1.033408338863431 -0.09582892266994425 0
1.065899197423141 -1.03305890909023 0
3.027789531176706 -1.215785467810529 0
2.29706905358156 -0.289216193139658 0
3.836847945694406 -0.1340750976688991 0
1.975390279427986 -0.9643801182128372 0
1.255336559256579 -1.187111477369493 0
1.033656692301472 -1.236682347149412 0
0.1994127172651772 0.3174138440820134 0
1.5950826085342 -0.7301252505321538 0
1.369458240080208 -1.265019485397858 0
3.403537511437701 -1.325711154478152 0
2.708656101891263 0.1494034738999987 0
1.793047682960546 -1.153109267156205 0
2.659809836882582 -0.6036603787636046 0
3.223967425054806 -1.470028063416922 0
1.889531129392136 -1.151501356427373 0
1.249008860707387 -0.9439651170412128 0
1.095023169432723 0.06810508613806637 0
1.085656617069545 -0.6139401581092411 0
2.101478113501518 -0.04275078195594811 0
1.857217661284694 -1.27298111204562 0
1.460153942482082 -0.3418548392595988 0
1.614900966295263 -0.1406823462382263 0
2.217023807768247 -0.9555362582154071 0
2.343734124580241 -0.9586183755159308 0
2.661079007523374 -1.266167620248794 0
1.032510154100169 -0.02564613628077655 0
1.353204516928643 -1.469482037027856 0
2.097317865038894 -0.8315743596956491 0
2.739577711682096 -1.440560240982211 0
3.036729220158888 -1.467278421492331 0
1.176386399428883 -0.7173545689156591 0
1.540255701913387 0.01857898072547377 0
2.990809039356162 -0.7308807958185661 0
2.578678806126727 -1.042504911138896 0
0.5697197868666676 0.3143497877151246 0
1.899836087001867 -1.323210647636176 0
1.820208807748197 -1.314360251147313 0
1.820967435596318 -1.108660514740815 0
2.201191063373447 0.2955881926239098 0
1.764677789280312 -0.7877641386956805 0
1.655808435857825 -1.151834916703746 0
2.624673539825242 -0.5081144130880577 0
1.375597070830262 -0.8408781195149841 0
2.76425837076845 -1.279835034993368 0
1.421663420098473 -0.9236017558059039 0
2.424693027212172 -1.328384960159889 0
1.66096045015919 0.2654419165053164 0
1.658257495546386 -0.7349998975539747 0
2.273813304918888 -1.263238106590391 0
1.977928172388178 -1.319296151651162 0
1.975357294858243 -0.6908444751298342 0
1.919274041397317 -1.107043467566014 0
3.710198416211686 -1.455909942666113 0
3.740341474811459 -1.408077663250059 0
1.341513384523192 -0.6744618385709744 0
3.333991692765242 -0.971649987139972 0
1.566498845914591 -1.438778940588292 0
1.281616373844506 -1.324841377073602 0
1.805991862141791 -0.8513107969067757 0
2.672030271389142 -1.442431292295487 0
1.546669335708991 -1.192366983743987 0
1.364527493906168 -0.6256761269117523 0
3.104694638694496 -1.028141268263479 0
1.780350341788765 -0.3762143019064647 0
1.294551368401787 -0.5900155717871581 0
2.682060590730558 -1.316647159585691 0
1.74011486172586 -1.038167492600201 0
1.140918801124937 -0.8863186090251066 0
1.650946099534922 -1.438247940495875 0
1.798389639817982 0.2855087011127815 0
3.567987233527302 -0.1665321882949164 0
1.694052275047019 -0.8436039075114744 0
2.729778941935352 -1.32275080813116 0
3.185233497473092 0.01330819723064763 0
2.064514919650548 -1.434662426763522 0
2.590531475518865 -1.313841501370927 0
3.829965777403288 0.07102524191896231 0
2.530766584174369 -1.094466087813648 0
2.63760712072226 -1.05745568899895 0
1.064983596529286 -0.9739614937514054 0
1.371937750547398 -1.438466610881947 0
1.312226967398936 0.2908116427995153 0
1.242197536508404 0.3778879095383141 0
1.290981383324439 0.485004126171801 0
3.148246649539032 -1.467321667967268 0
1.680793783510482 -1.028542848914952 0
1.944620546326338 -0.9072123710951004 0
1.27576397405018 -0.3647174258307324 0
1.378536609815388 -1.194061016884223 0
2.762079310331383 -1.127221785746759 0
1.41284462412314 0.4894127835000313 0
1.308352973494062 -0.7970355475680311 0
1.446908258427848 -0.8630094267759684 0
1.69718791088277 -0.3713852856438745 0
1.067169955978516 -0.6433020729938047 0
2.880327915367462 -1.139804666085053 0
3.631116847272587 -1.427243883809566 0
2.183991685348802 -0.3955150302915634 0
2.151012360926204 0.6781872163863524 0
2.95463959039451 -1.024803969750797 0
3.051701649246307 -1.403264324659442 0
1.513487927762459 -0.5639464498888648 0
1.585915070408581 -1.469885865264572 0
1.520299450790982 -1.147173937637607 0
1.634865219084057 -1.111366770640201 0
2.84667770431417 -1.466385336628112 0
2.177722565718502 -1.439065777539917 0
1.133438371084502 -0.5492969044379148 0
3.691636553017713 -0.4734702242039623 0
1.625804277046458 -1.469943356468554 0
2.40296989085447 -1.278704582457113 0
1.487054022262025 -1.437387727718074 0
1.320117689745253 -1.074681969555181 0
1.064895564081278 -0.4100509089923068 0
1.420212839765336 -1.197001548146508 0
3.378256591366368 -1.226831997342868 0
1.251842927980288 -0.2162998579209816 0
1.410873541221774 -1.437918612902451 0
1.550304417689589 -1.116773204277553 0
2.369218045714581 -0.3935802382057076 0
1.600472019603813 0.09044741942484058 0
2.442011052408604 -1.438547407721768 0
0.1526470958092028 0.6912912528209404 0
1.024122273743789 -0.196436561871409 0
3.678375518898299 -1.472536886185258 0
3.439385132507593 -1.425318424037839 0
2.24637347216158 -1.217654676552244 0
1.667465098214005 -0.05145194466542356 0
1.024845229814001 -1.333193081867234 0
2.796843479826173 -1.073981797465196 0
1.186332653731883 -0.01854698625902802 0
3.106375550988658 0.1738398778760823 0
1.525619054073292 -1.436949542797515 0
3.206597026426682 -1.433361376092332 0
3.22303852798588 -0.6541102139572286 0
3.077736620492343 -0.7609529907463577 0
1.073038538817165 -0.04038689339109204 0
2.139140085806758 -1.437979317335722 0
1.026091313097783 -1.091193656449044 0
2.750469159435477 -0.6130604516547555 0
1.700211316655036 -0.6814436203732437 0
3.002125486356469 -1.397597398187135 0
2.406705875384326 -1.438516640940129 0
1.023647031582314 -0.7137093042846953 0
2.199847226884153 -1.408086407539565 0
1.448662848911553 -1.437491293108261 0
1.028182137090936 -0.8869766526368392 0
2.255507231022695 -0.9021899899846362 0
1.228961400449844 0.2689314152709099 0
2.994101106221678 -0.9631407424935208 0
2.623716545115864 -0.9918403924595209 0
1.946283817610512 -0.3866926424969118 0
1.392563614793196 -1.404316281487951 0
2.138620381972607 -0.765402389616996 0
1.143265276179214 0.3504839415381065 0
1.303777483085086 -0.4140614926052723 0
2.762644451210393 0.01896625883561132 0
1.352955402547455 -0.8007911930336208 0
1.025669861948193 -0.4736601995272058 0
1.272651544727942 -1.082851594410782 0
2.727361470535335 -1.470856382250225 0
1.697537934588567 -1.476532972879021 0
3.488133542115828 0.852240561130566 0
1.443675309945458 -1.161537936107681 0
1.756673808827491 -1.406096928993038 0
3.514342770221146 0.2817786261550744 0
3.275357690680321 -0.765975100226544 0
1.066824401694007 0.2788925034687206 0
3.793851946766541 -1.435466736236347 0
3.848379471035678 -1.415689640696707 0
1.98745046513393 -1.157518419328219 0
1.334632696112226 0.688742491088103 0
1.024936450315999 -0.7830996506974257 0
1.201494383272374 -1.473331623515362 0
2.498757968834322 0.5611521640900503 0
1.058571659235636 -0.8427094898961484 0
3.511295181106326 -1.437129155576073 0
2.314919293792236 -0.9081934137694219 0
1.023973255047413 -0.5438106564651102 0
1.086264204669473 -1.153840280098245 0
2.557219929509285 0.6918667377673622 0
0.3475628701720923 0.4779785237366764 0
2.276980872472528 0.4226888917766328 0
1.155950614626913 -0.5134016575911425 0
1.087286820216145 -0.2976167677514945 0
1.794337492192894 -1.446125976648357 0
1.412575804095029 -1.372743790533299 0
3.380500564618043 -0.7903742319177722 0
1.74698159131546 -0.6272570295496496 0
2.483373711191312 -1.439797887748911 0
2.018848706909115 -0.406119195693609 0
0.6223263072299843 0.1705752737220349 0
2.783185582377338 -1.440896693724016 0
1.058050871991892 -1.461984910688215 0
1.023693280179707 -1.405572850791378 0
2.858049705732703 -0.435475739042937 0
3.882922238437139 -1.178749648350453 0
3.878974169029555 -1.324098500357808 0
3.263354123981447 -1.388667780933326 0
1.731738100177066 -1.435011109443262 0
2.363213847699211 -1.28379796792115 0
2.740057443250998 -1.074872152958029 0
2.983600840893692 -0.4486255824767341 0
1.104891609535721 -0.9762275088300389 0
1.0559257146789 -1.15061963224818 0
2.127138900646934 -0.3114199552624428 0
1.834280354621766 0.7054966905040878 0
2.046902404030428 -1.399113268967314 0
0.8297917770021918 0.1838875117475203 0
1.135575961048197 -0.6534512845101615 0
2.346459624707272 -0.803741160804005 0
3.646300099667888 -1.127362159948624 0
1.226171229314384 -1.442437880934719 0
2.905701072922199 0.01130661313780403 0
1.055974395773031 -1.004459591016578 0
1.026709373288296 -0.9273389254565942 0
3.127609286188113 -1.431132905388531 0
3.411928486825782 -0.9989845054182513 0
0.1485665155193842 0.848694083766669 0
2.650139151663551 -1.114367886366217 0
1.499711047058119 -0.4561907472434876 0
2.178333306701203 -0.6935625942008753 0
1.055123132069367 -0.3524349464477833 0
0.9083216747328469 0.6335266440633023 0
1.055705946760146 -1.213181972533123 0
1.119796621270425 -1.156409339293988 0
2.218751474104162 -0.3268987622239793 0
2.203591619760422 -1.219703304509928 0
2.251000432914984 -1.44257504658998 0
3.076048870180395 -1.231927160213331 0
2.711069095403098 -0.535355143508266 0
1.140683534304536 -1.308214602627547 0
1.432991032217803 -1.341538262060469 0
0.1471873953537371 0.1478591060045116 0
1.746116159962564 -1.077569837149503 0
3.347879652164358 0.6020701105673086 0
1.479033476523901 -1.12377272101212 0
1.440351002702376 0.8612332838926706 0
2.947587899919425 -1.434166204951944 0
1.276552824835302 -0.09402205279955912 0
1.169372911837857 -1.154501557313526 0
3.84794369425873 0.8457328895823877 0
1.2787705931265 -1.417156738829539 0
1.777933149926842 0.491363552021835 0
2.882231651262873 -1.437548011428166 0
1.120928258729931 -1.338872654444533 0
3.717820251935363 -0.8736553426718794 0
3.054872528775473 -1.437425556731436 0
1.615635023221852 0.01153862969003057 0
1.656182658532012 0.1552413267855532 0
2.029476582894047 -1.359848279360747 0
2.018228237216195 -1.116826805171758 0
1.87447316983147 -1.405831181759544 0
1.021462242976401 -0.6116100470499783 0
1.128009767980033 -0.9443937056484195 0
1.300495376836559 -0.9821346514837966 0
2.856579635459444 -1.081364156875971 0
2.703597680412809 -1.438529557610548 0
1.060691827429067 -0.2389063758725834 0
2.669730620757195 -0.9386973433667296 0
1.137061232225034 -1.371891136921683 0
3.377084864414509 -1.283555771051113 0
3.477142866558079 -1.438836876773824 0
1.838876787127534 -1.408285584610373 0
2.239377853291681 -0.1880436174941662 0
1.15351496272652 -1.404208681033063 0
1.805291432625449 -0.6366518767119009 0
2.044931118964455 -1.044089601187272 0
1.053105098813791 -0.6677774523587567 0
1.342040539798682 0.5666903577261276 0
1.233698201734993 0.585865872538416 0
1.249896996188153 -1.413808016795677 0
1.721441940089754 -0.8026661527917867 0
1.23678747709233 -0.1245781416602574 0
3.717461362677439 -0.6295278977513731 0
2.516548372735993 -1.443440332771144 0
1.052471349596671 -0.3819274089827473 0
3.094068398179999 -0.4688013961733619 0
1.061007743484194 -1.288947894428787 0
3.06296027636802 -0.9727895198726846 0
1.973047150454292 -1.444400609983961 0
1.940639391981783 -1.445377663852075 0
2.826503184766914 0.5135959374947854 0
3.111685701568184 -1.405894858204324 0
1.360820326264535 -0.4221632566848836 0
0.6663376168904603 0.3887677575066528 0
0.2824627129689565 0.6213384523619429 0
1.313168095114363 -1.378721316352989 0
1.315787233228786 -1.031800183685063 0
1.158866815258376 -1.100044688657295 0
1.670632337056599 0.7148744165502285 0
2.014408751944479 -1.31860380461565 0
1.453080214190534 -1.309248253818819 0
1.882629603121784 -0.5626327903676865 0
1.908606087682642 -1.448417590445059 0
1.063472258150572 -0.07908918396579269 0
1.558439807770721 -1.084160431634019 0
1.11425554975842 0.5955667644950343 0
2.996153302419315 0.1257055428995882 0
2.348334407983148 0.5501973391314826 0
3.359986513348403 -1.438445836262455 0
1.05586642587975 -0.2904531648404529 0
1.108697436025945 0.01358526164319824 0
1.094964209130099 -1.292251248572951 0
1.255016468147192 -0.03877948686412738 0
2.340064712984876 -1.219131717385248 0
1.147438471482252 -0.9166034564011135 0
3.05342036070043 0.3501685232785613 0
1.58595125263442 0.8417393531480082 0
2.897314394605 -1.029792818088822 0
3.546986939169937 -0.7963684864036225 0
1.062252690286703 -0.1605860437589565 0
2.183353609673398 -1.154306838808658 0
2.282373948044609 0.6531937411298675 0
1.174500922763074 -0.4809788355835654 0
3.698563968839394 -0.1949515265232862 0
1.336340268869434 -0.5932830285504069 0
3.668981451414306 -1.44333689572735 0
1.054440910606158 -1.261649165817385 0
1.018860116482558 -1.060937639554561 0
1.120584456482974 -0.3016203397471189 0
1.620852276460264 -1.080693125736771 0
2.863399121472104 -1.312995916958046 0
2.227450236246211 -1.41204695173692 0
1.97096610239589 -0.8531745785390469 0
1.017605243232266 -1.30267966680482 0
2.964768607801429 0.5056252690677805 0
3.868095079976272 -1.464433282508505 0
1.438033268596252 -1.278620808056674 0
2.819443122382491 -1.444263134107159 0
3.400566268634639 -0.9119912746080848 0
2.018227148804793 -0.9902995486618035 0
2.713140399946928 -0.883165683919831 0
3.226605003070457 -1.398286061872024 0
1.534010167546668 -0.4277645454067679 0
3.308108702362227 -1.401786433019272 0
2.003685170014639 -0.6453334300048466 0
1.409229865356975 -0.8496146555286561 0
2.795390114398702 -1.300869989535495 0
2.393018976062743 -1.410414821277582 0
3.2607074372716 -1.346424771603035 0
2.685666653218358 -1.077094595554783 0
1.656100044919887 -0.3111548846610509 0
2.388249088434166 -0.7752242836176484 0
$EndNodes
$Elements
7 3124 1 3124
1 1 1 6
1 1 7 
2 7 8 
3 8 9 
4 9 10 
5 10 11 
6 11 2 
1 2 1 43
7 2 12 
8 12 13 
9 13 14 
10 14 15 
11 15 16 
12 16 17 
13 17 18 
14 18 19 
15 19 20 
16 20 21 
17 21 22 
18 22 23 
19 23 24 
20 24 25 
21 25 26 
22 26 27 
23 27 28 
24 28 29 
25 29 30 
26 30 31 
27 31 32 
28 32 33 
29 33 34 
30 34 35 
31 35 36 
32 36 37 
33 37 38 
34 38 39 
35 39 40 
36 40 41 
37 41 42 
38 42 43 
39 43 44 
40 44 45 
41 45 46 
42 46 47 
43 47 48 
44 48 49 
45 49 50 
46 50 51 
47 51 52 
48 52 53 
49 53 3 
1 3 1 77
50 3 54 
51 54 55 
52 55 56 
53 56 57 
54 57 58 
55 58 59 
56 59 60 
57 60 61 
58 61 62 
59 62 63 
60 63 64 
61 64 65 
62 65 66 
63 66 67 
64 67 68 
65 68 69 
66 69 70 
67 70 71 
68 71 72 
69 72 73 
70 73 74 
71 74 75 
72 75 76 
73 76 77 
74 77 78 
75 78 79 
76 79 80 
77 80 81 
78 81 82 
79 82 83 
80 83 84 
81 84 85 
82 85 86 
83 86 87 
84 87 88 
85 88 89 
86 89 90 
87 90 91 
88 91 92 
89 92 93 
90 93 94 
91 94 95 
92 95 96 
93 96 97 
94 97 98 
95 98 99 
96 99 100 
97 100 101 
98 101 102 
99 102 103 
100 103 104 
101 104 105 
102 105 106 
103 106 107 
104 107 108 
105 108 109 
106 109 110 
107 110 111 
108 111 112 
109 112 113 
110 113 114 
111 114 115 
112 115 116 
113 116 117 
114 117 118 
115 118 119 
116 119 120 
117 120 121 
118 121 122 
119 122 123 
120 123 124 
121 124 125 
122 125 126 
123 126 127 
124 127 128 
125 128 129 
126 129 4 
1 4 1 12
127 4 130 
128 130 131 
129 131 132 
130 132 133 
131 133 134 
132 134 135 
133 135 136 
134 136 137 
135 137 138 
136 138 139 
137 139 140 
138 140 5 
1 5 1 20
139 5 141 
140 141 142 
141 142 143 
142 143 144 
143 144 145 
144 145 146 
145 146 147 
146 147 148 
147 148 149 
148 149 150 
149 150 151 
150 151 152 
151 152 153 
152 153 154 
153 154 155 
154 155 156 
155 156 157 
156 157 158 
157 158 159 
158 159 6 
1 6 1 5
159 6 160 
160 160 161 
161 161 162 
162 162 163 
163 163 1 
2 1 2 2961
164 353 1122 910 
165 735 1173 1133 
166 1111 1430 848 
167 859 1255 421 
168 1130 1401 1226 
169 567 929 207 
170 871 1396 1026 
171 346 1204 1025 
172 521 1335 837 
173 1350 1522 885 
174 1299 1423 959 
175 559 1430 1111 
176 883 968 789 
177 967 1010 388 
178 567 1350 929 
179 459 1161 375 
180 580 1456 1323 
181 577 1194 650 
182 1065 1066 812 
183 259 1052 322 
184 1025 1204 1021 
185 171 1027 903 
186 808 1257 1076 
187 840 1010 967 
188 896 1127 425 
189 870 1182 548 
190 878 1244 485 
191 1048 1146 794 
192 425 1053 896 
193 810 1172 974 
194 1069 1464 1068 
195 421 1239 859 
196 1133 1400 735 
197 459 1511 1161 
198 1047 1146 1048 
199 974 1221 810 
200 1022 1023 500 
201 793 1441 1373 
202 887 1270 243 
203 1323 1338 580 
204 815 1126 1017 
205 173 1419 894 
206 700 1312 1264 
207 789 968 774 
208 983 1028 807 
209 168 1041 923 
210 1142 1299 959 
211 1226 1401 636 
212 142 1120 141 
213 1026 1154 1124 
214 789 1288 883 
215 548 1429 870 
216 938 1018 650 
217 858 1329 1288 
218 410 897 200 
219 78 1104 169 
220 862 1126 815 
221 894 1381 173 
222 216 922 218 
223 179 1125 909 
224 937 1229 800 
225 991 1027 171 
226 409 1335 521 
227 218 922 314 
228 650 1194 1019 
229 1068 1464 720 
230 774 968 773 
231 894 1288 360 
232 567 1522 1350 
233 500 1024 1022 
234 243 925 887 
235 1092 1475 737 
236 1076 1257 778 
237 891 1267 1202 
238 207 929 209 
239 918 1089 721 
240 800 1145 937 
241 666 1236 199 
242 24 1045 23 
243 620 1238 945 
244 898 922 411 
245 1373 1441 862 
246 608 1091 892 
247 1196 1223 718 
248 1239 1256 859 
249 420 1256 1239 
250 905 1184 1018 
251 905 1018 938 
252 1124 1316 1026 
253 987 989 202 
254 411 922 216 
255 1120 1461 141 
256 322 1052 559 
257 199 1236 201 
258 314 922 893 
259 130 1417 514 
260 906 1184 905 
261 10 1205 9 
262 813 1196 1195 
263 761 1281 1274 
264 871 1026 782 
265 910 1296 353 
266 513 1388 125 
267 23 1045 191 
268 1264 1312 914 
269 944 1218 1181 
270 461 1020 932 
271 806 1462 1033 
272 1161 1511 881 
273 1196 1306 1223 
274 411 1156 898 
275 363 1354 935 
276 192 1084 35 
277 220 1240 222 
278 912 1037 596 
279 1270 1556 243 
280 524 1208 953 
281 737 1475 739 
282 644 949 763 
283 222 1240 1101 
284 1033 1034 617 
285 918 1416 1089 
286 485 1295 878 
287 893 1065 314 
288 865 1068 864 
289 338 1006 335 
290 1302 1303 1151 
291 1066 1504 812 
292 370 1007 434 
293 596 1092 912 
294 202 1028 987 
295 633 782 641 
296 1332 1379 300 
297 1033 1507 806 
298 892 1215 608 
299 192 1366 955 
300 1103 1305 1286 
301 923 1043 168 
302 2 198 11 
303 1122 1385 910 
304 469 1140 947 
305 1202 1492 891 
306 59 185 58 
307 903 1488 1162 
308 932 996 461 
309 903 1363 171 
310 1023 1241 500 
311 951 1361 705 
312 1288 1329 360 
313 531 1054 899 
314 466 1238 620 
315 795 871 782 
316 1095 1415 736 
317 63 180 62 
318 253 1052 259 
319 968 1187 773 
320 1383 1456 1153 
321 664 1320 917 
322 343 1007 370 
323 178 1154 1026 
324 1119 1121 832 
325 917 994 664 
326 1259 1278 1141 
327 800 1229 707 
328 1012 1054 479 
329 88 186 87 
330 926 1207 421 
331 360 1381 894 
332 909 1358 179 
333 947 1455 469 
334 1114 1423 1299 
335 485 1244 387 
336 812 1240 1065 
337 907 1175 478 
338 824 1143 1110 
339 375 1161 1086 
340 732 1336 1156 
341 1070 1208 524 
342 402 1278 1259 
343 1166 1343 1198 
344 125 1388 195 
345 955 1395 192 
346 310 1172 291 
347 1350 1524 929 
348 1034 1035 617 
349 869 1456 1383 
350 1221 1484 946 
351 159 1015 158 
352 645 949 644 
353 35 1084 34 
354 55 588 54 
355 899 1443 531 
356 626 995 455 
357 473 1037 472 
358 37 1435 1366 
359 1028 1414 807 
360 92 166 91 
361 136 1296 1222 
362 1286 1305 752 
363 1079 1289 1266 
364 1368 1374 374 
365 633 795 782 
366 997 998 612 
367 1151 1374 1302 
368 975 976 630 
369 576 1193 980 
370 1222 1296 911 
371 912 1092 737 
372 876 1104 1036 
373 770 934 933 
374 1198 1478 1166 
375 79 1104 78 
376 1076 1454 808 
377 67 177 66 
378 521 837 633 
379 932 1020 787 
380 1274 1281 583 
381 705 1361 663 
382 942 1379 1332 
383 641 948 785 
384 944 1515 1218 
385 576 1194 577 
386 521 633 595 
387 1200 1442 879 
388 469 1455 1121 
389 650 1019 938 
390 736 1415 1206 
391 303 975 630 
392 935 1355 363 
393 248 1146 1047 
394 1007 1009 434 
395 596 1037 473 
396 858 1288 789 
397 2 199 198 
398 338 1532 1006 
399 524 1287 480 
400 96 189 95 
401 1337 1365 855 
402 437 1377 604 
403 1156 1336 898 
404 533 1339 1221 
405 55 981 588 
406 916 1483 939 
407 947 1140 966 
408 1137 1237 1135 
409 966 1140 197 
410 849 1488 903 
411 1110 1143 150 
412 291 1172 810 
413 1287 1526 480 
414 1068 1189 864 
415 133 979 616 
416 1164 1228 934 
417 995 1106 801 
418 543 1035 545 
419 477 1042 1041 
420 823 1357 1326 
421 773 1187 1093 
422 795 937 871 
423 623 1004 1003 
424 1472 1483 916 
425 335 1006 333 
426 916 1514 729 
427 930 1457 1391 
428 1221 1339 810 
429 729 1472 916 
430 1135 1237 850 
431 75 194 74 
432 84 962 83 
433 1139 1346 1268 
434 1072 1552 285 
435 168 1398 1041 
436 915 916 194 
437 1024 1283 1025 
438 832 1122 1119 
439 240 1126 248 
440 83 962 476 
441 209 929 212 
442 1024 1313 1283 
443 104 950 103 
444 1326 1357 476 
445 879 1442 857 
446 1055 1273 785 
447 798 1045 1043 
448 1045 1333 191 
449 719 1540 602 
450 548 1182 448 
451 1062 1365 1337 
452 1039 1271 483 
453 388 981 56 
454 785 1273 943 
455 782 948 641 
456 425 1148 1053 
457 962 1326 476 
458 934 1228 933 
459 800 1520 1145 
460 828 1067 965 
461 798 1043 799 
462 1470 1511 843 
463 1130 1226 1129 
464 1057 1203 485 
465 1026 1396 178 
466 716 1405 939 
467 617 1507 1033 
468 930 1391 868 
469 455 995 573 
470 316 1282 364 
471 899 1054 1012 
472 1205 1411 9 
473 1366 1435 957 
474 982 1010 985 
475 690 1027 991 
476 1276 1352 177 
477 1253 1297 627 
478 154 997 612 
479 1104 1500 169 
480 1323 1456 869 
481 664 994 587 
482 633 641 595 
483 901 1445 697 
484 694 1016 896 
485 1021 1204 747 
486 1063 1321 255 
487 587 994 748 
488 623 1003 330 
489 883 1288 894 
490 852 1067 702 
491 1170 1171 804 
492 285 1552 975 
493 457 1193 576 
494 542 1147 617 
495 348 1076 1075 
496 1279 1477 757 
497 667 1112 879 
498 2 666 199 
499 762 1098 1023 
500 949 1166 763 
501 891 1360 1267 
502 842 1321 1063 
503 813 1544 1196 
504 904 1049 86 
505 1133 1173 197 
506 1268 1346 515 
507 1064 1297 1253 
508 672 1057 433 
509 380 973 351 
510 477 1044 1042 
511 779 1271 1039 
512 75 915 194 
513 1030 1032 1029 
514 401 1029 60 
515 56 981 55 
516 529 996 647 
517 617 1035 543 
518 100 1040 99 
519 965 1067 852 
520 331 1064 327 
521 523 1330 1265 
522 697 1460 901 
523 980 1194 576 
524 619 1098 762 
525 248 1047 242 
526 462 1277 542 
527 433 1057 371 
528 757 1477 780 
529 478 1444 907 
530 1023 1347 1241 
531 375 1086 356 
532 974 1484 1221 
533 884 944 734 
534 933 1548 770 
535 734 949 645 
536 1060 1498 188 
537 1092 1235 841 
538 536 1234 993 
539 87 904 86 
540 644 719 602 
541 421 1207 378 
542 604 1377 1262 
543 529 589 530 
544 188 1545 1060 
545 1108 1312 700 
546 596 1235 1092 
547 1203 1295 485 
548 294 975 303 
549 782 1026 948 
550 384 460 385 
551 976 977 630 
552 804 1281 1170 
553 828 1352 1276 
554 279 1160 1123 
555 881 1511 1470 
556 647 652 589 
557 364 384 365 
558 1332 1508 942 
559 461 529 460 
560 1147 1507 617 
561 1195 1247 813 
562 197 1173 966 
563 865 1069 1068 
564 76 915 75 
565 424 1062 64 
566 185 1432 1393 
567 661 1090 861 
568 590 772 707 
569 875 1104 876 
570 1006 1532 1008 
571 192 1395 1084 
572 158 1015 479 
573 786 788 652 
574 870 1250 1182 
575 621 1550 1437 
576 1293 1351 454 
577 508 1542 1152 
578 421 1255 926 
579 602 1540 1112 
580 1089 1416 131 
581 64 1062 63 
582 644 763 719 
583 86 1049 85 
584 981 1010 982 
585 60 1029 59 
586 292 1206 311 
587 667 796 615 
588 939 1405 931 
589 1089 1466 721 
590 687 1027 690 
591 1056 1178 809 
592 570 1112 667 
593 974 1172 973 
594 1003 1007 343 
595 1265 1330 861 
596 604 1312 1083 
597 1087 1191 420 
598 546 1192 1085 
599 531 1116 997 
600 487 1011 548 
601 649 1021 747 
602 1182 1250 1094 
603 121 1124 120 
604 989 1348 202 
605 85 1049 164 
606 1432 1491 839 
607 194 931 74 
608 736 1206 292 
609 474 1070 524 
610 799 1043 923 
611 428 1230 557 
612 269 1108 273 
613 716 1384 1001 
614 973 1172 351 
615 778 1257 993 
616 667 857 796 
617 677 1066 1065 
618 935 1354 1106 
619 214 411 216 
620 586 663 587 
621 273 1108 700 
622 950 1183 103 
623 1096 1508 1332 
624 327 1064 325 
625 1214 1215 892 
626 919 1463 818 
627 532 1542 508 
628 753 1305 1100 
629 1234 1271 993 
630 1302 1374 1368 
631 229 1128 695 
632 741 801 760 
633 479 1014 1012 
634 987 1028 984 
635 1115 1192 546 
636 91 1105 90 
637 570 615 527 
638 112 969 111 
639 665 705 663 
640 212 929 895 
641 1170 1281 761 
642 72 173 71 
643 1046 1052 253 
644 316 364 362 
645 801 872 760 
646 984 1028 983 
647 316 1499 1282 
648 570 667 615 
649 589 590 530 
650 1067 1186 702 
651 1032 1491 1432 
652 953 1287 524 
653 772 800 707 
654 931 1000 73 
655 76 1071 915 
656 250 1046 253 
657 196 1510 1426 
658 1103 1286 348 
659 276 1123 274 
660 911 1296 910 
661 729 1061 728 
662 678 1087 413 
663 945 1484 620 
664 1374 1387 374 
665 529 530 460 
666 720 1002 705 
667 461 996 529 
668 384 461 460 
669 303 309 304 
670 542 1277 1147 
671 788 827 652 
672 917 1320 1082 
673 113 435 112 
674 93 1127 92 
675 88 1165 186 
676 939 1483 716 
677 665 1152 882 
678 1020 1282 787 
679 944 949 734 
680 1100 1305 563 
681 451 1070 474 
682 180 1246 62 
683 72 1000 173 
684 604 1083 354 
685 388 1010 981 
686 938 1448 1049 
687 529 647 589 
688 351 1172 310 
689 838 1419 1384 
690 531 1443 1116 
691 66 1107 65 
692 1036 1294 876 
693 976 978 977 
694 647 786 652 
695 1126 1441 248 
696 80 1036 79 
697 762 1022 1021 
698 796 798 797 
699 452 1074 626 
700 623 1005 1004 
701 619 762 649 
702 762 1021 649 
703 913 1038 1037 
704 322 323 286 
705 510 586 585 
706 619 649 569 
707 279 1123 276 
708 568 619 569 
709 1011 1135 548 
710 379 1230 428 
711 1037 1038 472 
712 948 1055 785 
713 117 423 116 
714 413 1087 400 
715 1085 1451 546 
716 201 1236 205 
717 1059 1451 1085 
718 218 314 220 
719 786 917 788 
720 630 990 309 
721 247 1425 992 
722 1051 1520 800 
723 90 1105 412 
724 384 385 365 
725 314 1240 220 
726 182 979 134 
727 179 1424 1125 
728 568 569 486 
729 169 1071 77 
730 1047 1048 1046 
731 1162 1363 903 
732 783 1351 1293 
733 573 995 741 
734 586 1152 665 
735 444 1094 458 
736 1214 1379 1215 
737 212 895 214 
738 133 616 132 
739 995 1497 1106 
740 185 1393 58 
741 663 664 587 
742 466 620 464 
743 324 325 323 
744 857 1333 796 
745 242 1047 246 
746 260 1072 285 
747 1024 1025 1022 
748 1004 1007 1003 
749 618 1073 340 
750 294 303 302 
751 95 1148 94 
752 303 630 309 
753 773 1093 470 
754 755 1155 757 
755 721 1431 918 
756 330 1003 329 
757 348 1075 347 
758 1266 1469 1079 
759 788 1077 827 
760 818 1426 919 
761 1191 1256 420 
762 531 997 155 
763 530 1190 460 
764 401 1030 1029 
765 586 665 663 
766 246 1047 1046 
767 729 1501 1061 
768 506 532 508 
769 74 931 73 
770 1075 1076 778 
771 259 286 260 
772 1099 1100 563 
773 996 1216 647 
774 693 1016 694 
775 488 1159 547 
776 798 1333 1045 
777 547 1011 487 
778 658 1056 809 
779 850 1314 849 
780 1121 1455 832 
781 326 327 325 
782 253 259 254 
783 59 1029 185 
784 434 523 433 
785 259 322 286 
786 322 324 323 
787 586 587 585 
788 1079 1080 676 
789 706 1190 530 
790 925 1513 695 
791 214 895 411 
792 152 196 151 
793 187 1464 1325 
794 479 1054 157 
795 717 821 693 
796 328 329 327 
797 1008 1532 357 
798 77 1071 76 
799 167 1412 1248 
800 285 975 294 
801 763 1109 719 
802 329 343 331 
803 1080 1347 1098 
804 194 939 931 
805 665 720 705 
806 971 1233 969 
807 739 1096 289 
808 343 370 344 
809 432 519 496 
810 855 1406 1372 
811 673 693 674 
812 370 433 371 
813 272 1099 563 
814 354 1083 265 
815 1146 1441 793 
816 1298 1370 1253 
817 1143 1318 181 
818 523 673 672 
819 205 567 207 
820 1022 1025 1021 
821 616 1089 132 
822 390 1086 655 
823 979 1494 616 
824 65 1107 424 
825 288 1102 280 
826 563 1103 313 
827 364 1020 384 
828 442 1094 444 
829 1207 1269 459 
830 519 1292 1263 
831 1019 1448 938 
832 864 1189 866 
833 356 1086 355 
834 181 1132 1131 
835 487 548 448 
836 747 992 836 
837 11 897 10 
838 1011 1137 1135 
839 364 365 362 
840 625 1075 778 
841 373 485 387 
842 371 1057 373 
843 993 1257 536 
844 694 896 723 
845 649 747 653 
846 171 1392 991 
847 255 257 256 
848 923 1041 924 
849 677 1065 893 
850 723 1053 755 
851 324 326 325 
852 977 990 630 
853 339 341 338 
854 324 1111 326 
855 508 1152 510 
856 154 612 153 
857 333 623 330 
858 279 1516 1160 
859 620 974 973 
860 464 973 380 
861 1241 1347 244 
862 263 1170 1169 
863 390 456 391 
864 257 261 258 
865 355 390 357 
866 965 1352 828 
867 342 355 341 
868 243 1513 925 
869 1088 1219 468 
870 1244 1285 519 
871 525 568 486 
872 337 338 335 
873 357 1447 1008 
874 325 1064 1050 
875 196 1426 1110 
876 527 1217 493 
877 467 486 466 
878 436 437 354 
879 173 1381 71 
880 1111 1243 326 
881 611 1113 825 
882 333 1006 623 
883 1130 1254 1013 
884 250 253 252 
885 186 1165 906 
886 376 459 375 
887 677 1307 1066 
888 950 1458 1183 
889 1026 1316 948 
890 261 264 262 
891 978 1561 1421 
892 323 1050 579 
893 146 1133 197 
894 388 1393 967 
895 425 1127 93 
896 1100 1541 753 
897 156 531 155 
898 799 923 834 
899 263 1321 1171 
900 692 1119 1118 
901 796 797 615 
902 326 328 327 
903 465 466 464 
904 255 256 232 
905 702 1186 502 
906 604 1557 1312 
907 657 658 656 
908 329 1003 343 
909 717 822 821 
910 373 1057 485 
911 264 354 265 
912 370 434 433 
913 659 1056 658 
914 303 304 302 
915 67 1322 177 
916 156 1054 531 
917 438 439 437 
918 359 375 356 
919 849 903 689 
920 1308 1334 298 
921 577 650 592 
922 673 717 693 
923 422 1115 546 
924 470 1093 416 
925 457 576 516 
926 997 1116 998 
927 891 1492 1259 
928 226 255 232 
929 1119 1122 1118 
930 328 330 329 
931 246 1046 250 
932 700 1188 275 
933 807 1413 983 
934 978 1421 977 
935 458 684 450 
936 337 339 338 
937 1001 1405 716 
938 442 444 441 
939 1263 1558 506 
940 602 1112 571 
941 440 441 439 
942 135 182 134 
943 1174 1487 961 
944 370 371 344 
945 693 694 674 
946 343 344 331 
947 348 1286 1076 
948 174 1353 1077 
949 896 1053 723 
950 821 1016 693 
951 489 1168 491 
952 329 331 327 
953 24 1378 1045 
954 896 1495 1127 
955 655 656 456 
956 938 1049 904 
957 687 690 686 
958 1176 1214 811 
959 729 1514 1501 
960 212 214 213 
961 592 1018 661 
962 652 999 589 
963 263 1169 261 
964 673 674 672 
965 685 686 684 
966 259 260 254 
967 444 450 445 
968 1080 1098 676 
969 1266 1289 856 
970 811 1214 892 
971 778 993 777 
972 393 1074 452 
973 216 218 217 
974 483 1271 1234 
975 603 644 602 
976 695 1486 925 
977 1263 1292 866 
978 676 1098 619 
979 741 995 801 
980 190 1314 1044 
981 71 1381 70 
982 479 1015 1014 
983 274 1123 1099 
984 440 442 441 
985 741 760 759 
986 257 258 256 
987 978 1370 1298 
988 359 376 375 
989 657 659 658 
990 257 263 261 
991 436 438 437 
992 523 672 433 
993 261 262 258 
994 267 1108 269 
995 214 216 215 
996 9 552 8 
997 186 904 87 
998 355 1086 390 
999 238 1126 240 
1000 937 1345 871 
1001 240 248 242 
1002 218 220 219 
1003 1114 1219 1113 
1004 438 440 439 
1005 731 875 874 
1006 390 655 456 
1007 265 1083 267 
1008 63 1062 180 
1009 598 1141 517 
1010 339 342 341 
1011 946 1446 1221 
1012 446 1094 442 
1013 1078 1079 676 
1014 159 1438 1015 
1015 132 1089 131 
1016 220 222 221 
1017 280 1102 278 
1018 679 681 680 
1019 458 685 684 
1020 196 1110 151 
1021 523 1265 673 
1022 456 457 391 
1023 685 687 686 
1024 658 809 675 
1025 264 265 262 
1026 452 626 455 
1027 390 391 357 
1028 1217 1534 493 
1029 342 356 355 
1030 355 357 341 
1031 456 1193 457 
1032 134 979 133 
1033 383 421 378 
1034 913 1262 1038 
1035 1158 1289 638 
1036 222 224 223 
1037 654 1220 932 
1038 385 1190 409 
1039 833 1217 797 
1040 1056 1294 1178 
1041 764 884 734 
1042 323 579 286 
1043 625 778 777 
1044 650 1018 592 
1045 798 799 797 
1046 325 1050 323 
1047 1121 1382 469 
1048 797 1217 615 
1049 1030 1462 1032 
1050 728 1061 731 
1051 264 436 354 
1052 347 1075 418 
1053 690 991 844 
1054 273 274 271 
1055 955 1366 957 
1056 437 604 354 
1057 576 577 516 
1058 177 1107 66 
1059 528 570 527 
1060 450 1070 451 
1061 1128 1408 695 
1062 568 1078 676 
1063 209 212 211 
1064 418 1075 625 
1065 96 921 189 
1066 1384 1419 1001 
1067 683 838 681 
1068 486 1238 466 
1069 1005 1139 1004 
1070 273 275 274 
1071 658 675 656 
1072 497 679 678 
1073 690 844 691 
1074 981 982 588 
1075 444 458 450 
1076 234 243 236 
1077 689 1027 687 
1078 313 1103 321 
1079 625 777 669 
1080 1171 1321 842 
1081 429 464 380 
1082 857 1496 1333 
1083 1056 1427 1294 
1084 398 420 396 
1085 582 1113 611 
1086 288 1153 1102 
1087 389 1115 422 
1088 875 876 874 
1089 436 1169 761 
1090 451 474 473 
1091 776 858 789 
1092 417 1136 368 
1093 883 894 838 
1094 1006 1008 1005 
1095 731 1061 875 
1096 553 1117 622 
1097 692 1118 139 
1098 108 381 107 
1099 269 273 271 
1100 253 254 252 
1101 999 1560 589 
1102 1176 1224 308 
1103 474 480 475 
1104 224 226 225 
1105 1083 1108 267 
1106 264 1169 436 
1107 878 1285 1244 
1108 655 657 656 
1109 991 1084 844 
1110 1160 1541 1100 
1111 275 277 276 
1112 726 729 728 
1113 488 547 487 
1114 506 1558 532 
1115 448 1182 446 
1116 277 280 278 
1117 387 1244 432 
1118 155 997 154 
1119 226 232 227 
1120 400 1087 398 
1121 298 1153 295 
1122 496 1263 506 
1123 1000 1001 173 
1124 258 1227 1134 
1125 181 1131 148 
1126 744 1141 598 
1127 601 602 571 
1128 926 1269 1207 
1129 779 1039 961 
1130 414 497 413 
1131 321 1103 348 
1132 1082 1503 917 
1133 311 1206 393 
1134 107 1081 106 
1135 411 1459 1156 
1136 275 276 274 
1137 187 1183 1002 
1138 934 1308 1164 
1139 1033 1462 1030 
1140 681 682 680 
1141 289 1096 287 
1142 1044 1473 190 
1143 277 278 276 
1144 398 1087 420 
1145 1048 1052 1046 
1146 383 1239 421 
1147 559 1111 324 
1148 1099 1123 1100 
1149 682 716 713 
1150 480 538 481 
1151 105 170 104 
1152 444 445 441 
1153 661 1184 1090 
1154 450 451 445 
1155 890 891 889 
1156 281 287 280 
1157 1354 1386 872 
1158 229 695 231 
1159 332 333 330 
1160 895 1459 411 
1161 813 1247 814 
1162 334 335 333 
1163 494 527 493 
1164 811 1224 1176 
1165 679 680 678 
1166 737 739 289 
1167 406 413 400 
1168 580 1516 279 
1169 290 296 295 
1170 336 337 335 
1171 474 524 480 
1172 287 290 288 
1173 418 625 537 
1174 560 774 773 
1175 980 1193 675 
1176 923 924 834 
1177 762 1023 1022 
1178 1294 1427 876 
1179 224 1063 226 
1180 149 181 148 
1181 710 849 689 
1182 1118 1122 353 
1183 1041 1042 924 
1184 809 823 675 
1185 649 653 569 
1186 708 920 908 
1187 684 1070 450 
1188 1338 1516 580 
1189 271 1099 272 
1190 1016 1495 896 
1191 226 1063 255 
1192 278 1102 580 
1193 579 1479 1072 
1194 269 271 270 
1195 889 1259 1141 
1196 994 1216 748 
1197 622 1113 582 
1198 427 470 416 
1199 889 1141 744 
1200 620 973 464 
1201 267 269 268 
1202 420 1239 396 
1203 474 475 473 
1204 321 348 347 
1205 278 580 279 
1206 497 678 413 
1207 1236 1522 567 
1208 747 836 653 
1209 568 676 619 
1210 180 1300 1246 
1211 265 267 266 
1212 491 1168 628 
1213 296 299 297 
1214 295 1153 288 
1215 1325 1464 1069 
1216 775 776 774 
1217 94 1148 425 
1218 368 1136 366 
1219 992 1410 247 
1220 634 1138 840 
1221 296 297 295 
1222 227 1128 229 
1223 1318 1533 181 
1224 358 359 356 
1225 290 295 288 
1226 471 560 470 
1227 679 683 681 
1228 856 1289 1158 
1229 964 1550 621 
1230 1086 1161 655 
1231 377 378 376 
1232 1120 1121 1119 
1233 776 789 774 
1234 417 1210 1136 
1235 622 1114 1113 
1236 553 582 554 
1237 888 889 744 
1238 690 691 686 
1239 1109 1478 165 
1240 855 1365 854 
1241 553 622 582 
1242 573 741 740 
1243 272 563 313 
1244 281 289 287 
1245 606 618 340 
1246 287 288 280 
1247 688 689 687 
1248 825 909 754 
1249 1155 1279 757 
1250 683 883 838 
1251 299 308 305 
1252 1093 1187 497 
1253 851 852 702 
1254 1025 1283 346 
1255 1090 1265 861 
1256 271 272 270 
1257 538 1117 539 
1258 684 1208 1070 
1259 539 553 541 
1260 692 1120 1119 
1261 414 1093 497 
1262 410 1428 897 
1263 675 1193 656 
1264 825 1088 909 
1265 138 353 137 
1266 626 1497 995 
1267 382 383 378 
1268 845 955 954 
1269 277 281 280 
1270 299 305 297 
1271 480 481 475 
1272 863 865 864 
1273 287 1096 290 
1274 667 879 857 
1275 851 853 852 
1276 539 1117 553 
1277 853 854 852 
1278 406 414 413 
1279 138 1118 353 
1280 560 773 470 
1281 427 471 470 
1282 224 225 223 
1283 903 1027 689 
1284 226 227 225 
1285 582 611 593 
1286 884 1515 944 
1287 701 851 702 
1288 263 1171 1170 
1289 1131 1133 147 
1290 560 775 774 
1291 1319 1369 309 
1292 589 1560 590 
1293 166 1105 91 
1294 222 223 221 
1295 882 1068 720 
1296 197 1140 145 
1297 597 1197 941 
1298 1317 1446 1425 
1299 308 318 317 
1300 1314 1488 849 
1301 378 1207 376 
1302 493 1159 490 
1303 934 1334 1308 
1304 679 1187 683 
1305 733 734 645 
1306 955 957 956 
1307 538 539 481 
1308 611 825 754 
1309 318 368 366 
1310 683 1187 968 
1311 701 702 502 
1312 777 779 669 
1313 844 845 691 
1314 389 422 417 
1315 3 1097 53 
1316 369 389 368 
1317 273 700 275 
1318 269 270 268 
1319 780 863 781 
1320 308 317 305 
1321 510 1152 586 
1322 366 1136 462 
1323 672 1203 1057 
1324 557 1230 708 
1325 220 221 219 
1326 467 525 486 
1327 611 754 632 
1328 697 698 696 
1329 218 219 217 
1330 525 1078 568 
1331 1065 1240 314 
1332 809 1357 823 
1333 757 780 758 
1334 296 300 299 
1335 395 396 383 
1336 699 846 698 
1337 309 1369 304 
1338 331 1297 1064 
1339 775 1186 1067 
1340 1248 1412 863 
1341 1055 1537 1272 
1342 236 1017 238 
1343 853 855 854 
1344 492 493 490 
1345 566 696 392 
1346 465 467 466 
1347 590 707 706 
1348 1077 1353 827 
1349 318 366 317 
1350 697 699 698 
1351 243 1017 236 
1352 416 1093 414 
1353 201 205 204 
1354 699 907 846 
1355 53 1097 807 
1356 633 837 795 
1357 840 1485 1010 
1358 422 503 484 
1359 610 1266 404 
1360 755 757 756 
1361 147 1133 146 
1362 625 669 537 
1363 449 487 448 
1364 1094 1250 458 
1365 694 723 722 
1366 1017 1126 238 
1367 422 484 417 
1368 1150 1387 1374 
1369 144 469 143 
1370 369 392 389 
1371 566 697 696 
1372 177 1322 1276 
1373 300 1176 299 
1374 628 804 745 
1375 914 1262 913 
1376 157 1054 156 
1377 274 1099 271 
1378 1320 1361 952 
1379 1317 1425 247 
1380 553 554 541 
1381 278 279 276 
1382 506 508 507 
1383 560 1186 775 
1384 397 398 396 
1385 582 593 554 
1386 754 1125 900 
1387 1080 1468 1347 
1388 318 369 368 
1389 1009 1525 662 
1390 429 465 464 
1391 216 217 215 
1392 322 559 324 
1393 723 755 724 
1394 558 701 502 
1395 340 1073 337 
1396 389 417 368 
1397 1136 1277 462 
1398 144 1140 469 
1399 92 1127 166 
1400 496 506 505 
1401 503 562 561 
1402 109 1304 108 
1403 846 927 847 
1404 678 1191 1087 
1405 501 502 471 
1406 267 268 266 
1407 916 939 194 
1408 83 476 82 
1409 1009 1330 434 
1410 392 1115 389 
1411 399 400 398 
1412 366 462 367 
1413 775 828 776 
1414 561 1138 634 
1415 256 1134 522 
1416 462 542 463 
1417 542 617 543 
1418 148 1131 147 
1419 443 446 442 
1420 70 1381 360 
1421 691 1208 686 
1422 503 561 484 
1423 490 1159 488 
1424 552 1130 1129 
1425 256 522 232 
1426 955 956 954 
1427 510 585 584 
1428 432 496 495 
1429 634 840 839 
1430 840 967 839 
1431 189 1148 95 
1432 562 1138 561 
1433 862 1441 1126 
1434 623 1006 1005 
1435 611 632 593 
1436 1088 1358 909 
1437 149 1143 181 
1438 953 1208 691 
1439 150 1143 149 
1440 214 215 213 
1441 508 510 509 
1442 447 448 446 
1443 754 900 632 
1444 426 427 416 
1445 405 406 400 
1446 358 1471 1390 
1447 1018 1184 661 
1448 696 1115 392 
1449 825 1219 1088 
1450 422 546 503 
1451 909 1125 754 
1452 258 1134 256 
1453 577 592 591 
1454 682 713 712 
1455 415 416 414 
1456 854 965 852 
1457 700 1264 1188 
1458 151 1110 150 
1459 457 516 515 
1460 1204 1371 992 
1461 387 432 431 
1462 1029 1032 185 
1463 592 661 660 
1464 1036 1104 79 
1465 265 266 262 
1466 957 1142 956 
1467 363 1386 1354 
1468 969 1233 111 
1469 547 1327 1011 
1470 982 983 588 
1471 371 373 372 
1472 846 847 698 
1473 502 1186 471 
1474 451 473 472 
1475 140 692 139 
1476 286 1072 260 
1477 1303 1490 1151 
1478 628 1168 804 
1479 777 1271 779 
1480 715 726 725 
1481 212 213 211 
1482 956 1142 959 
1483 1148 1155 1053 
1484 373 387 386 
1485 460 1190 385 
1486 1113 1219 825 
1487 1169 1170 761 
1488 726 728 727 
1489 210 1301 208 
1490 713 715 714 
1491 927 928 847 
1492 888 890 889 
1493 634 839 635 
1494 205 1236 567 
1495 158 479 157 
1496 1159 1403 547 
1497 1189 1558 866 
1498 565 566 392 
1499 890 1360 891 
1500 1077 1304 174 
1501 696 1192 1115 
1502 913 1037 912 
1503 1123 1160 1100 
1504 139 1118 138 
1505 1041 1398 477 
1506 512 737 289 
1507 710 850 849 
1508 561 634 564 
1509 334 336 335 
1510 336 340 337 
1511 571 1112 570 
1512 332 334 333 
1513 788 1436 1077 
1514 731 874 843 
1515 542 543 463 
1516 892 1091 766 
1517 462 463 367 
1518 297 298 295 
1519 728 731 730 
1520 337 1073 339 
1521 1007 1525 1009 
1522 872 972 760 
1523 1058 1060 989 
1524 606 718 618 
1525 427 1149 501 
1526 1457 1528 152 
1527 401 1031 1030 
1528 972 1407 964 
1529 837 1229 795 
1530 747 1204 992 
1531 738 912 737 
1532 359 377 376 
1533 558 703 701 
1534 501 558 502 
1535 653 1238 569 
1536 988 989 987 
1537 847 1192 698 
1538 377 382 378 
1539 328 332 330 
1540 1391 1457 612 
1541 97 921 96 
1542 423 1345 1144 
1543 539 541 540 
1544 366 367 317 
1545 162 636 161 
1546 304 307 306 
1547 685 688 687 
1548 307 316 315 
1549 146 197 145 
1550 145 1140 144 
1551 739 1475 940 
1552 261 1169 264 
1553 142 1382 1120 
1554 1085 1192 847 
1555 33 171 32 
1556 382 395 383 
1557 40 1163 39 
1558 342 358 356 
1559 986 987 984 
1560 51 202 50 
1561 794 1430 1048 
1562 39 1163 176 
1563 982 984 983 
1564 940 1508 739 
1565 745 1171 842 
1566 427 501 471 
1567 393 1206 1074 
1568 426 1149 427 
1569 106 1249 105 
1570 26 168 25 
1571 561 564 484 
1572 634 635 564 
1573 395 397 396 
1574 397 399 398 
1575 44 179 43 
1576 415 426 416 
1577 399 405 400 
1578 597 941 940 
1579 497 1187 679 
1580 8 1129 7 
1581 787 1282 886 
1582 135 1222 182 
1583 988 1058 989 
1584 986 988 987 
1585 688 710 689 
1586 845 954 953 
1587 39 176 38 
1588 536 1257 1231 
1589 36 192 35 
1590 369 565 392 
1591 804 1171 745 
1592 1272 1537 1344 
1593 760 972 835 
1594 838 1384 681 
1595 823 980 675 
1596 956 959 958 
1597 78 169 77 
1598 384 1020 461 
1599 1142 1435 176 
1600 657 881 659 
1601 801 1354 872 
1602 915 1514 916 
1603 468 1163 40 
1604 446 1182 1094 
1605 30 190 29 
1606 41 468 40 
1607 654 932 787 
1608 717 1090 822 
1609 1073 1487 1174 
1610 28 477 27 
1611 656 1193 456 
1612 565 766 566 
1613 1195 1196 718 
1614 299 1176 308 
1615 779 961 960 
1616 406 415 414 
1617 471 1186 560 
1618 799 834 833 
1619 1005 1346 1139 
1620 45 1175 44 
1621 552 1129 8 
1622 272 313 312 
1623 48 188 47 
1624 543 545 544 
1625 46 478 45 
1626 232 1128 227 
1627 827 999 652 
1628 741 759 740 
1629 260 285 284 
1630 44 1175 179 
1631 22 1179 21 
1632 982 985 984 
1633 81 183 80 
1634 1096 1332 290 
1635 376 1207 459 
1636 31 1162 30 
1637 85 164 84 
1638 53 807 52 
1639 436 761 438 
1640 775 1067 828 
1641 985 986 984 
1642 275 1188 277 
1643 308 1224 318 
1644 698 1192 696 
1645 381 1081 107 
1646 770 1548 703 
1647 615 1217 527 
1648 753 1324 751 
1649 440 443 442 
1650 99 1040 167 
1651 751 1260 749 
1652 784 830 783 
1653 73 1000 72 
1654 563 1305 1103 
1655 500 1562 1024 
1656 1073 1174 339 
1657 136 1222 135 
1658 475 596 473 
1659 300 1214 1176 
1660 478 1175 45 
1661 635 806 805 
1662 945 1238 653 
1663 313 321 320 
1664 682 712 680 
1665 294 302 301 
1666 483 1390 1039 
1667 1053 1155 755 
1668 708 908 709 
1669 321 347 345 
1670 928 1085 847 
1671 94 425 93 
1672 127 513 126 
1673 82 1177 81 
1674 102 187 101 
1675 111 1233 110 
1676 115 175 114 
1677 119 178 118 
1678 123 1344 122 
1679 90 412 89 
1680 57 388 56 
1681 61 401 60 
1682 65 424 64 
1683 285 294 293 
1684 704 770 703 
1685 528 571 570 
1686 406 1211 415 
1687 418 537 419 
1688 281 512 289 
1689 163 1226 162 
1690 449 488 487 
1691 429 1185 465 
1692 347 418 349 
1693 638 1078 525 
1694 30 1162 190 
1695 23 191 22 
1696 539 540 481 
1697 493 1534 1159 
1698 1197 1215 941 
1699 593 608 554 
1700 900 901 632 
1701 686 1208 684 
1702 451 472 445 
1703 601 603 602 
1704 671 783 575 
1705 317 1164 305 
1706 16 193 15 
1707 20 1199 19 
1708 18 1198 17 
1709 14 1218 13 
1710 238 240 239 
1711 186 905 904 
1712 342 1174 358 
1713 831 936 830 
1714 694 722 674 
1715 555 1149 426 
1716 683 968 883 
1717 393 452 394 
1718 236 238 237 
1719 665 882 720 
1720 921 1279 189 
1721 21 482 20 
1722 541 597 540 
1723 1135 1429 548 
1724 641 785 668 
1725 543 544 463 
1726 1231 1257 808 
1727 828 1276 776 
1728 457 515 391 
1729 234 236 235 
1730 786 994 917 
1731 988 1059 1058 
1732 1393 1432 967 
1733 234 1513 243 
1734 941 942 940 
1735 635 805 564 
1736 367 1164 317 
1737 1004 1525 1007 
1738 504 555 426 
1739 1081 1249 106 
1740 655 1161 657 
1741 557 708 624 
1742 1031 1033 1030 
1743 599 813 743 
1744 231 234 233 
1745 484 1210 417 
1746 70 360 69 
1747 296 1332 300 
1748 1043 1378 168 
1749 415 1211 504 
1750 255 1321 257 
1751 609 819 555 
1752 577 591 516 
1753 826 964 621 
1754 191 1179 22 
1755 806 1147 805 
1756 492 494 493 
1757 1190 1335 409 
1758 780 1248 863 
1759 792 848 794 
1760 606 1195 718 
1761 19 165 18 
1762 385 409 407 
1763 227 229 228 
1764 541 1197 597 
1765 845 953 691 
1766 713 714 712 
1767 956 958 954 
1768 1356 1522 666 
1769 229 231 230 
1770 272 312 270 
1771 545 902 544 
1772 720 1464 1002 
1773 811 892 766 
1774 369 1224 565 
1775 188 1225 47 
1776 760 835 759 
1777 587 748 585 
1778 46 1225 478 
1779 631 1252 935 
1780 558 704 703 
1781 494 528 527 
1782 657 1161 881 
1783 452 455 453 
1784 836 946 945 
1785 371 372 344 
1786 350 351 310 
1787 1062 1337 180 
1788 339 1174 342 
1789 715 725 714 
1790 752 753 751 
1791 1105 1409 1341 
1792 405 1211 406 
1793 512 738 737 
1794 613 1150 768 
1795 726 727 725 
1796 441 1311 439 
1797 1031 1034 1033 
1798 311 393 352 
1799 21 1179 482 
1800 738 913 912 
1801 708 1230 920 
1802 250 252 251 
1803 863 864 781 
1804 780 781 758 
1805 783 1293 575 
1806 1149 1212 501 
1807 728 730 727 
1808 47 1225 46 
1809 757 758 756 
1810 1002 1464 187 
1811 1139 1268 662 
1812 1141 1278 517 
1813 277 1188 281 
1814 810 1339 282 
1815 890 1408 1360 
1816 992 1425 836 
1817 1227 1267 1134 
1818 578 749 405 
1819 957 1435 1142 
1820 1487 1551 960 
1821 1479 1552 1072 
1822 723 724 722 
1823 704 802 770 
1824 137 1296 136 
1825 603 645 644 
1826 755 756 724 
1827 316 362 361 
1828 887 888 744 
1829 246 250 249 
1830 750 751 749 
1831 415 504 426 
1832 682 1384 716 
1833 160 1438 6 
1834 6 1438 159 
1835 189 1155 1148 
1836 806 1507 1147 
1837 731 843 730 
1838 1168 1536 804 
1839 662 1525 1139 
1840 240 242 241 
1841 661 861 660 
1842 318 1224 369 
1843 379 380 351 
1844 188 1538 1225 
1845 592 660 591 
1846 1285 1292 519 
1847 901 1460 1091 
1848 565 811 766 
1849 430 606 340 
1850 1150 1151 768 
1851 242 246 245 
1852 526 638 525 
1853 631 935 873 
1854 268 605 266 
1855 749 1211 405 
1856 779 960 669 
1857 1153 1456 1102 
1858 554 1197 541 
1859 297 1308 298 
1860 564 1210 484 
1861 875 1500 1104 
1862 726 1472 729 
1863 535 856 643 
1864 432 1244 519 
1865 447 449 448 
1866 162 1226 636 
1867 443 447 446 
1868 100 1325 1040 
1869 281 1188 512 
1870 283 736 292 
1871 608 1215 1197 
1872 170 950 104 
1873 202 1414 1028 
1874 742 744 598 
1875 482 1199 20 
1876 1044 1237 1042 
1877 902 933 544 
1878 784 831 830 
1879 463 1228 367 
1880 1084 1395 844 
1881 504 609 555 
1882 565 1224 811 
1883 1391 1490 1489 
1884 609 820 819 
1885 205 207 206 
1886 608 1509 1091 
1887 291 810 282 
1888 283 1261 736 
1889 831 947 936 
1890 1247 1373 814 
1891 671 784 783 
1892 1164 1308 305 
1893 522 1128 232 
1894 475 1235 596 
1895 476 1177 82 
1896 1371 1410 992 
1897 627 1298 1253 
1898 404 1266 535 
1899 704 803 802 
1900 1426 1510 919 
1901 608 1197 554 
1902 597 940 841 
1903 13 172 12 
1904 501 1212 558 
1905 947 966 936 
1906 685 1250 688 
1907 367 1228 1164 
1908 62 1246 61 
1909 19 1199 165 
1910 819 1280 555 
1911 579 1072 286 
1912 496 505 495 
1913 805 1210 564 
1914 399 578 405 
1915 544 1228 463 
1916 1372 1406 1035 
1917 680 1191 678 
1918 932 1449 996 
1919 396 1239 383 
1920 1390 1471 1039 
1921 1149 1280 1212 
1922 506 507 505 
1923 708 709 624 
1924 590 706 530 
1925 262 1227 258 
1926 1117 1423 622 
1927 569 1238 486 
1928 165 1521 1109 
1929 270 1201 268 
1930 662 1420 1009 
1931 581 640 556 
1932 428 429 380 
1933 1035 1406 545 
1934 540 1235 481 
1935 432 495 431 
1936 1042 1237 1137 
1937 1042 1137 924 
1938 395 536 397 
1939 733 764 734 
1940 227 228 225 
1941 853 1406 855 
1942 424 1365 1062 
1943 803 869 802 
1944 387 431 386 
1945 153 1457 152 
1946 705 1458 951 
1947 716 1483 713 
1948 597 841 540 
1949 905 938 904 
1950 373 386 372 
1951 313 320 312 
1952 481 1235 475 
1953 891 1259 889 
1954 319 1209 610 
1955 795 1229 937 
1956 321 345 320 
1957 439 1377 437 
1958 508 509 507 
1959 845 1395 955 
1960 1210 1277 1136 
1961 971 1353 1233 
1962 1183 1458 1002 
1963 347 349 345 
1964 519 1263 496 
1965 89 1165 88 
1966 377 483 382 
1967 418 419 349 
1968 799 833 797 
1969 558 1212 704 
1970 848 1397 1111 
1971 882 1189 1068 
1972 1213 1466 616 
1973 403 1301 210 
1974 1166 1478 763 
1975 750 752 751 
1976 814 1373 862 
1977 550 1150 613 
1978 177 1352 1107 
1979 101 1325 100 
1980 1050 1370 579 
1981 578 750 749 
1982 319 610 404 
1983 521 595 594 
1984 761 1274 438 
1985 260 284 254 
1986 13 1218 172 
1987 948 1316 1055 
1988 1225 1538 927 
1989 639 1158 638 
1990 813 814 743 
1991 663 1361 664 
1992 1098 1347 1023 
1993 455 573 511 
1994 578 808 750 
1995 186 906 905 
1996 510 584 509 
1997 933 1228 544 
1998 745 842 746 
1999 364 1282 1020 
2000 1212 1280 803 
2001 817 818 639 
2002 468 1539 1088 
2003 695 1513 231 
2004 221 500 219 
2005 784 832 831 
2006 164 962 84 
2007 1095 1359 572 
2008 2 1245 666 
2009 268 1201 605 
2010 854 1331 965 
2011 1145 1345 937 
2012 304 306 302 
2013 336 430 340 
2014 458 1250 685 
2015 640 1185 556 
2016 393 394 352 
2017 326 1243 328 
2018 591 1268 516 
2019 712 1191 680 
2020 771 1095 572 
2021 1173 1546 966 
2022 332 498 334 
2023 68 1322 67 
2024 435 969 112 
2025 819 1338 1323 
2026 357 1532 341 
2027 1267 1360 1134 
2028 161 1342 160 
2029 110 174 109 
2030 841 1235 540 
2031 628 745 629 
2032 141 1461 5 
2033 452 453 394 
2034 5 1461 140 
2035 776 1276 858 
2036 836 945 653 
2037 764 885 884 
2038 1201 1202 605 
2039 489 490 488 
2040 81 1177 183 
2041 993 1271 777 
2042 61 1246 401 
2043 397 1231 399 
2044 673 1265 717 
2045 607 1247 1195 
2046 669 1223 537 
2047 105 1249 170 
2048 704 1212 803 
2049 534 637 403 
2050 887 925 888 
2051 954 1287 953 
2052 1010 1485 985 
2053 818 1158 639 
2054 1112 1540 879 
2055 800 1555 1051 
2056 1064 1253 1050 
2057 1088 1539 1358 
2058 674 1203 672 
2059 217 244 215 
2060 440 1274 443 
2061 742 887 744 
2062 692 1461 1120 
2063 607 1195 606 
2064 1038 1311 472 
2065 972 1213 835 
2066 688 870 710 
2067 236 237 235 
2068 738 914 913 
2069 238 239 237 
2070 350 379 351 
2071 170 951 950 
2072 409 521 520 
2073 307 1499 316 
2074 1215 1379 941 
2075 455 511 453 
2076 401 1246 1031 
2077 559 1563 1430 
2078 613 768 767 
2079 688 1250 870 
2080 1144 1345 1145 
2081 312 1201 270 
2082 209 211 210 
2083 725 859 714 
2084 234 235 233 
2085 670 911 910 
2086 199 201 200 
2087 438 1274 440 
2088 231 233 230 
2089 430 607 606 
2090 1307 1375 1066 
2091 535 1266 856 
2092 202 1348 50 
2093 491 628 549 
2094 266 1227 262 
2095 449 489 488 
2096 552 1254 1130 
2097 110 1233 174 
2098 730 926 727 
2099 1117 1474 1423 
2100 205 206 204 
2101 229 230 228 
2102 467 526 525 
2103 1245 1356 666 
2104 165 1478 1198 
2105 472 1311 445 
2106 556 1185 429 
2107 345 402 320 
2108 670 671 575 
2109 1502 1546 1173 
2110 1045 1378 1043 
2111 382 1234 395 
2112 907 1444 846 
2113 419 518 517 
2114 300 1379 1214 
2115 907 1424 1175 
2116 647 1216 786 
2117 164 963 962 
2118 960 1223 669 
2119 584 1220 654 
2120 419 517 349 
2121 796 1333 798 
2122 183 1036 80 
2123 182 1535 1157 
2124 207 209 208 
2125 489 1284 1168 
2126 751 1324 1260 
2127 805 1277 1210 
2128 573 740 574 
2129 1017 1556 815 
2130 998 1391 612 
2131 1341 1409 821 
2132 179 1358 43 
2133 588 1413 54 
2134 786 1216 994 
2135 430 790 607 
2136 770 1334 934 
2137 792 1367 848 
2138 57 1393 388 
2139 814 815 743 
2140 1272 1273 1055 
2141 477 1473 1044 
2142 182 1328 979 
2143 804 1536 1281 
2144 814 862 815 
2145 585 1220 584 
2146 518 599 598 
2147 399 1231 578 
2148 850 1429 1135 
2149 224 1554 1063 
2150 1230 1376 920 
2151 711 829 646 
2152 605 1227 266 
2153 670 910 671 
2154 599 743 742 
2155 616 1494 1213 
2156 307 315 306 
2157 516 1268 515 
2158 240 241 239 
2159 536 1231 397 
2160 358 1390 359 
2161 171 1363 32 
2162 518 598 517 
2163 379 428 380 
2164 790 792 791 
2165 792 794 793 
2166 443 583 447 
2167 1 1453 163 
2168 37 1366 36 
2169 1091 1509 901 
2170 7 1453 1 
2171 599 742 598 
2172 600 601 571 
2173 557 624 581 
2174 491 492 490 
2175 1083 1312 1108 
2176 772 1555 800 
2177 574 575 511 
2178 353 1296 137 
2179 961 1487 960 
2180 9 1411 552 
2181 503 1451 562 
2182 428 556 429 
2183 1147 1277 805 
2184 790 791 607 
2185 176 1299 1142 
2186 1177 1178 183 
2187 1451 1465 562 
2188 791 1247 607 
2189 664 1361 1320 
2190 428 557 556 
2191 526 639 638 
2192 453 454 394 
2193 935 1106 873 
2194 68 1329 1322 
2195 794 1146 793 
2196 792 793 791 
2197 722 1203 674 
2198 395 1234 536 
2199 165 1198 18 
2200 285 293 284 
2201 566 1460 697 
2202 294 301 293 
2203 660 662 591 
2204 970 1555 1418 
2205 703 1512 701 
2206 113 1180 435 
2207 103 1183 102 
2208 1202 1267 605 
2209 578 1231 808 
2210 334 1242 336 
2211 483 1234 382 
2212 1223 1306 537 
2213 826 1466 1213 
2214 746 812 629 
2215 213 1209 211 
2216 360 1329 69 
2217 225 1313 223 
2218 1220 1449 932 
2219 1184 1559 1090 
2220 824 1318 1143 
2221 1107 1331 424 
2222 434 1330 523 
2223 624 735 581 
2224 550 1387 1150 
2225 443 1274 583 
2226 233 346 230 
2227 756 878 724 
2228 1091 1460 766 
2229 372 1297 344 
2230 31 1363 1162 
2231 1211 1260 504 
2232 574 670 575 
2233 99 167 98 
2234 980 1364 1194 
2235 344 1297 331 
2236 1011 1327 1137 
2237 573 574 511 
2238 662 1268 591 
2239 328 1243 332 
2240 610 1469 1266 
2241 944 1531 949 
2242 929 1524 895 
2243 721 1466 826 
2244 832 1385 1122 
2245 254 1232 252 
2246 1300 1372 1034 
2247 600 677 648 
2248 311 350 310 
2249 242 245 241 
2250 108 1304 381 
2251 1185 1258 465 
2252 1105 1341 412 
2253 745 746 629 
2254 170 952 951 
2255 605 1267 1227 
2256 1013 1401 1130 
2257 246 249 245 
2258 1101 1240 812 
2259 250 251 249 
2260 749 1260 1211 
2261 305 1308 297 
2262 557 581 556 
2263 1063 1440 842 
2264 1380 1477 921 
2265 311 352 350 
2266 1012 1013 769 
2267 958 1287 954 
2268 252 1261 251 
2269 170 1249 952 
2270 219 1241 217 
2271 1106 1354 801 
2272 33 1392 171 
2273 1090 1559 822 
2274 555 1280 1149 
2275 1163 1299 176 
2276 102 1183 187 
2277 124 1272 123 
2278 239 247 237 
2279 638 1289 1078 
2280 302 1252 301 
2281 504 1260 609 
2282 628 629 549 
2283 714 1256 712 
2284 168 1378 25 
2285 1052 1563 559 
2286 1074 1422 626 
2287 69 1329 68 
2288 1078 1289 1079 
2289 864 866 781 
2290 537 1306 419 
2291 727 1255 725 
2292 386 627 372 
2293 489 491 490 
2294 717 1265 1090 
2295 482 1200 1199 
2296 736 1450 1095 
2297 51 1414 202 
2298 759 1157 740 
2299 1337 1372 1300 
2300 752 1305 753 
2301 512 1264 738 
2302 445 1311 441 
2303 584 654 646 
2304 526 816 639 
2305 867 868 642 
2306 1188 1264 512 
2307 893 898 648 
2308 1107 1352 1331 
2309 532 1558 1189 
2310 193 1343 1166 
2311 1063 1554 1440 
2312 970 1418 971 
2313 480 1526 538 
2314 292 310 291 
2315 599 1544 813 
2316 385 407 365 
2317 1031 1300 1034 
2318 528 600 571 
2319 970 971 969 
2320 292 311 310 
2321 817 824 818 
2322 785 943 880 
2323 788 1503 1436 
2324 17 1343 16 
2325 290 1332 296 
2326 26 1398 168 
2327 495 499 431 
2328 491 549 492 
2329 746 1101 812 
2330 843 1269 730 
2331 498 1242 334 
2332 807 1414 52 
2333 816 877 817 
2334 507 651 505 
2335 336 1242 430 
2336 998 1490 1391 
2337 477 1398 27 
2338 654 787 711 
2339 898 1336 648 
2340 1008 1346 1005 
2341 201 204 203 
2342 631 873 771 
2343 822 1341 821 
2344 97 1380 921 
2345 332 1243 498 
2346 803 1323 869 
2347 316 361 315 
2348 1116 1443 768 
2349 712 1256 1191 
2350 257 1321 263 
2351 816 817 639 
2352 301 631 572 
2353 465 1258 467 
2354 230 1283 228 
2355 706 1335 1190 
2356 738 1264 914 
2357 637 1301 403 
2358 1311 1377 439 
2359 1408 1486 695 
2360 961 1471 1174 
2361 547 1403 1327 
2362 732 733 645 
2363 859 1256 714 
2364 419 1306 518 
2365 38 1435 37 
2366 631 771 572 
2367 217 1241 244 
2368 725 1255 859 
2369 215 1251 213 
2370 116 1144 115 
2371 584 646 509 
2372 1034 1372 1035 
2373 245 533 241 
2374 1131 1400 1133 
2375 670 1290 911 
2376 1510 1528 930 
2377 1222 1535 182 
2378 500 1241 219 
2379 819 1323 1280 
2380 435 970 969 
2381 211 319 210 
2382 1178 1294 183 
2383 283 291 282 
2384 748 1220 585 
2385 926 1255 727 
2386 1137 1327 924 
2387 251 282 249 
2388 41 1539 468 
2389 48 1545 188 
2390 174 1304 109 
2391 412 1165 89 
2392 815 1270 743 
2393 917 1503 788 
2394 251 283 282 
2395 189 1279 1155 
2396 209 210 208 
2397 283 292 291 
2398 897 1205 10 
2399 349 1278 345 
2400 284 1232 254 
2401 600 648 601 
2402 1246 1300 1031 
2403 677 893 648 
2404 865 1549 1069 
2405 986 1480 1465 
2406 654 711 646 
2407 742 1270 887 
2408 301 572 293 
2409 1012 1014 1013 
2410 730 1269 926 
2411 301 1252 631 
2412 743 1270 742 
2413 207 208 206 
2414 430 1242 790 
2415 435 1051 970 
2416 1302 1368 1301 
2417 98 1380 97 
2418 924 1327 834 
2419 447 1284 449 
2420 1331 1352 965 
2421 593 1509 608 
2422 830 1351 783 
2423 885 1522 1356 
2424 899 1012 769 
2425 627 1297 372 
2426 319 403 210 
2427 643 919 867 
2428 404 535 534 
2429 517 1278 349 
2430 125 195 124 
2431 15 1181 14 
2432 251 1261 283 
2433 964 1530 972 
2434 190 1473 29 
2435 829 1315 646 
2436 345 1278 402 
2437 535 643 642 
2438 860 1428 551 
2439 28 1473 477 
2440 498 1367 1242 
2441 872 1407 972 
2442 590 1560 772 
2443 765 1524 1350 
2444 1084 1392 34 
2445 211 1209 319 
2446 758 1285 756 
2447 986 1465 988 
2448 977 1349 990 
2449 1254 1411 860 
2450 306 1252 302 
2451 787 886 711 
2452 143 1382 142 
2453 1111 1397 1243 
2454 404 534 403 
2455 402 1291 320 
2456 985 1485 1480 
2457 1114 1434 1219 
2458 1280 1323 803 
2459 346 1371 1204 
2460 1260 1324 609 
2461 768 1517 1116 
2462 1181 1531 944 
2463 1178 1357 809 
2464 228 1313 225 
2465 1150 1374 1151 
2466 244 1251 215 
2467 609 1324 820 
2468 128 1547 127 
2469 535 642 534 
2470 1201 1291 1202 
2471 603 732 645 
2472 449 1284 489 
2473 319 404 403 
2474 767 899 769 
2475 636 1342 161 
2476 467 1258 526 
2477 187 1325 101 
2478 183 1294 1036 
2479 545 1452 902 
2480 538 1474 1117 
2481 724 1295 722 
2482 320 1291 312 
2483 781 1292 758 
2484 114 1180 113 
2485 1304 1436 381 
2486 469 1382 143 
2487 1376 1433 920 
2488 1322 1329 858 
2489 127 1547 513 
2490 643 867 642 
2491 346 1283 230 
2492 583 1284 447 
2493 820 1338 819 
2494 381 1082 1081 
2495 379 1376 1230 
2496 1060 1348 989 
2497 618 1487 1073 
2498 837 1481 1229 
2499 893 922 898 
2500 740 1290 574 
2501 963 1326 962 
2502 1232 1261 252 
2503 312 1291 1201 
2504 362 408 361 
2505 901 1509 632 
2506 50 1348 49 
2507 843 1511 1269 
2508 802 1334 770 
2509 1158 1463 856 
2510 637 1302 1301 
2511 575 1293 511 
2512 1134 1360 522 
2513 175 1180 114 
2514 1242 1367 790 
2515 710 1429 850 
2516 468 1434 1163 
2517 435 1180 1051 
2518 1132 1400 1131 
2519 1165 1362 906 
2520 213 1251 1209 
2521 1044 1314 1237 
2522 931 1405 1000 
2523 784 1385 832 
2524 620 1484 974 
2525 733 765 764 
2526 1157 1290 740 
2527 574 1290 670 
2528 990 1529 309 
2529 412 1362 1165 
2530 1351 1527 908 
2531 600 1307 677 
2532 377 1390 483 
2533 152 1528 196 
2534 43 1358 42 
2535 1219 1434 468 
2536 1448 1543 963 
2537 511 1293 453 
2538 867 930 868 
2539 618 1551 1487 
2540 32 1363 31 
2541 193 1531 1181 
2542 1452 1512 902 
2543 505 1309 495 
2544 839 1491 635 
2545 196 1528 1510 
2546 869 1383 802 
2547 494 1307 528 
2548 304 1369 307 
2549 453 1293 454 
2550 756 1285 878 
2551 711 1319 829 
2552 1000 1405 1001 
2553 616 1466 1089 
2554 515 1447 391 
2555 910 1385 671 
2556 878 1295 724 
2557 526 1258 816 
2558 365 1275 362 
2559 703 1548 1512 
2560 925 1486 888 
2561 1157 1328 182 
2562 722 1295 1203 
2563 767 769 614 
2564 835 1328 759 
2565 1254 1505 1013 
2566 823 1364 980 
2567 1198 1343 17 
2568 868 1310 642 
2569 614 860 551 
2570 361 363 315 
2571 534 1310 637 
2572 659 1427 1056 
2573 206 374 204 
2574 735 1502 1173 
2575 36 1366 192 
2576 1320 1467 1082 
2577 1276 1322 858 
2578 1110 1426 824 
2579 985 1480 986 
2580 824 1426 818 
2581 854 1365 1331 
2582 1101 1554 222 
2583 681 1384 682 
2584 1038 1377 1311 
2585 181 1533 1132 
2586 894 1419 838 
2587 1248 1380 167 
2588 298 1383 1153 
2589 721 826 621 
2590 866 1292 781 
2591 58 1393 57 
2592 1015 1506 1014 
2593 509 1315 507 
2594 1237 1314 850 
2595 821 1409 1016 
2596 1360 1408 522 
2597 863 1412 865 
2598 350 1376 379 
2599 221 1562 500 
2600 1527 1546 709 
2601 180 1337 1300 
2602 1159 1534 1403 
2603 25 1378 24 
2604 1283 1313 228 
2605 423 1144 116 
2606 613 767 614 
2607 739 1508 1096 
2608 991 1392 1084 
2609 454 1518 1433 
2610 856 1463 643 
2611 996 1449 1216 
2612 1175 1424 179 
2613 885 1356 884 
2614 1341 1362 412 
2615 362 1275 408 
2616 791 1373 1247 
2617 1125 1399 900 
2618 832 1455 831 
2619 758 1292 1285 
2620 759 1328 1157 
2621 499 1561 1439 
2622 1002 1458 705 
2623 549 1375 492 
2624 528 1307 600 
2625 637 1303 1302 
2626 201 203 200 
2627 612 1457 153 
2628 877 1318 817 
2629 1120 1382 1121 
2630 495 1309 499 
2631 651 1309 505 
2632 1185 1402 1258 
2633 830 1527 1351 
2634 750 1454 752 
2635 914 1557 1262 
2636 239 1317 247 
2637 233 1371 346 
2638 199 200 198 
2639 1286 1454 1076 
2640 1209 1340 610 
2641 735 1394 581 
2642 1013 1505 769 
2643 1423 1474 959 
2644 1194 1543 1019 
2645 1306 1544 518 
2646 601 1336 603 
2647 241 1317 239 
2648 648 1336 601 
2649 507 1315 651 
2650 1252 1355 935 
2651 1221 1446 533 
2652 1327 1403 834 
2653 844 1395 845 
2654 1223 1551 718 
2655 1216 1449 748 
2656 1225 1444 478 
2657 1331 1365 424 
2658 120 1154 119 
2659 1498 1538 188 
2660 842 1440 746 
2661 975 1552 976 
2662 131 1416 130 
2663 533 1317 241 
2664 886 1319 711 
2665 952 1361 951 
2666 1124 1154 120 
2667 861 1420 660 
2668 646 1315 509 
2669 817 1318 824 
2670 941 1379 942 
2671 666 1522 1236 
2672 282 1339 249 
2673 908 1527 709 
2674 454 1433 394 
2675 976 1479 978 
2676 790 1367 792 
2677 549 1504 1375 
2678 1032 1432 185 
2679 812 1504 629 
2680 409 520 407 
2681 1109 1404 719 
2682 117 1167 423 
2683 1097 1413 807 
2684 753 1541 1324 
2685 1049 1448 164 
2686 1248 1477 1380 
2687 1351 1518 454 
2688 1346 1447 515 
2689 167 1380 98 
2690 881 1470 659 
2691 1313 1562 223 
2692 860 1505 1254 
2693 235 1371 233 
2694 1251 1340 1209 
2695 247 1410 237 
2696 1196 1544 1306 
2697 1189 1542 532 
2698 1019 1543 1448 
2699 818 1463 1158 
2700 1206 1415 1074 
2701 642 1310 534 
2702 34 1392 33 
2703 1085 1523 1059 
2704 245 1339 533 
2705 752 1454 1286 
2706 27 1398 26 
2707 637 1310 1303 
2708 1325 1549 1040 
2709 841 1475 1092 
2710 118 1167 117 
2711 359 1390 377 
2712 249 1339 245 
2713 627 1439 1298 
2714 1258 1402 816 
2715 641 668 595 
2716 492 1375 494 
2717 624 1502 735 
2718 476 1357 1177 
2719 820 1541 1160 
2720 768 1443 767 
2721 699 1399 907 
2722 193 1181 15 
2723 1181 1218 14 
2724 572 1359 293 
2725 407 1275 365 
2726 550 613 551 
2727 793 1373 791 
2728 1348 1545 49 
2729 1177 1357 1178 
2730 164 1448 963 
2731 927 1444 1225 
2732 671 1385 784 
2733 594 721 621 
2734 1353 1553 827 
2735 1205 1428 860 
2736 963 1364 1326 
2737 1116 1517 998 
2738 1389 1547 514 
2739 1261 1450 736 
2740 971 1553 1353 
2741 1199 1521 165 
2742 613 614 551 
2743 1060 1545 1348 
2744 1301 1368 208 
2745 248 1441 1146 
2746 603 1336 732 
2747 1262 1377 1038 
2748 1358 1539 42 
2749 1156 1493 732 
2750 122 184 121 
2751 949 1531 1166 
2752 836 1425 946 
2753 835 1494 1328 
2754 651 1349 1309 
2755 1160 1516 820 
2756 1095 1450 1359 
2757 538 1526 1474 
2758 1367 1397 848 
2759 352 1376 350 
2760 178 1167 118 
2761 983 1413 588 
2762 1501 1514 1071 
2763 1334 1383 298 
2764 1272 1344 123 
2765 1152 1542 882 
2766 1048 1563 1052 
2767 1399 1445 900 
2768 1335 1481 837 
2769 1079 1469 1080 
2770 1330 1420 861 
2771 521 594 520 
2772 222 1554 224 
2773 1009 1420 1330 
2774 494 1375 1307 
2775 386 1439 627 
2776 1326 1364 823 
2777 499 1439 431 
2778 1151 1517 768 
2779 482 1442 1200 
2780 293 1359 284 
2781 1299 1434 1114 
2782 1040 1412 167 
2783 764 1350 885 
2784 715 1483 1472 
2785 622 1423 1114 
2786 1439 1561 1298 
2787 594 621 520 
2788 52 1414 51 
2789 1061 1500 875 
2790 1433 1518 920 
2791 1269 1511 459 
2792 1001 1419 173 
2793 1166 1531 193 
2794 1342 1438 160 
2795 315 1355 306 
2796 169 1501 1071 
2797 1102 1456 580 
2798 284 1359 1232 
2799 699 1445 1399 
2800 659 1470 1427 
2801 16 1343 193 
2802 363 1355 315 
2803 191 1496 1179 
2804 581 1394 640 
2805 829 1476 1315 
2806 341 1532 338 
2807 166 1409 1105 
2808 900 1445 901 
2809 940 1475 841 
2810 834 1403 833 
2811 1138 1485 840 
2812 715 1472 726 
2813 879 1404 1200 
2814 1253 1370 1050 
2815 967 1432 839 
2816 522 1408 1128 
2817 876 1427 874 
2818 306 1355 1252 
2819 163 1453 1226 
2820 802 1383 1334 
2821 184 1124 121 
2822 846 1444 927 
2823 54 1413 1097 
2824 243 1556 1017 
2825 713 1483 715 
2826 765 1350 764 
2827 1129 1453 7 
2828 855 1372 1337 
2829 176 1435 38 
2830 942 1508 940 
2831 660 1420 662 
2832 886 1369 1319 
2833 1480 1485 1138 
2834 546 1451 503 
2835 1249 1467 952 
2836 1039 1471 961 
2837 1162 1488 190 
2838 906 1559 1184 
2839 640 1402 1185 
2840 1345 1482 871 
2841 208 1368 206 
2842 697 1445 699 
2843 920 1518 908 
2844 1059 1465 1451 
2845 1342 1506 1015 
2846 140 1461 692 
2847 763 1478 1109 
2848 1024 1562 1313 
2849 851 1452 853 
2850 391 1447 357 
2851 816 1402 877 
2852 848 1430 794 
2853 115 1144 175 
2854 882 1542 1189 
2855 827 1553 999 
2856 552 1411 1254 
2857 1144 1145 175 
2858 1425 1446 946 
2859 1226 1453 1129 
2860 822 1362 1341 
2861 860 1411 1205 
2862 204 1387 203 
2863 771 1415 1095 
2864 237 1410 235 
2865 235 1410 1371 
2866 231 1513 234 
2867 1243 1397 498 
2868 1427 1470 874 
2869 1418 1555 772 
2870 766 1460 566 
2871 1401 1506 636 
2872 203 550 410 
2873 1333 1496 191 
2874 1375 1504 1066 
2875 718 1551 618 
2876 352 1433 1376 
2877 562 1480 1138 
2878 911 1535 1222 
2879 815 1556 1270 
2880 635 1491 806 
2881 1081 1467 1249 
2882 733 1493 765 
2883 851 1512 1452 
2884 870 1429 710 
2885 1077 1436 1304 
2886 1465 1480 562 
2887 206 1368 374 
2888 735 1400 1394 
2889 374 1387 204 
2890 203 410 200 
2891 1174 1471 358 
2892 780 1477 1248 
2893 122 1344 184 
2894 1014 1401 1013 
2895 1071 1514 915 
2896 29 1473 28 
2897 1179 1442 482 
2898 867 1510 930 
2899 244 1468 1251 
2900 550 551 410 
2901 936 1546 1527 
2902 936 1527 830 
2903 701 1512 851 
2904 1394 1400 1132 
2905 394 1433 352 
2906 1163 1434 1299 
2907 1315 1476 651 
2908 890 1486 1408 
2909 498 1397 1367 
2910 988 1465 1059 
2911 927 1538 928 
2912 1259 1492 402 
2913 361 1386 363 
2914 1058 1498 1060 
2915 874 1470 843 
2916 1328 1494 979 
2917 1139 1525 1004 
2918 1347 1468 244 
2919 831 1455 947 
2920 959 1474 958 
2921 873 1422 771 
2922 829 1529 1476 
2923 880 1417 1416 
2924 952 1467 1320 
2925 431 1439 386 
2926 960 1551 1223 
2927 833 1534 1217 
2928 614 1505 860 
2929 785 880 668 
2930 746 1440 1101 
2931 12 1245 2 
2932 808 1454 750 
2933 632 1509 593 
2934 1298 1561 978 
2935 42 1539 41 
2936 49 1545 48 
2937 190 1488 1314 
2938 198 897 11 
2939 771 1422 1415 
2940 533 1446 1317 
2941 408 1386 361 
2942 184 1316 1124 
2943 1324 1541 820 
2944 1058 1523 1498 
2945 1082 1467 1081 
2946 928 1523 1085 
2947 1498 1523 928 
2948 888 1486 890 
2949 551 1428 410 
2950 767 1443 899 
2951 978 1479 1370 
2952 668 1431 595 
2953 513 1547 1389 
2954 966 1546 936 
2955 595 1431 594 
2956 706 1481 1335 
2957 129 514 128 
2958 408 1550 1407 
2959 880 918 668 
2960 643 1463 919 
2961 972 1530 1213 
2962 1059 1523 1058 
2963 880 1416 918 
2964 1008 1447 1346 
2965 381 1436 1082 
2966 1370 1479 579 
2967 1290 1535 911 
2968 1213 1530 826 
2969 203 1387 550 
2970 1359 1450 1232 
2971 1015 1438 1342 
2972 119 1154 178 
2973 748 1449 1220 
2974 1127 1495 166 
2975 951 1458 950 
2976 946 1484 945 
2977 1281 1536 583 
2978 1422 1497 626 
2979 897 1428 1205 
2980 866 1558 1263 
2981 309 1529 1319 
2982 820 1516 1338 
2983 621 1437 520 
2984 707 1481 706 
2985 1232 1450 1261 
2986 223 1562 221 
2987 709 1502 624 
2988 1312 1557 914 
2989 1476 1529 990 
2990 1364 1543 1194 
2991 1474 1526 958 
2992 1399 1424 907 
2993 902 1548 933 
2994 518 1544 599 
2995 1309 1421 499 
2996 873 1497 1422 
2997 1349 1421 1309 
2998 1125 1424 1399 
2999 423 1482 1345 
3000 1233 1353 174 
3001 1386 1407 872 
3002 1489 1490 1303 
3003 921 1477 1279 
3004 402 1492 1291 
3005 1407 1550 964 
3006 640 1519 1402 
3007 172 1356 1245 
3008 918 1431 668 
3009 1229 1481 707 
3010 1080 1469 1340 
3011 1040 1549 1412 
3012 1415 1422 1074 
3013 1340 1468 1080 
3014 594 1431 721 
3015 629 1504 549 
3016 826 1530 964 
3017 1251 1468 1340 
3018 769 1505 614 
3019 1106 1497 873 
3020 1282 1499 886 
3021 1402 1519 877 
3022 1069 1549 1325 
3023 908 1518 1351 
3024 651 1476 1349 
3025 408 1407 1386 
3026 1403 1534 833 
3027 1200 1521 1199 
3028 958 1526 1287 
3029 1291 1492 1202 
3030 919 1510 867 
3031 886 1499 1369 
3032 732 1493 733 
3033 868 1489 1310 
3034 1213 1494 835 
3035 1416 1417 130 
3036 765 1493 1459 
3037 977 1421 1349 
3038 1362 1559 906 
3039 1394 1519 640 
3040 195 1272 124 
3041 943 1417 880 
3042 636 1506 1342 
3043 407 1437 1275 
3044 166 1495 1409 
3045 1412 1549 865 
3046 853 1452 1406 
3047 1310 1489 1303 
3048 1340 1469 610 
3049 513 1389 1388 
3050 1157 1535 1290 
3051 1406 1452 545 
3052 1319 1529 829 
3053 1167 1482 423 
3054 1391 1489 868 
3055 1145 1520 175 
3056 1512 1548 902 
3057 1404 1521 1200 
3058 520 1437 407 
3059 1275 1550 408 
3060 1051 1555 970 
3061 1262 1557 604 
3062 583 1536 1284 
3063 1179 1496 1442 
3064 1284 1536 1168 
3065 976 1552 1479 
3066 1404 1540 719 
3067 1132 1519 1394 
3068 877 1533 1318 
3069 1349 1476 990 
3070 1273 1388 943 
3071 1316 1537 1055 
3072 172 1515 1356 
3073 1409 1495 1016 
3074 1109 1521 1404 
3075 1459 1524 765 
3076 963 1543 1364 
3077 195 1273 1272 
3078 1369 1499 307 
3079 709 1546 1502 
3080 195 1388 1273 
3081 172 1245 12 
3082 178 1396 1167 
3083 806 1491 1462 
3084 871 1482 1396 
3085 1437 1550 1275 
3086 1180 1520 1051 
3087 1014 1506 1401 
3088 822 1559 1362 
3089 1418 1553 971 
3090 1442 1496 857 
3091 930 1528 1457 
3092 1356 1515 884 
3093 772 1560 1418 
3094 1462 1491 1032 
3095 1436 1503 1082 
3096 175 1520 1180 
3097 1388 1389 943 
3098 895 1524 1459 
3099 1459 1493 1156 
3100 1218 1515 172 
3101 1430 1563 1048 
3102 1396 1482 1167 
3103 1500 1501 169 
3104 1389 1417 943 
3105 1519 1533 877 
3106 1490 1517 1151 
3107 879 1540 1404 
3108 1418 1560 999 
3109 1421 1561 499 
3110 928 1538 1498 
3111 184 1537 1316 
3112 999 1553 1418 
3113 1440 1554 1101 
3114 1061 1501 1500 
3115 1132 1533 1519 
3116 998 1517 1490 
3117 1344 1537 184 
3118 514 1547 128 
3119 54 1097 3 
3120 4 514 129 
3121 130 514 4 
3122 126 513 125 
3123 200 897 198 
3124 514 1417 1389 
$EndElements
