$MeshFormat
4.1 0 8
$EndMeshFormat
$PhysicalNames
5
1 1 "Gamma1"
1 2 "Gamma2"
1 3 "Gamma3"
1 4 "Gamma4"
2 5 "Omega"
$EndPhysicalNames
$Entities
6 6 1 0
1 0 0 0 0 
2 1 0 0 0 
3 1 -0.5 0 0 
4 4 -0.5 0 0 
5 4 1 0 0 
6 0 1 0 0 
1 0 0 0 1 0 0 1 1 2 1 -2 
2 1 -0.5 0 1 0 0 1 1 2 2 -3 
3 1 -0.5 0 4 -0.5 0 1 1 2 3 -4 
4 4 -0.5 0 4 1 0 1 4 2 4 -5 
5 0 1 0 4 1 0 1 2 2 5 -6 
6 0 0 0 0 1 0 1 3 2 6 -1 
1 0 -0.5 0 4 1 0 1 5 6 1 2 3 4 5 6 
$EndEntities
$Nodes
13 3539 1 3539
0 1 0 1
1
0 0 0
0 2 0 1
2
1 0 0
0 3 0 1
3
1 -0.5 0
0 4 0 1
4
4 -0.5 0
0 5 0 1
5
4 1 0
0 6 0 1
6
0 1 0
1 1 0 12
7
8
9
10
11
12
13
14
15
16
17
18
0.0875242057235347 0 0
0.1750484114470327 0 0
0.2625726171704787 0 0
0.3500968228939247 0 0
0.4376210286173705 0 0
0.5251452343409556 0 0
0.612669440064887 0 0
0.7001936457888184 0 0
0.7877178515127498 0 0
0.867770394909899 0 0
0.9264689079647355 0 0
0.9690346346948855 0 0
1 2 0 32
19
20
21
22
23
24
25
26
27
28
29
30
31
32
33
34
35
36
37
38
39
40
41
42
43
44
45
46
47
48
49
50
1 -0.01619910672617021 0
1 -0.03128303532444763 0
1 -0.04636696392273386 0
1 -0.06145089252101978 0
1 -0.07653482111928819 0
1 -0.09161874971755415 0
1 -0.1067026783158201 0
1 -0.1217866069140861 0
1 -0.1368705355123521 0
1 -0.151954464110618 0
1 -0.167038392708884 0
1 -0.1821223213071499 0
1 -0.1972062499054159 0
1 -0.2122901785036818 0
1 -0.2273741071019478 0
1 -0.2424580357002138 0
1 -0.2575419642985216 0
1 -0.2726258928968713 0
1 -0.2877098214952209 0
1 -0.3027937500935706 0
1 -0.3178776786919202 0
1 -0.3329616072902698 0
1 -0.3480455358886195 0
1 -0.3631294644869691 0
1 -0.3782133930853186 0
1 -0.3932973216836683 0
1 -0.4083812502820179 0
1 -0.4234651788803676 0
1 -0.4385491074787172 0
1 -0.4536330360770668 0
1 -0.4687169646754165 0
1 -0.4838008932737661 0
1 3 0 131
51
52
53
54
55
56
57
58
59
60
61
62
63
64
65
66
67
68
69
70
71
72
73
74
75
76
77
78
79
80
81
82
83
84
85
86
87
88
89
90
91
92
93
94
95
96
97
98
99
100
101
102
103
104
105
106
107
108
109
110
111
112
113
114
115
116
117
118
119
120
121
122
123
124
125
126
127
128
129
130
131
132
133
134
135
136
137
138
139
140
141
142
143
144
145
146
147
148
149
150
151
152
153
154
155
156
157
158
159
160
161
162
163
164
165
166
167
168
169
170
171
172
173
174
175
176
177
178
179
180
181
1.033209367260865 -0.5 0
1.075407354480278 -0.5 0
1.107899203586239 -0.5 0
1.13099379788764 -0.5 0
1.147709591066195 -0.5 0
1.16319507459119 -0.5 0
1.179000826007297 -0.5 0
1.199737959994466 -0.5 0
1.228911053456235 -0.5 0
1.26222686716408 -0.5 0
1.286352864129697 -0.5 0
1.303621784538748 -0.5 0
1.319107268063744 -0.5 0
1.334715991462897 -0.5 0
1.354566420286305 -0.5 0
1.382492092958538 -0.5 0
1.416395523664269 -0.5 0
1.441598933895157 -0.5 0
1.459534180311848 -0.5 0
1.475019663836843 -0.5 0
1.490524567371442 -0.5 0
1.509526290623253 -0.5 0
1.536257999971589 -0.5 0
1.570396667275554 -0.5 0
1.596726017341929 -0.5 0
1.61544173076997 -0.5 0
1.630931649863911 -0.5 0
1.646417133388907 -0.5 0
1.664611139231581 -0.5 0
1.690199793084411 -0.5 0
1.724224728515529 -0.5 0
1.751730066846384 -0.5 0
1.771281710421643 -0.5 0
1.786844047493276 -0.5 0
1.802329531018271 -0.5 0
1.819816696710187 -0.5 0
1.844311414667591 -0.5 0
1.877870849133685 -0.5 0
1.906604790575814 -0.5 0
1.927029761395589 -0.5 0
1.942756310437543 -0.5 0
1.958241793962539 -0.5 0
1.975137087161885 -0.5 0
1.998584649664208 -0.5 0
2.031327771987041 -0.5 0
2.061345024883276 -0.5 0
2.08268221305428 -0.5 0
2.098668827364064 -0.5 0
2.114154310889175 -0.5 0
2.130567752518016 -0.5 0
2.153012871560732 -0.5 0
2.184586225470158 -0.5 0
2.215944496739513 -0.5 0
2.238234526408426 -0.5 0
2.254581306081072 -0.5 0
2.270066789606183 -0.5 0
2.286103722907286 -0.5 0
2.307589240391578 -0.5 0
2.337815160666719 -0.5 0
2.370396095886879 -0.5 0
2.393681688161211 -0.5 0
2.41049331616704 -0.5 0
2.42597879969215 -0.5 0
2.441740021342894 -0.5 0
2.462306749812294 -0.5 0
2.491240116641378 -0.5 0
2.524694501331939 -0.5 0
2.549020068209779 -0.5 0
2.566405818618565 -0.5 0
2.581891302143676 -0.5 0
2.597473429496298 -0.5 0
2.617160882492058 -0.5 0
2.644857281096727 -0.5 0
2.678831311416958 -0.5 0
2.704243587075297 -0.5 0
2.722317828704532 -0.5 0
2.737803312229643 -0.5 0
2.753298748800767 -0.5 0
2.772144475624191 -0.5 0
2.798656729532186 -0.5 0
2.83280118577382 -0.5 0
2.859348442801698 -0.5 0
2.878219051473423 -0.5 0
2.893715790946654 -0.5 0
2.909201274471764 -0.5 0
2.927253114300268 -0.5 0
2.952632038752635 -0.5 0
2.986595839363451 -0.5 0
3.014328746297925 -0.5 0
3.0340421521148 -0.5 0
3.049628307873444 -0.5 0
3.065113791398554 -0.5 0
3.082480806256937 -0.5 0
3.106774719890426 -0.5 0
3.14020724046006 -0.5 0
3.169178686525864 -0.5 0
3.18977248262318 -0.5 0
3.205540570818319 -0.5 0
3.221026054343429 -0.5 0
3.237822205931912 -0.5 0
3.261077362684041 -0.5 0
3.29362746654302 -0.5 0
3.323892776564472 -0.5 0
3.345406293286289 -0.5 0
3.361452968448286 -0.5 0
3.376938451973396 -0.5 0
3.393272948704749 -0.5 0
3.415533832253087 -0.5 0
3.446850978970067 -0.5 0
3.478464089667732 -0.5 0
3.500938624231298 -0.5 0
3.517364954475956 -0.5 0
3.532850438001066 -0.5 0
3.548827712269583 -0.5 0
3.570136638090887 -0.5 0
3.600114132168584 -0.5 0
3.632887552909284 -0.5 0
3.656365906225423 -0.5 0
3.673277350249658 -0.5 0
3.688762833774768 -0.5 0
3.704483031802098 -0.5 0
3.724881027575573 -0.5 0
3.753577020032338 -0.5 0
3.787155590867523 -0.5 0
3.811682706511326 -0.5 0
3.829189543722818 -0.5 0
3.844675027247928 -0.5 0
3.860233868017294 -0.5 0
3.87975983836074 -0.5 0
3.907229061096624 -0.5 0
3.945967744548672 -0.5 0
1 4 0 16
182
183
184
185
186
187
188
189
190
191
192
193
194
195
196
197
4 -0.4117647058826796 0
4 -0.3235294117653593 0
4 -0.235294117648039 0
4 -0.1470588235307187 0
4 -0.05882352941339813 0
4 0.02941176470392248 0
4 0.1176470588212432 0
4 0.2058823529385637 0
4 0.294117647056211 0
4 0.3823529411741846 0
4 0.4705882352921582 0
4 0.558823529410132 0
4 0.6470588235281056 0
4 0.7352941176460792 0
4 0.8235294117640528 0
4 0.9117647058820264 0
1 5 0 43
198
199
200
201
202
203
204
205
206
207
208
209
210
211
212
213
214
215
216
217
218
219
220
221
222
223
224
225
226
227
228
229
230
231
232
233
234
235
236
237
238
239
240
3.90909090909053 1 0
3.818181818181061 1 0
3.727272727271591 1 0
3.636363636362121 1 0
3.545454545452652 1 0
3.454545454543687 1 0
3.363636363635226 1 0
3.272727272726766 1 0
3.181818181818306 1 0
3.090909090909845 1 0
3.000000000001385 1 0
2.909090909092924 1 0
2.818181818184464 1 0
2.727272727276004 1 0
2.636363636367543 1 0
2.545454545459083 1 0
2.454545454550622 1 0
2.363636363642163 1 0
2.272727272733702 1 0
2.181818181825243 1 0
2.090909090916782 1 0
2.000000000008236 1 0
1.909090909098853 1 0
1.818181818189384 1 0
1.727272727279915 1 0
1.636363636370445 1 0
1.545454545460977 1 0
1.454545454551508 1 0
1.363636363642038 1 0
1.272727272732569 1 0
1.1818181818231 1 0
1.090909090913631 1 0
1.000000000004161 1 0
0.9090909090946919 1 0
0.8181818181852227 1 0
0.7272727272757535 1 0
0.6363636363662843 1 0
0.5454545454568147 1 0
0.4545454545473455 1 0
0.3636363636378763 1 0
0.2727272727284076 1 0
0.1818181818189384 1 0
0.09090909090946919 1 0
1 6 0 10
241
242
243
244
245
246
247
248
249
250
0 0.9090909090905304 0
0 0.8181818181816916 0
0 0.7272727272732311 0
0 0.6363636363647707 0
0 0.5454545454563107 0
0 0.4545454545473461 0
0 0.3636363636378769 0
0 0.2727272727284077 0
0 0.1818181818189384 0
0 0.09090909090946908 0
2 1 0 3289
251
252
253
254
255
256
257
258
259
260
261
262
263
264
265
266
267
268
269
270
271
272
273
274
275
276
277
278
279
280
281
282
283
284
285
286
287
288
289
290
291
292
293
294
295
296
297
298
299
300
301
302
303
304
305
306
307
308
309
310
311
312
313
314
315
316
317
318
319
320
321
322
323
324
325
326
327
328
329
330
331
332
333
334
335
336
337
338
339
340
341
342
343
344
345
346
347
348
349
350
351
352
353
354
355
356
357
358
359
360
361
362
363
364
365
366
367
368
369
370
371
372
373
374
375
376
377
378
379
380
381
382
383
384
385
386
387
388
389
390
391
392
393
394
395
396
397
398
399
400
401
402
403
404
405
406
407
408
409
410
411
412
413
414
415
416
417
418
419
420
421
422
423
424
425
426
427
428
429
430
431
432
433
434
435
436
437
438
439
440
441
442
443
444
445
446
447
448
449
450
451
452
453
454
455
456
457
458
459
460
461
462
463
464
465
466
467
468
469
470
471
472
473
474
475
476
477
478
479
480
481
482
483
484
485
486
487
488
489
490
491
492
493
494
495
496
497
498
499
500
501
502
503
504
505
506
507
508
509
510
511
512
513
514
515
516
517
518
519
520
521
522
523
524
525
526
527
528
529
530
531
532
533
534
535
536
537
538
539
540
541
542
543
544
545
546
547
548
549
550
551
552
553
554
555
556
557
558
559
560
561
562
563
564
565
566
567
568
569
570
571
572
573
574
575
576
577
578
579
580
581
582
583
584
585
586
587
588
589
590
591
592
593
594
595
596
597
598
599
600
601
602
603
604
605
606
607
608
609
610
611
612
613
614
615
616
617
618
619
620
621
622
623
624
625
626
627
628
629
630
631
632
633
634
635
636
637
638
639
640
641
642
643
644
645
646
647
648
649
650
651
652
653
654
655
656
657
658
659
660
661
662
663
664
665
666
667
668
669
670
671
672
673
674
675
676
677
678
679
680
681
682
683
684
685
686
687
688
689
690
691
692
693
694
695
696
697
698
699
700
701
702
703
704
705
706
707
708
709
710
711
712
713
714
715
716
717
718
719
720
721
722
723
724
725
726
727
728
729
730
731
732
733
734
735
736
737
738
739
740
741
742
743
744
745
746
747
748
749
750
751
752
753
754
755
756
757
758
759
760
761
762
763
764
765
766
767
768
769
770
771
772
773
774
775
776
777
778
779
780
781
782
783
784
785
786
787
788
789
790
791
792
793
794
795
796
797
798
799
800
801
802
803
804
805
806
807
808
809
810
811
812
813
814
815
816
817
818
819
820
821
822
823
824
825
826
827
828
829
830
831
832
833
834
835
836
837
838
839
840
841
842
843
844
845
846
847
848
849
850
851
852
853
854
855
856
857
858
859
860
861
862
863
864
865
866
867
868
869
870
871
872
873
874
875
876
877
878
879
880
881
882
883
884
885
886
887
888
889
890
891
892
893
894
895
896
897
898
899
900
901
902
903
904
905
906
907
908
909
910
911
912
913
914
915
916
917
918
919
920
921
922
923
924
925
926
927
928
929
930
931
932
933
934
935
936
937
938
939
940
941
942
943
944
945
946
947
948
949
950
951
952
953
954
955
956
957
958
959
960
961
962
963
964
965
966
967
968
969
970
971
972
973
974
975
976
977
978
979
980
981
982
983
984
985
986
987
988
989
990
991
992
993
994
995
996
997
998
999
1000
1001
1002
1003
1004
1005
1006
1007
1008
1009
1010
1011
1012
1013
1014
1015
1016
1017
1018
1019
1020
1021
1022
1023
1024
1025
1026
1027
1028
1029
1030
1031
1032
1033
1034
1035
1036
1037
1038
1039
1040
1041
1042
1043
1044
1045
1046
1047
1048
1049
1050
1051
1052
1053
1054
1055
1056
1057
1058
1059
1060
1061
1062
1063
1064
1065
1066
1067
1068
1069
1070
1071
1072
1073
1074
1075
1076
1077
1078
1079
1080
1081
1082
1083
1084
1085
1086
1087
1088
1089
1090
1091
1092
1093
1094
1095
1096
1097
1098
1099
1100
1101
1102
1103
1104
1105
1106
1107
1108
1109
1110
1111
1112
1113
1114
1115
1116
1117
1118
1119
1120
1121
1122
1123
1124
1125
1126
1127
1128
1129
1130
1131
1132
1133
1134
1135
1136
1137
1138
1139
1140
1141
1142
1143
1144
1145
1146
1147
1148
1149
1150
1151
1152
1153
1154
1155
1156
1157
1158
1159
1160
1161
1162
1163
1164
1165
1166
1167
1168
1169
1170
1171
1172
1173
1174
1175
1176
1177
1178
1179
1180
1181
1182
1183
1184
1185
1186
1187
1188
1189
1190
1191
1192
1193
1194
1195
1196
1197
1198
1199
1200
1201
1202
1203
1204
1205
1206
1207
1208
1209
1210
1211
1212
1213
1214
1215
1216
1217
1218
1219
1220
1221
1222
1223
1224
1225
1226
1227
1228
1229
1230
1231
1232
1233
1234
1235
1236
1237
1238
1239
1240
1241
1242
1243
1244
1245
1246
1247
1248
1249
1250
1251
1252
1253
1254
1255
1256
1257
1258
1259
1260
1261
1262
1263
1264
1265
1266
1267
1268
1269
1270
1271
1272
1273
1274
1275
1276
1277
1278
1279
1280
1281
1282
1283
1284
1285
1286
1287
1288
1289
1290
1291
1292
1293
1294
1295
1296
1297
1298
1299
1300
1301
1302
1303
1304
1305
1306
1307
1308
1309
1310
1311
1312
1313
1314
1315
1316
1317
1318
1319
1320
1321
1322
1323
1324
1325
1326
1327
1328
1329
1330
1331
1332
1333
1334
1335
1336
1337
1338
1339
1340
1341
1342
1343
1344
1345
1346
1347
1348
1349
1350
1351
1352
1353
1354
1355
1356
1357
1358
1359
1360
1361
1362
1363
1364
1365
1366
1367
1368
1369
1370
1371
1372
1373
1374
1375
1376
1377
1378
1379
1380
1381
1382
1383
1384
1385
1386
1387
1388
1389
1390
1391
1392
1393
1394
1395
1396
1397
1398
1399
1400
1401
1402
1403
1404
1405
1406
1407
1408
1409
1410
1411
1412
1413
1414
1415
1416
1417
1418
1419
1420
1421
1422
1423
1424
1425
1426
1427
1428
1429
1430
1431
1432
1433
1434
1435
1436
1437
1438
1439
1440
1441
1442
1443
1444
1445
1446
1447
1448
1449
1450
1451
1452
1453
1454
1455
1456
1457
1458
1459
1460
1461
1462
1463
1464
1465
1466
1467
1468
1469
1470
1471
1472
1473
1474
1475
1476
1477
1478
1479
1480
1481
1482
1483
1484
1485
1486
1487
1488
1489
1490
1491
1492
1493
1494
1495
1496
1497
1498
1499
1500
1501
1502
1503
1504
1505
1506
1507
1508
1509
1510
1511
1512
1513
1514
1515
1516
1517
1518
1519
1520
1521
1522
1523
1524
1525
1526
1527
1528
1529
1530
1531
1532
1533
1534
1535
1536
1537
1538
1539
1540
1541
1542
1543
1544
1545
1546
1547
1548
1549
1550
1551
1552
1553
1554
1555
1556
1557
1558
1559
1560
1561
1562
1563
1564
1565
1566
1567
1568
1569
1570
1571
1572
1573
1574
1575
1576
1577
1578
1579
1580
1581
1582
1583
1584
1585
1586
1587
1588
1589
1590
1591
1592
1593
1594
1595
1596
1597
1598
1599
1600
1601
1602
1603
1604
1605
1606
1607
1608
1609
1610
1611
1612
1613
1614
1615
1616
1617
1618
1619
1620
1621
1622
1623
1624
1625
1626
1627
1628
1629
1630
1631
1632
1633
1634
1635
1636
1637
1638
1639
1640
1641
1642
1643
1644
1645
1646
1647
1648
1649
1650
1651
1652
1653
1654
1655
1656
1657
1658
1659
1660
1661
1662
1663
1664
1665
1666
1667
1668
1669
1670
1671
1672
1673
1674
1675
1676
1677
1678
1679
1680
1681
1682
1683
1684
1685
1686
1687
1688
1689
1690
1691
1692
1693
1694
1695
1696
1697
1698
1699
1700
1701
1702
1703
1704
1705
1706
1707
1708
1709
1710
1711
1712
1713
1714
1715
1716
1717
1718
1719
1720
1721
1722
1723
1724
1725
1726
1727
1728
1729
1730
1731
1732
1733
1734
1735
1736
1737
1738
1739
1740
1741
1742
1743
1744
1745
1746
1747
1748
1749
1750
1751
1752
1753
1754
1755
1756
1757
1758
1759
1760
1761
1762
1763
1764
1765
1766
1767
1768
1769
1770
1771
1772
1773
1774
1775
1776
1777
1778
1779
1780
1781
1782
1783
1784
1785
1786
1787
1788
1789
1790
1791
1792
1793
1794
1795
1796
1797
1798
1799
1800
1801
1802
1803
1804
1805
1806
1807
1808
1809
1810
1811
1812
1813
1814
1815
1816
1817
1818
1819
1820
1821
1822
1823
1824
1825
1826
1827
1828
1829
1830
1831
1832
1833
1834
1835
1836
1837
1838
1839
1840
1841
1842
1843
1844
1845
1846
1847
1848
1849
1850
1851
1852
1853
1854
1855
1856
1857
1858
1859
1860
1861
1862
1863
1864
1865
1866
1867
1868
1869
1870
1871
1872
1873
1874
1875
1876
1877
1878
1879
1880
1881
1882
1883
1884
1885
1886
1887
1888
1889
1890
1891
1892
1893
1894
1895
1896
1897
1898
1899
1900
1901
1902
1903
1904
1905
1906
1907
1908
1909
1910
1911
1912
1913
1914
1915
1916
1917
1918
1919
1920
1921
1922
1923
1924
1925
1926
1927
1928
1929
1930
1931
1932
1933
1934
1935
1936
1937
1938
1939
1940
1941
1942
1943
1944
1945
1946
1947
1948
1949
1950
1951
1952
1953
1954
1955
1956
1957
1958
1959
1960
1961
1962
1963
1964
1965
1966
1967
1968
1969
1970
1971
1972
1973
1974
1975
1976
1977
1978
1979
1980
1981
1982
1983
1984
1985
1986
1987
1988
1989
1990
1991
1992
1993
1994
1995
1996
1997
1998
1999
2000
2001
2002
2003
2004
2005
2006
2007
2008
2009
2010
2011
2012
2013
2014
2015
2016
2017
2018
2019
2020
2021
2022
2023
2024
2025
2026
2027
2028
2029
2030
2031
2032
2033
2034
2035
2036
2037
2038
2039
2040
2041
2042
2043
2044
2045
2046
2047
2048
2049
2050
2051
2052
2053
2054
2055
2056
2057
2058
2059
2060
2061
2062
2063
2064
2065
2066
2067
2068
2069
2070
2071
2072
2073
2074
2075
2076
2077
2078
2079
2080
2081
2082
2083
2084
2085
2086
2087
2088
2089
2090
2091
2092
2093
2094
2095
2096
2097
2098
2099
2100
2101
2102
2103
2104
2105
2106
2107
2108
2109
2110
2111
2112
2113
2114
2115
2116
2117
2118
2119
2120
2121
2122
2123
2124
2125
2126
2127
2128
2129
2130
2131
2132
2133
2134
2135
2136
2137
2138
2139
2140
2141
2142
2143
2144
2145
2146
2147
2148
2149
2150
2151
2152
2153
2154
2155
2156
2157
2158
2159
2160
2161
2162
2163
2164
2165
2166
2167
2168
2169
2170
2171
2172
2173
2174
2175
2176
2177
2178
2179
2180
2181
2182
2183
2184
2185
2186
2187
2188
2189
2190
2191
2192
2193
2194
2195
2196
2197
2198
2199
2200
2201
2202
2203
2204
2205
2206
2207
2208
2209
2210
2211
2212
2213
2214
2215
2216
2217
2218
2219
2220
2221
2222
2223
2224
2225
2226
2227
2228
2229
2230
2231
2232
2233
2234
2235
2236
2237
2238
2239
2240
2241
2242
2243
2244
2245
2246
2247
2248
2249
2250
2251
2252
2253
2254
2255
2256
2257
2258
2259
2260
2261
2262
2263
2264
2265
2266
2267
2268
2269
2270
2271
2272
2273
2274
2275
2276
2277
2278
2279
2280
2281
2282
2283
2284
2285
2286
2287
2288
2289
2290
2291
2292
2293
2294
2295
2296
2297
2298
2299
2300
2301
2302
2303
2304
2305
2306
2307
2308
2309
2310
2311
2312
2313
2314
2315
2316
2317
2318
2319
2320
2321
2322
2323
2324
2325
2326
2327
2328
2329
2330
2331
2332
2333
2334
2335
2336
2337
2338
2339
2340
2341
2342
2343
2344
2345
2346
2347
2348
2349
2350
2351
2352
2353
2354
2355
2356
2357
2358
2359
2360
2361
2362
2363
2364
2365
2366
2367
2368
2369
2370
2371
2372
2373
2374
2375
2376
2377
2378
2379
2380
2381
2382
2383
2384
2385
2386
2387
2388
2389
2390
2391
2392
2393
2394
2395
2396
2397
2398
2399
2400
2401
2402
2403
2404
2405
2406
2407
2408
2409
2410
2411
2412
2413
2414
2415
2416
2417
2418
2419
2420
2421
2422
2423
2424
2425
2426
2427
2428
2429
2430
2431
2432
2433
2434
2435
2436
2437
2438
2439
2440
2441
2442
2443
2444
2445
2446
2447
2448
2449
2450
2451
2452
2453
2454
2455
2456
2457
2458
2459
2460
2461
2462
2463
2464
2465
2466
2467
2468
2469
2470
2471
2472
2473
2474
2475
2476
2477
2478
2479
2480
2481
2482
2483
2484
2485
2486
2487
2488
2489
2490
2491
2492
2493
2494
2495
2496
2497
2498
2499
2500
2501
2502
2503
2504
2505
2506
2507
2508
2509
2510
2511
2512
2513
2514
2515
2516
2517
2518
2519
2520
2521
2522
2523
2524
2525
2526
2527
2528
2529
2530
2531
2532
2533
2534
2535
2536
2537
2538
2539
2540
2541
2542
2543
2544
2545
2546
2547
2548
2549
2550
2551
2552
2553
2554
2555
2556
2557
2558
2559
2560
2561
2562
2563
2564
2565
2566
2567
2568
2569
2570
2571
2572
2573
2574
2575
2576
2577
2578
2579
2580
2581
2582
2583
2584
2585
2586
2587
2588
2589
2590
2591
2592
2593
2594
2595
2596
2597
2598
2599
2600
2601
2602
2603
2604
2605
2606
2607
2608
2609
2610
2611
2612
2613
2614
2615
2616
2617
2618
2619
2620
2621
2622
2623
2624
2625
2626
2627
2628
2629
2630
2631
2632
2633
2634
2635
2636
2637
2638
2639
2640
2641
2642
2643
2644
2645
2646
2647
2648
2649
2650
2651
2652
2653
2654
2655
2656
2657
2658
2659
2660
2661
2662
2663
2664
2665
2666
2667
2668
2669
2670
2671
2672
2673
2674
2675
2676
2677
2678
2679
2680
2681
2682
2683
2684
2685
2686
2687
2688
2689
2690
2691
2692
2693
2694
2695
2696
2697
2698
2699
2700
2701
2702
2703
2704
2705
2706
2707
2708
2709
2710
2711
2712
2713
2714
2715
2716
2717
2718
2719
2720
2721
2722
2723
2724
2725
2726
2727
2728
2729
2730
2731
2732
2733
2734
2735
2736
2737
2738
2739
2740
2741
2742
2743
2744
2745
2746
2747
2748
2749
2750
2751
2752
2753
2754
2755
2756
2757
2758
2759
2760
2761
2762
2763
2764
2765
2766
2767
2768
2769
2770
2771
2772
2773
2774
2775
2776
2777
2778
2779
2780
2781
2782
2783
2784
2785
2786
2787
2788
2789
2790
2791
2792
2793
2794
2795
2796
2797
2798
2799
2800
2801
2802
2803
2804
2805
2806
2807
2808
2809
2810
2811
2812
2813
2814
2815
2816
2817
2818
2819
2820
2821
2822
2823
2824
2825
2826
2827
2828
2829
2830
2831
2832
2833
2834
2835
2836
2837
2838
2839
2840
2841
2842
2843
2844
2845
2846
2847
2848
2849
2850
2851
2852
2853
2854
2855
2856
2857
2858
2859
2860
2861
2862
2863
2864
2865
2866
2867
2868
2869
2870
2871
2872
2873
2874
2875
2876
2877
2878
2879
2880
2881
2882
2883
2884
2885
2886
2887
2888
2889
2890
2891
2892
2893
2894
2895
2896
2897
2898
2899
2900
2901
2902
2903
2904
2905
2906
2907
2908
2909
2910
2911
2912
2913
2914
2915
2916
2917
2918
2919
2920
2921
2922
2923
2924
2925
2926
2927
2928
2929
2930
2931
2932
2933
2934
2935
2936
2937
2938
2939
2940
2941
2942
2943
2944
2945
2946
2947
2948
2949
2950
2951
2952
2953
2954
2955
2956
2957
2958
2959
2960
2961
2962
2963
2964
2965
2966
2967
2968
2969
2970
2971
2972
2973
2974
2975
2976
2977
2978
2979
2980
2981
2982
2983
2984
2985
2986
2987
2988
2989
2990
2991
2992
2993
2994
2995
2996
2997
2998
2999
3000
3001
3002
3003
3004
3005
3006
3007
3008
3009
3010
3011
3012
3013
3014
3015
3016
3017
3018
3019
3020
3021
3022
3023
3024
3025
3026
3027
3028
3029
3030
3031
3032
3033
3034
3035
3036
3037
3038
3039
3040
3041
3042
3043
3044
3045
3046
3047
3048
3049
3050
3051
3052
3053
3054
3055
3056
3057
3058
3059
3060
3061
3062
3063
3064
3065
3066
3067
3068
3069
3070
3071
3072
3073
3074
3075
3076
3077
3078
3079
3080
3081
3082
3083
3084
3085
3086
3087
3088
3089
3090
3091
3092
3093
3094
3095
3096
3097
3098
3099
3100
3101
3102
3103
3104
3105
3106
3107
3108
3109
3110
3111
3112
3113
3114
3115
3116
3117
3118
3119
3120
3121
3122
3123
3124
3125
3126
3127
3128
3129
3130
3131
3132
3133
3134
3135
3136
3137
3138
3139
3140
3141
3142
3143
3144
3145
3146
3147
3148
3149
3150
3151
3152
3153
3154
3155
3156
3157
3158
3159
3160
3161
3162
3163
3164
3165
3166
3167
3168
3169
3170
3171
3172
3173
3174
3175
3176
3177
3178
3179
3180
3181
3182
3183
3184
3185
3186
3187
3188
3189
3190
3191
3192
3193
3194
3195
3196
3197
3198
3199
3200
3201
3202
3203
3204
3205
3206
3207
3208
3209
3210
3211
3212
3213
3214
3215
3216
3217
3218
3219
3220
3221
3222
3223
3224
3225
3226
3227
3228
3229
3230
3231
3232
3233
3234
3235
3236
3237
3238
3239
3240
3241
3242
3243
3244
3245
3246
3247
3248
3249
3250
3251
3252
3253
3254
3255
3256
3257
3258
3259
3260
3261
3262
3263
3264
3265
3266
3267
3268
3269
3270
3271
3272
3273
3274
3275
3276
3277
3278
3279
3280
3281
3282
3283
3284
3285
3286
3287
3288
3289
3290
3291
3292
3293
3294
3295
3296
3297
3298
3299
3300
3301
3302
3303
3304
3305
3306
3307
3308
3309
3310
3311
3312
3313
3314
3315
3316
3317
3318
3319
3320
3321
3322
3323
3324
3325
3326
3327
3328
3329
3330
3331
3332
3333
3334
3335
3336
3337
3338
3339
3340
3341
3342
3343
3344
3345
3346
3347
3348
3349
3350
3351
3352
3353
3354
3355
3356
3357
3358
3359
3360
3361
3362
3363
3364
3365
3366
3367
3368
3369
3370
3371
3372
3373
3374
3375
3376
3377
3378
3379
3380
3381
3382
3383
3384
3385
3386
3387
3388
3389
3390
3391
3392
3393
3394
3395
3396
3397
3398
3399
3400
3401
3402
3403
3404
3405
3406
3407
3408
3409
3410
3411
3412
3413
3414
3415
3416
3417
3418
3419
3420
3421
3422
3423
3424
3425
3426
3427
3428
3429
3430
3431
3432
3433
3434
3435
3436
3437
3438
3439
3440
3441
3442
3443
3444
3445
3446
3447
3448
3449
3450
3451
3452
3453
3454
3455
3456
3457
3458
3459
3460
3461
3462
3463
3464
3465
3466
3467
3468
3469
3470
3471
3472
3473
3474
3475
3476
3477
3478
3479
3480
3481
3482
3483
3484
3485
3486
3487
3488
3489
3490
3491
3492
3493
3494
3495
3496
3497
3498
3499
3500
3501
3502
3503
3504
3505
3506
3507
3508
3509
3510
3511
3512
3513
3514
3515
3516
3517
3518
3519
3520
3521
3522
3523
3524
3525
3526
3527
3528
3529
3530
3531
3532
3533
3534
3535
3536
3537
3538
3539
1.63842012288053 -0.4847950822141817 0
1.779770444791316 -0.4868291178812242 0
1.916742326720142 -0.4847839668181675 0
1.482195533779425 -0.4864853032743033 0
1.013063065354979 -0.02374107102530892 0
2.046336398435157 -0.4777628747193099 0
2.225525888055353 -0.4839903664372014 0
2.382038892024045 -0.4826373943081201 0
2.537108597184175 -0.4816275471525442 0
2.69361840280495 -0.4802162377394611 0
2.846074814287759 -0.4803334872592369 0
3.000098079080131 -0.48000227556627 0
3.154692963492962 -0.4785376205710054 0
3.311954986878562 -0.4778258963793667 0
1.012213686834907 -0.1608026437220121 0
3.463951528478886 -0.4785412159267038 0
1.326911629763321 -0.4865358134465784 0
1.012031166587983 -0.2496519199198867 0
3.588046905164445 -0.4777433177004614 0
3.696622932788432 -0.4864875435165899 0
1.013063065355041 -0.3254196429910949 0
1.772727272734649 0.9212704178374507 0
2.304510078599644 0.9338270685427974 0
2.683334826163497 0.9181459258100327 0
3.043414169878615 0.9291574203612492 0
0.9877378250441288 0.02100266273465868 0
2.141790312039374 -0.4831737496519666 0
1.170356319437997 -0.4866341105152874 0
3.923920953706958 0.1579355572811187 0
1.013902269612929 -0.09883760815800992 0
1.245286275900655 -0.476566935216015 0
1.409090909096773 0.9212704178374507 0
1.398283378447624 -0.4783369601321481 0
3.770215389397959 -0.4786535977424619 0
2.296901976571247 -0.4839212027107219 0
2.452860666434559 -0.4830279328497023 0
2.606794366910307 -0.4841564465612216 0
2.762721612212479 -0.4851298400524044 0
2.920171735422712 -0.4844908381095626 0
1.55298292662902 -0.4750398842243329 0
3.073797298827744 -0.485774450911054 0
3.230180189381037 -0.4844493847148384 0
1.70721226079997 -0.4770096269902981 0
3.386480377816419 -0.4876249126507146 0
0.8690380957636067 0.9272107748428626 0
3.407008938206849 0.9181723281593099 0
1.012569858889388 -0.3857553573844935 0
0.83244584498347 0.0525554094457939 0
0.5689073372029214 0.07579818560283003 0
3.923585993783443 0.4264705882331714 0
1.131710406999007 0.9270890784106047 0
2.048989286260496 0.929195276262599 0
1.012970659094339 -0.2028345920206054 0
1.830948070586231 -0.4827008895020216 0
3.835390185095523 -0.4882746512423766 0
3.919596403195106 -0.1112092397101416 0
1.120298317051067 -0.4833279253519967 0
1.966894021537751 -0.4859838495409347 0
0.5002993632486827 0.9214337083113253 0
0.08289834460883524 0.4975733862449173 0
3.52559434919121 -0.4876407573651365 0
3.647121693041812 -0.4824534773231594 0
3.680753463667523 0.920988432732526 0
0.3079923725951993 0.0791673880362691 0
1.013600031864286 -0.4316885261959401 0
2.090313191554148 -0.4856834264348596 0
3.931316771031089 -0.283242662361993 0
3.93644647472013 0.6908356592662567 0
1.591177258411225 0.9171945842859088 0
0.6817679215832092 0.9177294614717206 0
2.262324047843629 -0.4865891778773688 0
2.500000000004852 0.9212704178383246 0
2.865037659841386 0.9080177605273989 0
3.869996853189021 -0.4848078311446634 0
1.605851405298069 -0.484653961931477 0
3.22841279721534 0.9224251509001 0
0.3183482504596785 0.9257406139863713 0
0.08498583044846429 0.3326578127742947 0
0.0700746729334963 0.6810291600778153 0
1.013140704767313 -0.3558561796949432 0
1.01368362071073 -0.2948228049319743 0
1.014925591807267 -0.128541490461404 0
1.01306306535497 -0.06899285682015399 0
2.418236057929591 -0.4865891778773688 0
1.450470109595523 -0.485559492626764 0
1.294470611492763 -0.4865458391206176 0
2.575656218083969 -0.4836396557936383 0
2.730753907669149 -0.4850743930448077 0
2.885656053094524 -0.4868097748611174 0
3.042999974048019 -0.4840729899790471 0
3.197302141788844 -0.485602355286806 0
3.351421331156705 -0.4839210022655783 0
1.015536498984961 -0.4616663324959583 0
0.07635658914446827 0.1400946252560974 0
3.862466108133642 0.9315432802449379 0
0.08704102209531664 0.8559922930253517 0
1.678344563628886 -0.4833446094622961 0
1.524553739131086 -0.4785184775665281 0
1.05733481737521 -0.4661606794340929 0
1.37246658129725 -0.4796756665294544 0
1.737977397680956 -0.47962372912194 0
3.920297982029956 -0.4682395017168866 0
1.213835247577711 -0.4774053866782829 0
1.863024315694867 -0.4797394650895141 0
2.977664859254809 -0.4770170566938131 0
2.990283568464714 -0.4604340251372171 0
2.8220309348464 -0.4797693131877844 0
2.835386177858207 -0.4622813484868479 0
2.815347695836565 -0.4601140759719486 0
2.827579550618453 -0.4436772597062024 0
2.854319676274355 -0.4641033902140577 0
1.81345526926569 -0.4830026154153053 0
1.821455746846963 -0.4678793922481462 0
3.489770425794554 -0.4827075342906437 0
3.481018418316674 -0.4596358653978215 0
3.455102204198666 -0.4528292021362169 0
3.475357381978864 -0.4330615164128829 0
3.448532242933711 -0.4242024430139151 0
3.470490538595731 -0.4041267637765316 0
3.441200296993165 -0.3945657396762758 0
3.464738677470417 -0.3732244888713011 0
3.434171194314452 -0.3636733602119446 0
3.458557593120509 -0.3405902362908186 0
3.425934418893331 -0.329449341827178 0
3.451769828960004 -0.3051925918152903 0
3.41625196134141 -0.2930007303212121 0
3.44443918943666 -0.2675700135386668 0
3.406528324877133 -0.2554041338468707 0
3.436744469177727 -0.2283728068420868 0
3.39691786148941 -0.2156714358677499 0
3.428244789521089 -0.187050698757155 0
3.386821255569018 -0.1736017328323641 0
3.418435941010787 -0.1443247359476129 0
3.376622650399245 -0.1301843843105208 0
3.343676623336532 -0.1628455553838234 0
3.332666226653202 -0.1189284973044577 0
3.366262582652785 -0.08587128279695314 0
3.32187545542155 -0.07268571560534554 0
3.288805589478755 -0.1053125290465995 0
3.275833387359868 -0.0602904636347807 0
3.310498634880818 -0.02642268236727869 0
3.263912340096605 -0.01408615555787752 0
3.229262230087868 -0.04814940816647724 0
3.217132489148649 -0.002165589050200635 0
3.183330981007265 -0.03622824085027783 0
3.170670086337732 0.00941082225093991 0
3.137616278661084 -0.02461818897027705 0
3.124294652072687 0.02100352018849989 0
3.091366380240235 -0.01292469679592825 0
3.078022883148716 0.03299885271582548 0
3.044447634307062 -0.001038954697689503 0
3.031554323814572 0.04482382642448791 0
2.99791817670893 0.01071584372975759 0
2.985078571682749 0.0566129073491141 0
2.952717973962425 0.02254980264751849 0
2.938573177862962 0.06814072691418395 0
2.90608269863308 0.03431402139714032 0
2.891996723452885 0.07972159564862331 0
2.858290865400507 0.04582277536401683 0
2.845039130087907 0.09156030969943986 0
2.811420426989486 0.0572250721072562 0
2.798022399805631 0.1034718771245758 0
2.763759128025511 0.06828038724692553 0
2.750706438760043 0.11540371804199 0
2.716051790832011 0.08073069531924826 0
2.703450453874296 0.1280834682389245 0
2.668253995433084 0.09280216582256459 0
2.65517623982318 0.1392793308519731 0
2.62129191534747 0.1045206419051077 0
2.634010049943909 0.05813071741871423 0
2.588659943771807 0.07200871947091089 0
2.574108014359527 0.1165097395323131 0
2.538900246645867 0.07663806195220088 0
2.526055208365542 0.1265191506693264 0
2.488366797121337 0.08956727923834629 0
2.477635433519032 0.1379039896880693 0
2.44243906944851 0.1015764123360537 0
2.429374326701641 0.1494337854599286 0
2.396254825157974 0.1129805442765292 0
2.40933484026491 0.06652513579897928 0
2.36446151840677 0.0774214413241745 0
2.349257735222044 0.1228901937617698 0
2.318001906125681 0.0880396283529909 0
2.302233537204438 0.1329471837047474 0
2.27022052115971 0.09772196077123199 0
2.254682367268696 0.1430592581727005 0
2.223141696126529 0.1065236519573407 0
2.237849873935648 0.06104352904805242 0
2.191779878996279 0.07081921602919433 0
2.176587486473426 0.1153679893741883 0
2.146703840609067 0.07981063209548908 0
2.130159488288127 0.1235737177164987 0
2.100426856799949 0.08835552715370167 0
2.083506938632121 0.1324119074044036 0
2.053042526797482 0.09671054408015092 0
2.036758694039204 0.1415171633671557 0
2.005955156590442 0.1053888605667479 0
1.989639830484706 0.1502927105964415 0
1.958785139237877 0.1140603209975784 0
1.010080339388081 0.02254163533176776 0
0.9955790504416475 0.04435512359672496 0
1.023288999067267 0.04482654107682152 0
1.008111714864169 0.06988392543335954 0
1.038711681275013 0.06880576961762848 0
1.023120272148529 0.09673851751052923 0
1.056450007070046 0.09608149088705931 0
1.039448701690521 0.1257841104971318 0
1.073819016660721 0.1253240740842342 0
1.090504597163131 0.09459772284101468 0
1.109056169595338 0.1245316389462588 0
1.125018089695569 0.09360291059947046 0
1.144683025105399 0.1233067238667469 0
1.160806547696238 0.09220239900525531 0
1.180878084359268 0.1222091381576447 0
1.198019860247763 0.09178876483616213 0
1.217551223220243 0.1213035098763432 0
1.236555229611657 0.09126239443570108 0
1.254870536668052 0.1203077063987167 0
1.274060718611068 0.08846031387349602 0
1.292428191911117 0.119365563322719 0
1.309712164892657 0.08563908010460775 0
1.942088633004926 0.1595093163121554 0
1.290504312655908 0.05478627163566169 0
1.326332385796069 0.0533347898895111 0
1.308589141844461 0.02371936623413595 0
1.342452328172655 0.02126763147531624 0
1.32379461832335 -0.007770903922587985 0
1.357791924892888 -0.009548297236048435 0
1.339889016502775 -0.03798154012212479 0
1.372893168868043 -0.03954314329176267 0
1.32939499453185 0.1186017089779765 0
1.974978883597198 0.07010027448405243 0
1.355688165036222 -0.06713294740833788 0
1.387906539288634 -0.06857723512974774 0
1.405416718032028 -0.04148032899278856 0
1.420298226868135 -0.07038491663153246 0
1.370754276864546 -0.09509574806625851 0
1.056541798262409 0.1561555957924683 0
1.201505284310825 0.1543852726800188 0
3.297789589493252 0.02148941499486791 0
3.113157380791892 0.06777205150079958 0
2.162578966294814 0.03644881955738996 0
1.438018626761437 -0.04311642355539211 0
1.453003748373 -0.07229630020526909 0
2.601392512277567 0.02399695012510145 0
1.339678240792863 -0.09406669703425832 0
1.353975797869253 -0.1205639108884322 0
1.324496590411365 -0.119760694253194 0
1.337817229122968 -0.1453549927343339 0
1.310002484858986 -0.1442403638492115 0
1.322939657492774 -0.1682394372855656 0
1.469927478168475 -0.04522023888262595 0
1.485750484401211 -0.07436365106387052 0
1.296311800099458 -0.1675301484039246 0
2.921950022277251 0.1155006091011317 0
1.308288845891661 -0.1905047618818766 0
1.334487427509889 -0.1913532012771143 0
1.282527245829908 -0.1897945548250765 0
1.283334110823541 -0.1460821775378383 0
1.504837100330919 -0.04235888510320252 0
1.519292077886174 -0.07549844982581125 0
1.294413049936475 -0.2118845146745941 0
1.270019536716091 -0.2114466530849493 0
2.824881424670364 0.01146967231248892 0
2.070830150719604 0.1779934069340085 0
2.739054695895778 0.1614741080254931 0
1.537454589232431 -0.04825664836046429 0
1.552409759954287 -0.07805704264245827 0
1.534229314447607 -0.1059562323338007 0
1.567912122764789 -0.107005910286156 0
1.549071715671523 -0.134006800135192 0
1.580546094430747 -0.1363441776540746 0
1.563237619695351 -0.1620879917652668 0
1.593798956538366 -0.16376716223726 0
1.61382902048073 -0.1389146331329991 0
1.62410350840157 -0.1666137337768765 0
2.967027673317169 -0.02082285083914777 0
2.464178804239424 0.1868007928474683 0
1.606909075079731 -0.1903189001293638 0
1.635119719830088 -0.1936605029877997 0
1.653036320637409 -0.1693766403585711 0
1.665293317752753 -0.2011053416596425 0
1.281220981292957 -0.2323344269321296 0
1.257317652482936 -0.2313935107665768 0
1.24618146229574 -0.2111220116339535 0
1.234481287461016 -0.2309806015650687 0
1.571252407100757 -0.04997759191158965 0
1.557236844667515 -0.0196755045175649 0
1.223440421096802 -0.2110480655049202 0
3.151214820360732 -0.06720023202669707 0
1.682499018748167 -0.1725406081506691 0
1.696208680103514 -0.2003811993039967 0
1.245245397849382 -0.2511335493044805 0
1.222858767199207 -0.250405302382234 0
1.618103983826374 -0.2139288273926824 0
3.485353824477383 -0.3170287156401099 0
1.712280946850214 -0.1746986513704931 0
1.723770832005668 -0.2019963563726528 0
1.233163439476304 -0.2696515265506599 0
1.21181080686672 -0.2691576608558996 0
1.741703596746616 -0.1770154756960616 0
1.752677314488742 -0.2043786474033125 0
1.72920769909432 -0.1502697860263304 0
1.591382341932508 -0.02097326913674136 0
1.575739074524982 0.01121294638428666 0
1.707359536304339 -0.2274320654906011 0
1.771166096702917 -0.1810323823753594 0
1.780988101095947 -0.2113839731349799 0
2.378580222317981 0.03217459226567278 0
3.471271114881786 -0.1987710586553748 0
1.800796372020666 -0.1845130855636063 0
1.813821203191978 -0.2106349315526782 0
1.831404455854163 -0.185514761976789 0
1.84419738579942 -0.2125958198432201 0
1.861754120366957 -0.1878294647861102 0
1.874859645373013 -0.2153696642448142 0
1.892377837180393 -0.1903540285343818 0
1.905549558136011 -0.2182871245584616 0
1.221988292709385 -0.2878193207651275 0
1.20106184245026 -0.2870478093649494 0
1.191017244853956 -0.2689842761214921 0
1.243050427110171 -0.2886613090650268 0
1.923057788904368 -0.1932677201767928 0
1.935745354843757 -0.2213642706914836 0
1.180581290508088 -0.2864184961614447 0
1.80071197455297 -0.2359891973684675 0
1.311838375739748 0.1526171913108539 0
1.350966963763238 0.1518666574232126 0
1.332512228753402 0.187574243960916 0
1.376521326454135 0.1847737132784854 0
1.354124923553948 0.2241774393802978 0
1.401851172291102 0.2203274529149145 0
1.37691532845573 0.263082826571182 0
1.425664110541772 0.2604325837962309 0
1.40186106408441 0.3040508289546777 0
1.4509103630115 0.3024379327997644 0
1.352372175672524 0.3052475482094829 0
1.813577854052075 -0.1605939042429588 0
3.37859422075496 -0.282643507651581 0
1.189986955919975 -0.3041469220156509 0
1.918356197621083 -0.2460045515699346 0
1.947967624044209 -0.2488762899050588 0
1.966013166969597 -0.2245715350194621 0
1.977952664057069 -0.2521958267516331 0
1.996215358223338 -0.2283230541315363 0
2.008355377497717 -0.2559300862421167 0
2.026452848383132 -0.231878506043376 0
2.038440218842651 -0.2594319664783786 0
2.056649834620926 -0.2351497832405163 0
2.068596166001013 -0.2627986788991413 0
2.086763158964481 -0.238606700208571 0
2.098831912092935 -0.2662494873731126 0
2.116659064098793 -0.242752417407508 0
2.12851019088864 -0.2695962363124896 0
2.146329705093676 -0.24635864293441 0
2.157416947542202 -0.273168923793267 0
2.175716464687747 -0.2494958301873394 0
2.186839939336465 -0.276406475224994 0
2.204965530914599 -0.2532685225808211 0
2.216479942314266 -0.2794135637882486 0
2.23403398924104 -0.2566119468296764 0
2.245666761690419 -0.2813197885823863 0
2.262866797597113 -0.2602642665824228 0
2.274668302502857 -0.2843620167722156 0
2.291652733219556 -0.2633542820829754 0
2.303008304226212 -0.2887444777149655 0
2.320032374892987 -0.2674183353343274 0
2.331585629481896 -0.2923036584713009 0
2.34851489159328 -0.2699439931527974 0
2.359425490063916 -0.2960746687024183 0
2.376708756410737 -0.2731908573272757 0
1.170811203648467 -0.2687628055617007 0
2.389729117486942 -0.3034363819422944 0
2.405251531965803 -0.2767096102315337 0
2.41628857920744 -0.3018468039658227 0
2.433104021629898 -0.2792146872504474 0
1.170037544820878 -0.303196741113112 0
1.378211522495086 0.348385233294883 0
1.326367984361414 0.3494441992674802 0
1.179424061208501 -0.3206517964089445 0
2.444290446166329 -0.3049953209309695 0
2.461748805340954 -0.2826464436617648 0
2.450001358178184 -0.2558206512217488 0
2.478861749253552 -0.25936304464906 0
2.490663434139302 -0.2863527663956908 0
2.507882323360151 -0.2632184272737269 0
2.51920742671315 -0.2900218650992384 0
2.536711945543531 -0.267076344211874 0
2.547574653801238 -0.2937929903862656 0
2.565252247335198 -0.2719593124740702 0
2.576181372294065 -0.2977642284549569 0
2.593710698140444 -0.2750741064028011 0
1.611651694364657 0.009463454912518154 0
1.159991601892944 -0.3197054899577687 0
2.604743003244278 -0.3014634447209676 0
2.621378074297545 -0.2779170105478845 0
1.930477545354793 -0.2726578453571332 0
2.467495877601577 -0.2315802281858461 0
2.633087994984582 -0.3050578396094342 0
2.65097558003106 -0.2826548827233656 0
2.253269006158469 -0.2367105441233789 0
2.638888173210114 -0.2543129734455561 0
2.669882970356752 -0.2595142245774438 0
1.169142556321949 -0.3366123557417793 0
1.150454380352306 -0.3360031284030215 0
2.661543602937378 -0.3092288739655432 0
1.35380413300213 0.3940700671352017 0
1.300436001999717 0.3950563734282352 0
2.337168509981584 -0.2427121362010732 0
1.141497993629118 -0.3197540953601251 0
1.595482834364256 0.04314693493401887 0
1.178700594325756 0.06023397530937663 0
2.047931518296642 -0.2077244860207568 0
1.188352957341048 -0.3376743947098494 0
1.634431999608958 0.04103793406268112 0
1.616098128355248 0.07673827552247632 0
2.195068394588155 -0.3019786132685318 0
2.555934853148229 -0.2465006674852348 0
2.658509029738795 -0.2314080619166261 0
2.689924359687235 -0.2355934133540594 0
2.110990648371728 -0.29290275844089 0
1.15921102365916 -0.3524038720989774 0
1.140843331105989 -0.3519654418858557 0
2.287269171881077 0.1795265293455019 0
2.02058002614431 -0.2831635073465222 0
1.328177592422469 0.4422310166633707 0
1.382954302657371 0.4403579163361228 0
1.27100386118315 0.4433496958427551 0
1.53270054786749 -0.1600146716812224 0
2.166092090637514 -0.2239127084737006 0
2.341062560061511 -0.3184823559329644 0
2.677699325339957 -0.2057716607883981 0
2.709746129279948 -0.2104403016994928 0
2.72181001503662 -0.240506951339357 0
2.741875470110189 -0.2156977496665551 0
2.753452413116366 -0.2454678536331287 0
2.773903718429076 -0.220573557365429 0
2.785409689359888 -0.2504059726104334 0
2.805869256604045 -0.2255874003436275 0
2.817586584939876 -0.2556538049047023 0
2.837806164430816 -0.2306545186206934 0
2.849695374525278 -0.2604094821684868 0
2.869717761906798 -0.2354026868003508 0
2.882130843117033 -0.2650613551192147 0
2.901446630904754 -0.2405123036859611 0
2.913999577410153 -0.2699817390190137 0
2.933345417504305 -0.2454840344084346 0
2.945053120575839 -0.274757039231796 0
2.964934366227452 -0.2506814316325167 0
2.976620822838769 -0.2796846371598167 0
2.996550643059171 -0.2556863907938616 0
3.007676794917986 -0.2847001952721867 0
3.028115300396334 -0.2602076079683342 0
3.038028694905567 -0.289220275618876 0
3.059488342421068 -0.2649818478859738 0
3.069877642427132 -0.2943394363023985 0
3.09100667962824 -0.2706406018341261 0
3.102724904567289 -0.2979251782821987 0
1.92953249909345 0.07845375202067434 0
1.656109739058322 0.07459689456669182 0
1.637721576320811 0.1118219517528847 0
3.122927466053395 -0.2756557578382947 0
3.13451367453689 -0.3067641949942336 0
2.530947752950766 -0.317064642658742 0
2.427846470015322 -0.3248812012534503 0
2.926400855902093 -0.3031880699575156 0
1.910103562600873 -0.1642904932921624 0
1.301192808542179 0.4933431517272913 0
1.242591644711063 0.4940843495971761 0
1.212577737908052 0.4433387840992354 0
1.183462931164378 0.4944116508754604 0
1.153094264564465 0.4445665136948352 0
1.124187014877328 0.4941675481553784 0
1.092969439875505 0.4462161978721541 0
1.062053825773287 0.4952196489405035 0
1.030767972156879 0.4433496252448308 0
0.9983384877967578 0.4957511127228943 0
0.9653081022288339 0.4384148503028941 0
0.9267726399478563 0.5061169305564465 0
1.020267678409009 0.1562001113782296 0
2.698371497351984 -0.1797252013624474 0
2.663882346802052 -0.175045372862516 0
0.8941871422293037 0.4371261824771497 0
0.8566878465819585 0.4981324354750984 0
2.643492361103468 -0.3308289187917069 0
2.671088521939621 -0.3347696007251148 0
1.149524346153036 -0.3679508122142797 0
1.131309672679591 -0.3676486836522067 0
2.797668367837848 -0.2778451454937245 0
1.675125435166321 0.03858372098867965 0
1.456458048537746 -0.01804812170519969 0
3.154665505131089 -0.2812542463083647 0
3.167461926402394 -0.3113817148295445 0
1.679887861475173 0.1098104890160406 0
1.660349658622284 0.1490208517558094 0
3.014566416566499 -0.2305988501543977 0
3.082917250024084 -0.3243050124969683 0
2.856590396353901 -0.2048507149318693 0
0.8209787724226478 0.4336023072714867 0
0.7826997107593707 0.4986658771604842 0
1.272649220110961 0.5462741272483089 0
2.654326175144798 -0.3554780395211897 0
2.680428672838947 -0.3592241047774789 0
3.186749237799253 -0.2863765119487175 0
3.197678301089452 -0.3154974772390508 0
1.288238578704309 -0.004970273232421255 0
2.685888785853876 -0.1472862669508585 0
0.744501344722608 0.4311824545691105 0
0.7045811604794574 0.4991260778008773 0
1.574921677273518 0.07234654696571932 0
0.6650458886397914 0.4294423962937438 0
0.6236833842393716 0.4995919851840799 0
0.5829481174762277 0.4276347862577365 0
0.5403299996348609 0.4995155116262827 0
1.702856635486753 0.1478525743041174 0
1.684545552859937 0.1874602642369748 0
1.139951686206866 -0.3835521154340101 0
1.121767994060242 -0.3829060470912619 0
1.158289797490548 -0.3841508176032791 0
1.113215237939004 -0.3670318006664973 0
1.103936408079903 -0.3821566842351395 0
1.031348646301283 0.5441722811453436 0
1.095550093505763 -0.3668273561148093 0
0.4989520239602994 0.425873718893817 0
2.648715496430951 -0.1427574401778432 0
3.179740574309485 -0.3408954965442735 0
3.208751753324713 -0.3443682579582336 0
3.410669069845324 -0.3863368550504453 0
3.169658199799228 -0.2578284220584307 0
1.944538428301399 0.03616378502635374 0
1.900362213645046 0.04486285560395438 0
1.728738871598718 0.1864520822290051 0
1.709580719700661 0.227624589081905 0
1.758678803078796 0.2245790262654098 0
1.736130301754615 0.2697431682342276 0
1.788545857798467 0.2666083538428227 0
1.763966706617633 0.3141250518571866 0
1.817235484760208 0.3110205012217959 0
1.792581061661346 0.3604027111187608 0
1.848617864708832 0.3581838349275395 0
1.823100518041705 0.4088714641682174 0
1.883143898734137 0.4061201761377298 0
1.766682917582131 0.4103590307956518 0
1.853705378347877 0.4597179988613235 0
1.917641392909818 0.4568848061831072 0
1.886295623848516 0.513487723091792 0
1.952008266705654 0.5102118434976528 0
1.98056096213048 0.4523477426622158 0
2.016595374690933 0.506099864983113 0
2.045037772477532 0.4472098506334559 0
2.081136368174219 0.5016199089841191 0
2.109817679445181 0.4469351969147995 0
2.145747283023403 0.497885291756905 0
2.174831821404542 0.4432340855175661 0
2.211616277277745 0.4932737250471746 0
2.182044823136073 0.5528179794767289 0
2.248798479959555 0.5464475765999733 0
2.277785137973592 0.4868156822008231 0
2.315869423982005 0.5405306161162081 0
2.344431405023787 0.4807730777449273 0
2.38288906329922 0.5349176337177741 0
2.411102197508297 0.4752949433818855 0
2.449735164429813 0.5283808462525583 0
2.477952771856227 0.4694938477756403 0
2.516666204312638 0.5236290205757763 0
2.545301535634864 0.4658900919042063 0
2.583545053589715 0.5189472207169881 0
2.612075908109073 0.460730260009223 0
2.650137437951488 0.5130626685311346 0
2.67808049657404 0.4531703081378416 0
2.716588396166228 0.5068644121603069 0
2.744393293848145 0.4470769946730097 0
2.782930025574094 0.501078209254323 0
2.811165873256935 0.4423593438517378 0
2.849248690997999 0.4955627169649949 0
2.877564985499938 0.4367912631082612 0
2.915638566911869 0.4901126526470853 0
2.943535237448164 0.4300059034871729 0
2.982037831833605 0.4841264291827834 0
3.009322286310599 0.4238445257237088 0
3.048619381001461 0.4784439715410341 0
3.076306617792826 0.4177765884398132 0
3.119276619027359 0.4744434052271494 0
3.144999831391594 0.4120314920145707 0
3.189100717034322 0.467890545298316 0
3.213234257102317 0.4058104655104614 0
3.253799671782484 0.4606312776776816 0
3.281499375550571 0.3978888336089614 0
3.320271869292176 0.4553560938423687 0
3.350565864024235 0.3902379124339128 0
3.389713990748128 0.449602775412837 0
3.420013009196563 0.3843356873119996 0
3.460594260030809 0.4443275607570998 0
3.490995654075433 0.3784345348193985 0
3.449851717452193 0.3193937857914722 0
3.520147442973896 0.3128706112220908 0
3.290085561437364 0.5187288485018504 0
3.534100593628841 0.438435850339174 0
3.501162739440873 0.5064716682719738 0
3.240460320005975 0.3440557482401441 0
3.094324056146131 0.5390668805928268 0
3.478986188603653 0.255774537467034 0
3.548603900954183 0.2485164669931524 0
3.508296324379813 0.1927429697750851 0
3.57641691760303 0.1856053862955601 0
1.923555497895344 0.5692740544482526 0
1.85421024998667 0.5720876969542822 0
3.537088896991562 0.1309959465864536 0
3.603925293992098 0.1239851939678568 0
2.754865014268704 0.5625118289710611 0
1.039646630092752 0.1926667316236195 0
0.9940934710291647 0.1903451052927357 0
1.682433639658733 0.2642472338172906 0
3.578346364856401 0.5004098593148072 0
2.664801353743144 -0.3789077412525262 0
2.639851023991634 -0.3760030171477205 0
2.689550885869141 -0.382353303265738 0
2.806466018293283 -0.4410349674817967 0
2.8201920580407 -0.4238861817462614 0
2.798016712111509 -0.4210845471834571 0
2.864801701933517 -0.2897084969250028 0
2.811299436226463 -0.4029547647641539 0
2.834520153237672 -0.4061424475726779 0
2.70528628098104 -0.3632112018607605 0
3.106082316926123 0.3577478008604623 0
2.422823531451027 0.02180833627943777 0
2.393556675166765 -0.01073607149377644 0
2.43453699640722 -0.02049985817523603 0
2.405560313948141 -0.05116576272508509 0
2.365962602196094 -0.04245786796867858 0
2.445494141615724 -0.06040705056567672 0
1.902185605930052 -0.2698583549586771 0
1.914016372166827 -0.2952795406302497 0
1.886051380533216 -0.2921981814857051 0
1.898019481794234 -0.3167645746296218 0
1.872045842397642 -0.3147937107129145 0
1.883229385639719 -0.3374250424946441 0
1.858984253741248 -0.3356371569579019 0
1.907708256384647 -0.3403253803848739 0
1.893629592577073 -0.3595850765844535 0
1.916977274793025 -0.3623110260881418 0
1.902959542300658 -0.3807338527803129 0
1.925750196955086 -0.3833367002359265 0
1.939843830326208 -0.3650555772725665 0
1.948744000050011 -0.3862123724730619 0
3.218998016581179 -0.2938557086984839 0
3.565330242263415 0.0702939527849219 0
1.148596442035707 -0.3996890549306753 0
1.166878789340979 -0.4003955129251294 0
3.631131374792427 0.06343914417340843 0
1.393534045237852 0.1483048844065852 0
1.086480124711517 -0.381463285636769 0
0.4556264292087829 0.4991997221341634 0
1.181397364456775 0.3974342601362655 0
2.9892329990258 -0.3084207226552043 0
1.986512798936963 0.02863285619728202 0
2.287287018911831 -0.3093067221997495 0
3.543527351339638 0.5709684614170991 0
3.613103833557953 0.2393160186260888 0
2.553777185262508 0.5792171887278745 0
1.880601119069433 -0.378493284682581 0
2.377026356700372 -0.08055275955682348 0
2.338856281903521 -0.07212082995688421 0
1.365518144145484 -0.1469451242406267 0
1.546676092705097 -0.1863857813641974 0
1.517752764071894 -0.1849864167755819 0
1.530662710406362 -0.210207164455619 0
1.503518939904784 -0.209122332611344 0
1.515476019821088 -0.2329428159485576 0
1.489534152785339 -0.2320799456219333 0
1.50103100530387 -0.2551758570543317 0
1.475389387816994 -0.2537536137780105 0
1.486454073259564 -0.276137119375705 0
1.461846266489032 -0.2746612080694337 0
1.47351183945464 -0.2966305860510416 0
1.49865582773732 -0.2988623197986683 0
1.449230793224427 -0.2950207222636632 0
1.460745822807407 -0.3162583202853999 0
1.436716731680549 -0.3146847021675538 0
1.447432971405618 -0.3347128653036807 0
1.424899985929132 -0.3335583050645745 0
1.414553450189247 -0.3138824305964543 0
1.40290000789128 -0.3325797629355928 0
1.435090237472902 -0.3529267430808235 0
1.456600040843689 -0.3543612280845011 0
1.392551708338943 -0.313182021156162 0
1.380986499282067 -0.3316876097752606 0
1.444890108334821 -0.3718677375781237 0
1.465570569335876 -0.3732390434601143 0
1.370691000781308 -0.3127477056035288 0
1.359229870676919 -0.3308573241329023 0
1.369354854410276 -0.3497171919949882 0
1.348102544143069 -0.348840512636119 0
1.357812217428581 -0.3671886526826039 0
1.337412987589921 -0.3663616570848063 0
1.345911947243986 -0.384789917389973 0
1.326640917886823 -0.383522125068101 0
1.317334511176113 -0.3662451492135146 0
1.30685447484629 -0.382839546345759 0
1.450412664532065 -0.2526899916223163 0
1.454049984686733 -0.3901671382957623 0
1.474318581529909 -0.3914508998500099 0
1.485829501875509 -0.3747349672996925 0
1.494677337572255 -0.3927289479608009 0
1.506037089115907 -0.3763564751758913 0
1.514897877045068 -0.3942018025129376 0
1.526251139331254 -0.3778250220219785 0
1.535027731112481 -0.3958641865742626 0
1.546513508602664 -0.3791417869378592 0
1.555310358589533 -0.397382207819232 0
1.566854487491686 -0.3806266497147192 0
1.575823357087496 -0.3990043335240396 0
1.58767155580803 -0.3821555459294769 0
1.578404974597949 -0.3631902146207949 0
1.599447346070262 -0.36478392636068 0
1.608686756209288 -0.3839232633736877 0
1.620698672409895 -0.3666324389363352 0
1.629653398060442 -0.3857344447427749 0
1.641899186249571 -0.3683298800005674 0
1.65252020003612 -0.3907165261508211 0
1.663651452540061 -0.3705004834455908 0
1.654191885954648 -0.350437605035868 0
1.676072218261441 -0.352651645657047 0
1.685196715659634 -0.372216327664592 0
1.697994032987615 -0.3548339364792439 0
1.707276797103763 -0.3746059738758402 0
1.719984355543212 -0.3568392706961543 0
1.729248757883582 -0.3768080877898772 0
1.589792078078984 -0.3454956508404298 0
1.741867603702731 -0.3591473962431631 0
1.750654935232236 -0.3792329052694875 0
1.297599812817506 -0.3659686956960675 0
1.287186903676964 -0.3822607620462899 0
1.732765792070173 -0.3385273503190845 0
1.382169251408556 -0.2944057465673738 0
1.434002012881385 -0.389157227618145 0
1.348959360884981 -0.3117517082228129 0
1.314718487027605 -0.4000033421222265 0
1.666154267444441 -0.3324361478365977 0
1.489678668250738 -0.1843665406865384 0
1.278006245480453 -0.3652236104243743 0
1.267862053933056 -0.3817395459712127 0
1.526456423810476 -0.2566229232912982 0
1.755586390200762 -0.3408952132936889 0
1.47428811314731 0.2579907020126641 0
1.277068431176549 -0.3987675849727108 0
1.258066994745754 -0.3980600215401917 0
2.649932145280721 -0.3982693014155178 0
2.626664198625593 -0.3955821199113312 0
1.104150094304894 0.06458054699017021 0
3.057114814078466 -0.04459930303636148 0
0.8221303538168295 0.5643120387609823 0
1.962857679290054 -0.3679215704818424 0
1.972069729183659 -0.388172812613318 0
1.986335611811424 -0.3703807992135701 0
1.9957537223148 -0.3911221749557466 0
2.010085406119835 -0.3732547720237648 0
1.112155876570483 -0.3980405101652696 0
3.593111761623022 0.01055941365496972 0
1.69626609662568 -0.3921099838970714 0
2.899949721238424 0.3692574429881035 0
3.190247518584675 -0.3677766937697557 0
3.218635074088745 -0.3718858467816865 0
3.236885440707628 -0.3481857618517044 0
3.247317324473727 -0.3767474056694678 0
1.893346011497692 0.6308452960994492 0
1.82182383295329 0.6338000805608084 0
2.222688435840098 0.6061897208286612 0
2.641542203060732 0.4030104156809301 0
0.7072534828211549 0.3628410854087528 0
2.671421991704719 -0.1133295359766946 0
2.709057745612603 -0.1185777160549666 0
1.725685849241823 0.1114645099174744 0
2.373158507877013 0.4218630223351131 0
1.915936921045523 0.00371447814942739 0
1.874309098598655 0.01060282024814694 0
3.499468019564851 -0.4139129360801639 0
1.910070316386213 0.3511160503050699 0
0.6660071615432943 0.5706015004386469 0
1.616298762072341 -0.4026336752382211 0
1.289744756513541 -0.3486212438540487 0
1.44309300977391 -0.4070929127962956 0
1.423530897956442 -0.405988594189928 0
1.078352101563849 -0.3663142402316194 0
1.087250151508571 -0.3518521010389038 0
1.737795918395086 -0.3967885627392335 0
1.758738700129875 -0.398909702591016 0
1.771719573815491 -0.3818327926081458 0
1.889812890124327 -0.3991301743752967 0
1.868917426593284 -0.3971478534094196 0
2.354801932240879 0.6014172773496067 0
3.347112015346218 0.007867043405892345 0
3.33375567340609 0.05870310519740692 0
1.631223181349542 -0.02412809930602541 0
1.779897895158473 -0.4010862465964203 0
2.019487937032726 -0.3949098716464233 0
2.03398670561065 -0.3762549232119871 0
2.043398593539921 -0.398012967379243 0
2.057850354105769 -0.379402843061431 0
2.067721477566475 -0.4011235196355574 0
2.08165884358869 -0.382491930985957 0
2.091475947614529 -0.404042305617604 0
2.105253535180132 -0.3854284812204452 0
1.500623440319873 0.3003892867545872 0
1.61035620387486 0.1535278420968818 0
1.481550925843329 -0.4093075515766914 0
1.745886459411666 -0.3193494987102778 0
1.303043136819338 0.3053649658196702 0
1.941922519431823 -0.1670650352498481 0
2.103391740909143 -0.2153090118023783 0
1.305463836200311 -0.233563999025052 0
2.054923438583586 0.5603508346539008 0
2.887460251178614 0.5510345954336777 0
2.391399337140982 -0.2500572815043697 0
3.657954897587494 0.003764510992670959 0
3.620541903676731 -0.04832508034564842 0
1.76993568002121 -0.3219408202190605 0
3.019032520560934 0.09174574769483704 0
1.157241211291051 -0.4158135940665261 0
1.175370481620163 -0.4164047120330928 0
1.184937483576952 -0.4011976584659481 0
1.193260654463307 -0.4171364812414674 0
3.202687525053543 0.04530214944913134 0
2.835162052426691 0.1383960766971256 0
2.796058884453487 -0.1948677536048549 0
1.334904857747302 0.5445400677660949 0
1.303927711173747 0.6014857526840629 0
1.372636105624223 0.5975606608629931 0
2.560754848811578 0.162855173697448 0
2.956251906632748 -0.2205701300399237 0
2.238376920784846 0.190270787773974 0
1.668496917095843 -0.1444110579295518 0
3.266849414597595 -0.3550023731932305 0
0.4135698429664041 0.4248873551020954 0
1.932670786826279 -0.403603075536859 0
1.128529912924074 0.155464430898036 0
1.881037270980364 0.08777131506886696 0
3.081201841819831 -0.2419500613476355 0
2.114486549695201 -0.4067618694575071 0
2.128544178683106 -0.3884099878985362 0
2.137686847715107 -0.4095945539492586 0
2.151610513477113 -0.3914614531792319 0
2.160639415374923 -0.4120514026940515 0
2.174406330329258 -0.3945441402017042 0
2.183069465405918 -0.4152282693734448 0
2.196613617139355 -0.397447102877415 0
3.276628328032541 -0.3825050368294615 0
0.4979175906169273 0.5725698661077017 0
0.4121954290295079 0.5730487417384481 0
1.255739462175273 -0.3644553972462217 0
2.271477314867859 0.2288816579480455 0
2.220686043274333 0.2400666544625406 0
2.825301931513869 -0.3842327934887769 0
2.848844620151121 -0.3875401790084069 0
2.801559881774097 -0.3812090968786891 0
2.006908405749598 -0.4147337003652179 0
3.623329219058855 0.5644411558384255 0
0.8663558222912071 0.3617531141008759 0
2.713791553201988 -0.3862484980554918 0
2.63446715082348 -0.1086987421128958 0
2.694303593537636 -0.08300801294683033 0
2.611699475797113 -0.1386714744812545 0
2.597605477521714 -0.1046013592125141 0
2.575552831529533 -0.1346140262604285 0
1.536639449018628 -0.3605946852739692 0
1.070340085628725 -0.3514032730792237 0
1.079645275239418 -0.3373253513709642 0
1.928144992734233 -0.1359801405739459 0
1.96190588031091 -0.139767902001321 0
1.14991222173598 0.5468644757728841 0
1.016596871564068 0.2312871824521311 0
1.063570358056344 0.231059457388802 0
2.349515066435792 -0.1082168749326626 0
2.312283031757191 -0.1005607486341334 0
2.387824471884789 -0.1178340054993204 0
2.510487111426415 0.4070814294732527 0
2.770715716062748 0.3930105431977821 0
2.205131289657737 -0.4177900250655108 0
2.218508438366135 -0.4003009701307541 0
2.22696287030546 -0.4203974485458539 0
2.240333451190742 -0.4030248895809643 0
2.231829998817528 -0.3824614719560196 0
2.254093956812841 -0.3854709921867364 0
2.262427558397284 -0.4064612846200413 0
2.276268494729836 -0.3888108040831778 0
2.284370398811742 -0.409413255462179 0
2.298363954925069 -0.3919840641476761 0
2.306676803068335 -0.4130248248721776 0
2.321140099862265 -0.3959187393104535 0
2.329410285554666 -0.4169181586788621 0
2.344343582296653 -0.3992731932434501 0
1.266836780108652 -0.4146440713878957 0
0.9906300176928173 0.09605789222259031 0
3.200165062225167 -0.3937201614696907 0
3.173275494313772 -0.3899279604252397 0
1.766414810975834 -0.4177416870295363 0
1.792630820874666 -0.3843161834459173 0
1.79986739264299 -0.403967594543202 0
1.339313678728838 0.6584129098688944 0
1.407628312522665 0.6558047321269423 0
1.441757097486014 0.594033090052779 0
1.476082277559352 0.6530869215867634 0
1.508639113809863 0.5919661447534317 0
1.545218615443369 0.6498875914552669 0
1.26965720412898 0.6596631084040667 0
1.576224877654493 0.5881786461390806 0
1.540083781542009 0.5320672112165954 0
1.847351741629173 -0.3131479980840562 0
1.432098731745161 -0.4231715874738269 0
1.413169307884089 -0.4220817544214498 0
3.684261805156734 -0.05505902063005017 0
3.648949137405208 -0.1084528720519618 0
2.075340130980801 0.3876974275181508 0
1.069274855810042 -0.3807441923600506 0
1.077286110592244 -0.3957674815597929 0
1.523406556721123 -0.4134352067425703 0
3.723373928177902 -0.002589000940376233 0
3.589286070711672 0.636819028793072 0
3.50766284982027 0.6428060823250026 0
0.457590301748452 0.3509641605302469 0
3.296567235664993 -0.358050042608884 0
3.306172046199856 -0.387883574700126 0
3.285680878165337 -0.3257185847858221 0
1.974002188422875 0.196956540336636 0
1.309643825330275 -0.09312170254430613 0
2.30061440712345 -0.06407392663916259 0
2.274537077331867 -0.09288437538658019 0
3.710190854492185 -0.1131158905734093 0
3.675396772517583 -0.1649015732095354 0
0.3742989215966162 0.3515090047110146 0
2.63585477095705 -0.4170368699726053 0
2.613115605053163 -0.4140235210396488 0
2.603970646394567 -0.3934051178340958 0
2.590434888797763 -0.4115317328665052 0
2.581392420218059 -0.3909806469479593 0
2.567840315543183 -0.4091698214574452 0
2.143217591230935 -0.368384926713603 0
2.697814397876666 -0.4046467643407542 0
2.722337525243923 -0.408504795289014 0
3.66982697152005 0.1196171408003934 0
2.352518107176551 -0.420175377361011 0
2.366890166141348 -0.4032296583657766 0
3.40328340369882 0.2522973816195862 0
2.558789930833107 -0.3885645418820737 0
2.545575129986831 -0.4069135230658856 0
2.536175422214946 -0.3862452587579248 0
2.522930902337731 -0.4046119682394896 0
2.513454350450663 -0.3837754076218278 0
2.500358489602631 -0.4024149478414202 0
2.732477653917829 -0.08847087760368552 0
3.657956035263859 0.4948219121403891 0
2.375317294858622 -0.424168766225342 0
2.389322338453415 -0.4057870112190047 0
2.397377701778082 -0.4269369563276869 0
2.410943760610726 -0.4091558237298291 0
3.254897906518156 -0.403986218596767 0
2.490598183803345 -0.3815059404483448 0
2.509767553836941 -0.4227272409254885 0
2.487451328054767 -0.4205981457090283 0
1.436218532161249 -0.09869950588214541 0
2.256015363641292 0.2799840051223061 0
2.309149156912414 0.2685710960183296 0
2.733458535613361 -0.269450302240383 0
1.234999779251624 -0.1913973919886411 0
1.212196053304055 -0.1910385864043171 0
1.223625200947806 -0.1717166497267157 0
1.200894633987083 -0.1712259977605342 0
1.212495176201789 -0.1517427620070929 0
1.189708222169016 -0.1518111780234399 0
1.178324960019114 -0.1712266570393766 0
1.167465551690575 -0.1521984010482302 0
1.156509426216606 -0.1706115889903152 0
1.146070888695769 -0.1524195276553807 0
1.156212848847528 -0.1339194695227093 0
1.135620666107483 -0.1706241237287028 0
1.135419012643365 -0.1344552655385348 0
1.145364313213102 -0.1153994734701449 0
1.124166529953519 -0.1158536876204165 0
1.134495648493832 -0.09645306035235196 0
1.156080768089769 -0.09654039632093181 0
1.112353892279316 -0.09618625623800089 0
1.123377785789708 -0.07695054555500822 0
1.100043524673107 -0.1172629656325868 0
1.100710846181899 -0.07663195248931355 0
1.11202959178114 -0.05714781794904311 0
1.145753952666939 -0.188362318800435 0
1.12576015287087 -0.1884524126933759 0
1.085839285685012 -0.05826435053108601 0
1.135494544885687 -0.2054340527502005 0
1.115923832991015 -0.2050767174806462 0
1.106432145756238 -0.1887385779126375 0
1.096948358900685 -0.2048658160697507 0
1.106212323803873 -0.2210322839742257 0
1.087724234629796 -0.2207479910657991 0
1.096608264248302 -0.2365523355427342 0
1.087613966195459 -0.1885793507226934 0
1.078803973228205 -0.2362861061723925 0
1.087377185328762 -0.2517174071867214 0
1.134982512233204 -0.05808769649452569 0
1.069990822718097 -0.2514575827078949 0
1.078439303073066 -0.2660104064191053 0
1.095177677532224 -0.2652280419179476 0
1.100005110027058 -0.0373720905001264 0
1.077964413148055 -0.07952156256777082 0
1.069497942287409 -0.2192997378896023 0
1.061361169586453 -0.2662170243378509 0
1.114759731912595 -0.2371486519326902 0
1.155366790525716 -0.2059235564407713 0
1.069109557660938 -0.2801195689531364 0
3.735318607751795 -0.1692037947506252 0
3.698668796094447 -0.2159835618023982 0
3.644638838703345 -0.2127867166304593 0
3.666077474817176 -0.2610510308366545 0
3.717934620828434 -0.2656160934278975 0
3.688234581607125 -0.3066057820086144 0
3.733951005142737 -0.3126925692383952 0
3.707629734940093 -0.3483382528650854 0
3.660930321846644 -0.3525405020221265 0
3.749212229206014 -0.3550604814356437 0
1.07707574711917 -0.03745285439516026 0
1.564253093040912 -0.4153922610433146 0
1.2915245934063 -0.2529921098959741 0
1.2319081680515 -0.3063824346168429 0
1.059797399903887 -0.3954759970184704 0
2.381229120659316 -0.3874776340698324 0
2.418613203876613 -0.4294829160720946 0
1.87691145618599 -0.4160369764865984 0
1.888700094210167 -0.02761745696009207 0
1.848678378618323 -0.02081756154759796 0
1.832632902346963 0.01796121492541035 0
1.808816861937609 -0.01406380643957442 0
1.860262741117817 0.6947293836185967 0
1.788612102980471 0.6965124372177156 0
1.934265183204295 0.6912445174605426 0
1.064040605918729 -0.3370109697587239 0
2.729336540521594 -0.3676099885853364 0
2.262597997288327 -0.05661542292869752 0
2.237306087675603 -0.08569865527496001 0
3.529523044942809 0.01739877688556373 0
0.968110171136908 0.2315575836981743 0
2.47473613473754 -0.03088502632841856 0
1.183797549700036 -0.4321678076708262 0
2.816115432897139 -0.3615029213533217 0
2.324833912896012 -0.1404900192410058 0
2.249178669782406 -0.1214149177767662 0
2.211906039132864 -0.1145472451357914 0
2.199833300947611 -0.07890584537854234 0
2.174737676277194 -0.1078316918781528 0
2.162507677169093 -0.0720862388669518 0
2.13793128655917 -0.101042875753427 0
2.125066255035691 -0.06514941776472929 0
2.102715211835079 -0.0955387469690934 0
2.088437342388811 -0.05926555665268189 0
1.97697968217425 -0.3485483598998141 0
1.24837267900643 -0.414058450937253 0
1.238842125153329 -0.3990436780874763 0
2.047758126326637 -0.3575258733691314 0
1.36186053012353 0.04867547518335141 0
3.725374800008487 -0.3865195440309779 0
3.616679528694473 -0.2558243977347496 0
1.947754832856264 -0.1069267374517557 0
1.982696705981108 -0.1115800535059299 0
0.4551281647252181 0.6477089469916077 0
0.3675052876809529 0.6477336316823992 0
1.201448961357804 -0.432922264413368 0
3.670061063816445 0.6303564409927588 0
3.326228248696607 -0.3629534879704537 0
1.404477601884178 -0.4053030146964643 0
1.394290314477172 -0.4212483743423779 0
1.605336141091474 0.5282827945136612 0
1.570135087957921 0.4743627822609217 0
1.306250428009573 0.7206724157671976 0
1.232839140283148 0.7214444964964442 0
2.268242803967323 -0.4253435915684105 0
3.554284984007215 0.7106297529876292 0
1.316274080884904 -0.254716906229386 0
1.301708526432046 -0.2734232374110189 0
1.857256591539605 -0.4144038406984974 0
1.862551637206735 -0.05771432175676697 0
1.760112729458993 -0.299714288647801 0
1.735406917622853 -0.2972187299482215 0
2.718112624667675 -0.05136149163563825 0
1.088802119696151 -0.01710431899999135 0
1.113050632211184 -0.01667162314993778 0
1.78016984586584 0.1755029498986954 0
2.188823471323793 -0.3762467289366683 0
1.068223337727612 -0.4110454339296488 0
1.040222486616169 0.2731846430757588 0
1.089628261378327 0.2723193725485549 0
1.096878609087043 -0.1727264081882001 0
1.078433255410091 -0.1726941633264137 0
1.523736006377202 0.2558634529020938 0
1.497832303749646 0.214346595946292 0
1.550674474473859 0.2980708839032942 0
1.201078892984749 -0.1316088403680878 0
1.644027799558713 -0.3301169081728207 0
1.656492375623375 -0.3111141349996623 0
1.633372146256697 -0.3089129743199695 0
1.647050170175315 -0.2891755670215573 0
1.623208728840152 -0.2874390005930039 0
0.3271746851357922 0.4243714965989934 0
0.9442951863390585 0.1850170755005788 0
1.538365238765284 0.01283000971116831 0
1.835451665927303 -0.3334452717364733 0
1.899879318324973 0.7581335338380455 0
1.477215508570513 0.3433037459756221 0
1.513412585472754 0.7136428449600181 0
1.585854630419947 0.7100465031764372 0
1.065813203778631 -0.01730015972803186 0
2.627713080294527 -0.2272536228803722 0
2.245661106046363 -0.3640596265704353 0
3.183275024715333 -0.4144748890265286 0
3.157223017900812 -0.41064703919545 0
3.146848552846187 -0.3865508023241154 0
3.132541826271061 -0.4066362636731513 0
1.813073732343762 -0.3873407072121832 0
1.291012449471678 0.1878358303380221 0
2.791532095024878 -0.3583249450450977 0
3.76407285640174 -0.3985690419169828 0
3.788991962478072 -0.3632675375494623 0
3.803205927975673 -0.4011618929870222 0
2.85794556173697 -0.409677358117164 0
2.872614048389485 -0.3910972916404897 0
2.881311973910325 -0.4133877557833984 0
2.896232668819352 -0.3946752414604792 0
2.904347137770718 -0.4164605939803919 0
2.91794243867884 -0.3986190838428935 0
2.968759205168983 -0.4578847917473665 0
2.981371697873992 -0.4409339728663121 0
3.003565920300809 -0.4434104862359408 0
2.99383915075305 -0.4231398068126814 0
3.017412583489818 -0.4258689775239901 0
3.00719523295158 -0.4041458310331918 0
3.031564060118712 -0.4071580912262711 0
3.022214945360859 -0.3844058709072324 0
2.996685788196965 -0.3815533101840018 0
2.888730777682974 -0.3688697043615241 0
3.040852956708557 -0.429156049665848 0
3.055320192709428 -0.4103974093294976 0
2.099846060646657 -0.4247763574455527 0
1.92287533019828 0.2079302618400579 0
3.584288987553962 -0.1038184458247432 0
3.335105655352905 -0.3933369350447088 0
0.9164124345899195 0.230229523586518 0
2.554687363091037 -0.4272213912862703 0
1.96794318790458 -0.07953741490965982 0
2.170301649764448 -0.4319186163664199 0
2.485270121381754 -0.07016856731048789 0
2.572253349607216 -0.3698644439673903 0
2.202225593133837 0.2903352924872065 0
3.47224425159425 0.7160825455414468 0
1.096168810569489 -0.3374146310185202 0
1.08897081187519 -0.3224932376482345 0
3.766443444604103 -0.2748827579076853 0
1.669672917664572 -0.2919276894523374 0
0.4180092826825228 0.276736311176603 0
0.3244567007851973 0.2739138138302929 0
0.5027562295016323 0.2786441820021395 0
1.78457423254655 -0.3024202260582556 0
2.7848585054565 -0.4387198678172644 0
1.180867443848262 -0.2514046289691858 0
1.051927426774176 -0.38032660565187 0
2.095458942154832 -0.3630789789372552 0
1.257191135086802 -0.4301775953659657 0
1.275269201899772 -0.430858122963119 0
1.784365785285392 0.57410587261345 0
3.063476095236329 -0.4326394766167708 0
2.431612749551897 -0.4125401848435543 0
1.661039960750901 -0.268609510684493 0
2.438332878774308 -0.4323815159806953 0
2.288683925606782 -0.02635850059600663 0
1.498269190766046 -0.3578203022448445 0
2.706865642208664 -0.4260283501744127 0
1.224092333175229 -0.131094406777012 0
1.212797218454433 -0.1104242095338773 0
1.237271242395058 -0.1098914661832761 0
1.22468347449507 -0.08744263175109646 0
1.750075477190831 -0.2767881071153762 0
3.593651303071607 -0.2107846976123218 0
2.224201852482108 -0.1491401808547704 0
2.720968761958927 -0.3439361397202981 0
2.72882522195138 -0.429788859793051 0
2.424524641512576 -0.3917434447123481 0
1.252598740714013 -0.3072708017241305 0
3.384152417584058 0.04345592701545004 0
3.372611631478625 0.09691686928689441 0
3.318507731189041 0.1117172774695621 0
1.052762833352032 -0.2807913415656297 0
2.313500150404078 -0.3763605422485611 0
1.421814568879258 -0.4386555056684713 0
1.440174371715445 -0.4398645491222524 0
1.054970197101126 -0.03629770169662734 0
2.514479289186491 -0.04121692513706925 0
2.599883687565792 -0.4334699151229415 0
1.053243983705311 -0.2529940674497436 0
1.794273291383976 0.02321311387020026 0
1.7702745824238 -0.00791219204294177 0
1.783958210160976 -0.04416937153374757 0
1.746683270037462 -0.03820841681895883 0
1.271620028374758 0.7856301832914383 0
3.122882384577315 -0.3824087650291144 0
2.742137627261608 -0.4133584381070999 0
3.429069855068614 -0.4443345463244156 0
2.14997464028509 -0.1360242840029564 0
2.055730761323886 -0.4193487079127217 0
0.9681609304474845 0.03928410316954674 0
2.451060938303607 -0.3314711863320421 0
3.829364974367508 -0.3695569835403764 0
1.895804357708473 -0.1325767702616207 0
1.160848556750483 -0.2512449584876916 0
1.15104860800781 -0.2683153070951613 0
0.4112431914487876 0.7200062870550914 0
0.500563205502478 0.7155499160156011 0
0.3272297020660143 0.7208484128303204 0
0.2797663195674899 0.6462390968355516 0
1.076126100793011 0.005058965051276397 0
2.213922401057046 -0.4372711081417796 0
2.314353200025859 -0.4341698644923967 0
2.362033081344634 -0.4416609427891732 0
1.060322175217679 -0.2948656601226697 0
1.574090456571325 0.2531797253383796 0
1.975926887017509 0.753760364586213 0
1.050119309964193 -0.4105059763056191 0
3.841627356829911 -0.4077137911681677 0
2.959574157345517 -0.4388319847510628 0
3.426064080632735 0.6482270817737744 0
3.39031931190864 0.7209859000821413 0
2.620040981384366 -0.07656818448852623 0
1.192010205319303 -0.447758625908609 0
1.174496212799897 -0.4470787058556324 0
1.864966449098643 -0.432244782191372 0
1.884959283938814 -0.4343882525013691 0
1.846355735647433 -0.4299694634741126 0
2.496019647063767 -0.4407162972492747 0
1.760140801475007 -0.07277956991647934 0
1.723812146919859 -0.06704220931385764 0
1.941323532724995 -0.2979826118089819 0
1.018471349649415 0.006418460671963318 0
1.955286473551208 0.2474806368168573 0
2.658522132203519 -0.4196979460375281 0
2.644328981175017 -0.4376316686231007 0
2.068531408101361 0.04926257076137001 0
2.235731067137424 0.3313516992324524 0
3.566565836809782 -0.2514796212725435 0
3.589401363192908 -0.2896075439810414 0
1.996645658706789 -0.1435999320163069 0
1.38051216295958 -0.3715832165263738 0
1.087413087524313 -0.1569271780140195 0
1.069242394754097 -0.1574494406389359 0
1.060548688352887 -0.1726697309718793 0
1.051434134398415 -0.1575300787791966 0
1.059899278150397 -0.1424344435889017 0
1.043150616849414 -0.1725727947023841 0
1.051863396295065 -0.1873550414803178 0
3.316280664210188 -0.4152372316804125 0
3.343560396156956 -0.4209171307221802 0
3.208781386909648 -0.4184888655598318 0
2.414246174815363 0.1982714978381979 0
2.449770962280352 0.237135630128605 0
2.017864463454244 -0.1155516024460331 0
2.746940834869346 -0.1244485188550637 0
2.770837405523709 -0.09444392119357506 0
2.45700373926301 -0.09863931666121986 0
1.633031205186975 0.4707901008264027 0
1.593095585208955 0.4230033178249916 0
1.065493151897851 0.3159726285120064 0
1.016994614675995 0.3220618467117098 0
1.558623753253432 -0.2121679671573322 0
2.25976776594701 -0.1558553095578095 0
1.797735077026269 -0.07926318011883694 0
2.167039533231736 0.2501154301120349 0
1.858776107402611 -0.2400131417149851 0
2.49386097959119 -0.1064907872177359 0
2.46269686850889 -0.1389868305221346 0
2.670787612479929 -0.4430721511858318 0
1.200439152833168 -0.2098195836592017 0
3.870596095422401 -0.3769294274179762 0
2.40480496022221 -0.4479448948582939 0
1.43090617471906 -0.4549649401203987 0
1.251547514056015 -0.08794050888680539 0
1.238388086266613 -0.06460748881681663 0
1.210755265865618 -0.06469120310846357 0
1.224379197847221 -0.04040128502081347 0
1.195767194030181 -0.04040549398224125 0
1.210623311578504 -0.0150894117067067 0
1.180583495368882 -0.0154952520163987 0
1.264469104446142 -0.06443788716796353 0
2.504410630126612 -0.1434645676889859 0
2.234622950316693 -0.4395980351671185 0
3.518458443508282 0.7857160512650335 0
1.241294394166482 -0.3245993777075009 0
1.26577246814174 -0.4460251044903061 0
1.283707082901529 -0.4467217300766684 0
1.643426940592114 0.5832873001348724 0
0.8905141800705421 0.1766107856227551 0
0.855462392956203 0.2268818209360939 0
2.890091280829279 -0.4347489936787668 0
2.912789013043236 -0.436766836014521 0
2.64961461303565 0.01906396261272487 0
1.293226020669588 -0.4316140114934333 0
1.301578127245488 -0.4474726666412316 0
1.86007878826563 -0.3772277915333652 0
2.589679944332186 -0.167905670458829 0
1.584196280672883 -0.41706423792143 0
1.573005079503937 -0.433040917473831 0
1.592098770899923 -0.4345353246434861 0
1.581359526356628 -0.4499044979806695 0
1.554379869712077 -0.431930124066607 0
2.518421265965813 -0.4432083036385195 0
3.773458458816979 -0.1183407306153777 0
3.012311555551103 -0.3607011169847288 0
1.247623124210359 -0.4459177188612342 0
3.806367616625894 -0.1832839820392184 0
3.037690872381683 -0.3640047185614261 0
3.141579455721371 -0.4304210619758687 0
3.119145789243522 -0.4249096812274826 0
1.053894398974067 -0.3509364580113119 0
1.046679579318786 -0.336384337691864 0
1.710141271087724 -0.03298260011506531 0
1.687735567618511 -0.06166884469991341 0
2.715692268699226 -0.4471210897263004 0
2.735911963402013 -0.4513051778432705 0
1.89293478551134 0.1675989335469299 0
1.386252185612983 -0.4050788608319482 0
1.375799202510309 -0.4207028112402746 0
1.384309788079855 -0.437065557974758 0
1.366262601611246 -0.436446643538879 0
1.357718389038232 -0.4204314858855829 0
1.347680792332996 -0.4357887293885104 0
3.192878261105716 -0.4380070418020533 0
2.503989982305074 -0.3624517996167453 0
3.215685634200975 -0.4410356013048722 0
1.599988835570301 -0.4512875692346082 0
1.105074297108819 -0.3226952856354862 0
1.097332399885291 -0.3072953088660574 0
1.1388802804601 -0.4151245724328122 0
1.147578235606658 -0.4313396204307093 0
1.12907688822764 -0.4306810691023773 0
1.137998642687714 -0.4470684503012605 0
1.119319763990077 -0.4465833861009695 0
2.806493153294071 -0.3380521867519548 0
2.783662521095556 -0.3319350253618754 0
2.832348939943861 -0.3412313910487657 0
1.507080265078407 0.4777709064811598 0
1.329372557321886 -0.2349398093008128 0
1.340221921954663 -0.2561895808431525 0
1.353306004132384 -0.236204458772884 0
1.725670917935913 -0.274995847404834 0
3.737800859739526 -0.4228105122910835 0
3.705383584243477 -0.4167770250637511 0
2.187863075021808 -0.04227271533043898 0
1.05891763700267 -0.4269930777817684 0
1.076378104021267 -0.427208209329152 0
1.044464239753868 -0.2951150801135546 0
1.036535641954121 -0.2808705861806294 0
2.986293046804298 -0.3580163074529983 0
2.970795768515396 -0.3791365362191213 0
2.960149068058278 -0.3554892549719161 0
0.471354724510513 0.2054814205247864 0
1.311312722667047 -0.4326819235332408 0
1.202625449378079 -0.4017297722810649 0
1.194490882890757 -0.3857511702141218 0
1.755623012344615 0.02952756387230274 0
1.776216947841021 0.06238684161265026 0
1.805634510225361 -0.3674467723542641 0
1.610649841611239 -0.4362258626662467 0
1.618471613223827 -0.4528773446130271 0
1.629126718475393 -0.4379351361203053 0
1.636925763730703 -0.4547553812213502 0
1.647575029608076 -0.4396116862245638 0
3.345360288963811 0.6544959860090694 0
3.309278120226795 0.7229204914964608 0
3.265002155526032 0.65961130317369 0
3.229156242947823 0.7285372589827551 0
3.185270195879323 0.6640370543293321 0
3.149860765273181 0.7317159589764649 0
3.105903265715941 0.669066473100287 0
3.071245282197657 0.7394970482424026 0
3.027354271457926 0.6746405665600702 0
2.992901129848223 0.7446415590683803 0
2.949616446484833 0.6806228570537292 0
2.914855511190071 0.7497312124857308 0
2.871652166440993 0.6857962342754391 0
2.836869741943375 0.7547207202063424 0
3.126269000409562 -0.449058976204157 0
2.688826335029331 -0.3136205757503436 0
1.275180908821803 -0.4647844624950517 0
1.319640473029233 -0.4485994911010692 0
1.343291164041618 0.781062264386114 0
2.112358516394659 -0.02844270503964447 0
2.946296994202556 -0.4554384229758207 0
1.868308683635596 0.2161387159830888 0
2.503753549551229 -0.0007979187311859173 0
2.145521985303256 0.3023209028718651 0
2.446671703606246 -0.3950181974206705 0
1.209485371646317 -0.4482681451961493 0
2.777117564734699 -0.3773789895856426 0
3.611545194642588 0.7898438799825781 0
0.2463914241491935 0.7195868961749807 0
1.219158806863375 -0.4333251746888258 0
2.249968162285067 -0.01920260718021284 0
1.042322643967765 -0.14260981434876 0
1.050526468366147 -0.1272905601647725 0
3.392774168849869 -0.008465148065870527 0
3.43355109810573 0.07655444573532413 0
2.793695393967274 0.6911562905132614 0
2.758890150820974 0.7597567695017573 0
2.715686265125951 0.6961631870635757 0
2.680835368610375 0.7645197448714047 0
2.638540037037394 0.7001003138919428 0
2.602828614578626 0.7694190636373958 0
2.559443733607846 0.7041417080141876 0
2.524463331746247 0.7740737758865976 0
2.480347800191292 0.7094335809615808 0
2.446024426192879 0.7792611750451176 0
3.356795720089393 0.1515180236752207 0
3.302670459273199 0.1664060236808818 0
2.730458228722187 0.03465931540676626 0
3.354678201875306 -0.3708838423484551 0
3.345451598062204 -0.3414646204419049 0
0.8276662980366101 0.1721435595766584 0
0.7883174638432907 0.2302549919760447 0
0.7566885061986325 0.1663009106174382 0
0.7146639998230104 0.2284612157507427 0
1.116585504564975 0.3151117029871712 0
1.139683035820799 0.2707685697086102 0
2.073433548647963 -0.02159918267972405 0
2.050819433263796 -0.05316678534666705 0
1.264059380161878 -0.2895408266906461 0
1.273614828268532 -0.3083742064127172 0
3.136802579159549 -0.3617314275145811 0
3.263422258010233 0.1265945003159661 0
3.247055262735975 0.1801680079046596 0
3.28876974409823 0.2235986343974729 0
3.207932141789753 0.14021051318867 0
3.191667091171083 0.1935386094174909 0
1.449419361731793 -0.4560756790716269 0
1.45841427757322 -0.4411670849390875 0
1.46700824558881 -0.457025228985744 0
1.476258414701137 -0.442411803922574 0
1.196147206358927 0.7868692906928806 0
1.157951449911472 0.7207753353555659 0
1.119173517234687 0.7864311468018655 0
1.080608920327659 0.7200017949950271 0
1.041389882940552 0.7871420482401494 0
1.002401256739835 0.7191039275649989 0
0.9628542521949841 0.7871164370855303 0
0.9230633547136731 0.7179271433894866 0
3.152767702001507 0.1537363872347406 0
3.13627206325104 0.2054942531644937 0
3.09788005048661 0.1672474082022502 0
3.081187634435302 0.2178954270959602 0
3.042820034628034 0.1794779966720566 0
3.026317151833214 0.2307358221121526 0
2.989308550679496 0.1930679900449704 0
2.971551626423644 0.2433250392743839 0
2.934562641963484 0.2057589640173869 0
2.917228425778809 0.2634547584275465 0
3.014194121818982 0.2869459801813879 0
1.568438850099112 -0.3438070127356219 0
1.58058932864833 -0.3252878409447887 0
1.558203142527487 -0.3235356206573591 0
1.570195262344119 -0.3046634423588149 0
1.547418586654892 -0.3029931903138462 0
1.535109528458552 -0.3222245377266226 0
1.560458882784336 -0.2832346174751981 0
3.170126870749874 0.2466004979056314 0
2.009931896386985 0.6877457675563352 0
2.052466888157709 0.7491407389134601 0
2.077827444515286 0.679650786795293 0
2.130713918476661 0.7339149963859203 0
2.032257115546509 -0.1471473042654122 0
1.772776370793877 -0.1068284657425188 0
1.113934976932362 -0.3078764639735194 0
1.939840519340632 0.8233680438038107 0
2.784966083410919 -0.1295971622477653 0
2.809097549826142 -0.1002757371479636 0
2.823390250056479 -0.1357337613755334 0
2.848119177823826 -0.1066270097355703 0
2.836707220354832 -0.06984661808339918 0
2.874077953559267 -0.07639750065661799 0
2.887564098924808 -0.1136625369984675 0
2.913143972259201 -0.08300518138986428 0
2.926626333440974 -0.1205138466604533 0
2.901620791494262 -0.1501016099180562 0
2.501679665675913 0.2248238795958254 0
2.486263402712682 0.2749735837465724 0
2.539145516204043 0.2657228895418542 0
2.432536827760952 0.2871429968014771 0
2.952594994362154 -0.09017362968096521 0
2.966180280748865 -0.1275019842001298 0
2.992235244319172 -0.09811220604942306 0
3.006090706461539 -0.1348368120206476 0
1.068343598189021 -0.1268273388627225 0
1.058961169640191 -0.1117903810247921 0
2.438504847158022 -0.3737230610598535 0
1.484236994534625 -0.4579173748697903 0
1.493946965258586 -0.4436300237502312 0
3.105151454751576 -0.4429328054336555 0
2.00943736379501 0.2368161836270304 0
1.991433181428145 0.2865667000376201 0
2.046844631507482 0.2755990616830849 0
2.557008896664656 -0.09785047956810451 0
1.655649108296968 -0.4554981663633036 0
1.66630761446746 -0.4411856952989757 0
1.658892080875536 -0.424568328805096 0
1.677255152527494 -0.4260349294250936 0
1.685042838280134 -0.4431970676170384 0
1.695994081774123 -0.4279962295243526 0
1.703732869228672 -0.4448632689789594 0
1.714755511367261 -0.4299180405493375 0
1.722442876945671 -0.4466420818123534 0
1.73341382581552 -0.4318816746545054 0
1.741032346249404 -0.4489208625363421 0
3.815138045935308 -0.4387171067591546 0
1.552411374591674 0.7763239571780457 0
1.627985183781774 0.772419749829532 0
2.437281006890746 -0.2283409688512879 0
2.456254792571034 -0.2016870144392052 0
2.424088609284929 -0.1989352041297393 0
2.486854869107896 -0.2061925302746514 0
1.041217402926899 -0.1122877750381538 0
1.049368114930692 -0.09705564711644882 0
2.223078048839556 -0.3615743654498483 0
2.236672041494728 -0.3428767113792797 0
2.587095627597595 -0.3234364495253326 0
0.8826282105146892 0.7864158751494066 0
0.8423751363701543 0.7166378163262428 0
0.8008276267747317 0.7859766139574855 0
0.7599867740809738 0.7151244120131333 0
1.246614829238749 -0.1716499831130132 0
1.105969964034985 -0.1562733342330289 0
1.601292474512608 0.2955563112854891 0
2.878807557356951 0.2212544762101272 0
2.86228693221433 0.2732464655544228 0
2.823590825497732 0.2346029056809669 0
2.414572901338794 -0.3676962666563378 0
2.806972204195918 0.2866518549125177 0
1.045075551092831 -0.01901272293589109 0
1.740214683231018 -0.2534009706135335 0
1.220694931078923 -0.3234830827292494 0
1.229454717405173 -0.3412504465438966 0
1.653485218972062 0.4173248241388277 0
3.077908295467994 -0.4135196835415552 0
3.070266172300109 -0.3910812240712013 0
1.356908006471378 -0.4509103287834882 0
1.363520656342105 -0.2572229536571078 0
1.377332533858558 -0.2375564700654569 0
1.367552349087938 -0.2156593723300561 0
1.392148881189431 -0.2172767775594896 0
1.402333594313826 -0.2394435187111136 0
1.418178143702117 -0.2195753883332244 0
1.405262209392987 -0.1955280777136432 0
1.432019322550154 -0.1957745747250117 0
1.420742254626276 -0.1733545018950987 0
2.402548474157352 0.7166270631387526 0
2.367488160329159 0.7839638619601619 0
2.32407252859499 0.7220934141278503 0
2.300715864555156 0.7789585525661752 0
2.766749900207629 0.2475006472705601 0
1.701472074307808 -0.09400474762810718 0
1.666239108602908 -0.08853253059615221 0
0.7175666252600569 0.7850523767820761 0
0.6763653502045652 0.7141337428254761 0
0.6370104445647817 0.7816487331158646 0
1.035224312227273 -0.1873365753693831 0
1.043540372096919 -0.2016744053257619 0
2.899209764731005 -0.0442113994256149 0
2.986286195820844 0.6107838325213726 0
2.751421029562666 0.3001107645199735 0
2.710696674040556 0.2605374002004269 0
1.169790498667194 0.3131438703739488 0
1.189466165036916 0.2687892511726741 0
1.163898621373336 0.2298220990738857 0
1.210649322558415 0.2278829996923725 0
1.216189325630559 0.3101330228883356 0
1.113569515263245 -0.3371610776175758 0
1.900455512256528 -0.06485335113403139 0
1.212813008316594 -0.3865626786134674 0
1.204301726112981 -0.3706346620488272 0
3.718743006416681 -0.4452850177123137 0
3.68868392536765 -0.4471157779651731 0
3.673799621686902 -0.4162146344099044 0
1.222800606431196 -0.371701869054478 0
1.479518495977701 0.7778250440187682 0
3.049805366983139 -0.4502111157491492 0
1.052421674153303 -0.3094065412735414 0
1.036958623291548 -0.3082655864688761 0
2.957921860877486 0.8115320026397699 0
2.158885555721786 0.1607154335417416 0
1.656507935897589 0.7044318883306074 0
1.985875899448646 -0.2000945781258658 0
3.028134009168715 -0.3390212847026687 0
1.501771284415311 -0.4595083120168154 0
1.511630443245971 -0.4449476577997462 0
1.693493783108764 0.4654274168045556 0
1.143976202563812 -0.221963841899991 0
1.186028576599884 -0.3695194336785298 0
1.853659962972945 -0.4501868186027936 0
2.260183593020336 -0.3465112312307934 0
1.110861309324182 -0.429747062463288 0
1.102090192529283 -0.4458637193947755 0
0.9253564888694786 0.1329478157543132 0
1.838953090543932 -0.4116055502452939 0
1.827496488835675 -0.4295286701473485 0
2.979839733413245 -0.1630204909129311 0
3.019301027879889 -0.1705376053462873 0
3.043733928682002 -0.1434801242337872 0
3.057020388579137 -0.1772758691852559 0
3.081395120296833 -0.1510076500952084 0
3.094499448619033 -0.1850553376622751 0
3.118068854841699 -0.1576349572888839 0
3.132209511336686 -0.1933234060125508 0
3.156827435838616 -0.165046765557372 0
1.698953733896216 0.7658144560400835 0
1.792503626842486 -0.3253573329244108 0
1.446775703423376 -0.174886049813517 0
1.434727717250807 -0.1499834826876788 0
1.461601487049108 -0.1519755577894277 0
2.653040823404716 -0.4583508228664406 0
2.62980867549266 -0.4555243358560031 0
2.694657146271306 0.3112998166241281 0
2.65871562195566 0.2725666483164913 0
3.119360958224676 0.7954124518179546 0
1.164821178931796 -0.2234609300849821 0
0.6814586610255504 0.1581633748000933 0
0.635240596776774 0.2198776314718071 0
2.475281823895878 -0.4371695417994178 0
1.238593174922341 0.8538861060489522 0
0.9605277455320012 0.6519376846895339 0
1.001482595457754 0.8548929133742469 0
2.82248086434281 -0.316547117056015 0
2.898605936518337 -0.4558044899625309 0
0.9423082546720511 0.2788545811200337 0
1.053360646647025 0.0436615626971636 0
3.545979432941383 -0.2090622530558147 0
3.517414286113141 -0.2540175702344372 0
3.55434881710478 0.8648280778997681 0
2.506644967978246 -0.4601906511475574 0
1.806977383923617 -0.3066433857664388 0
1.799321221494352 -0.2824589827037352 0
1.821385971718207 -0.287624782305937 0
2.23508735115879 -0.1810939933707058 0
2.200824393418999 -0.1753332554624862 0
2.268696768984705 -0.1876323173198298 0
1.038002884432363 -0.3503411609549279 0
3.099735497648227 -0.1233417281670561 0
1.310030194327355 -0.4622344398399942 0
1.195311814868339 0.0102557068435306 0
1.165139041183966 0.009240028454806936 0
1.226290595721001 0.01104038466601055 0
3.344793151133326 0.7945447993794574 0
3.327339708930593 -0.440791555480997 0
3.303648861128066 -0.4369068671784988 0
3.352454738318273 -0.4455047598495832 0
3.369459685221347 -0.4266849528735717 0
3.815531076833181 -0.328643518985966 0
1.119599208802084 0.6575981492829118 0
2.679256179717239 -0.04723600863374341 0
1.412216146388592 -0.4531320035839385 0
2.669278308151622 0.6342851186769445 0
1.711042429926319 -0.2958797479880995 0
1.582811063084167 -0.2853222934156608 0
1.574110000421265 -0.2630065611685148 0
1.14138053400182 -0.2516531190843903 0
1.131274697625705 -0.2680202892041639 0
1.140248346567217 -0.2851952978522992 0
1.340465589173762 -0.4191327782966362 0
2.555677787882211 -0.1645008688324055 0
3.378884790649408 -0.4501894595574252 0
1.040947143992323 -0.4260043169057807 0
1.030084061436625 -0.409308308988425 0
3.386730181105176 0.5821765379762391 0
2.524729380657102 0.31420687342112 0
1.185065670336874 -0.464959635941057 0
1.165042339871558 -0.4619884604604672 0
1.106236388759836 -0.292940228455142 0
2.4809344212902 -0.3602197652713275 0
2.494564161998944 -0.3400013583982405 0
2.253000895992327 0.7325267524056578 0
1.184448872964896 -0.06338950084575376 0
3.657189253510982 -0.4415116162324317 0
3.642238515355775 -0.4146427707098817 0
3.624541560662275 -0.4368437045378835 0
3.609118490579579 -0.4102832980092026 0
2.021512431417051 -0.4750364219809079 0
2.034607419937787 -0.4571974520184161 0
2.056919544806599 -0.4580731158952873 0
2.011728625433603 -0.455222206278238 0
1.033000539536068 -0.03574744353241197 0
1.044284872775372 -0.05240266950403946 0
1.826865085449828 -0.3698004352844159 0
3.799419148689429 -0.4817987645029185 0
2.276457062386139 0.005975991453136396 0
2.317220302614858 0.003767764326238706 0
1.868484357095467 0.8234492947559851 0
1.684432326410376 -0.2715779183723894 0
1.673168268434599 -0.2481863012747089 0
2.543947413588807 -0.01188696592957531 0
2.211884176989014 -0.3441327117276943 0
3.108577560230033 -0.3588565922017233 0
3.851679564411457 -0.4417553383564147 0
2.568158077830733 -0.1951155820847979 0
3.170025061047 -0.1992417465478251 0
3.195002676635316 -0.1721988195152472 0
3.208147245820621 -0.2065462347121187 0
3.233950316662947 -0.1768939212802401 0
3.246049449622468 -0.2163550774602854 0
3.220734935722697 -0.1418290447943961 0
3.272643676004961 -0.1844749173086929 0
3.28464074808343 -0.2243682281778465 0
3.260512121859866 -0.2521675573335115 0
3.297126232160942 -0.2609518009773723 0
3.325776796279666 -0.2336197869714695 0
1.349689324168636 -0.2761500557745453 0
1.596592156162191 -0.2650690262848131 0
1.587288311826846 -0.2414960930673996 0
1.589536125763608 -0.466487420577981 0
3.281762485122632 -0.4767970650927092 0
3.257392170779343 -0.4734504781705297 0
3.270334025778635 -0.4554612106403811 0
1.648411892866311 -0.2455949279352266 0
1.670543712696062 0.837537335120815 0
2.223405379847158 -0.4545554728418453 0
2.203371111613606 -0.4530488468889276 0
2.242209924512291 -0.4577114798427255 0
2.535629505173912 -0.1899902791857487 0
2.203423361806346 -0.4825864903245137 0
1.621967220646885 -0.3285379141315093 0
2.582952823670632 0.3114312387596979 0
2.67333132643109 0.222152533492571 0
2.627922770363321 0.2366899224653246 0
2.247636108981514 -0.3253382056598129 0
3.071361562155646 -0.4539923885245436 0
2.03498543389613 -0.0159825942859585 0
3.740018880737257 -0.480854691581786 0
3.377049521669933 -0.347082993042219 0
1.419157716599528 -0.4701443001582934 0
2.776072049667363 -0.4187930253852843 0
1.504597926828996 -0.4286914563239919 0
2.095906231104622 0.8086320789496324 0
2.171564895960302 0.8094027053558872 0
0.3862152425806284 0.7858633230304451 0
2.053157410081847 -0.1196650510064151 0
2.067729641793947 -0.1565544263672508 0
1.669187060179755 -0.4084182143676748 0
2.212768776258103 -0.2041280820481944 0
1.408042971349027 -0.1497231190602765 0
2.025298932115701 -0.4372137788663386 0
1.262879845327617 -0.1111772649771869 0
3.227149975505153 0.5841213592724744 0
1.328661068357661 -0.4625712071476571 0
0.8971196514373175 0.04384870207435855 0
2.75795896979303 -0.1577410356351603 0
3.394569766212934 -0.4331311713484236 0
2.411305704949265 0.851124762082996 0
2.358435586162714 -0.4798570386547514 0
2.331894264131059 -0.4743180127684858 0
1.349098471735664 -0.4814596859243619 0
1.757357283642467 -0.4809459057929728 0
1.188554478083018 -0.1104791808228437 0
1.804341538691079 -0.1086625873060982 0
1.578117504671527 0.3409832580343112 0
1.622879518984778 0.333682364354295 0
1.395627318276884 -0.388460671647309 0
1.154013903205266 -0.01597964532141708 0
2.744879445958822 -0.3474934499712459 0
2.737031167867658 -0.3234911618138975 0
2.431253393671005 0.6426495507714481 0
1.092626050077607 0.3586236181478737 0
2.806047609258643 0.832142984121695 0
3.628147974236851 -0.3837391128527216 0
3.592695233665407 -0.3809404501407874 0
3.574973419649113 -0.4077391971375979 0
3.557102714100476 -0.3799129584476697 0
3.618573547935083 -0.3482122138322735 0
1.132583788852378 0.003914553461900873 0
1.503402021821754 -0.4814543895082822 0
0.1969963233312339 0.6435744916798491 0
0.2357118455745535 0.5689106422111374 0
2.008366845291186 -0.04755609064149813 0
1.764318531320851 -0.2563197037110215 0
1.077434282419103 -0.1113987480658525 0
3.786183929605393 -0.4256557236148675 0
2.139624857826804 0.8810997685209339 0
3.505023393709457 -0.4627687015704677 0
2.555778966200408 0.362134688237354 0
1.46065421041663 -0.1974436660578121 0
2.765386521111525 -0.4378585114074224 0
2.774470581596506 -0.4572847649868148 0
1.067333971971806 -0.308322199797175 0
2.029554123898086 0.3322330436283893 0
3.274763342501979 -0.2884589059484219 0
3.306826255488446 -0.2953252416688766 0
3.111772588960353 -0.4657546947231955 0
2.468143353504448 -0.4188666172767022 0
3.247052304913002 -0.4545856818260242 0
1.067356982457397 -0.4453326234586448 0
2.694815125738383 -0.4434511400348276 0
2.442733584941309 -0.1731852418397926 0
2.411340906535103 -0.1713484087374783 0
2.391258850923462 -0.1963648526909311 0
2.378995904992422 -0.162770995334431 0
2.35668926038479 -0.1937295581440832 0
1.51752297291788 0.844841828514665 0
1.839035364443193 -0.4633551201351366 0
2.621325328863921 -0.0162509751860038 0
1.843583029883247 0.1757618686302533 0
2.947726021755367 -0.3790856738740146 0
2.93263204220575 -0.3578896541116519 0
2.959997425449116 -0.4010897959425904 0
2.947331930762759 -0.3306198120420167 0
1.875876195849781 -0.1002485991549515 0
1.626980065887575 0.2489549612258484 0
1.596693594933705 0.2082478040960006 0
0.8306996269972713 0.2940902897810445 0
1.692616315795614 -0.4602778652349016 0
1.030143851225613 -0.3361455475285981 0
1.898320586533266 -0.4834372340047596 0
1.90709614891766 -0.4682666824853288 0
1.925444677124028 -0.4696773335115054 0
1.915955048918909 -0.453085534880152 0
1.935121983152532 -0.4543206200150094 0
1.890958687640498 -0.4676726025343962 0
1.926262773309292 -0.4379757985395281 0
1.945473788300593 -0.4390750995505704 0
1.95370523259544 -0.4552464545583312 0
1.964996030731364 -0.4395434020337341 0
1.971644569923312 -0.4558732361423435 0
1.983524093784193 -0.4388763784024832 0
1.973441643826569 -0.422804901151409 0
2.568032483829198 0.8407619437032605 0
1.139405226202922 -0.4848883585755778 0
1.060598509428308 -0.2027917894135171 0
2.923091695405621 -0.4537316425804111 0
1.024794994537429 -0.05583076705842303 0
1.037037473470278 -0.06666480689599381 0
1.051865494049363 -0.06797871915726332 0
1.229565341378474 -0.4148636907170128 0
2.828361290345312 0.620414383995909 0
2.371683225945365 -0.4631669230439432 0
2.392509100241195 -0.4652351949428895 0
2.181812223832123 -0.4744284413107294 0
1.673799849198554 -0.02821489312514331 0
1.095929532969849 -0.1399428358094256 0
1.997955890661047 -0.4730499265180131 0
3.336674856058227 -0.4655242313281027 0
1.65613891941319 -0.4845127847525282 0
3.64231363565653 -0.3048736196403149 0
1.098498538007996 -0.4796247393538479 0
3.16830211186739 0.09852086530944421 0
1.177672667707966 -0.2079072198906688 0
2.846692108071923 0.3289002994959999 0
2.123093881822188 -0.482859506766737 0
2.132730596118714 -0.4658518643011913 0
2.113766637653303 -0.4659186921553611 0
2.123200630237965 -0.4509156243780852 0
2.143553363607821 -0.4481645148765503 0
1.825364332485848 -0.4493332490352971 0
1.810273634231474 -0.4533428769489213 0
3.559482175180264 -0.4766468692897421 0
2.095421524511235 0.01018565891870416 0
2.702148879000701 -0.02227771198503242 0
2.73974666247737 -0.01196949373930799 0
3.431192405611569 -0.4768000323527519 0
3.406923848820295 -0.4620845507141652 0
1.09126647417399 -0.2929860792132654 0
3.668442290290043 -0.468318448703109 0
2.110374005846452 0.2607506901766198 0
3.930909758766772 -0.1980585382488135 0
3.860675239404448 -0.2367478814651546 0
2.475019717949863 -0.4805193076711901 0
2.460564789182895 -0.4648980616087809 0
2.441502698891534 -0.4676213540761933 0
1.025425157059596 -0.1704310169368843 0
1.228702126335096 -0.4466412423391644 0
1.151426280096718 0.03385161607513634 0
2.383954227398351 -0.4448522796978881 0
2.412454159530921 -0.4655992029544943 0
2.4260965073517 -0.1231446324118723 0
1.052127593785933 -0.2176557770237271 0
1.036017621981675 -0.2154760507485909 0
1.042911354025177 -0.2301884019534454 0
1.026377994576266 -0.2284023850487555 0
1.034002156041918 -0.2433231790964282 0
2.151570099933459 0.6127683339761226 0
3.201741323631918 -0.462736325602185 0
3.182209003624503 -0.4584310215414766 0
1.571175269708463 -0.4664657570855856 0
3.56847744198193 -0.1640041620724729 0
3.512323747528918 -0.1708014887038128 0
2.670144237491934 -0.4630457036420421 0
1.626291572916223 -0.4696307506781707 0
2.234966317216925 0.8725750235514274 0
1.785828626690304 -0.138189727257911 0
1.249369757254534 -0.3439422585997393 0
2.550335217534926 -0.05475898480629184 0
1.813602301775982 -0.261011131277349 0
1.468303647163208 -0.4261750565654586 0
3.574310777774953 -0.4540820312294042 0
3.545122214079296 -0.4517452461521824 0
1.872836673952382 -0.2668033367808408 0
1.707158662357547 -0.4124721351493412 0
2.069997681917517 -0.4787126837109873 0
2.078855819236304 -0.458680402479864 0
1.020329137387088 -0.1876681318688846 0
2.338811524721382 -0.4378360041159272 0
3.233404498908195 -0.4225841690800927 0
1.9069268532073 -0.437191897234827 0
1.917226420408351 -0.4212460546427791 0
2.631311246299735 -0.4792166456935127 0
3.620279832824303 -0.4795212400631966 0
2.08905460044742 0.3197128206691436 0
2.008604057003535 0.3917677506028265 0
1.207816697753895 -0.3391575103048183 0
2.427211510118005 -0.4522744639079459 0
2.777575759476111 0.02253103438964383 0
2.788459231667187 -0.0214096892213212 0
2.294666240947535 -0.1634722977685329 0
2.302965445143642 -0.197156056785993 0
3.538543172793399 -0.4097248582610461 0
3.520759621554615 -0.3764952623634807 0
3.54415390388179 -0.3504530663315549 0
2.683679008042644 -0.4230132249764187 0
1.795677228807577 -0.4846452262866682 0
1.784278251630387 -0.4704963483236586 0
1.132586992694937 -0.4650307048232867 0
1.523826911934516 -0.3011918197926509 0
1.511492248101346 -0.3213588893276849 0
1.486357284008694 -0.318935524635132 0
1.207460158288626 0.03716107872552378 0
1.241635109674148 0.03566350250491208 0
3.285350801295438 -0.4138620790005926 0
0.7483980843439509 0.8538442418519822 0
3.147870315237733 -0.4545234789406001 0
1.753426439415974 -0.4336683368629671 0
1.760504587866235 -0.4507254529704214 0
1.905578449223599 0.8896193458359585 0
3.842973064424916 -0.1182639478827686 0
3.813817812926246 -0.05346555263408027 0
1.031775953995951 -0.09771982446059618 0
1.834538198438744 -0.09292828902137086 0
1.851537427970208 -0.1207768200128036 0
3.557074915447594 -0.04080769664742998 0
3.497324752509674 -0.03408234980299139 0
3.52278700815121 -0.08532780129593578 0
3.458479402247863 -0.07847378519960857 0
3.471397189146625 0.02171031033913519 0
3.471309207840373 0.1357886127567721 0
1.278080151153415 -0.4852438789265675 0
1.519480163101024 -0.4606296472247509 0
1.529128774321548 -0.4463869851327386 0
1.537647014406334 -0.463982169250392 0
2.936355125785066 -0.4372371589018394 0
0.7257893603331222 0.09705137318865029 0
2.253977591789097 -0.4420265372175763 0
2.260519891036684 -0.4558620445390634 0
1.93424846529373 -0.4852943228251359 0
3.540858832142449 -0.2895850484064189 0
1.97115709415686 0.3427599600836047 0
3.250530911778968 -0.315859741182207 0
3.178143588844983 -0.4797847869304528 0
2.78131280395494 -0.4780102917562842 0
2.878894984573187 -0.4507582254102378 0
1.024232044189271 -0.113121843413621 0
1.021354183879222 -0.08460484173683602 0
2.894343402984866 0.1655591603042028 0
1.302840067398558 -0.416400470512535 0
3.022258603322202 -0.4808851592285325 0
1.042273830561199 -0.3946886533890984 0
1.03611834507219 -0.379510176736521 0
1.114881873763452 0.2243825895868264 0
2.830652199371016 -0.2851332529880657 0
1.841535488943901 0.2634795387938099 0
1.521690495570567 -0.3420792663239636 0
3.748375762762189 -0.4550328101335802 0
2.848154900148483 -0.3153902459097846 0
2.878950117777626 -0.3139948276270269 0
2.861396568979128 -0.343380827664026 0
2.88778846731139 -0.342493553895 0
2.867967031205867 -0.4808863529175213 0
3.055563595520714 -0.3432329031684086 0
3.444078754976353 0.1936949864151358 0
1.822713060564776 -0.05149275506964911 0
2.712015570904078 -0.4824241610318976 0
2.723611982172454 -0.4676602685198853 0
2.745203452121932 -0.4720096875458845 0
2.704840688472224 -0.4630027623575965 0
1.078621918161627 -0.203986750609127 0
2.532229281155777 -0.4248875707561573 0
2.541645187286566 -0.4445507384348421 0
2.56261025774922 -0.4464782491182682 0
2.549431807867502 -0.4636193792564158 0
2.569583005321383 -0.4654578602057672 0
2.583013396696901 -0.4486816997085892 0
2.590702340546382 -0.4689546426139882 0
2.529137919836413 -0.4614968374648697 0
1.033089595533921 -0.1277220295355276 0
1.026356107181421 -0.1422689062272248 0
1.035227999168027 -0.1564857597947101 0
2.023448010563021 0.06081737911487164 0
2.557867585880896 -0.4823907404013943 0
2.765327476803258 -0.2738019947721199 0
2.780306319040262 -0.3019280895111807 0
1.86156079059767 0.1302324489806247 0
1.812848752041824 0.1367841408335567 0
1.834425217910704 0.09453121949911314 0
1.767658152377831 0.1295819289218884 0
1.693343562876471 0.002654690088984803 0
2.55770021012352 -0.3201277502682055 0
2.54216027093735 -0.3430377337768778 0
2.313984671348524 -0.3140106835962457 0
2.297743516772557 -0.3333983518301781 0
2.323152566418885 -0.3378361749623582 0
2.349696938838963 -0.3435685819572703 0
2.368028228771607 -0.3239079454210547 0
2.373480248484824 -0.3483374260659147 0
2.391862615013517 -0.3319012696468299 0
2.354154500170442 -0.3648847649174254 0
2.139172274711912 0.3561035178242129 0
2.940659768677819 -0.1556948030219813 0
2.914690276881855 -0.1829794928767956 0
2.615174690171507 -0.3269658536144017 0
2.597721460652896 -0.3504008461110864 0
2.627957730909183 -0.3523748255528799 0
2.639773348799222 0.322451002862418 0
2.369545456377121 -0.2243430794381933 0
3.105291975315818 -0.05474475520455172 0
2.605502884659366 -0.201837931908738 0
3.14418445852438 -0.2296157701946324 0
2.400734513507994 -0.4831292943730156 0
3.026691829226591 -0.4463308975889365 0
0.5547835053859201 0.2126315229813705 0
1.533986004910751 0.4274922448293342 0
1.479104137796048 0.4307776829069969 0
1.450692898462241 0.4816556816897391 0
3.010551100434181 -0.03110149952060096 0
2.067306171264915 -0.4394875134170769 0
2.1257562195872 0.2065745216076177 0
3.071675579864856 -0.08701670417845349 0
1.512204459297948 -0.2783474495458616 0
1.747532840347694 0.8438994065894906 0
3.37991992787489 0.3238200875835525 0
3.34207284476122 0.2681918494404392 0
3.31373272811631 0.3284639089039054 0
1.168980193243814 -0.03960815033243348 0
1.546825295169372 0.2120871925631975 0
1.519790475321949 0.1727787619352169 0
1.473372124257307 0.1746033406300488 0
1.494526240200986 0.1352180989878746 0
1.536404718365834 0.1345565008984512 0
1.512307295353953 0.09840109478362499 0
1.47209733737372 0.09953485766262432 0
1.489955845705911 0.06351074452015358 0
1.450775464050648 0.0649254997724434 0
1.432189693781711 0.09943273349472215 0
1.413434755853314 0.0676096952405216 0
1.429084166025036 0.03740652654674263 0
1.531392224343518 0.06005600679109581 0
1.393229775158126 0.1030053993863779 0
1.450401368025341 0.2170251393347091 0
1.872251475601915 -0.4499753851823446 0
2.439435710776052 0.4160235226871158 0
2.401396868322537 0.3685573292780663 0
2.336072895146605 0.3713261133884991 0
2.367830504270107 0.3084270255716457 0
2.459545497751023 0.3669922637019214 0
1.285229779786864 -0.2905921911964234 0
1.295936385158481 -0.3120210769547841 0
1.277314172638407 -0.2714674409741778 0
1.241587037713086 0.3974823387101907 0
1.833403866479655 -0.3908783798545209 0
3.355003391260724 -0.2041576248758742 0
3.166859748909668 -0.4385910801507165 0
2.226704119445804 -0.3054338428667999 0
1.736830622225348 -0.09837221916349773 0
2.707542968998191 0.4004429826422886 0
2.008307608112152 -0.1736225929292477 0
2.941874542344532 -0.4846447593573416 0
1.545004593625946 -0.4144049497198578 0
1.957080851292986 -0.003153019433532057 0
3.501366613215085 0.0754570075146951 0
1.053452536315836 0.003072147765149448 0
3.257834772173428 -0.4326887986994594 0
1.044940141191038 -0.3652435438453059 0
1.02780707282496 -0.3641997689056521 0
2.701344572540314 -0.2644341938278595 0
2.713875010830221 -0.2957751956886525 0
2.243662392025618 -0.4848941999448922 0
1.061454834990316 -0.3658280521965636 0
2.533567017560963 0.02974688949895241 0
2.139352956811486 -0.2962925209088412 0
2.122973625848522 -0.3185302163644556 0
2.149788276024849 -0.3219217956231589 0
2.094703780838215 -0.3159059224519318 0
2.133963384216014 -0.343758547851323 0
2.159081640779615 -0.3471625239230022 0
2.175695759164702 -0.3246575096899381 0
2.185877329385865 -0.3496308216643719 0
2.490996459439394 0.04083994521874112 0
1.576583311601238 -0.1880257848656156 0
2.683160635482644 0.05086780931348933 0
2.869007768354799 -0.4306803514708376 0
1.957091201240247 -0.4071341737156961 0
1.568097663443338 0.1687916681227575 0
3.224941000831462 -0.2410751585091402 0
2.523408579930589 -0.08103929429854226 0
1.210692511894496 -0.3050637375726584 0
2.504624797101994 -0.3145726752254686 0
1.30757058945814 -0.03683110026278123 0
3.195500866586714 -0.07854706977173115 0
3.165488967850472 -0.105805694356064 0
3.239738047840647 -0.09766027605507288 0
1.001627497130073 0.3827055594529286 0
2.288591677120366 -0.4320150870525377 0
2.298935239767684 -0.4503402824983059 0
3.929088690826097 -0.0165111861257988 0
3.926643412090078 0.07218196923686773 0
3.853634880326243 0.1141795294697458 0
3.84997044073506 0.1958553181554617 0
3.785579910473951 0.1523281504025856 0
3.779208826983441 0.2326983069479856 0
3.845149897463864 0.2763764741791229 0
3.773719501669532 0.3122014812762955 0
3.793407159203476 0.07554949988213609 0
3.84353100548155 0.3612873874211043 0
3.764692729032913 0.3960612078669014 0
3.704318916809019 0.3429267086089349 0
3.713430943561845 0.1902925278683139 0
3.174283654953683 0.3504410701975497 0
3.141696273381781 0.3011205900853279 0
3.091553172361311 -0.394811674095386 0
1.080400915632387 0.1906429022381285 0
1.927702926980972 -0.03449338496702993 0
2.464757227305836 -0.3816448287268546 0
0.7141551704939714 0.6424912693107081 0
2.627697368988222 -0.1714857545158203 0
1.787268764489611 -0.4198929898283901 0
1.775100668808609 -0.4357613264173962 0
1.794968686140407 -0.4379983261468141 0
3.854656145884625 0.02011221177751062 0
3.141527472180348 0.5999112715254877 0
1.470689498438302 -0.3361992895575903 0
2.873674854172903 -0.00500738263479508 0
2.793854713279425 -0.4584595193332032 0
1.212105452171982 -0.2308946366243993 0
1.186894053009316 -0.2304581701747801 0
1.43063783820292 -0.4852410579971399 0
2.474324204235952 -0.314273481366473 0
2.862688630432613 -0.1441673673465814 0
2.836281501507158 -0.1730418801596104 0
1.403350078861024 -0.4376552106916418 0
1.394010994892126 -0.4521895616059175 0
1.375276860114145 -0.4514792383479723 0
2.416500921793956 -0.08862392123666632 0
3.223975345135369 -0.4640078121688576 0
2.308388579302128 0.428241629051485 0
3.880991276264761 -0.4166372052619137 0
3.915297007873545 -0.3868454326581763 0
3.885301965792721 -0.4553226454280835 0
2.479443583622283 -0.1705389967622284 0
1.923949381428366 -0.3194664454356675 0
1.947318204760095 -0.3238881548939114 0
1.968955719856564 -0.303829445106162 0
2.992258599257235 -0.2005093952870008 0
2.050241597876951 -0.2864179332094282 0
2.031907909202181 -0.3091402537809629 0
2.00178795272461 -0.3051953908277225 0
2.013758887454464 -0.3294485214106145 0
2.061651595923442 -0.3162427419171394 0
1.989393169185349 -0.2792417309443156 0
1.058989395592674 -0.2356467588738484 0
2.116340596151546 -0.1295314108733042 0
2.124610673904001 -0.1663033969169193 0
2.163769100820585 -0.1737112879396604 0
2.138900489608504 -0.1959037823205547 0
2.185777551227769 -0.1436762646653067 0
1.563216811156749 -0.4485101598676842 0
1.779322333434637 -0.4527259233365824 0
3.829975639522468 0.4466901923329515 0
3.884595856801448 0.5158254744418926 0
3.801796752914971 0.5256648159417201 0
3.855289172339509 0.5885191446489204 0
3.771876724347647 0.6015073348924761 0
3.820306735696964 0.6655246017466758 0
1.195677351369091 0.6614630385580492 0
1.674083028516727 -0.4562597351255808 0
1.501388028326428 -0.1033389474286012 0
1.517761527333408 -0.1322109334950071 0
1.468610097727071 -0.1007802776054452 0
1.635494912383577 -0.405404843210621 0
1.038641281164724 0.6565855201436489 0
2.96687383911144 0.3716885393328737 0
3.032170817303027 0.3551985307733234 0
1.403762987529203 -0.09663516193663915 0
2.080835950184047 -0.2900862537152739 0
2.081633522513166 -0.3395687289296281 0
1.235727947554086 0.2656629183177301 0
1.260664156257532 0.2190659119952595 0
1.226226640890595 0.1875755381292081 0
2.242162606401816 0.4352207840642084 0
2.623074974481109 -0.4346158239538734 0
1.044691673753547 -0.2673899956735327 0
1.029103452050776 -0.2677142908567199 0
1.021673061042616 -0.280673722293455 0
1.122818224991798 -0.292513122481525 0
1.114608659961482 -0.2772188651829766 0
0.5905854067844353 0.7124920647236525 0
1.188804509107353 -0.4846695725631094 0
0.8726768655016697 0.1027742189537187 0
2.770670384370527 0.9145699758668091 0
2.955706152804546 0.9269234132012013 0
3.125692774283502 -0.3366711493882704 0
1.363780941584269 -0.3873310508905588 0
0.1499132803037169 0.5705607496705269 0
0.1919596922046762 0.4907740581379742 0
0.129009322331468 0.4176336236818427 0
0.2305920027740689 0.4072081075495481 0
3.062616819297182 0.6053939032120506 0
1.466561922702313 0.03477707410407962 0
3.094295347083675 -0.4814621255164703 0
1.387222021287709 -0.126565271027341 0
1.540977680405561 -0.235940819942341 0
3.465788830617615 0.5767511077517316 0
1.813789778529875 0.2197559348802185 0
1.899381743192023 0.2566381964596357 0
3.389689810124196 -0.4069992225358635 0
1.65145436421768 -0.05676688599628874 0
1.627964440834475 -0.08427148734574222 0
1.643882807302235 -0.1173693590331394 0
1.326271650829083 -0.275146926516848 0
1.313309375806683 -0.2968654906128949 0
1.31379902274084 -0.3177913150145507 0
1.256080402997465 -0.4617337816412639 0
1.160351895167508 -0.285600012823701 0
1.150420227754545 -0.3035168088575507 0
1.324604990530706 -0.06634997372147022 0
1.291050090608768 -0.1191315311444762 0
3.739978965573652 0.6799915003667374 0
3.79297727230189 0.7468593362199925 0
3.702502812687352 0.763465655407908 0
3.759212988155741 0.8167080186714422 0
3.848602801825028 0.8025987406320955 0
1.282064981079665 -0.3295100110754293 0
3.135142393373096 0.9267599193870623 0
2.278746035841192 -0.4854261641431438 0
2.287993369433477 -0.4685923926535878 0
1.13173764182027 -0.3366805375534972 0
2.518982182268086 -0.4765756444505656 0
1.29305125842267 -0.4615717041647756 0
0.9373476908967309 0.3806182217929653 0
3.366278402099542 -0.2437638007738034 0
3.337798872870303 -0.2705193781277692 0
1.423892575568041 -0.3706170285776987 0
1.413320435041366 -0.351601037805833 0
1.39144070755158 -0.3510090369732034 0
3.820170890020131 -0.4850379193829219 0
3.834687365309001 -0.466900494227983 0
1.313932962768053 0.9139737524078935 0
1.338792225943848 -0.3308565888794226 0
0.7985437585129973 0.6432928998062405 0
2.102131433338761 -0.4480147305966304 0
2.203759732714228 0.0279252017500073 0
1.653262620427417 0.006566134603615834 0
1.714575149329559 0.03650021672449891 0
1.94519628688684 0.4001660809957589 0
2.582943042517306 -0.2265801350074476 0
1.745512840632828 -0.4159389389159312 0
0.8786855487942389 0.6325268507138629 0
0.9307192301677141 0.5801698391449248 0
3.715336929411824 0.266220387934715 0
3.077112967414385 0.3028635138436535 0
1.897460521306617 -0.4183578442854509 0
1.595927749753067 -0.4006497227784847 0
2.933329433626091 0.3199094442366258 0
2.284243759526428 0.6563440346432673 0
3.2660044487245 0.2841336455521703 0
3.058173828654564 -0.4709574361867717 0
1.238435535480089 -0.4308306454849092 0
3.921366543572617 0.3302128600664256 0
1.806767688402971 -0.4227859591864091 0
1.586909239368154 -0.08030019116836512 0
1.259067211004423 0.01005340099672987 0
2.845221553722896 -0.4298267142250944 0
1.943069400729122 -0.4704049407638261 0
1.841411000781655 -0.267957018996175 0
2.306026832918765 -0.4682261603142941 0
2.278935248837424 -0.4535392793503477 0
1.265507946723959 0.3451248392634435 0
1.201574161840271 -0.4631070518131404 0
2.721380193283363 -0.1522326584778641 0
1.350489416190258 -0.169072418651486 0
1.374820172220091 -0.1719933192658625 0
1.859834158230814 -0.2919105469695208 0
1.437748104946963 -0.2736476215257677 0
1.424724967811399 -0.2507234970494966 0
1.415410508568807 -0.274698694254916 0
2.568339998437974 -0.3451660018853756 0
1.261268513409515 -0.3270160876200414 0
1.483884892663581 -0.1330416548269115 0
2.192378498065111 -0.4345443659011133 0
3.468935793596084 0.8575844486032753 0
1.913658650722831 -0.102397396323889 0
2.983523827214269 -0.4018224938617115 0
3.313289545504747 0.9233186231562835 0
3.267874641212265 0.8433751581000158 0
2.540366785039245 -0.1355091296453599 0
0.5865694166098974 0.9234078727374671 0
0.5266063773454813 0.8489626973134615 0
0.4403658454418403 0.8537180108541698 0
1.071872995937978 0.06694924445097145 0
1.083664284045299 0.03406119366954272 0
1.117258629008463 0.03359835057503669 0
2.681074678620842 -0.287537991088868 0
2.659113731983423 -0.4796691758674381 0
3.417712333224903 -0.4190172393476804 0
1.608652977533519 -0.05285121627171445 0
1.74888365049244 -0.4650153315441137 0
2.326013343864564 -0.1718379048380154 0
1.888760631402526 -0.2427226956379522 0
1.333185983115008 -0.4017467728114997 0
3.68742430103988 -0.3823753740468362 0
1.730770029345411 -0.4629502315807761 0
3.510998709451812 -0.4830479224942105 0
2.285491053873544 -0.1284170296022586 0
3.03329414247604 -0.1092334740733551 0
2.518889212991351 0.6423112879209018 0
1.476678451119631 0.5346011575246998 0
1.40509205713533 0.5320933851204919 0
2.198881642357555 0.3836343700192372 0
1.125698654996421 -0.1537636918597872 0
2.323694417443091 -0.4540613530266931 0
1.166034702813912 -0.4315489689586919 0
0.7866181486216599 0.3640650619064839 0
1.686958574560797 0.9225329178134927 0
1.439695478924399 -0.2324604968178347 0
1.777438189114619 -0.343999042337657 0
0.4068304362663887 0.9284466826089548 0
1.453592411174967 0.1354548616745789 0
1.426735547835282 0.1736358929126736 0
1.717261729993161 -0.3946186902560239 0
0.08049269478074969 0.2320560596612987 0
0.1577137940398556 0.1851211262554711 0
0.1459619389960456 0.08473317843970973 0
0.2301967401412817 0.1367575037951605 0
0.23931796576706 0.2295394876264519 0
0.3106013044277759 0.1816107507089522 0
0.3737581290729415 0.129736285007943 0
0.2379383471277857 0.3181083537494058 0
0.1610030860397793 0.2754802547917794 0
3.085509351890382 -0.3707935878057793 0
1.247715449105104 -0.3836949253234528 0
3.772137976594788 0.9242619806687078 0
3.540839075135307 -0.4864472101183061 0
2.247966918199756 -0.422738999125836 0
2.576048501892504 -0.4292040097977036 0
3.057377505986143 0.1296507951102057 0
1.590254372335455 -0.2134269065402739 0
1.238363739516049 -0.3589569662252872 0
3.226992439710485 -0.3976985189675347 0
1.08942536173561 -0.09459253407262805 0
2.16736037891131 -0.2990709730847885 0
2.779492737208037 0.1981950136608681 0
2.434126529824644 -0.4857736794339448 0
1.910980059653553 -0.4010679503094374 0
1.13029099843669 -0.3989178528940925 0
1.60534415739963 -0.1074643656337431 0
3.281549816641141 0.07360105249028509 0
1.504169235828469 -0.1586775547286756 0
2.10803002294771 -0.3412870093616946 0
2.673826887334848 -0.4011580329396264 0
2.193530374225523 0.6776845563646426 0
1.870673264001729 -0.3576659869008525 0
1.845497397009049 -0.3571314594140702 0
2.590503531436127 -0.4873501489937696 0
2.612360124461938 -0.4646045192756821 0
3.313398966852596 -0.1943617824109532 0
3.301187715215137 -0.1522736351677971 0
1.029633785383355 -0.2943946844635118 0
3.850687735434422 -0.4841526140005628 0
1.327391806430849 0.2638141255580465 0
1.198514881156937 -0.3215028559441309 0
0.2280902507920729 0.9224819224464333 0
0.2706283869530935 0.8563504937150352 0
0.1825045402368106 0.8570157299691519 0
1.856500308107713 0.05139805772104326 0
1.189323236261608 -0.1898417691034314 0
0.07466859957981099 0.7669495719029569 0
1.646190965133438 -0.4695952213872082 0
3.785303675662893 -0.4547566004072163 0
1.200925627991574 -0.2502174458546651 0
1.426247131647391 -0.2945270377717815 0
1.37593538513317 0.01717275185403676 0
1.384854720901613 -0.468030195280156 0
1.622890255037052 -0.4864444647902799 0
1.149902508072158 -0.4713535386902499 0
0.3241576382429278 0.5711254112498649 0
0.4835728553776747 0.06673828819588155 0
1.210874128014388 -0.4169153952271155 0
2.596058537809229 0.9203329296990732 0
1.328186778838435 -0.3494442281256184 0
1.013125074473773 -0.3114834701944982 0
1.608556079349507 -0.4672216296254796 0
1.013649767275259 -0.2662850332271737 0
1.617041127150651 -0.2423524077940516 0
2.922441371146499 -0.3301964767415375 0
1.013063065355041 -0.3706714287861438 0
1.013237633026974 -0.3407971617038564 0
1.911669041101424 0.1230025080207902 0
2.151263300708653 -0.4654641015758844 0
1.012485910469495 -0.2196845854299594 0
0.5429778691482238 0.3548131921952721 0
2.736858731217586 -0.3911408026713686 0
1.610224567728463 -0.3075240556828101 0
1.013670978942618 -0.4009937957672441 0
1.763617289902086 -0.3617066599237211 0
2.456439970864411 -0.356385078353146 0
1.461959869679669 -0.4082136337538867 0
1.752719003182454 0.6352216917009474 0
1.713371431601129 0.5780830165068157 0
1.745154683378799 0.5102161991577493 0
1.819958684319822 0.5148599660797323 0
1.402431925804142 -0.3696402536178838 0
3.610536927830612 0.4318232502319033 0
1.124686458764883 -0.2213228025506634 0
3.035254179690053 -0.4657865273636453 0
1.721349197911294 -0.3171803322022412 0
1.699003645342292 -0.3161935423926184 0
1.065529429102406 -0.05373347772121881 0
0.6268752621960711 0.3589629224644957 0
1.828735396803196 -0.2368204038585999 0
1.178097157694441 -0.1329187110235474 0
3.562923786717205 0.3711102143114682 0
1.988069379091026 -0.3287319211552941 0
1.338385382066773 -0.4495801915706499 0
1.270802163946067 -0.1685390346960705 0
1.258055548095495 -0.1487848297089588 0
1.965551829287701 0.6283854266379827 0
1.120393711286739 -0.4141948173105262 0
1.466801645742122 -0.4857737766700673 0
1.959042462436589 -0.2754734570722529 0
1.369207600961168 -0.4049366699050019 0
1.013063065354978 -0.03882499962359073 0
2.481195248320279 -0.4586915381588005 0
1.387579899154751 -0.2587590990433716 0
1.390242654609128 -0.01238942671963232 0
1.013833396971157 -0.4162170398323936 0
1.069613288973906 -0.188012804420658 0
1.319070777353859 -0.2129007270749216 0
0.9590478754382304 0.9265812490926533 0
1.177683382863142 -0.3531447855369867 0
1.450358164419242 -0.1257875341123329 0
2.331611585090533 -0.3608265681343696 0
1.80423978813346 -0.4690112567001173 0
1.104933762485359 -0.2511553629609414 0
1.932735731116761 0.2990474125306425 0
2.381116764487469 0.1599557112883213 0
2.366072337743454 0.20726161197766 0
2.397643621937192 0.2492488414122002 0
2.27591468238655 -0.2165674584676286 0
1.157102914989309 -0.4465241558119593 0
1.275151300047895 -0.03533801154260021 0
1.61496109693565 0.6458282691821216 0
0.3699592881922139 0.4984262544987679 0
1.295597359314178 -0.3993275073103196 0
1.586040713047911 -0.483821528261685 0
1.672302364159876 0.5226811379906762 0
1.176366894319234 -0.3849289214965311 0
3.34417136790392 0.2085194765128732 0
1.144184723641749 0.3580934686583683 0
0.5841066972355449 0.572007747006227 0
1.950691037053544 -0.4858093899799198 0
2.901132081011428 -0.4860896558148186 0
1.102883705412918 -0.4128259904034535 0
3.715575908379166 -0.4836210751432892 0
1.931397630147766 -0.3431404319767504 0
1.104723962572624 -0.3521270629940811 0
1.167850670180834 -0.3686831071047639 0
1.283009807514228 0.2632626574758697 0
2.75261913720974 -0.3724039139732483 0
1.094634137139562 -0.3968250018594904 0
3.403876540246392 -0.48283029323517 0
0.8843277480128542 0.3093633453360655 0
2.268110939017912 -0.367978204476295 0
3.411330340452953 -0.1017703886104378 0
1.352472390498394 0.08580477894621447 0
1.536766689962448 -0.2817420184341892 0
2.757460351034766 -0.05535790072567821 0
3.704686774418336 0.5559368545732599 0
2.003141745936359 -0.08828917796389202 0
1.199507457672257 -0.08702288308140765 0
3.133686969197271 -0.4708237621161622 0
2.593639893031208 0.6388987288054336 0
2.496968835352949 -0.2357143001573163 0
1.310682830667515 -0.486922271153314 0
1.663249608196493 -0.2274830033875894 0
1.155348397008937 -0.4864156409935644 0
3.356237316527825 -0.03993532202619531 0
1.404129324349968 -0.2947737126303354 0
3.170159463058171 0.8555073831153447 0
3.006211428248532 0.1417229161255154 0
2.478839049143913 -0.4012059054469528 0
1.293232916466634 -0.06416897597830536 0
1.23554095780543 0.6035410810161224 0
1.639273656336113 0.1915444279724253 0
1.285139643427883 -0.4152686281066689 0
2.308768070114339 -0.2267239754223034 0
1.122573247778563 -0.3522089990463507 0
2.336139802373758 0.04337425703799891 0
0.5438294206075041 0.644260027561501 0
1.068462202493093 -0.09629998831707323 0
2.958449171328517 -0.3038086920969595 0
2.787244799061891 -0.3994497457392767 0
1.414761402283786 -0.3889184708811428 0
3.105096825099463 -0.2181716439038118 0
3.644609848573154 0.7018510430884471 0
3.670145431855877 0.834807538921547 0
0.9762820544606231 0.1415286069830422 0
1.493064679816016 0.9252745268161942 0
1.602889786668364 -0.4191172806840535 0
3.350474406849093 -0.3111464983404118 0
1.115413613338416 -0.1363772563273195 0
1.450673984608435 -0.4242808041084679 0
1.502895465291298 -0.4101382179422038 0
3.167122443624606 0.5303441719968002 0
3.432198731123956 0.7875517007478923 0
1.043944037699069 0.9270121342021853 0
1.717241508620427 -0.2526501906964824 0
1.966485223570005 -0.04138705956890731 0
1.954399105364288 -0.1960421722734253 0
1.26936561931883 -0.346461434803309 0
1.301503924945031 -0.3320508513064435 0
3.308890933073114 0.587356872406385 0
3.684333437370006 0.4193317891586535 0
1.738326196637393 0.3613840745020068 0
3.334794574176579 -0.4853032195612147 0
3.013025363347417 -0.4628082285200903 0
2.433533625151938 -0.3491654961787377 0
1.521552246228798 -0.4303509688006267 0
1.462668717263567 -0.2272163010914976 0
1.737676795242495 0.06833668632933521 0
1.48608515493933 -0.427767420810446 0
2.119077942402121 -0.3650579886638095 0
1.112835808876569 -0.464500629618248 0
1.504852271895433 0.02810422709526264 0
1.507721961124693 -0.006117881775955207 0
1.167158505566325 -0.188978851710833 0
1.254970325702937 -0.2703017516441933 0
0.7501827870020371 0.2952316578701852 0
1.012232435320275 -0.2349771612656425 0
1.077811565799013 -0.1417207496548925 0
2.349012043234924 -0.4587674976105682 0
3.488286864248934 -0.1251321377007938 0
3.58794349326276 0.3043546394757597 0
1.479243054456078 -0.3556087007895743 0
2.617180674390799 -0.3745722781311741 0
2.745998460331891 -0.2965885710635403 0
3.923401305913083 0.2433967016128173 0
1.755179136657662 -0.2312950806849749 0
0.7480195526009867 0.5697482772129898 0
2.607627070665533 0.1512112109981829 0
1.116060032142173 -0.1717630914359554 0
1.688302317047402 -0.4106877796068679 0
2.908918472202182 0.6188751261107014 0
0.6706163906340402 0.2921238808665683 0
3.016824821670595 -0.3127655418548315 0
2.20739030291607 0.152319331364199 0
1.63286524792713 -0.3491013875478425 0
0.281332454718306 0.4965709496083935 0
2.224996395966007 -0.04955190977642186 0
2.074762592185682 -0.2109194004795153 0
2.093089675935611 -0.1834603089286556 0
1.894083397253348 -0.4499182422546473 0
3.036776442592911 0.8036955605801898 0
1.258068300053415 -0.1914953640069388 0
1.557773408653001 -0.3621574506759311 0
2.623114263934046 0.5751197806668165 0
3.429585781366996 0.5098568147463004 0
3.021270270649815 0.5436686029942848 0
1.725983081426901 -0.4136030070440621 0
1.196379448828618 -0.354510891213365 0
1.026984184515757 -0.3182727768242861 0
2.038837527050676 -0.08722072831633909 0
2.167169479421097 -0.3712384324364302 0
3.22881622923048 0.2372325169545192 0
1.710566105233729 -0.3366915836072024 0
1.344551589756189 -0.2136889456594376 0
2.724312030268349 0.837209996687697 0
2.880047845072798 0.819150738824838 0
2.95373733979967 0.5441966009156419 0
1.879812777686569 -0.1623615455414294 0
3.893494449728689 -0.4804405975901136 0
1.42005539899954 -0.1245656791177356 0
2.642566976876546 0.8417316007348107 0
1.991458574369643 0.5660789157940739 0
1.999961539969907 -0.3507786932084856 0
2.21010489573851 -0.3801395411254671 0
3.250054215935836 0.0331624579030242 0
1.636657681034327 -0.2670649982283495 0
2.177633802423022 -0.0023802841290268 0
2.017052769221834 0.8141505753810875 0
1.731773474683271 -0.001736789715196577 0
2.448480779971718 -0.4500144190608322 0
1.239972969851363 -0.0149433508972614 0
1.094029229677655 0.1560437516273405 0
2.118400822243133 0.5552047546799308 0
3.065964944007821 0.07937644767481866 0
1.028474620162165 -0.2012133223061519 0
2.971256175996321 0.1046068459265134 0
1.444955993663604 0.8470750490139335 0
2.605025928029677 -0.2470011643661827 0
2.421180343268538 -0.2526532979660677 0
3.358834011265833 0.5120758852947578 0
2.761619318697166 -0.3989628355903222 0
1.405483129744785 0.3917594521712471 0
2.525897942354749 -0.240827445253214 0
1.267332814185323 -0.251446214777528 0
2.796356668094339 -0.06374401664235545 0
1.784918175225952 -0.3646460673201165 0
1.774781636068009 -0.2795168225737786 0
2.297092382664647 0.3226433340703975 0
2.527231184445438 -0.3646015168425479 0
2.150614892568152 -0.03481195221350901 0
2.513751291271135 0.1754971236788036 0
1.274745033460237 0.151871921310326 0
2.462979561073643 0.0106514949486855 0
2.023847902904174 0.1881841663417854 0
2.975411438951889 -0.3339597058490383 0
2.911148660079692 -0.3761212197958894 0
2.290198773638467 -0.3720495211291927 0
3.75540704306486 -0.2244656112225266 0
2.889891154893161 -0.210469440348005 0
2.876960458593825 -0.177601750930153 0
1.698099261420741 -0.1467032796789727 0
2.696456996584531 -0.3393499050250561 0
2.123957348059744 -0.4296861306552245 0
1.847828662185094 -0.1553186608828213 0
1.026283534925601 -0.3914116142251834 0
1.594421820453328 0.1092810582886404 0
1.444411517497662 0.7144999429387645 0
1.32985456604366 -0.4341428164017662 0
1.674102282656272 -0.3895865613560398 0
2.327640133135497 -0.03437627032366578 0
2.550825026079338 -0.3662465828520317 0
1.818331707913748 -0.3495157451418894 0
2.285170798664824 0.04516561050710895 0
2.069611543838149 0.2298377460489966 0
2.269721528835029 0.3787363216377132 0
0.58904847262942 0.2865164744454615 0
2.403054484373258 -0.3889167354216974 0
2.333841382998124 0.1697197457587369 0
3.048226764021648 -0.2355145651019596 0
1.708287913508175 0.311005806487626 0
1.669758882851874 0.3577640763672805 0
1.185325886392919 0.1908368488522733 0
2.137075923635521 0.003584389650837091 0
2.836517548281993 -0.02837859352285512 0
1.621868792721017 -0.4209211719555419 0
3.162620581752694 -0.3657834167261899 0
1.831147743381942 0.7567881653720587 0
3.475860364126471 -0.2402932266376217 0
3.693244860887088 0.05566675586119008 0
3.261105018652104 -0.1392671280885989 0
1.239170448775071 -0.4602983429672698 0
1.262849592096586 -0.4770783944668825 0
1.229147887058389 -0.4746706679945071 0
1.527487508325447 0.3412773928854285 0
3.057779328582056 -0.4877118904045158 0
2.657219727818338 -0.07930305422061679 0
1.42268861556034 -0.01578274906268803 0
1.766942662070952 -0.4662114941050608 0
3.046469642404523 -0.3876432750978996 0
1.550344117188147 -0.2608476946798272 0
3.86451078824493 -0.2985900922580824 0
3.898961903580233 -0.3402149534763699 0
3.642370237151735 0.1784070426564049 0
1.953698828316916 -0.3468251106530638 0
1.308119228663606 0.2242883681180686 0
1.122884359483491 -0.2514346425317507 0
1.039003785353179 -0.0815220218831056 0
2.024322645089517 -0.3534500378783594 0
2.594503710252707 -0.3758446665983411 0
3.412429996947147 0.1370559434246593 0
2.643500672637153 -0.2021337341454118 0
3.489550681228235 -0.3538113037421753 0
2.839637474226476 -0.3655039949216673 0
1.684148089225874 0.6399704581717913 0
0.6489567460692719 0.08025839333728947 0
3.002039274323098 -0.3369558821556204 0
1.974322186248198 -0.1699624153238187 0
1.591928100479723 0.8296634909857933 0
3.619233746872272 -0.1607914112335824 0
1.235018310236861 -0.1507790916013501 0
3.440967482102802 -0.02142528682825934 0
1.427089916918145 0.3455563873333967 0
1.711579759440221 -0.4604692370277532 0
3.580591074513672 -0.3492444024168973 0
2.189604307138147 0.2007470887438154 0
1.321619654527019 -0.4173806851922726 0
1.145951054160765 0.191472251141309 0
0.1398672749522045 0.9269245326365703 0
1.697538001755667 0.07308669749766016 0
1.64105276425294 -0.4229408395752322 0
1.357236371375914 0.4898864634723351 0
1.374563766028262 0.7160603291492685 0
3.318298485161794 -0.330447915231533 0
2.182080914427658 -0.4536532994833841 0
1.164478874542208 0.1562791109326714 0
3.929341586353322 0.7775669679644897 0
3.916501891431705 0.8642738869438819 0
1.338514521425141 -0.294882247356033 0
3.746497920912503 -0.06238568717238493 0
0.6307464652312291 0.643397886990992 0
1.547365314478827 -0.341916156654771 0
1.458630974266172 -0.4713703867077087 0
1.760471157607094 -0.1561243531524357 0
1.220319207205476 -0.4617318061647522 0
1.475291337353245 -0.4720261118133617 0
1.011008517939515 -0.1762877986916829 0
2.548761794230173 0.214000444452226 0
2.489965189344488 0.8332984149112592 0
2.750863353810137 0.6329320206638909 0
2.820573054472945 0.5461203469239931 0
2.030391379232881 -0.4161669026756958 0
1.082613367838859 0.5975372567835429 0
1.79466856506843 -0.456208217149166 0
1.207082507077546 0.5487533678569064 0
2.688307705617736 0.5663077585425237 0
3.70530458511055 -0.4670863563581353 0
1.610858414562685 -0.347115746907687 0
1.080514257381629 0.8535095643356071 0
2.121005985871361 0.04560618113374832 0
2.105901931507049 -0.4830914166920958 0
2.836244201247684 0.3864185743542309 0
3.480515598351559 -0.2796043059037571 0
2.924704881892699 -0.01053944601381334 0
3.048557668952801 -0.3171474090240252 0
2.040385205055608 -0.3334374440461738 0
2.864493593864847 -0.3688808878950073 0
3.114866441740499 0.1182453118605224 0
1.985950227709028 -0.4860251946217681 0
3.681020092012213 -0.4864537928040201 0
3.66524546636383 -0.4874451437660577 0
3.362424425758371 -0.46645998185406 0
3.362525969010464 -0.3997403389477053 0
2.070308184139924 -0.3604478662821262 0
1.716010910851118 -0.1220097902310031 0
1.278803882705908 -0.08999631178317392 0
1.122701401533903 -0.3219694460297504 0
2.730063326219335 -0.1856172120086878 0
3.225053893520512 0.09088074662748595 0
1.347602691310603 -0.4651681911532686 0
0.1543683378527769 0.7180269097740603 0
2.939168757874218 -0.05150320935744871 0
1.359317749732262 -0.1931143934695753 0
1.933916012931707 -0.07379877936702905 0
1.137650277973903 0.06431477115260426 0
2.9566913353455 0.153918168374298 0
2.394983501167772 -0.354826733061711 0
1.874929438184656 0.3065809223730822 0
3.390741773036821 -0.317188515405456 0
1.439870362519166 -0.4705593094469886 0
1.145858631259092 -0.07788530323395264 0
1.123361357171668 -0.03741970990227587 0
3.213294270849819 -0.4827993129621145 0
0.6024153468002522 0.1467681355695484 0
0.9921514045016995 0.2797956855829501 0
1.166337907966665 -0.1155510771489582 0
1.668562726888604 0.2239662952668888 0
1.083912500810019 -0.127430527605096 0
1.54571948327359 -0.4481999821612648 0
1.043638676960964 -0.3217127315857132 0
1.048102999191262 -0.4450998073465665 0
1.028540591719733 -0.4425662784258494 0
1.079720568893275 -0.4661843127342975 0
2.003846310677669 -0.4360031195647111 0
3.383259525336748 -0.3780347789892515 0
2.980007468969545 -0.06038506315541059 0
1.011535424513796 -0.4456206561347064 0
1.035047666977834 -0.4627707979551882 0
1.023739329414522 -0.4783212171362528 0
2.147796560417301 -0.4286190808649918 0
1.498499525477043 -0.3372973740907032 0
2.894402777486625 -0.2940018719732156 0
1.79602038507168 0.4595443057997974 0
3.632271476354696 0.3601466316272521 0
3.203564632841048 0.2939306781558904 0
2.045042368113628 -0.437914578464256 0
1.995512097390366 -0.01004502869064329 0
2.79796215204798 -0.1618454188479854 0
2.408396975243256 -0.2242640738349851 0
2.517253024956594 -0.3402882877531036 0
2.451030694855447 0.05344349142877461 0
2.039815224769349 -0.179621665283058 0
3.069589886072137 -0.2100546926018657 0
2.711431654454133 -0.3232345955996496 0
1.819576487214466 -0.407976462946262 0
3.155822351224649 0.04840188173976299 0
1.51777747276048 -0.3629351502081294 0
2.078111505521894 -0.4212562351281307 0
0.9204436262799147 0.854490977929543 0
2.409090909096394 0.9324849909080553 0
2.032446017291877 0.6213329851115655 0
2.059142792545205 0.008338919205144913 0
3.371218157144554 -0.4842414539194744 0
2.185011796655087 -0.1999981623158489 0
1.101914259101081 0.007142853434637925 0
2.017433076205543 -0.2035441470889734 0
2.925145620393625 -0.2144448096283457 0
3.52440102074273 -0.439676948250639 0
2.689460942214561 0.1738027745589044 0
2.726464379332942 0.2106104128681373 0
1.687761993379498 -0.3345870916530433 0
2.765099549171337 -0.1899815429155154 0
1.308481006120563 0.8351641381262284 0
1.163367316163987 0.8550357051482383 0
2.194466562847225 -0.2272410561023875 0
3.740573561420425 0.4730844620023125 0
1.788067536955753 -0.2587181339777492 0
1.085622138725838 -0.4118651343030846 0
2.826521240669881 -0.2058004535321311 0
1.223538091207745 0.9305317783220971 0
3.787314272810087 0.006579739004085525 0
2.971458533679388 -0.4209842767421928 0
3.404341882139016 -0.05599020225455412 0
2.481886304650025 0.5835175521380913 0
1.239384595058656 0.1525677071167214 0
3.807709172484488 -0.2378234774073353 0
2.768437512133396 -0.3514449530983915 0
2.954265927693469 -0.1874039415951331 0
3.29523420814803 -0.4581595490561586 0
2.353183289634159 -0.001375599359368402 0
1.0099497448803 0.1232618477183046 0
1.13193686190149 -0.3051375390924616 0
2.113827670589767 0.160253797440854 0
1.538771488325638 -0.4795322266220392 0
2.802240575489904 -0.4752706400498441 0
2.333525014311006 -0.2094171184716103 0
1.058024851179267 -0.3228312540092202 0
2.754521299574858 -0.4558370481325086 0
1.722704145263774 -0.4770301474421544 0
3.460651315554449 -0.1580420175120303 0
1.492723646419519 -0.4735382020164557 0
2.926586041210291 -0.4188609943690276 0
3.48900150768277 -0.3843141509667305 0
1.360321930243775 -0.2950082752069778 0
1.132732047496781 -0.2370413378066468 0
0.06791206673662689 0.5909090909105407 0
1.012162447430559 -0.1450472777824469 0
1.938274906387327 -0.4223864155501568 0
2.49850070599876 -0.4794439707141299 0
1.640669714783558 -0.1473370848462276 0
2.515697112989344 -0.2125951471249509 0
3.5903694469955 0.9338532799951406 0
3.151138685074085 -0.3372045666661821 0
1.365315048728653 -0.4642331429046356 0
3.084070624259205 -0.437450964893753 0
3.09016554108845 -0.4585680558029888 0
3.035961147384791 -0.2039612373166239 0
1.680100075884781 -0.1162897843657888 0
2.790633207720275 0.1506987649998793 0
2.87769826624592 0.1181475502901047 0
3.404944579495268 -0.3571654220108214 0
3.062369647388884 -0.3674352334928683 0
2.356241315320748 -0.1410040393932911 0
1.010184225049475 -0.05429329598918429 0
3.933037568391399 0.5983396185472069 0
2.955504184071449 -0.4717522274932258 0
2.841360922225472 0.1872517964492235 0
2.886356070059049 -0.4694814456597286 0
0.8323438194012303 0.8574754104044848 0
2.323237641337718 0.8527381970891872 0
2.314533530811576 -0.4837331962677495 0
3.222568884696388 -0.3235533893859359 0
1.69170726812939 -0.4756359008632934 0
2.214087881744685 -0.01154102868432997 0
1.959396994008952 -0.4713017357955068 0
2.506039886565596 -0.1840143246959109 0
1.026200576987744 -0.02030321978807196 0
2.319990829444315 0.2176961809803621 0
2.79000777935495 0.3370440818883753 0
1.220192892714961 -0.4010200992160005 0
1.711129083027222 0.4118321326195127 0
3.560513127989697 -0.3194123090071668 0
1.308999546225298 -0.3492876562060865 0
2.948601478668813 -0.420166482993739 0
2.584593792990061 -0.07171285166497585 0
2.909236645034928 -0.3515406250246929 0
1.036332583328669 0.02158056435737342 0
1.260695632848434 0.2979096807530098 0
2.640968618698703 0.1862203269481314 0
2.844854814992744 -0.4494642461177352 0
0.3893172437415169 0.2018507495080612 0
1.563180209854312 0.0399184889572578 0
2.420113171658189 0.5781765720458957 0
2.282590623850373 -0.3510770988164384 0
1.53653192064718 -0.4307847027706108 0
0.7975517877852104 0.1076622222087141 0
1.554148301034831 -0.4604395905178519 0
1.986446038962585 0.8774746826839919 0
2.984912386348622 -0.2316092395815401 0
1.025645309583412 -0.4234651788803669 0
2.745840442009196 -0.4881474715037805 0
3.024146391690377 -0.07174137500226743 0
1.862641072194131 -0.4628611105707542 0
3.777562551335239 -0.3196354367082728 0
2.364667390300741 -0.2520494695247419 0
1.730911435635129 -0.2306905225089333 0
3.606953407839349 -0.4569605270005328 0
1.481210937724212 -0.2100457572138251 0
1.372854159544115 -0.2765820792807835 0
2.577983415672822 0.4120460282131845 0
2.359384017638131 0.6678262680061851 0
1.564221035130965 -0.2396219092256283 0
2.731779137374434 0.3497221847784531 0
1.024466429255444 -0.3494679637575955 0
1.60051504456592 -0.3273303288360861 0
0.7775652287031124 0.929149218742924 0
1.845706155809795 -0.4787236560891825 0
1.875178926724191 -0.469588795344942 0
1.793599537190747 0.09811853104759624 0
2.800863174151295 -0.3171682314376538 0
2.09719117763344 -0.1537391259865927 0
3.54104377109338 -0.1282942303451586 0
1.212326789508312 0.3562536389644247 0
1.216519489341318 -0.3560353908984453 0
1.798681208575948 -0.3473232900095538 0
1.504207606937959 0.3846100031495456 0
1.060587230225968 0.02148688670810112 0
2.600085990879572 -0.4497664118204265 0
2.642885235681728 -0.04738291835294858 0
2.547376755669045 -0.2186015426902323 0
1.014581122180218 -0.009498810363301677 0
1.814608034130188 0.05793482977933558 0
2.16345506921481 -0.4811659403519449 0
1.090023015305347 0.5355922421595305 0
2.760536707572083 -0.3227175104756818 0
1.363919633837892 0.1215166858280733 0
2.285280406309793 0.5901858451075433 0
1.158338066937466 0.6073445226314871 0
2.426244355784849 -0.4725841976379128 0
2.184306512528797 0.3327491564869949 0
2.578573332848952 -0.0248473922394839 0
3.733440302960511 0.1061735839815356 0
1.565340615460654 -0.4829631850004845 0
1.651938749233957 0.3018684589229715 0
2.084408930095413 -0.1246963392473576 0
3.502459880463709 0.9314602329066826 0
2.222972452551802 -0.2315367223864293 0
1.010611981121893 -0.1137980454525882 0
1.22988187082138 -0.385846085358752 0
1.724180467987308 0.6976305818076537 0
1.747660677114387 -0.1278454631447676 0
1.410284772950815 0.7796318356672653 0
1.250517886944149 -0.04026485304033595 0
1.121677448694776 0.4012280161641485 0
2.59516353058219 0.2019824149064842 0
1.058278327474246 -0.08259340532795259 0
0.6789639999621235 0.8392431251361864 0
2.272297427328228 -0.3277750514718438 0
2.134874682297367 -0.2192252797017479 0
2.023342047569338 0.01982814331133294 0
3.920734639281072 -0.4292155043544564 0
3.871907002121972 -0.1713264500986229 0
1.453325826481235 0.3869841745329547 0
1.048506832666817 0.3563595382599827 0
2.910608794858811 -0.4694012755437375 0
1.812257989890586 -0.4378479587845626 0
3.855792967689651 -0.3427869951357542 0
0.9196440117290799 0.08411885434225136 0
3.080278251967064 -0.348685556991318 0
3.120681789674477 -0.48582783419871 0
1.408970238309377 0.01235084154214375 0
1.351711741852738 -0.4030614458632087 0
1.394416281556486 -0.2765523101961347 0
3.098453601714166 -0.4190882673868341 0
1.990565268118307 -0.4553128638625058 0
1.152453683547328 -0.2373132322025626 0
1.813116716641008 -0.3295095664103432 0
1.179759487150861 0.03175662730285579 0
1.677827440801155 -0.3141439170732189 0
1.161017471798711 -0.06211192043405583 0
1.174733246556091 -0.08619423455019239 0
3.875931262227073 -0.05882352941339187 0
2.240306122057983 0.01623614256011339 0
1.95585551409722 -0.4261887984003133 0
0.5228740123457072 0.1385648108017546 0
1.093640336868574 -0.4283693481035709 0
0.2245626527124955 0.06115346349417983 0
3.652996757555885 0.2909527072480736 0
2.06972930911927 -0.08992553458975901 0
1.082230727136552 -0.3081952816107267 0
3.111486777441335 0.2557246490170819 0
3.808835310320229 -0.4630177350015861 0
1.033189388143597 -0.005544192722744798 0
2.202969159138648 -0.3620516950464393 0
1.850338294315575 -0.3953307283784663 0
1.641203274937111 -0.2206875018594987 0
2.471464739338623 -0.3404701739442458 0
3.315712939165762 -0.4574826166672343 0
2.352137290061497 0.2502409511920395 0
3.11443749513873 -0.2487307051237775 0
3.183229717905349 -0.1384291252803772 0
0.9970815088800835 0.5947058773363675 0
1.073374373886827 -0.3226963823658407 0
2.269800136670695 -0.4700292177743519 0
1.065792849552559 0.4024340384753951 0
1.590653020705837 -0.3072700777822014 0
1.552107784276827 0.1009834976306946 0
0.955049582441615 0.1003653051520597 0
2.306466202695815 -0.3552580428535164 0
3.659221587380295 -0.3907571774770099 0
2.095630178329229 -0.467661961409491 0
3.506205350484826 -0.2122334047158293 0
1.665261429281063 -0.4697051617060779 0
3.518173602629002 -0.3296640266841763 0
0.9692121546173253 0.3345959281410224 0
3.397633257413041 0.8425438167958398 0
0.9772514267078588 0.06920162071555246 0
1.743219407170117 0.4535494044849679 0
3.497053646862516 -0.441811193542395 0
3.868902714038076 0.7208452754630428 0
1.084796514748883 -0.2797036933361238 0
1.144872410607183 -0.03751191254336565 0
3.225451673876786 0.5123432405494246 0
2.231927740387857 -0.4691843973676105 0
0.932445857836407 0.03574707407612964 0
2.16118714302948 -0.4485162708558826 0
1.978734495326399 -0.4712578010801787 0
1.218156856852972 0.06479081896096509 0
2.085250198001706 -0.438443047813451 0
3.592065713435113 -0.4332541889690336 0
1.881070673145302 -0.4800876193947224 0
2.244784839583069 -0.2096115196193611 0
3.530208705355725 -0.4697105221772405 0
1.827525841411853 0.8735011176803745 0
2.457341069661032 -0.4345925792056549 0
1.557168531568952 0.3821171931100403 0
1.827119414990619 -0.3121890160691174 0
0.9492151911258981 0.06560624384194386 0
2.999591667586552 0.8673618942485295 0
1.383023434621063 -0.1948730265848905 0
0.5517499495917029 0.7723660066003534 0
2.406515508330846 -0.1455555946029206 0
1.170963581539277 -0.238515205851674 0
2.336163491185788 -0.3809568029500267 0
3.386003270351118 -0.4708682662050709 0
2.203614003965931 -0.325177032549681 0
2.528424918957515 -0.1634958340096822 0
1.247725561292201 -0.1303883989111116 0
1.02298413465159 -0.3782133930853186 0
1.319184857961519 -0.4746652887989659 0
1.429128315115012 0.434891345816977 0
1.075843236818308 -0.2940320805055161 0
3.815405378817732 -0.2827205274554161 0
0.3963277684446237 0.06025200968798042 0
3.10245268031532 -0.3373228734048154 0
1.03778981820312 -0.2552929047064622 0
2.900133568779327 -0.3220767431915199 0
3.859143113747768 -0.4649327073883543 0
0.1687057177443133 0.3502176305093742 0
1.095430335901016 -0.4597758747657683 0
3.24335408744923 -0.2775925670891517 0
1.260395220328379 0.06048073108296886 0
1.468389416784712 -0.1732233850508176 0
1.690959563830073 -0.295183124137067 0
2.258700634768141 -0.3033506236679226 0
3.281709244741932 -0.4388057928992543 0
1.013388338645516 -0.487676207876922 0
0.05745637356516362 0.4101629673716213 0
2.563664799880063 0.01330291559035618 0
1.277949322069116 0.02894527381250721 0
1.395571435895311 0.04215304154489984 0
1.765877478101154 0.762255472287798 0
1.335072465376189 -0.4764894885178269 0
1.824855556933896 -0.1304018455287634 0
2.746912843639871 -0.4349701125558482 0
1.173802517010432 -0.4735888574039031 0
1.301905094987584 -0.474144501682399 0
2.411993963065576 -0.3414472467159674 0
1.651429403545586 -0.410409750421889 0
1.023122577522191 -0.2131701846516334 0
1.371672801440238 0.8463629095731475 0
3.084074182452337 0.8629824382517215 0
1.320628616456793 -0.3322671733587773 0
3.424568471157817 0.0223660496391559 0
2.581414213340961 -0.2538269097360418 0
2.668356079302022 -0.01345940433157652 0
2.211668390762221 0.9394492438090911 0
1.759115062487376 0.09564221908462275 0
3.392151848723127 0.1886171623294951 0
3.448245478941165 -0.1183005753840088 0
1.982411982752764 -0.4064073834011619 0
3.121788190017643 -0.09065233962674576 0
1.484800283764551 -0.02073962903785082 0
1.685652556555608 -0.2279160987501029 0
3.245228629555212 -0.4860383607527932 0
0.2999698551553083 0.3562640208355781 0
1.403172205150043 -0.4639772920924861 0
1.413728176731928 -0.4842171991424372 0
0.9710475558633445 0.5426850407169607 0
3.639133740984911 -0.4601793025245626 0
3.558567168636511 -0.4318707011257026 0
1.085769420111802 -0.4454556812977015 0
1.021693391090151 -0.2423948460918858 0
3.065966853793592 -0.1228159361495721 0
1.603488635295203 -0.2874539671192208 0
3.141174624929365 -0.2586169803047 0
3.933186702856557 0.9338763663526377 0
0.06623689397988809 0.0670925161102191 0
3.268726333877993 0.7744090846548426 0
1.384524193401256 -0.4815107054854396 0
2.251026340151339 -0.4704445668623971 0
1.419968687271169 0.129489978564099 0
1.288537604975647 -0.4744580772778823 0
3.185756875044532 -0.2300165121648228 0
2.584946080723831 0.2609174108775922 0
1.382769694989797 0.07163163809059768 0
1.199123759491933 -0.4757737387326565 0
1.009351768941222 -0.08407678541842115 0
3.240474259606105 -0.4718076618018664 0
1.024054466534237 -0.2552267220476325 0
2.450637911281731 -0.4159340079011073 0
1.147850025174199 -0.4572995941878447 0
0.06655007341538299 0.9334499265846172 0
3.200856400765685 0.788159549274563 0
2.095212504139377 0.6128647979282198 0
1.100881838269928 -0.2785710121412578 0
3.508463228742707 -0.2939799333737799 0
2.865016730610536 -0.04416115259050388 0
2.86176711648981 -0.4474325179564738 0
1.612417540376358 0.3758125056382911 0
2.938122348651195 -0.4000430583833343 0
3.136947100178141 -0.1309236367472563 0
1.33249020004731 -0.3141724006205421 0
2.28339405447864 -0.241956205707993 0
1.571909653392834 0.134706633454521 0
2.98050960939157 0.324037325603498 0
2.763645949892143 -0.4696543264947793 0
1.024077057675033 -0.3054478645766293 0
2.506685896002507 0.3579070814278045 0
2.191465001833921 0.7502058741043329 0
3.608121823376167 -0.3184755889196398 0
2.139416844801819 0.4058916373599933 0
1.512589865533246 -0.4721895568102811 0
2.358670643664673 -0.3855013458861357 0
3.202387436251739 -0.1124413612401739 0
1.009368407445919 -0.2802982642230323 0
1.476673574316778 0.004107355515413786 0
2.809558571280011 -0.2982335594948831 0
2.670963908954 0.3584464156857943 0
1.704518774998211 -0.2751364301020947 0
1.379576448222287 -0.3911978837516215 0
3.077558715562016 -0.4701508913883657 0
2.13460196151831 0.9499488577185249 0
2.890272940602099 0.3107932629803685 0
3.062059730588643 0.2588330784500472 0
1.113205314443154 -0.2633491647420919 0
1.990026487358159 -0.4237650965769966 0
3.955141177944642 -0.3571980818620788 0
3.164066239849297 -0.4630282796859433 0
1.397134939640357 -0.1737323708604173 0
1.777853056116636 -0.2387412177754386 0
0.4466685375477105 0.1346889722586172 0
0.4654261365855505 0.7806684777413908 0
3.957155977243191 -0.4519786934600512 0
0.3544127954739504 0.8560048027030063 0
2.22563127704587 -0.3276308423349669 0
3.111727977729335 -0.4009197967052455 0
1.443406094241932 0.009135154490082009 0
1.869976970134246 -0.1370938900431136 0
1.951273271470109 0.9425233353171676 0
0.2165117079879001 0.7881391953109509 0
3.724170902586041 -0.4672780430495856 0
1.864614704745696 0.9412651556123255 0
2.758425672075507 -0.4207885846091954 0
1.786368021414611 -0.1640906905184543 0
2.394598478852411 -0.3728818964839509 0
3.814730655822325 0.8693041992005408 0
3.669056782622036 0.229118229258002 0
3.205578586415245 -0.2663731462360249 0
2.214654080632899 -0.4690279042313693 0
1.842443680180838 -0.3752387210769156 0
3.189849014472562 -0.4716386223402301 0
2.870414252796896 -0.4649698520311364 0
0.8815347055910221 0.5549157415125693 0
1.839525680473822 -0.4438658195158978 0
2.925070693848124 0.8670313145109361 0
1.402592994125633 0.4806586402839264 0
2.933316255722787 -0.4690240667601184 0
1.616013504552393 -0.2695297550399132 0
1.268609031229524 -0.1311128404559144 0
1.11426176511379 0.183866988872984 0
2.611499111059636 0.3615866315732297 0
1.339375826261206 -0.4886680321512984 0
0.6102645571628265 0.8524742326650131 0
0.1278529362315702 0.6408200804225586 0
2.083699217759299 -0.4726846185088004 0
1.044947707101742 -0.4814505389051068 0
1.766550382370164 -0.4889234912773152 0
0.7693784671796545 0.05326313672441615 0
2.609483734353805 -0.04735246438638768 0
2.350429288957292 -0.1672717352787214 0
1.237440752745494 -0.3730214487547635 0
3.688014765113778 -0.4710923838694055 0
2.473051417284781 0.3221838465004188 0
2.409164665706118 -0.3202125134987379 0
1.04609948562179 -0.2421254971812359 0
2.065743168199226 -0.1875815774599857 0
2.615458126642972 -0.4500086331089411 0
2.698027030205082 0.01454487017434949 0
1.067358212224167 -0.06836036800024539 0
2.24261406047361 0.804210308702755 0
1.259264368391809 0.1798344996429954 0
3.335229673004985 0.8548658070892642 0
1.386348260120755 -0.1522809446980143 0
2.563085141952202 0.04625693875735672 0
1.26449561754686 -0.01376015532395065 0
2.461725712592455 -0.4022049526793671 0
1.529646652307229 -0.02196633530572567 0
1.481544740115322 -0.1602569386164742 0
2.464300677045812 -0.4494300320620315 0
2.677365961910792 -0.476694268648448 0
1.883118121804988 -0.4592887563290825 0
1.695038236656562 -0.2511807271928897 0
2.116242567200991 -0.1934504833962355 0
2.523638177428224 -0.110263760274874 0
2.197157459057705 -0.4678411804672501 0
3.952337935090595 0.5145246054961283 0
3.94966576046849 -0.4074004836434885 0
1.4054238907646 -0.257946577706816 0
2.37581557989399 -0.3686886749644831 0
0.9222021109717276 0.3298496980655806 0
2.308203148537421 -0.2484329869497345 0
2.059466606504479 0.862253914187962 0
1.443155149314299 -0.2132102909308935 0
1.008083126355499 -0.1896642856062828 0
1.771074107889196 -0.4783037661007805 0
1.680774506193684 -0.4690328007643664 0
1.362120321029983 -0.487259470844049 0
1.251043501842924 -0.488382413896197 0
1.494293740398643 -0.4888735452017597 0
2.268485006981004 -0.4409716577414076 0
1.025559126744073 -0.07233915580008693 0
0.3002315432017967 0.7877988539607897 0
1.966537572386634 -0.332844274585134 0
3.112176489395132 -0.319372395623093 0
1.12731941950574 -0.2805632243659966 0
1.804837980013294 0.8128877866997859 0
0.1417922617177497 0.7938693896361937 0
1.574778433723492 -0.2259908190950004 0
2.686413083587192 -0.4603127486466553 0
3.623888147764393 0.8758622760282306 0
2.42987667513357 -0.1504441416228397 0
1.133576418409536 -0.0207336674910191 0
1.552749939532491 -0.4875070591693714 0
1.615897328150213 -0.4769877017563518 0
1.742822369171334 -0.4901424087287282 0
3.761584143079348 -0.4318344744707961 0
1.698337722831637 -0.4871980274631775 0
2.428547498824423 0.3318802799036176 0
3.745869209753197 0.04693649084825144 0
1.022679335551549 -0.1535019477738106 0
2.16191457983631 -0.198419062207856 0
1.162499343823915 -0.4758880406320022 0
2.962854292757375 -0.4866828087088761 0
2.007386758290486 -0.4863122709265975 0
1.021331811808442 -0.02965418349234589 0
2.618044456022232 0.2834273355725388 0
3.884238923385253 0.6473631392883763 0
2.131738678111207 0.663803289413998 0
3.412068950831686 -0.4396418769336712 0
2.876125494504977 -0.3560359331511915 0
3.726226141553023 0.8722283989565129 0
2.059530752322811 -0.3412086199089868 0
0.8860643938246588 0.2650316739259512 0
3.234430921684004 -0.4415607933686032 0
1.358947897466208 -0.4750197698855202 0
2.605296233875219 -0.2256682135406851 0
3.103270965567929 -0.378704388788401 0
1.839308310090819 -0.2965630357574334 0
2.96336264340782 0.2875345095446885 0
1.851628565074703 -0.4676016552554328 0
1.206155849546088 -0.4879003987584907 0
1.010378594307055 -0.4760999247724997 0
2.168047087795482 -0.4644409646748578 0
2.929514302274169 -0.3823517380015568 0
1.739933297989299 0.1506454344372217 0
1.515486663231912 -0.4873764653695147 0
$EndNodes
$Elements
7 7076 1 7076
1 1 1 13
1 1 7 
2 7 8 
3 8 9 
4 9 10 
5 10 11 
6 11 12 
7 12 13 
8 13 14 
9 14 15 
10 15 16 
11 16 17 
12 17 18 
13 18 2 
1 2 1 33
14 2 19 
15 19 20 
16 20 21 
17 21 22 
18 22 23 
19 23 24 
20 24 25 
21 25 26 
22 26 27 
23 27 28 
24 28 29 
25 29 30 
26 30 31 
27 31 32 
28 32 33 
29 33 34 
30 34 35 
31 35 36 
32 36 37 
33 37 38 
34 38 39 
35 39 40 
36 40 41 
37 41 42 
38 42 43 
39 43 44 
40 44 45 
41 45 46 
42 46 47 
43 47 48 
44 48 49 
45 49 50 
46 50 3 
1 3 1 132
47 3 51 
48 51 52 
49 52 53 
50 53 54 
51 54 55 
52 55 56 
53 56 57 
54 57 58 
55 58 59 
56 59 60 
57 60 61 
58 61 62 
59 62 63 
60 63 64 
61 64 65 
62 65 66 
63 66 67 
64 67 68 
65 68 69 
66 69 70 
67 70 71 
68 71 72 
69 72 73 
70 73 74 
71 74 75 
72 75 76 
73 76 77 
74 77 78 
75 78 79 
76 79 80 
77 80 81 
78 81 82 
79 82 83 
80 83 84 
81 84 85 
82 85 86 
83 86 87 
84 87 88 
85 88 89 
86 89 90 
87 90 91 
88 91 92 
89 92 93 
90 93 94 
91 94 95 
92 95 96 
93 96 97 
94 97 98 
95 98 99 
96 99 100 
97 100 101 
98 101 102 
99 102 103 
100 103 104 
101 104 105 
102 105 106 
103 106 107 
104 107 108 
105 108 109 
106 109 110 
107 110 111 
108 111 112 
109 112 113 
110 113 114 
111 114 115 
112 115 116 
113 116 117 
114 117 118 
115 118 119 
116 119 120 
117 120 121 
118 121 122 
119 122 123 
120 123 124 
121 124 125 
122 125 126 
123 126 127 
124 127 128 
125 128 129 
126 129 130 
127 130 131 
128 131 132 
129 132 133 
130 133 134 
131 134 135 
132 135 136 
133 136 137 
134 137 138 
135 138 139 
136 139 140 
137 140 141 
138 141 142 
139 142 143 
140 143 144 
141 144 145 
142 145 146 
143 146 147 
144 147 148 
145 148 149 
146 149 150 
147 150 151 
148 151 152 
149 152 153 
150 153 154 
151 154 155 
152 155 156 
153 156 157 
154 157 158 
155 158 159 
156 159 160 
157 160 161 
158 161 162 
159 162 163 
160 163 164 
161 164 165 
162 165 166 
163 166 167 
164 167 168 
165 168 169 
166 169 170 
167 170 171 
168 171 172 
169 172 173 
170 173 174 
171 174 175 
172 175 176 
173 176 177 
174 177 178 
175 178 179 
176 179 180 
177 180 181 
178 181 4 
1 4 1 17
179 4 182 
180 182 183 
181 183 184 
182 184 185 
183 185 186 
184 186 187 
185 187 188 
186 188 189 
187 189 190 
188 190 191 
189 191 192 
190 192 193 
191 193 194 
192 194 195 
193 195 196 
194 196 197 
195 197 5 
1 5 1 44
196 5 198 
197 198 199 
198 199 200 
199 200 201 
200 201 202 
201 202 203 
202 203 204 
203 204 205 
204 205 206 
205 206 207 
206 207 208 
207 208 209 
208 209 210 
209 210 211 
210 211 212 
211 212 213 
212 213 214 
213 214 215 
214 215 216 
215 216 217 
216 217 218 
217 218 219 
218 219 220 
219 220 221 
220 221 222 
221 222 223 
222 223 224 
223 224 225 
224 225 226 
225 226 227 
226 227 228 
227 228 229 
228 229 230 
229 230 231 
230 231 232 
231 232 233 
232 233 234 
233 234 235 
234 235 236 
235 236 237 
236 237 238 
237 238 239 
238 239 240 
239 240 6 
1 6 1 11
240 6 241 
241 241 242 
242 242 243 
243 243 244 
244 244 245 
245 245 246 
246 246 247 
247 247 248 
248 248 249 
249 249 250 
250 250 1 
2 1 2 6826
251 2904 3382 2014 
252 2107 2886 2512 
253 2582 2802 2157 
254 1671 2460 1545 
255 52 3449 51 
256 2430 3068 2377 
257 325 2653 1968 
258 2479 2567 2532 
259 2140 2942 1392 
260 1969 1970 151 
261 2072 2823 2070 
262 2042 2163 1163 
263 1875 2397 2102 
264 117 3101 116 
265 2001 3275 847 
266 1967 2655 2608 
267 1202 2128 1204 
268 2655 2849 1972 
269 1173 2044 2043 
270 1641 2204 2085 
271 2512 2886 1390 
272 1466 3057 2562 
273 2805 3033 2393 
274 81 3510 80 
275 323 2461 2021 
276 97 2154 96 
277 2102 2397 1526 
278 81 3091 293 
279 1801 2546 1802 
280 341 3015 2137 
281 2048 3023 349 
282 2137 3015 2406 
283 2532 2617 2479 
284 2904 3196 2903 
285 1125 3115 2053 
286 281 2916 59 
287 1793 3382 2904 
288 1545 2460 1853 
289 1453 2115 366 
290 2608 2655 545 
291 2478 2567 2479 
292 1392 2942 1162 
293 2021 2839 323 
294 2053 3294 1125 
295 580 2590 582 
296 1882 2227 2223 
297 2289 2897 515 
298 276 1456 18 
299 2480 2617 525 
300 1917 3084 2486 
301 1495 3393 2099 
302 2456 3084 1917 
303 319 2941 1973 
304 366 2115 266 
305 2399 3249 1929 
306 1973 2585 319 
307 2418 2421 2414 
308 316 2154 97 
309 2759 2896 1945 
310 847 2783 2001 
311 1987 2771 1670 
312 2684 2846 2419 
313 2223 2227 871 
314 896 3124 2211 
315 1562 2529 2126 
316 2161 2565 1870 
317 1422 3049 2225 
318 2229 2230 2228 
319 2359 2399 1929 
320 2043 2211 1173 
321 2198 2332 1655 
322 1456 3277 18 
323 2896 3235 1944 
324 716 2656 2062 
325 423 2350 2341 
326 2546 2586 1802 
327 1106 3026 1999 
328 1396 2740 2031 
329 2274 2548 1399 
330 2133 2422 2131 
331 1317 2956 1171 
332 60 3491 59 
333 1075 3071 2401 
334 1233 2611 2033 
335 2144 3122 273 
336 348 2203 2201 
337 2062 2762 716 
338 305 2630 2508 
339 2319 2482 2318 
340 1945 2896 1944 
341 2562 3057 2563 
342 2746 3346 532 
343 2763 2864 1989 
344 1413 2620 2447 
345 152 1969 151 
346 1792 3176 2609 
347 2359 3042 714 
348 332 2248 2215 
349 2197 3075 2735 
350 3040 3064 1075 
351 2975 3254 772 
352 78 2098 251 
353 2063 3421 1459 
354 1871 2161 1870 
355 2170 3088 2569 
356 1525 3502 2049 
357 2144 3463 3122 
358 2015 2673 1497 
359 347 2098 79 
360 337 2246 2244 
361 2225 3033 1422 
362 1972 3248 2655 
363 833 2775 851 
364 147 2212 146 
365 2065 2355 1055 
366 2414 2684 2418 
367 438 3235 2896 
368 2316 2871 1212 
369 2318 2482 1327 
370 1335 2256 2058 
371 2095 2772 1233 
372 1163 2164 2042 
373 1990 2789 1166 
374 946 3224 2464 
375 354 3283 3170 
376 1749 3226 3107 
377 2376 2530 300 
378 1495 2099 1310 
379 1108 2584 2066 
380 52 3025 349 
381 2139 2716 1968 
382 2085 2204 1548 
383 2131 2422 1255 
384 2141 3092 560 
385 1987 3011 2771 
386 2022 3262 1268 
387 2290 3154 2576 
388 2211 3313 896 
389 2114 3461 2113 
390 1822 3175 2720 
391 425 2350 423 
392 1268 2026 2022 
393 970 3331 1996 
394 1166 2774 1990 
395 80 347 79 
396 2108 2886 2107 
397 271 2658 2068 
398 1351 2819 2468 
399 2316 2709 1739 
400 1469 2128 1202 
401 304 362 86 
402 706 2987 747 
403 1001 3154 2290 
404 532 3346 542 
405 2665 2697 1922 
406 2031 2779 1396 
407 2190 3234 2391 
408 2049 2174 1525 
409 2044 2956 2771 
410 1044 2567 2478 
411 2070 2823 2074 
412 1940 2693 2086 
413 747 2987 2232 
414 348 3086 2203 
415 2108 3032 2886 
416 1268 2099 2026 
417 2018 2807 2338 
418 2488 2998 2000 
419 2243 2247 259 
420 87 304 86 
421 2549 2781 2494 
422 2420 2447 2345 
423 1920 3297 2116 
424 1489 2476 1391 
425 515 3085 2289 
426 2391 3073 2190 
427 2401 3040 1075 
428 2091 2128 1469 
429 2266 2268 623 
430 1999 2974 1106 
431 2813 2892 1996 
432 2261 2894 2548 
433 79 2098 78 
434 3044 3058 663 
435 2099 3393 2026 
436 1399 2932 2274 
437 2092 2129 1528 
438 2004 3064 3040 
439 1590 2177 1589 
440 2187 2389 2186 
441 713 3105 743 
442 1002 3436 2519 
443 140 2219 139 
444 1968 2716 325 
445 1826 3140 2539 
446 2442 3254 2975 
447 2740 2833 2031 
448 2338 3046 2018 
449 2459 3369 1925 
450 1206 2334 2183 
451 333 3494 2086 
452 1929 3042 2359 
453 1996 2892 970 
454 124 2565 123 
455 884 2544 886 
456 1537 2753 2712 
457 1457 2788 2667 
458 1010 2892 2813 
459 522 2617 520 
460 2126 2529 1650 
461 2538 3256 2497 
462 2432 3068 2430 
463 2464 3224 2692 
464 2227 2229 2228 
465 2012 3326 2192 
466 1028 3010 2706 
467 1522 2536 2152 
468 1354 2895 2624 
469 264 2786 2097 
470 1204 2128 1528 
471 300 2530 191 
472 1188 2174 1423 
473 1571 2238 2236 
474 2027 3057 1334 
475 847 2863 2783 
476 3055 3297 2994 
477 2539 3175 1826 
478 3079 3187 2017 
479 115 2122 286 
480 1765 2508 1952 
481 1978 3478 2093 
482 1076 2579 1078 
483 2328 3058 3044 
484 272 2585 2292 
485 1895 3284 2710 
486 1849 3437 2056 
487 2292 2585 1973 
488 362 2175 85 
489 1709 2522 2444 
490 1960 2913 1957 
491 2609 3176 1834 
492 1920 2116 2005 
493 1423 2174 2049 
494 1360 2934 2279 
495 88 3283 354 
496 2712 2753 2360 
497 530 3248 532 
498 1668 3461 2114 
499 2192 3326 2193 
500 332 2249 2248 
501 1566 3226 1749 
502 293 3510 81 
503 2491 2766 2489 
504 2710 3284 651 
505 2186 2389 1146 
506 2345 2446 2420 
507 1497 3403 2015 
508 2563 3057 2027 
509 2182 3314 3280 
510 2624 2895 1942 
511 2213 2395 2040 
512 2050 2411 1524 
513 2171 2172 1027 
514 667 2612 2348 
515 3052 3122 2006 
516 1650 2529 2089 
517 59 2916 353 
518 2137 3434 341 
519 8 2594 7 
520 1175 2998 2488 
521 2783 2863 1923 
522 2006 2971 322 
523 2031 2833 1678 
524 2569 3088 2054 
525 2719 3341 1193 
526 133 2231 132 
527 2 276 18 
528 2008 2582 2537 
529 2172 3266 2935 
530 582 2590 2311 
531 1459 2553 2063 
532 1422 3033 2805 
533 2750 3334 1874 
534 86 362 85 
535 2044 2771 2503 
536 1002 2519 2511 
537 2270 3192 2580 
538 274 2838 2461 
539 928 2180 925 
540 2774 2792 1990 
541 1056 2792 2774 
542 2739 3068 2432 
543 3023 3030 349 
544 2463 3105 713 
545 2347 2834 2349 
546 2084 2131 1255 
547 3298 3418 2325 
548 1925 3369 2540 
549 2334 3318 2183 
550 2058 2475 1335 
551 337 2625 2246 
552 2085 3440 1641 
553 1074 3119 3111 
554 96 2154 256 
555 2125 3513 265 
556 1818 2986 2394 
557 2489 2766 1316 
558 2279 2934 2387 
559 2244 2252 337 
560 322 3052 2006 
561 96 256 95 
562 2161 2626 287 
563 2434 2739 2432 
564 1563 3078 2121 
565 341 2212 147 
566 2294 2527 1684 
567 901 2590 580 
568 310 2467 2466 
569 2011 3233 3018 
570 2122 2123 286 
571 2495 3334 2750 
572 1524 3504 2050 
573 342 2994 2097 
574 2809 3413 558 
575 153 2786 264 
576 2914 2967 2916 
577 2158 2334 1206 
578 89 2069 88 
579 349 3025 2048 
580 3210 3317 1983 
581 2124 2853 2166 
582 1614 3184 3171 
583 1044 2478 2094 
584 1648 2766 2491 
585 2434 2489 1316 
586 273 3122 3052 
587 319 2769 2055 
588 2129 2281 334 
589 1041 3145 2019 
590 2415 3080 1080 
591 2294 2719 1193 
592 2947 3393 3134 
593 1055 2755 2065 
594 1963 2503 1964 
595 907 3317 3210 
596 2315 2871 2316 
597 2944 3075 2197 
598 2111 3285 2604 
599 2461 2838 2021 
600 1998 2843 2472 
601 145 3222 144 
602 2056 3533 1849 
603 18 3277 17 
604 608 2612 667 
605 752 2275 866 
606 1316 2739 2434 
607 1327 2320 2318 
608 2349 2834 1336 
609 2142 3502 1525 
610 146 263 145 
611 1206 2610 2158 
612 2090 2972 860 
613 139 262 138 
614 3111 3119 2613 
615 132 261 131 
616 1528 2128 2092 
617 3024 3029 343 
618 1367 2928 2449 
619 2040 3389 2213 
620 125 260 124 
621 59 3491 281 
622 2066 2733 1108 
623 2014 3196 2904 
624 2012 2192 1520 
625 2255 2257 1087 
626 1304 2846 2684 
627 1655 3336 2198 
628 552 2809 558 
629 1922 2888 2665 
630 1255 2239 2084 
631 2207 3256 2538 
632 781 2636 1026 
633 1637 2915 2200 
634 126 2235 125 
635 2671 2717 1846 
636 2877 2897 1750 
637 1272 2320 1327 
638 289 3440 3217 
639 2068 2832 271 
640 2126 2967 2914 
641 851 2775 2392 
642 118 259 117 
643 2365 3493 2538 
644 2580 3394 2270 
645 2019 3163 1041 
646 1671 3148 2460 
647 389 2628 386 
648 1925 3328 2459 
649 2640 3509 2226 
650 2974 3038 1455 
651 306 3214 2120 
652 2119 2163 1752 
653 2193 3421 2063 
654 667 3298 2325 
655 1592 3187 3079 
656 2537 3123 2008 
657 2194 2196 1392 
658 1855 3218 2109 
659 2089 2649 1650 
660 2264 3261 2703 
661 3059 3080 2272 
662 1940 3518 2693 
663 1730 2907 2868 
664 2044 2503 1963 
665 2447 2620 2345 
666 287 2626 2246 
667 532 3248 2746 
668 3017 3267 1884 
669 2166 3191 2124 
670 1166 3147 2330 
671 1999 3038 2974 
672 620 2266 623 
673 340 2219 140 
674 2246 2625 287 
675 2389 2429 2390 
676 2163 2270 1163 
677 182 3416 4 
678 588 3326 2145 
679 652 2861 646 
680 2173 3266 2172 
681 3280 3314 467 
682 2086 3116 333 
683 174 284 173 
684 1453 2116 2115 
685 110 2007 109 
686 860 2973 2090 
687 2114 2167 1668 
688 926 2179 2178 
689 111 258 110 
690 1831 2226 1599 
691 2008 2802 2582 
692 259 2252 2243 
693 2068 3022 2832 
694 2472 2843 2445 
695 306 2120 185 
696 2200 3365 1637 
697 153 264 152 
698 2112 2982 1492 
699 2706 3010 2476 
700 293 2946 2067 
701 1655 2332 2199 
702 2033 3020 1233 
703 560 3264 2141 
704 1953 3182 2517 
705 3171 3184 2257 
706 2594 3360 7 
707 662 3007 2127 
708 1063 2814 2090 
709 1444 2606 2245 
710 1310 2099 1263 
711 310 2466 2465 
712 295 3168 3121 
713 2975 3186 1120 
714 1526 2637 2102 
715 2116 3522 2005 
716 2082 2650 322 
717 1233 3020 2095 
718 779 3431 3366 
719 2526 3189 1041 
720 1964 2503 2502 
721 2837 3005 507 
722 300 2430 2376 
723 1879 3072 3066 
724 2526 2622 1018 
725 2152 2570 1522 
726 1041 3163 2526 
727 2316 3251 2709 
728 2157 2802 1469 
729 2274 2932 2806 
730 2491 2767 1648 
731 146 2212 263 
732 735 2275 752 
733 2217 3119 1074 
734 2114 2738 2168 
735 2703 3261 1439 
736 2203 3086 290 
737 2983 3263 316 
738 2429 2976 2390 
739 1080 3151 2415 
740 1120 3190 2975 
741 3011 3113 374 
742 2494 2781 1031 
743 165 2111 164 
744 119 2252 118 
745 139 2219 262 
746 2517 3182 668 
747 2274 2806 2275 
748 160 266 159 
749 1191 2157 1469 
750 1492 3212 3054 
751 3066 3072 301 
752 2548 2894 1399 
753 132 2231 261 
754 2309 2795 1353 
755 1391 2476 1642 
756 2468 2819 2466 
757 525 3102 2480 
758 1074 3112 2217 
759 1083 2211 1014 
760 1647 2864 2763 
761 1080 3080 3059 
762 3018 3233 1230 
763 2165 2632 664 
764 1871 2626 2161 
765 294 3297 3055 
766 1212 3251 2316 
767 1469 2802 2091 
768 2814 2840 1819 
769 2065 2755 2064 
770 2762 2878 905 
771 886 2544 1158 
772 1037 2518 1146 
773 1517 3267 3017 
774 2868 2907 2168 
775 1988 3012 1529 
776 2670 2717 2671 
777 3121 3168 2184 
778 2338 2564 1636 
779 125 2235 260 
780 104 257 103 
781 2580 2898 2451 
782 116 2122 115 
783 1233 2772 1228 
784 2147 2357 1753 
785 835 2775 833 
786 1078 2579 1151 
787 2509 3072 1879 
788 2449 2928 2729 
789 2789 3147 1166 
790 339 2231 133 
791 4 3416 181 
792 2394 2986 407 
793 2094 2514 1044 
794 1146 2518 2186 
795 2384 3006 2779 
796 2130 2405 1125 
797 2754 3190 2977 
798 312 2993 2118 
799 1505 2183 1904 
800 1230 3233 3013 
801 926 2180 2179 
802 2224 2475 1642 
803 850 2295 838 
804 118 2252 259 
805 2251 3212 1492 
806 2418 2684 2419 
807 1231 2611 1233 
808 2148 2681 576 
809 95 3517 94 
810 2277 3088 659 
811 2028 3395 3093 
812 1644 2163 2119 
813 1188 2621 2174 
814 2139 3195 2716 
815 2153 2591 1010 
816 715 2788 1457 
817 548 3158 552 
818 1076 2954 2579 
819 314 2598 2597 
820 1791 2632 2165 
821 280 2215 2191 
822 1085 2615 2160 
823 1911 2978 2972 
824 3366 3431 2356 
825 251 2639 2143 
826 3181 3338 2057 
827 871 3034 694 
828 2650 2844 274 
829 2723 3217 3120 
830 2062 2878 2762 
831 2337 2564 2338 
832 1371 1765 1474 
833 1987 3113 3011 
834 2185 3411 2324 
835 2779 3006 1396 
836 2559 3415 3293 
837 1493 2898 2580 
838 1771 2411 1769 
839 2444 3388 1709 
840 1568 3022 2068 
841 2101 2990 491 
842 2034 2640 1765 
843 2425 3056 1894 
844 66 3490 65 
845 2257 2636 1087 
846 1369 2034 1371 
847 1073 3001 2101 
848 525 2617 522 
849 2972 2978 860 
850 3139 3245 2333 
851 2159 2523 1482 
852 928 2393 2180 
853 1294 2575 2169 
854 290 3149 2203 
855 2324 3411 2138 
856 82 3508 81 
857 2121 3214 1563 
858 1875 3295 2397 
859 2205 2938 14 
860 3013 3233 3232 
861 1879 3065 2509 
862 2536 2544 2152 
863 2067 3125 293 
864 505 3008 2217 
865 1411 2641 2397 
866 2189 3214 306 
867 2365 2538 2366 
868 1930 2622 2526 
869 111 2281 258 
870 2479 2617 2480 
871 2644 3106 350 
872 2100 3025 52 
873 2092 2281 2129 
874 2127 3007 2563 
875 2243 2252 2244 
876 2166 2853 1420 
877 2903 3196 863 
878 73 3539 72 
879 413 2167 411 
880 2055 2941 319 
881 350 3490 66 
882 2010 2568 351 
883 1645 2385 1746 
884 59 3534 58 
885 1571 2236 1572 
886 112 2281 111 
887 2038 3160 990 
888 2596 2597 1407 
889 2056 3437 2109 
890 2159 2823 2072 
891 411 2167 514 
892 1171 2956 1173 
893 1559 2247 2241 
894 515 2897 2877 
895 2090 2973 1063 
896 2250 3513 2125 
897 2392 2469 851 
898 314 2597 2595 
899 1056 2668 2149 
900 2673 2764 2504 
901 2034 3509 2640 
902 2655 3441 2849 
903 1559 2241 2240 
904 2192 2234 1520 
905 1371 2034 1765 
906 2114 2168 2167 
907 2109 3437 1855 
908 2210 2516 1028 
909 160 364 266 
910 2393 3033 2180 
911 2106 3263 2983 
912 3122 3463 1809 
913 1366 3047 2322 
914 2064 3019 863 
915 1407 2599 2596 
916 1125 3294 2130 
917 2593 2600 2592 
918 102 3185 101 
919 85 2175 84 
920 463 3007 662 
921 1173 2211 1083 
922 1568 3089 3022 
923 1324 2605 2206 
924 881 2405 1513 
925 2390 2976 2110 
926 1187 2347 2346 
927 90 253 89 
928 1063 2840 2814 
929 2736 3368 2310 
930 3399 3420 741 
931 2447 2996 1413 
932 1894 2427 2425 
933 2577 2743 1662 
934 1011 2984 2103 
935 925 2180 926 
936 2236 2237 1572 
937 2381 3037 2380 
938 2118 3352 312 
939 3217 3440 2085 
940 338 2235 126 
941 2618 3001 2848 
942 2319 2782 2483 
943 2511 2810 1002 
944 1644 2270 2163 
945 81 3508 351 
946 748 2883 2401 
947 1064 3041 2277 
948 274 2844 2838 
949 1590 2794 2177 
950 191 2530 190 
951 284 2640 2226 
952 1959 2913 2363 
953 108 285 107 
954 1268 3262 2572 
955 2097 2786 342 
956 2144 3339 2035 
957 1988 3349 283 
958 3093 3395 1844 
959 1717 3037 2381 
960 2049 2238 1571 
961 2139 3149 290 
962 2676 2787 2219 
963 2187 2429 2389 
964 2720 3175 904 
965 343 3030 3024 
966 16 2003 298 
967 265 2969 2125 
968 2864 3426 1989 
969 1670 2956 1317 
970 1769 2411 2050 
971 1964 2502 2323 
972 1752 2897 2119 
973 1028 2706 2210 
974 2560 3415 2559 
975 1559 2240 1208 
976 2215 3200 332 
977 1066 2194 1392 
978 1503 2250 2125 
979 2509 3333 282 
980 1831 3424 2226 
981 2879 3537 2060 
982 2857 2990 2607 
983 2228 3034 871 
984 1642 2475 2058 
985 2348 3298 667 
986 1324 3493 2365 
987 1026 2636 1280 
988 2674 3036 2784 
989 2268 3457 623 
990 68 2398 67 
991 582 2311 584 
992 263 2742 145 
993 1285 3089 1568 
994 385 2627 2323 
995 2191 2216 280 
996 2217 3008 1707 
997 1187 2834 2347 
998 1600 1831 1599 
999 2377 3068 2784 
1000 2036 3285 3060 
1001 386 2628 385 
1002 1799 3005 2837 
1003 84 2175 252 
1004 2295 2527 2294 
1005 2755 3019 2064 
1006 104 2339 257 
1007 910 2743 2577 
1008 1678 3241 1303 
1009 1723 3203 2145 
1010 2397 2641 2396 
1011 415 2352 1668 
1012 1796 2404 1577 
1013 2185 2324 1565 
1014 122 2161 287 
1015 348 3539 73 
1016 330 2657 2336 
1017 2401 2883 2400 
1018 1296 2427 1430 
1019 2145 3326 2012 
1020 2494 2782 2319 
1021 3024 3030 3023 
1022 2120 2121 317 
1023 1267 1309 1269 
1024 1492 2982 443 
1025 353 2967 2540 
1026 1861 3045 2765 
1027 2322 3047 1854 
1028 2421 2691 2414 
1029 1108 3483 2501 
1030 2571 2949 1918 
1031 103 1978 102 
1032 1369 3509 2034 
1033 256 1937 1936 
1034 2519 3436 2520 
1035 2310 3188 2736 
1036 2386 2810 2511 
1037 2765 3045 1088 
1038 1115 2964 2225 
1039 159 2115 158 
1040 1354 2624 888 
1041 1513 2405 2130 
1042 303 2858 2156 
1043 105 2339 104 
1044 2282 2787 2676 
1045 2146 2609 1100 
1046 14 2938 13 
1047 123 2565 2161 
1048 427 3043 425 
1049 2468 3348 1351 
1050 2222 2950 1824 
1051 1276 2166 1420 
1052 1978 2093 102 
1053 2037 3162 1126 
1054 1810 3062 2613 
1055 990 3315 2038 
1056 1957 2913 1959 
1057 923 2291 921 
1058 2143 2645 251 
1059 2101 3048 1073 
1060 3339 3405 2035 
1061 2733 3483 1108 
1062 2277 3041 2052 
1063 1015 2610 1206 
1064 798 2164 800 
1065 260 3502 3473 
1066 2444 2522 875 
1067 90 2208 253 
1068 659 3157 2277 
1069 1676 2222 1824 
1070 337 2252 119 
1071 838 2295 840 
1072 1412 2221 2220 
1073 1455 3050 1050 
1074 1501 2250 1503 
1075 109 3123 108 
1076 495 3193 2057 
1077 1489 2706 2476 
1078 2007 2008 109 
1079 1412 2220 1274 
1080 2152 2544 884 
1081 491 3048 2101 
1082 2845 3053 2688 
1083 1190 3194 2379 
1084 262 356 355 
1085 1087 2659 2255 
1086 1309 1599 1369 
1087 646 2861 642 
1088 2209 3266 3134 
1089 322 2971 2082 
1090 1335 2258 2256 
1091 2082 2844 2650 
1092 3253 3384 1864 
1093 261 358 357 
1094 1840 2948 2289 
1095 2292 3499 3286 
1096 1172 2183 1505 
1097 54 307 53 
1098 863 3196 2064 
1099 273 3339 2144 
1100 2119 2897 2289 
1101 1118 2553 1459 
1102 2262 2264 681 
1103 2288 3050 1455 
1104 2273 2275 735 
1105 2086 3494 2087 
1106 775 2387 732 
1107 174 1943 284 
1108 488 2383 861 
1109 1789 1940 1442 
1110 184 2120 317 
1111 425 3043 2350 
1112 897 2332 1289 
1113 627 2486 644 
1114 1289 2332 2198 
1115 2110 3218 2390 
1116 491 2990 2857 
1117 328 3311 2467 
1118 520 2617 2532 
1119 2103 3406 1011 
1120 2057 3338 1549 
1121 167 2162 166 
1122 253 2208 2071 
1123 2162 3352 3159 
1124 2700 2777 230 
1125 2431 3117 2433 
1126 2015 2764 2673 
1127 606 2612 608 
1128 2848 3001 1073 
1129 2185 2742 263 
1130 906 2251 482 
1131 123 2161 122 
1132 2312 2823 1482 
1133 2360 2487 479 
1134 2126 2914 1562 
1135 2253 2254 739 
1136 2398 3012 1988 
1137 2470 3420 3399 
1138 1739 3511 2316 
1139 75 2716 74 
1140 2292 3286 272 
1141 1488 3245 3139 
1142 1518 2608 2351 
1143 2178 2291 926 
1144 746 3109 2415 
1145 2613 3062 516 
1146 2655 3248 545 
1147 290 3506 3195 
1148 256 2154 1938 
1149 854 2233 2199 
1150 2328 2940 1842 
1151 3207 3367 2970 
1152 2098 2639 251 
1153 2620 2793 2346 
1154 2415 3109 1857 
1155 1173 2956 2044 
1156 2640 3244 1765 
1157 1265 1267 1266 
1158 2097 3250 264 
1159 2467 3320 328 
1160 1765 1952 1474 
1161 552 3158 2809 
1162 2248 2249 1652 
1163 2385 2667 1746 
1164 1565 2324 1363 
1165 2301 2355 2298 
1166 2360 2753 2487 
1167 190 2808 189 
1168 1826 3175 1822 
1169 2550 2619 2439 
1170 867 2621 1188 
1171 1881 2777 2700 
1172 1036 2518 1037 
1173 2723 3120 339 
1174 1085 3100 2354 
1175 1392 3174 2140 
1176 2562 3179 1466 
1177 2167 2168 514 
1178 1001 2290 2278 
1179 1162 2942 1179 
1180 3338 3461 1549 
1181 2628 2913 1960 
1182 2336 3166 330 
1183 53 2100 52 
1184 101 277 100 
1185 184 317 183 
1186 2562 2563 1000 
1187 1885 2561 454 
1188 2420 2446 2416 
1189 664 2831 2165 
1190 334 2281 112 
1191 893 2615 1085 
1192 16 298 15 
1193 1262 1263 1261 
1194 1353 3144 2309 
1195 584 2311 995 
1196 2803 3092 2141 
1197 2997 3110 2884 
1198 2440 2702 2550 
1199 1482 2823 2159 
1200 988 2715 2218 
1201 2528 2676 340 
1202 2169 2569 1294 
1203 2977 3190 1120 
1204 1254 2761 2611 
1205 832 2444 875 
1206 2241 2247 2243 
1207 1932 2118 1832 
1208 2563 3007 1000 
1209 644 2486 660 
1210 2164 2516 2210 
1211 390 2363 389 
1212 2630 3310 2508 
1213 1877 2899 2283 
1214 1668 2167 413 
1215 1184 2606 1444 
1216 351 3091 81 
1217 1334 3505 2027 
1218 631 2399 632 
1219 339 3120 2231 
1220 2592 2600 328 
1221 800 2164 1163 
1222 2237 3153 288 
1223 271 2832 2652 
1224 3024 3152 315 
1225 2450 2905 489 
1226 2960 3429 2493 
1227 2172 3095 1027 
1228 2093 3185 102 
1229 1494 2209 1495 
1230 1343 2298 2297 
1231 2115 2732 158 
1232 17 2003 16 
1233 2298 2355 2297 
1234 115 286 114 
1235 2313 2317 1126 
1236 988 2949 2571 
1237 2145 3203 2966 
1238 2366 2582 1468 
1239 576 2681 562 
1240 2236 2238 2235 
1241 2233 2933 2199 
1242 2319 2483 2482 
1243 1179 1262 1261 
1244 2387 2934 732 
1245 166 2162 269 
1246 1982 3367 3207 
1247 2759 3082 559 
1248 1268 2572 1267 
1249 2000 3442 2488 
1250 2005 2566 2477 
1251 1359 1442 1270 
1252 1272 2867 2320 
1253 1430 2427 1894 
1254 3134 3393 1495 
1255 1534 2296 1931 
1256 2323 2627 1964 
1257 521 2439 679 
1258 688 2253 739 
1259 1819 2829 2469 
1260 2550 2702 1869 
1261 2312 3474 2823 
1262 353 3534 59 
1263 2375 2391 2369 
1264 618 2262 681 
1265 186 2367 306 
1266 1600 1832 1831 
1267 3172 3400 2254 
1268 2790 3160 2038 
1269 739 2223 690 
1270 641 2260 1776 
1271 921 2291 993 
1272 279 2369 2368 
1273 2225 2964 1715 
1274 1889 2247 1559 
1275 2264 2265 681 
1276 1995 3459 2822 
1277 2123 2124 286 
1278 2431 3479 3117 
1279 107 2496 106 
1280 1309 1600 1599 
1281 262 355 138 
1282 2406 3015 292 
1283 649 2273 735 
1284 2483 3385 2482 
1285 1126 3391 2037 
1286 1457 2399 631 
1287 261 357 131 
1288 1741 2271 1856 
1289 740 2514 2259 
1290 1140 2157 1191 
1291 2154 2155 1938 
1292 1309 2572 1600 
1293 1010 2591 976 
1294 1653 2248 1652 
1295 73 3086 348 
1296 1100 2781 2146 
1297 850 2527 2295 
1298 1497 2673 2506 
1299 2289 2948 1521 
1300 1001 2278 399 
1301 224 2769 319 
1302 2043 3313 2211 
1303 1082 3110 2480 
1304 1600 2572 1833 
1305 2561 2562 1000 
1306 3100 3236 2354 
1307 2591 2830 1036 
1308 256 1936 95 
1309 784 2475 786 
1310 137 2329 136 
1311 2109 3218 2110 
1312 2124 2614 286 
1313 2038 3486 2790 
1314 495 3321 3193 
1315 1271 2330 1558 
1316 1062 3053 2845 
1317 285 2496 107 
1318 1087 2636 781 
1319 1030 2908 2441 
1320 1128 2551 1467 
1321 2358 2632 1791 
1322 1522 2570 566 
1323 368 2566 1453 
1324 1642 2476 2224 
1325 401 2287 1001 
1326 345 3429 2960 
1327 2060 3138 2879 
1328 54 2083 307 
1329 1496 2940 2328 
1330 2429 2921 2176 
1331 2149 2792 1056 
1332 1547 2353 2214 
1333 1896 2335 1567 
1334 1208 2240 1197 
1335 2365 2366 1468 
1336 1309 1369 1269 
1337 1143 3083 2768 
1338 2985 3379 1887 
1339 2227 2228 871 
1340 1027 3060 2171 
1341 2515 2852 1613 
1342 100 2104 99 
1343 2 450 276 
1344 2540 3369 353 
1345 2363 2913 389 
1346 454 2561 456 
1347 1387 3138 2230 
1348 1896 2336 2335 
1349 1343 2297 1342 
1350 130 2213 129 
1351 1311 2553 1118 
1352 3242 3255 1403 
1353 2738 2868 2168 
1354 1811 2326 1486 
1355 681 2266 620 
1356 840 2295 2293 
1357 2146 2781 2549 
1358 1765 3244 2508 
1359 2537 2582 2366 
1360 1518 2351 915 
1361 1124 2575 1294 
1362 1892 3531 2536 
1363 2530 2808 190 
1364 389 2913 2628 
1365 2872 2894 2261 
1366 2129 3191 2166 
1367 2193 3326 2887 
1368 643 2514 665 
1369 1215 2637 1526 
1370 385 2628 2627 
1371 2412 2726 2413 
1372 2679 3462 1238 
1373 1943 2640 284 
1374 482 2251 447 
1375 331 2629 2455 
1376 533 2867 1272 
1377 2130 3504 1524 
1378 1262 1310 1263 
1379 61 2200 60 
1380 1903 2097 1905 
1381 2238 3502 260 
1382 2151 3285 2111 
1383 2686 2687 1781 
1384 653 2564 2337 
1385 2536 3531 2544 
1386 879 2405 881 
1387 266 2115 159 
1388 2484 2914 281 
1389 321 2339 105 
1390 1576 2404 2403 
1391 175 1943 174 
1392 1298 2427 1296 
1393 2839 3438 323 
1394 814 2313 1126 
1395 1335 2475 784 
1396 1828 2384 1278 
1397 2477 2566 778 
1398 594 2691 2421 
1399 1577 2404 1576 
1400 2369 2391 2368 
1401 1427 2741 1425 
1402 2261 2548 2260 
1403 3142 3381 2534 
1404 2283 2899 1408 
1405 1776 2548 2274 
1406 279 2368 188 
1407 2394 3380 1818 
1408 1492 3054 2112 
1409 1380 2282 1382 
1410 1267 1269 1266 
1411 926 2291 923 
1412 2346 2793 1187 
1413 822 2327 1127 
1414 1265 1268 1267 
1415 1940 2086 1941 
1416 2208 2535 2071 
1417 2454 2654 2455 
1418 889 2412 885 
1419 901 3188 2310 
1420 3104 3198 1888 
1421 2596 2600 2593 
1422 2416 2446 600 
1423 2911 2985 1887 
1424 875 2381 2380 
1425 1359 1789 1442 
1426 2035 3405 302 
1427 2482 3385 2961 
1428 2413 3496 2414 
1429 1246 2698 2239 
1430 1627 2469 2392 
1431 1279 2234 1329 
1432 347 3510 3125 
1433 1274 2220 1473 
1434 1386 2554 1383 
1435 760 3259 2309 
1436 2309 3144 760 
1437 1885 2562 2561 
1438 1360 2861 652 
1439 288 3389 2237 
1440 2151 3353 3060 
1441 869 2534 873 
1442 2635 2951 346 
1443 1728 2401 2400 
1444 2160 2615 2523 
1445 590 2358 570 
1446 2833 3241 1678 
1447 2568 2573 351 
1448 2584 2799 2066 
1449 2253 2807 2254 
1450 1242 2239 1244 
1451 952 2668 1056 
1452 2127 2563 2027 
1453 1753 3137 2147 
1454 1945 3082 2759 
1455 1134 2605 1324 
1456 2196 3174 1392 
1457 798 2516 2164 
1458 94 2991 93 
1459 1044 2514 643 
1460 2041 3255 3242 
1461 2925 3410 317 
1462 1721 3521 2622 
1463 1903 1905 1506 
1464 1321 2284 1515 
1465 2239 2698 2084 
1466 1518 3501 2608 
1467 792 2516 795 
1468 728 2501 2364 
1469 2946 3091 2573 
1470 258 2092 2091 
1471 2414 3496 2684 
1472 1112 2387 775 
1473 2362 3384 3253 
1474 1010 2813 2153 
1475 2379 3194 2371 
1476 1238 1254 1234 
1477 2908 2953 2441 
1478 417 2352 415 
1479 857 2672 796 
1480 2889 3259 760 
1481 1488 3139 450 
1482 1505 1903 1506 
1483 1557 2428 2139 
1484 2771 2956 1670 
1485 2164 2210 2042 
1486 1529 3012 1687 
1487 1580 2137 1582 
1488 2581 2772 1782 
1489 2356 3431 3313 
1490 76 325 75 
1491 1100 3454 2602 
1492 129 2213 288 
1493 1672 2799 1674 
1494 1210 2440 494 
1495 1024 2407 2315 
1496 757 2541 1022 
1497 1028 2516 792 
1498 1526 2397 2396 
1499 935 2393 930 
1500 1983 3317 2325 
1501 1127 3131 2984 
1502 678 2321 658 
1503 2704 2976 2176 
1504 2784 3036 2378 
1505 1009 2194 1066 
1506 1244 2239 1255 
1507 2155 3263 2512 
1508 2116 2732 2115 
1509 519 2439 521 
1510 2254 3400 739 
1511 2822 3173 1995 
1512 671 2446 2345 
1513 1425 2741 2011 
1514 1374 2353 1547 
1515 2502 2503 589 
1516 675 2421 2418 
1517 1281 2234 1279 
1518 319 2585 223 
1519 2957 3478 1975 
1520 1440 2402 1910 
1521 1263 2099 1265 
1522 2183 3318 1904 
1523 1448 2234 1281 
1524 2498 2758 673 
1525 914 2472 497 
1526 2260 2548 1776 
1527 144 2471 143 
1528 1179 1261 1260 
1529 1549 3461 2352 
1530 1270 2679 1238 
1531 875 2380 834 
1532 2002 2685 1638 
1533 1940 1941 1442 
1534 1576 2403 2402 
1535 840 2293 842 
1536 1494 1495 1310 
1537 2097 2994 1905 
1538 1897 3344 2290 
1539 2069 3283 88 
1540 1887 2209 1494 
1541 2721 2963 2760 
1542 2423 2424 1454 
1543 2366 2538 2497 
1544 1263 1265 1264 
1545 2134 3332 2661 
1546 2255 2659 1573 
1547 1827 2758 2498 
1548 2291 2737 993 
1549 2275 2806 866 
1550 2195 2197 2196 
1551 1969 1971 1970 
1552 2455 2629 1605 
1553 653 2337 670 
1554 2609 3454 1100 
1555 2259 2852 2515 
1556 960 2330 1271 
1557 2984 3131 2103 
1558 378 2502 589 
1559 1958 2356 1962 
1560 360 2534 869 
1561 2569 3453 1294 
1562 1383 2554 1381 
1563 885 2412 883 
1564 2534 3381 2353 
1565 1951 3221 2601 
1566 576 3069 2148 
1567 915 2351 523 
1568 1497 2506 942 
1569 1278 2384 1025 
1570 1526 2396 539 
1571 858 2332 897 
1572 2206 3493 1324 
1573 2088 2679 1941 
1574 2003 2460 298 
1575 852 2233 854 
1576 2551 2957 1975 
1577 1066 1392 1162 
1578 1413 2793 2620 
1579 2505 2673 2504 
1580 433 2896 2759 
1581 322 2650 213 
1582 2891 2949 1610 
1583 2822 3476 2424 
1584 1782 2772 2095 
1585 2581 2812 1225 
1586 3227 3279 2096 
1587 629 2539 1058 
1588 2556 3376 3361 
1589 2190 3073 2962 
1590 861 2383 1122 
1591 1250 2422 1445 
1592 632 2399 635 
1593 714 3042 2261 
1594 2335 2340 1567 
1595 1941 2679 1442 
1596 949 2715 988 
1597 2259 2514 2094 
1598 351 3508 2010 
1599 393 2363 390 
1600 1362 1580 1507 
1601 2694 3101 1889 
1602 2768 3260 1143 
1603 304 363 362 
1604 1896 3166 2336 
1605 2438 2439 519 
1606 1694 2442 1908 
1607 942 2506 937 
1608 2485 2486 627 
1609 1151 2579 2578 
1610 2467 2468 2466 
1611 2379 2926 1190 
1612 796 2672 794 
1613 993 2473 919 
1614 1339 2222 1676 
1615 1246 2239 1242 
1616 731 2541 757 
1617 2007 2802 2008 
1618 2245 3180 1444 
1619 261 2231 361 
1620 749 2584 1108 
1621 2512 3281 2155 
1622 2757 3088 2170 
1623 2685 2891 1638 
1624 2523 2615 1039 
1625 1728 2400 1729 
1626 58 2459 57 
1627 2156 3487 303 
1628 2195 2196 2194 
1629 1468 2157 1140 
1630 1888 3198 2552 
1631 2160 2523 2159 
1632 2611 2761 2033 
1633 2962 3073 1167 
1634 2321 2539 658 
1635 1032 2773 2668 
1636 487 2445 484 
1637 1012 1144 1013 
1638 1254 3208 2761 
1639 930 2393 928 
1640 2191 2930 2216 
1641 2204 3094 1548 
1642 2402 2403 1910 
1643 1289 2195 2194 
1644 264 1969 152 
1645 2016 2296 1536 
1646 602 2446 671 
1647 253 2070 2069 
1648 2122 3101 2694 
1649 1750 2897 1752 
1650 2404 3106 2644 
1651 1505 1506 1393 
1652 122 287 121 
1653 1164 2340 1412 
1654 2259 2515 740 
1655 1473 1922 1921 
1656 2769 2860 2055 
1657 1160 2402 1440 
1658 2315 2898 2871 
1659 14 3451 2205 
1660 1522 2681 2536 
1661 2453 2454 1605 
1662 2213 3389 288 
1663 364 365 266 
1664 2750 3376 2556 
1665 1220 2797 2637 
1666 862 2768 730 
1667 1491 2452 1871 
1668 186 306 185 
1669 1652 2250 1501 
1670 226 2509 282 
1671 477 2360 479 
1672 810 2407 1024 
1673 1343 2299 2298 
1674 1676 1824 1823 
1675 302 3485 2035 
1676 173 1986 172 
1677 2607 2751 1068 
1678 2002 3002 2685 
1679 1438 2453 1605 
1680 868 2395 359 
1681 1300 2423 1454 
1682 2191 2215 1772 
1683 1145 1362 1144 
1684 1782 2812 2581 
1685 1580 2324 2138 
1686 1329 2234 2192 
1687 2026 3393 2947 
1688 2184 3168 320 
1689 497 2472 487 
1690 908 2474 849 
1691 281 2915 2484 
1692 1238 3462 1254 
1693 1536 2296 1534 
1694 2697 3152 1922 
1695 1473 2220 1922 
1696 1231 1233 1228 
1697 1923 2828 2474 
1698 69 335 68 
1699 1544 2717 2670 
1700 1917 2485 1461 
1701 2742 3222 145 
1702 1625 2392 2001 
1703 2141 3174 2803 
1704 1169 2474 908 
1705 570 2358 569 
1706 2637 2797 2102 
1707 2143 2639 1619 
1708 1461 2485 622 
1709 1015 1206 1097 
1710 3256 3363 321 
1711 2547 2642 2545 
1712 1680 2549 2494 
1713 1259 3304 3273 
1714 2726 2927 2413 
1715 1547 1883 1548 
1716 284 2226 1986 
1717 1467 1974 1539 
1718 1034 2340 1164 
1719 3032 3278 1397 
1720 1950 3298 2349 
1721 1825 2450 2449 
1722 2299 2300 2298 
1723 2550 3471 2619 
1724 2396 2641 544 
1725 3060 3271 2036 
1726 2368 2391 2367 
1727 704 2987 706 
1728 2686 2825 508 
1729 1172 1505 1393 
1730 2175 2704 2176 
1731 897 1289 1009 
1732 1754 2437 1755 
1733 2622 3392 1721 
1734 2519 2520 1880 
1735 1520 2234 1448 
1736 1388 1836 1417 
1737 65 3445 64 
1738 1580 1582 1507 
1739 1323 2436 1155 
1740 804 2451 805 
1741 776 1012 777 
1742 596 2421 675 
1743 1555 2428 1557 
1744 1327 2482 2481 
1745 1481 2312 1482 
1746 258 2281 2092 
1747 1528 2166 1276 
1748 507 2542 501 
1749 2484 2915 1637 
1750 1554 2524 962 
1751 1234 2611 1231 
1752 1363 2324 1362 
1753 1138 1468 1140 
1754 1594 2284 1321 
1755 1289 2194 1009 
1756 1684 2719 2294 
1757 1359 2333 1789 
1758 1962 2043 1963 
1759 1191 1469 1202 
1760 2165 3176 1792 
1761 487 2472 2445 
1762 919 2473 917 
1763 306 3234 2189 
1764 136 2329 289 
1765 1815 3446 3293 
1766 882 2570 2152 
1767 1772 2248 1653 
1768 2241 2243 2242 
1769 1824 1825 1823 
1770 2372 2521 2379 
1771 293 3091 2946 
1772 210 2461 323 
1773 511 2438 519 
1774 1327 2481 1326 
1775 854 2199 858 
1776 2333 3179 3139 
1777 507 3005 2542 
1778 208 2462 275 
1779 1467 2551 1975 
1780 2039 3327 3090 
1781 2478 2479 1812 
1782 962 2524 963 
1783 2066 2799 1672 
1784 884 885 883 
1785 1594 2578 2286 
1786 1932 3352 2118 
1787 106 2496 321 
1788 2391 3234 2367 
1789 729 3351 2520 
1790 882 883 647 
1791 2199 2332 858 
1792 779 3366 2280 
1793 2177 3374 1589 
1794 2297 2355 2065 
1795 780 2331 906 
1796 1204 1528 1276 
1797 2083 2177 307 
1798 540 2362 2361 
1799 1365 1565 1363 
1800 1443 2357 2147 
1801 934 2505 2504 
1802 83 3450 82 
1803 334 3191 2129 
1804 1412 2335 2221 
1805 1128 1467 1130 
1806 714 2261 2260 
1807 911 1039 892 
1808 1524 2411 1538 
1809 1698 2519 1880 
1810 1930 3463 3392 
1811 2199 2933 1655 
1812 752 865 753 
1813 1457 3249 2399 
1814 1776 2274 2273 
1815 2479 2480 1812 
1816 151 3347 150 
1817 1328 1481 1277 
1818 720 2321 678 
1819 2788 3330 1787 
1820 2162 3159 269 
1821 877 879 878 
1822 559 877 876 
1823 1321 1515 1514 
1824 1513 1524 1523 
1825 735 752 736 
1826 1157 1321 1320 
1827 2536 2681 2148 
1828 2889 3387 3259 
1829 886 887 885 
1830 1856 3080 2415 
1831 1040 1277 1039 
1832 2169 2575 1519 
1833 2424 2426 2425 
1834 2303 2304 2302 
1835 1382 2282 1388 
1836 1735 2272 2271 
1837 1486 2326 1485 
1838 2440 2550 2438 
1839 2129 2166 1528 
1840 1122 2383 2222 
1841 495 2057 1549 
1842 2424 3173 2822 
1843 722 3206 904 
1844 1483 1849 1481 
1845 1430 1893 1519 
1846 706 747 708 
1847 604 2342 606 
1848 496 498 497 
1849 660 2999 2498 
1850 1188 1423 1189 
1851 2337 2338 1213 
1852 1423 1571 1432 
1853 1923 2863 2828 
1854 2272 3080 2271 
1855 2240 2241 1395 
1856 907 2263 2262 
1857 830 2444 832 
1858 743 776 755 
1859 610 2325 612 
1860 1787 3330 3009 
1861 2361 2363 393 
1862 2181 3280 662 
1863 890 892 891 
1864 756 2360 477 
1865 1429 1494 1310 
1866 2930 3494 2216 
1867 496 497 487 
1868 1138 2365 1468 
1869 2670 2671 1416 
1870 1025 2384 2331 
1871 1974 1976 1539 
1872 1919 1953 1553 
1873 3060 3353 2171 
1874 591 2570 882 
1875 866 998 865 
1876 993 2923 2473 
1877 185 2120 184 
1878 2256 2257 2255 
1879 498 500 499 
1880 635 2399 2359 
1881 888 2624 2623 
1882 87 3169 304 
1883 1193 2233 852 
1884 2356 3313 1962 
1885 2371 2375 2369 
1886 187 2368 2367 
1887 2153 2830 2591 
1888 709 780 482 
1889 1134 1324 1136 
1890 1374 1547 1376 
1891 1886 1887 1494 
1892 616 2262 618 
1893 1781 2825 2686 
1894 2192 2193 2063 
1895 1372 2353 1374 
1896 781 1025 780 
1897 1026 1278 1025 
1898 1279 1329 1278 
1899 999 1181 998 
1900 1162 1179 1178 
1901 277 2104 100 
1902 2008 3123 109 
1903 1157 2578 1594 
1904 2206 2605 1539 
1905 2832 3390 2652 
1906 1507 2610 1144 
1907 700 905 702 
1908 1467 1539 1130 
1909 1449 1485 1448 
1910 2418 2419 2417 
1911 1012 1145 1144 
1912 2668 2773 2149 
1913 3378 3408 1252 
1914 1329 2063 1828 
1915 2158 2610 1507 
1916 1723 2145 2012 
1917 1097 2183 1172 
1918 63 2745 62 
1919 1856 2415 1857 
1920 845 1193 852 
1921 1900 2016 1536 
1922 2303 2589 2306 
1923 887 890 889 
1924 645 2273 649 
1925 686 2253 688 
1926 880 912 879 
1927 1036 2830 2518 
1928 696 716 698 
1929 1505 1904 1903 
1930 347 3265 2098 
1931 340 2918 2528 
1932 431 559 430 
1933 1485 1723 1520 
1934 743 3105 776 
1935 2424 2425 1454 
1936 590 2632 2358 
1937 639 2260 641 
1938 1362 1507 1144 
1939 2300 2302 2301 
1940 786 2475 2224 
1941 1095 2551 1128 
1942 286 2614 114 
1943 1116 2340 1034 
1944 2411 3128 1538 
1945 2338 2807 1213 
1946 1146 2389 2388 
1947 608 667 610 
1948 614 907 616 
1949 332 3099 2249 
1950 397 540 395 
1951 1247 2422 1250 
1952 913 1123 912 
1953 1294 3453 3115 
1954 2176 2976 2429 
1955 881 1513 1398 
1956 625 715 631 
1957 1519 2575 1295 
1958 2807 3187 2254 
1959 688 739 690 
1960 692 871 694 
1961 1863 2280 1954 
1962 2343 2346 2344 
1963 684 1213 686 
1964 1362 2324 1580 
1965 529 2608 545 
1966 1124 1294 1123 
1967 2059 2061 1607 
1968 2439 2619 679 
1969 867 1188 1109 
1970 275 2495 207 
1971 641 1776 645 
1972 2245 2606 2242 
1973 1594 2285 2284 
1974 1193 3341 2233 
1975 498 499 497 
1976 1580 2138 2137 
1977 2352 3461 1668 
1978 3473 3502 2142 
1979 671 2343 2342 
1980 1894 1997 1893 
1981 1566 1635 1565 
1982 1956 2356 1958 
1983 1108 2501 733 
1984 637 714 639 
1985 2329 3440 289 
1986 1265 1266 1264 
1987 1206 2183 1097 
1988 2935 3095 2172 
1989 1819 2840 2829 
1990 2160 3100 1085 
1991 1741 1856 1743 
1992 1210 2702 2440 
1993 618 681 620 
1994 1734 2271 1741 
1995 2315 2316 2314 
1996 591 647 592 
1997 1024 2314 2313 
1998 1296 1430 1295 
1999 2522 3243 2381 
2000 1342 2297 1471 
2001 500 504 501 
2002 1157 1594 1321 
2003 1732 1735 1734 
2004 649 735 656 
2005 1836 1984 1417 
2006 882 884 883 
2007 2480 3102 1082 
2008 1267 2572 1309 
2009 2307 2308 2305 
2010 1599 3509 1369 
2011 1365 1566 1565 
2012 1637 2500 1543 
2013 483 496 487 
2014 2237 3090 1572 
2015 591 882 647 
2016 2242 2606 1395 
2017 1883 2085 1548 
2018 679 915 523 
2019 2671 3035 2672 
2020 1570 2478 1812 
2021 1153 1157 1156 
2022 2303 2305 2304 
2023 2339 3363 3276 
2024 2310 3364 901 
2025 865 867 753 
2026 1524 1538 1523 
2027 690 2223 692 
2028 421 495 420 
2029 1958 1962 1961 
2030 2174 2621 1490 
2031 602 671 604 
2032 716 2762 698 
2033 2081 3343 2354 
2034 1511 2004 1726 
2035 2492 2767 2491 
2036 670 2337 684 
2037 700 2762 905 
2038 1729 2400 1732 
2039 3129 3183 255 
2040 401 1001 399 
2041 904 2321 720 
2042 879 881 878 
2043 1388 2282 1836 
2044 2300 2303 2302 
2045 1195 1395 1186 
2046 2674 2784 1201 
2047 2397 3295 1411 
2048 1228 2772 1226 
2049 916 917 915 
2050 877 878 876 
2051 2243 2244 2242 
2052 752 753 736 
2053 2524 2770 1030 
2054 1917 2486 2485 
2055 1539 2605 1130 
2056 1501 1503 1500 
2057 2469 2829 851 
2058 1832 2979 1831 
2059 1893 1895 1519 
2060 1045 2388 1148 
2061 2137 2406 1582 
2062 1547 2214 1883 
2063 500 501 499 
2064 2058 2255 1573 
2065 2950 2958 2905 
2066 1093 1397 1095 
2067 2241 2242 1395 
2068 1880 2442 1696 
2069 495 1549 420 
2070 1908 2436 1692 
2071 2370 2371 2369 
2072 2086 2087 1941 
2073 501 2542 499 
2074 2961 3096 1965 
2075 2175 2176 252 
2076 1114 1553 1112 
2077 931 2505 934 
2078 1570 1811 1486 
2079 1447 1448 1281 
2080 559 876 430 
2081 1145 1363 1362 
2082 1199 1208 1197 
2083 865 2621 867 
2084 1699 2101 1685 
2085 1513 1523 1398 
2086 890 911 892 
2087 675 2417 2416 
2088 1123 1125 912 
2089 2054 2277 2052 
2090 2145 3427 588 
2091 405 527 403 
2092 76 2645 325 
2093 1012 1013 777 
2094 399 2278 397 
2095 2445 2843 1210 
2096 918 919 917 
2097 3034 3309 716 
2098 2887 3421 2193 
2099 893 1085 895 
2100 1471 2297 2065 
2101 459 1000 461 
2102 1692 2436 1323 
2103 2230 3523 1387 
2104 1184 1444 1182 
2105 884 886 885 
2106 504 508 506 
2107 403 2287 401 
2108 509 2687 2686 
2109 1547 1548 1376 
2110 1191 1202 1192 
2111 395 2361 393 
2112 2304 2795 2309 
2113 2363 3397 1959 
2114 187 2367 186 
2115 995 1343 1342 
2116 2667 2788 1746 
2117 667 2325 610 
2118 2274 2275 2273 
2119 635 2359 637 
2120 1849 2312 1481 
2121 883 2412 1487 
2122 1825 2905 2450 
2123 1430 1519 1295 
2124 1037 1146 1045 
2125 1481 1482 1277 
2126 321 3363 2339 
2127 409 2394 407 
2128 449 482 447 
2129 795 2516 798 
2130 2158 3527 2334 
2131 1256 2453 1438 
2132 3293 3446 2559 
2133 2300 2589 2303 
2134 411 514 409 
2135 2884 3110 1082 
2136 978 1036 981 
2137 258 2091 2007 
2138 920 921 919 
2139 2039 2040 1410 
2140 1043 2618 490 
2141 256 1938 1937 
2142 2346 2347 2344 
2143 1140 1191 1141 
2144 598 2416 600 
2145 995 2311 1343 
2146 1410 2395 868 
2147 1052 1390 1089 
2148 279 2370 2369 
2149 907 2262 616 
2150 70 2690 69 
2151 290 3195 2139 
2152 1471 2065 2064 
2153 429 430 427 
2154 1223 1225 1222 
2155 3081 3318 1971 
2156 2249 2250 1652 
2157 2342 2612 606 
2158 521 523 522 
2159 735 736 656 
2160 722 904 720 
2161 1221 1222 1220 
2162 519 521 520 
2163 1621 1923 1476 
2164 437 438 435 
2165 2339 3276 257 
2166 2010 2921 2568 
2167 922 923 921 
2168 445 1492 443 
2169 1213 2253 686 
2170 714 2260 639 
2171 3026 3227 1939 
2172 715 1457 631 
2173 2125 2156 1816 
2174 812 2313 814 
2175 873 2534 1372 
2176 1271 1555 1554 
2177 397 2278 540 
2178 810 1024 812 
2179 2061 3074 2554 
2180 1776 2273 645 
2181 2905 2958 489 
2182 529 545 530 
2183 1423 1432 1189 
2184 558 576 562 
2185 1953 2279 1553 
2186 508 513 512 
2187 665 2514 740 
2188 1534 1931 1532 
2189 2209 3379 3266 
2190 808 2407 810 
2191 1625 2001 1623 
2192 1806 2019 1664 
2193 1870 2142 1525 
2194 2043 2044 1963 
2195 1984 3108 3107 
2196 2454 2455 1605 
2197 800 1163 802 
2198 875 2522 2381 
2199 804 2580 2451 
2200 594 2421 596 
2201 2121 3305 2924 
2202 814 1126 816 
2203 380 2502 378 
2204 2343 2344 2342 
2205 1764 2573 2568 
2206 253 2069 89 
2207 539 2396 536 
2208 1302 2423 1300 
2209 818 1019 820 
2210 2263 2264 2262 
2211 2443 2444 830 
2212 1181 1490 998 
2213 600 2446 602 
2214 999 1182 1181 
2215 1660 1911 1658 
2216 974 1010 976 
2217 2389 2390 2388 
2218 282 2860 2769 
2219 1571 1572 1432 
2220 1758 2067 1760 
2221 1188 1189 1109 
2222 1635 2185 1565 
2223 805 2451 808 
2224 1463 2760 2458 
2225 1558 2428 1555 
2226 1627 2392 1625 
2227 1288 1295 1177 
2228 780 906 482 
2229 1040 1328 1277 
2230 2486 3084 660 
2231 415 1668 413 
2232 514 2394 409 
2233 911 1040 1039 
2234 1515 3382 1793 
2235 2767 3503 1648 
2236 671 2342 604 
2237 1631 1819 1629 
2238 494 2440 503 
2239 822 1127 824 
2240 886 888 887 
2241 1066 1162 1161 
2242 1656 2090 1633 
2243 911 2623 1552 
2244 441 492 439 
2245 2472 3466 1998 
2246 1836 2528 1984 
2247 1414 2529 1562 
2248 1416 2672 857 
2249 1856 1857 1743 
2250 3065 3333 2509 
2251 820 2327 822 
2252 1300 1454 1298 
2253 1784 2217 1707 
2254 1449 1486 1485 
2255 1241 1242 1240 
2256 504 506 501 
2257 781 1026 1025 
2258 527 2287 403 
2259 568 591 574 
2260 709 781 780 
2261 439 2513 438 
2262 776 777 755 
2263 1607 2554 1386 
2264 1773 2191 1772 
2265 1735 2271 1734 
2266 888 2623 887 
2267 924 925 923 
2268 1648 3503 1888 
2269 82 3450 2010 
2270 219 3422 302 
2271 1890 3289 1892 
2272 2119 2289 1521 
2273 1026 1279 1278 
2274 3159 3352 1934 
2275 475 756 477 
2276 679 916 915 
2277 1329 2192 2063 
2278 1485 2326 1723 
2279 866 999 998 
2280 1023 2952 2791 
2281 1025 2331 780 
2282 1006 1106 1046 
2283 1197 2240 1195 
2284 1225 1237 1236 
2285 540 2361 395 
2286 2417 2420 2416 
2287 2265 2269 2267 
2288 1380 2787 2282 
2289 1555 1557 1556 
2290 938 2504 986 
2291 346 3500 2635 
2292 1328 1483 1481 
2293 385 2323 382 
2294 1503 2125 1816 
2295 542 556 548 
2296 513 534 533 
2297 419 420 417 
2298 564 1522 566 
2299 583 2631 581 
2300 842 2293 845 
2301 2541 3000 2004 
2302 826 1011 828 
2303 1499 1500 1341 
2304 890 2623 911 
2305 854 858 855 
2306 2670 2937 1544 
2307 1263 1264 1261 
2308 916 918 917 
2309 692 2223 871 
2310 492 2513 439 
2311 1447 1449 1448 
2312 1570 1812 1811 
2313 2058 2256 2255 
2314 1905 1920 1906 
2315 1496 2328 1722 
2316 2293 2294 1193 
2317 927 928 925 
2318 1919 1977 1953 
2319 2287 3154 1001 
2320 1122 2222 1339 
2321 1221 1223 1222 
2322 1164 1412 1274 
2323 2547 2749 2642 
2324 2325 3317 612 
2325 1490 2621 998 
2326 752 866 865 
2327 1339 1676 1675 
2328 834 2380 836 
2329 1219 1220 1217 
2330 2009 3445 65 
2331 1022 2541 1511 
2332 1542 2484 1637 
2333 1321 1514 1320 
2334 2520 3436 729 
2335 506 2699 507 
2336 1694 1908 1692 
2337 1499 1501 1500 
2338 1732 2400 1735 
2339 1329 1828 1278 
2340 2039 3090 2040 
2341 469 473 471 
2342 1617 2653 2143 
2343 1515 1793 1514 
2344 968 2441 970 
2345 836 2380 850 
2346 2025 2171 2024 
2347 536 544 543 
2348 1953 2517 2279 
2349 479 483 480 
2350 675 2418 2417 
2351 684 2337 1213 
2352 477 479 478 
2353 449 709 482 
2354 1146 2388 1045 
2355 503 2440 2438 
2356 931 934 930 
2357 1241 1246 1242 
2358 483 487 484 
2359 918 920 919 
2360 929 930 928 
2361 1036 1037 981 
2362 892 2615 893 
2363 524 529 526 
2364 1723 2012 1520 
2365 1873 1981 1821 
2366 852 854 853 
2367 1160 1440 1159 
2368 2372 2379 2371 
2369 637 2359 714 
2370 920 922 921 
2371 447 2251 445 
2372 521 679 523 
2373 473 475 474 
2374 2305 2470 2304 
2375 508 512 506 
2376 1629 2469 1627 
2377 1755 2437 1758 
2378 1114 1919 1553 
2379 2179 2225 1715 
2380 475 477 476 
2381 1566 1749 1635 
2382 832 875 834 
2383 535 536 534 
2384 1485 1520 1448 
2385 1033 1159 1032 
2386 1157 1320 1156 
2387 2314 2317 2313 
2388 484 2445 486 
2389 596 675 598 
2390 2132 3332 2134 
2391 1237 1240 1239 
2392 511 519 518 
2393 544 550 549 
2394 1255 2422 1247 
2395 463 662 465 
2396 2040 2395 1410 
2397 189 279 188 
2398 370 2566 368 
2399 3107 3226 1794 
2400 986 1032 951 
2401 1202 1204 1203 
2402 1503 1816 1504 
2403 1195 2240 1395 
2404 500 2488 509 
2405 1215 1526 539 
2406 2290 3344 2278 
2407 1970 3347 151 
2408 503 2438 511 
2409 934 938 935 
2410 917 2473 1518 
2411 922 924 923 
2412 456 2561 459 
2413 938 951 939 
2414 1024 2313 812 
2415 655 2498 673 
2416 486 1210 494 
2417 1617 2143 1619 
2418 1621 2783 1923 
2419 1412 2340 2335 
2420 1024 2315 2314 
2421 887 889 885 
2422 937 2506 933 
2423 966 1030 968 
2424 2473 3164 1518 
2425 283 3350 1988 
2426 1199 1209 1208 
2427 523 2351 524 
2428 1962 1963 1961 
2429 960 1271 962 
2430 513 533 512 
2431 877 880 879 
2432 2661 2800 2134 
2433 1019 2327 820 
2434 1271 1558 1555 
2435 1151 2578 1153 
2436 2063 2553 1828 
2437 263 3411 2185 
2438 2054 3088 2277 
2439 883 1487 647 
2440 57 2459 278 
2441 1031 2782 2494 
2442 963 2524 966 
2443 2323 2502 380 
2444 658 2539 629 
2445 2508 3310 1952 
2446 486 2445 1210 
2447 2300 2301 2298 
2448 808 2451 2407 
2449 1440 1529 1441 
2450 845 852 846 
2451 1696 2442 1694 
2452 924 927 925 
2453 1513 2130 1524 
2454 1242 1244 1243 
2455 924 2545 927 
2456 340 2676 2219 
2457 3134 3266 2173 
2458 62 336 61 
2459 226 282 225 
2460 232 295 231 
2461 229 301 228 
2462 524 2351 529 
2463 1009 1066 1065 
2464 2080 3227 3026 
2465 1423 2049 1571 
2466 956 1166 958 
2467 941 2510 943 
2468 1237 1241 1240 
2469 828 2443 830 
2470 2222 3443 2950 
2471 2669 2670 1416 
2472 550 570 569 
2473 445 2251 1492 
2474 1289 2198 2195 
2475 622 2485 575 
2476 72 3492 71 
2477 776 2909 1012 
2478 2385 2752 1207 
2479 488 2855 2383 
2480 1093 1095 1094 
2481 2378 2521 2374 
2482 1445 2453 1256 
2483 2451 2898 2407 
2484 500 509 504 
2485 880 913 912 
2486 709 2659 1087 
2487 897 1009 900 
2488 2133 3458 2422 
2489 2386 2963 1029 
2490 2215 2248 1772 
2491 1029 2810 2386 
2492 1430 1894 1893 
2493 952 1056 954 
2494 2218 2949 988 
2495 1305 2529 1414 
2496 544 549 543 
2497 2001 2783 1623 
2498 575 627 590 
2499 166 269 165 
2500 943 944 942 
2501 2182 3322 3314 
2502 429 431 430 
2503 571 575 570 
2504 675 2416 598 
2505 994 2666 2587 
2506 1593 2936 2229 
2507 189 2808 279 
2508 836 850 838 
2509 890 891 889 
2510 1186 2606 1184 
2511 2091 2802 2007 
2512 927 929 928 
2513 2304 2309 2302 
2514 945 946 944 
2515 1272 1327 1326 
2516 941 942 937 
2517 1326 2481 1596 
2518 1676 1823 1822 
2519 858 897 859 
2520 892 893 891 
2521 1219 1221 1220 
2522 523 524 522 
2523 1915 1916 1461 
2524 533 1272 1061 
2525 1244 1255 1247 
2526 913 1124 1123 
2527 437 439 438 
2528 2220 2888 1922 
2529 1664 2577 1662 
2530 227 2509 226 
2531 1809 3463 1930 
2532 2374 2521 2372 
2533 2200 2915 60 
2534 1575 1576 1319 
2535 1177 2575 1124 
2536 944 2464 1497 
2537 262 2787 356 
2538 521 522 520 
2539 1937 1939 1936 
2540 1445 3458 3308 
2541 1048 1455 1050 
2542 2335 2336 2221 
2543 1918 2949 2891 
2544 1631 2814 1819 
2545 535 539 536 
2546 1217 2637 1215 
2547 1095 1128 1096 
2548 929 931 930 
2549 1819 2469 1629 
2550 1011 2443 828 
2551 2090 2814 1633 
2552 627 644 630 
2553 3313 3431 896 
2554 976 2591 978 
2555 1440 1910 1529 
2556 284 1986 173 
2557 1596 2481 1965 
2558 161 364 160 
2559 1091 1093 1092 
2560 274 2461 211 
2561 438 2896 435 
2562 1390 2886 1089 
2563 323 2462 209 
2564 933 2505 931 
2565 2879 3138 1387 
2566 996 2756 2715 
2567 1525 2174 1490 
2568 550 569 549 
2569 449 2659 709 
2570 1638 2891 1610 
2571 1250 1445 1256 
2572 326 2556 2555 
2573 1030 2441 968 
2574 529 530 526 
2575 1454 2427 1298 
2576 1288 1296 1295 
2577 986 1033 1032 
2578 2127 3230 662 
2579 671 2345 2343 
2580 2226 3424 1986 
2581 1605 2629 1604 
2582 224 319 223 
2583 1244 1247 1245 
2584 1791 1792 1541 
2585 536 543 534 
2586 1567 2340 1116 
2587 1791 2165 1792 
2588 1460 1461 622 
2589 1476 2474 1169 
2590 1033 1160 1159 
2591 1635 2742 2185 
2592 1128 1130 1129 
2593 1306 3132 2089 
2594 958 2330 960 
2595 2023 2024 1935 
2596 917 1518 915 
2597 1085 2354 895 
2598 974 2892 1010 
2599 2118 3455 1832 
2600 1853 2768 1352 
2601 1324 2365 1136 
2602 2321 3175 2539 
2603 934 2504 938 
2604 1247 1250 1248 
2605 536 2396 544 
2606 513 535 534 
2607 1579 1796 1577 
2608 519 520 518 
2609 951 952 939 
2610 933 2506 2505 
2611 1319 2402 1160 
2612 1226 2581 1223 
2613 509 2686 504 
2614 2019 3076 2577 
2615 2457 3408 3378 
2616 770 773 771 
2617 1758 2437 2067 
2618 2656 3309 3138 
2619 1273 1791 1541 
2620 566 2570 568 
2621 1237 1239 1236 
2622 234 2558 320 
2623 1271 1554 962 
2624 627 630 590 
2625 2687 2943 1781 
2626 938 986 951 
2627 1930 2526 1808 
2628 1438 1605 1604 
2629 2132 2134 2133 
2630 2308 2470 2305 
2631 1596 1965 1797 
2632 2994 3297 1920 
2633 2345 2620 2343 
2634 1487 2691 647 
2635 1253 1270 1238 
2636 773 1034 902 
2637 938 939 935 
2638 2438 2550 2439 
2639 2247 2499 259 
2640 483 484 480 
2641 1698 1880 1696 
2642 1555 1556 1554 
2643 1873 1982 1981 
2644 1166 2330 958 
2645 949 988 947 
2646 997 1142 996 
2647 479 480 478 
2648 2306 2307 2305 
2649 1250 1256 1251 
2650 941 943 942 
2651 571 622 575 
2652 1397 2551 1095 
2653 317 3410 183 
2654 921 993 919 
2655 363 2704 362 
2656 904 3206 2720 
2657 2083 2646 2177 
2658 856 2688 1016 
2659 1562 2484 1542 
2660 1305 1414 1142 
2661 3138 3309 2230 
2662 2803 3174 2196 
2663 660 2498 655 
2664 2221 2888 2220 
2665 419 421 420 
2666 1225 1236 1222 
2667 934 935 930 
2668 1369 1371 1370 
2669 1951 3307 3221 
2670 925 926 923 
2671 2412 2413 1487 
2672 997 2602 1306 
2673 3344 3384 2362 
2674 1976 2207 2206 
2675 591 592 574 
2676 2347 2349 2348 
2677 644 655 654 
2678 2511 2519 1778 
2679 1557 1583 1556 
2680 1256 1438 1259 
2681 956 2774 1166 
2682 1468 2582 2157 
2683 2414 2691 1487 
2684 1460 1915 1461 
2685 477 478 476 
2686 1568 2068 1896 
2687 550 571 570 
2688 733 2501 728 
2689 1013 2610 1015 
2690 1817 2132 2131 
2691 738 770 768 
2692 368 1453 366 
2693 1825 2449 2448 
2694 1576 2402 1319 
2695 2495 2750 326 
2696 420 2352 417 
2697 1728 3040 2401 
2698 575 590 570 
2699 1372 2534 2353 
2700 222 272 221 
2701 1575 1577 1576 
2702 1438 1604 1470 
2703 2179 3033 2225 
2704 2377 2378 2374 
2705 219 302 218 
2706 951 2668 952 
2707 1011 2525 2443 
2708 1313 2760 1463 
2709 216 273 215 
2710 2449 3464 1367 
2711 3120 3217 1883 
2712 1568 1896 1567 
2713 943 945 944 
2714 716 3309 2656 
2715 2067 2946 1760 
2716 214 322 213 
2717 1484 1559 1208 
2718 2522 3407 3243 
2719 1285 1568 1567 
2720 1895 2170 2169 
2721 749 1108 733 
2722 1437 2618 1043 
2723 1440 1441 1159 
2724 212 274 211 
2725 2265 2267 2266 
2726 473 474 471 
2727 2079 3279 3227 
2728 1778 2519 1698 
2729 992 996 983 
2730 1542 1637 1543 
2731 210 323 209 
2732 1414 1542 1415 
2733 881 1398 1291 
2734 554 2567 1044 
2735 1503 1504 1500 
2736 1855 3047 2531 
2737 1034 1164 902 
2738 1502 1652 1501 
2739 188 2368 187 
2740 655 673 672 
2741 1264 2881 1261 
2742 562 2681 564 
2743 1557 2139 1968 
2744 1529 1687 1441 
2745 208 275 207 
2746 496 2487 1175 
2747 2404 2644 2403 
2748 992 2602 997 
2749 1861 2765 1863 
2750 575 2485 627 
2751 1242 1243 1240 
2752 946 2464 944 
2753 945 947 946 
2754 1182 2452 1181 
2755 1543 2500 1551 
2756 2693 3116 2086 
2757 1056 2774 954 
2758 992 997 996 
2759 1477 1621 1476 
2760 702 2816 704 
2761 1273 1541 1434 
2762 944 1497 942 
2763 997 1305 1142 
2764 2578 2579 2286 
2765 2225 3049 1115 
2766 2089 2529 1305 
2767 1532 2741 1427 
2768 773 902 771 
2769 1636 3046 2338 
2770 2599 2600 2596 
2771 206 2495 326 
2772 1604 1838 1837 
2773 1358 2713 1841 
2774 966 2524 1030 
2775 1204 1276 1205 
2776 1551 1898 1638 
2777 1285 1567 1116 
2778 2671 2672 1416 
2779 1442 2679 1270 
2780 2507 3244 1943 
2781 644 654 630 
2782 1622 1623 1621 
2783 2634 3495 3417 
2784 1745 1772 1653 
2785 1057 2677 984 
2786 1969 3081 1971 
2787 1341 2698 1246 
2788 1364 1365 1363 
2789 587 2631 583 
2790 912 2405 879 
2791 604 606 605 
2792 569 1273 572 
2793 1414 1562 1542 
2794 602 604 603 
2795 1687 2965 1689 
2796 1680 2494 2319 
2797 1699 2990 2101 
2798 1089 1091 1090 
2799 569 2358 1273 
2800 1683 1685 1682 
2801 1511 2541 2004 
2802 945 2651 948 
2803 1491 1525 1490 
2804 300 2431 2430 
2805 1069 1070 899 
2806 2349 3246 1950 
2807 842 845 844 
2808 644 660 655 
2809 475 476 474 
2810 1545 1853 1352 
2811 660 3084 2999 
2812 499 914 497 
2813 1276 1420 1418 
2814 1900 2027 2016 
2815 1134 1136 1135 
2816 778 2566 370 
2817 1911 2972 1658 
2818 606 608 607 
2819 1916 1917 1461 
2820 320 3209 2184 
2821 2156 2858 1816 
2822 382 2323 380 
2823 770 771 768 
2824 2791 2952 2515 
2825 204 2555 296 
2826 3120 3435 2231 
2827 1764 2568 2187 
2828 1898 2002 1638 
2829 3025 3354 2048 
2830 1624 1625 1623 
2831 1656 2972 2090 
2832 1333 1359 1270 
2833 2370 2372 2371 
2834 1235 1238 1234 
2835 2753 2998 1175 
2836 362 2704 2175 
2837 499 2542 914 
2838 608 610 609 
2839 867 1109 874 
2840 1703 2751 2607 
2841 1455 3038 2288 
2842 655 672 654 
2843 610 612 611 
2844 1479 2540 1646 
2845 2061 2554 1607 
2846 2101 3001 1685 
2847 1175 2488 498 
2848 129 288 128 
2849 1077 2754 751 
2850 612 614 613 
2851 2715 2756 2218 
2852 2388 2531 1148 
2853 770 2758 2727 
2854 1667 1682 1437 
2855 1816 1817 1504 
2856 600 602 601 
2857 845 2293 1193 
2858 1244 1245 1243 
2859 947 2571 946 
2860 2217 3112 505 
2861 1048 1050 1049 
2862 479 2487 483 
2863 2571 3224 946 
2864 614 616 615 
2865 1272 1326 1061 
2866 1067 2587 1866 
2867 1551 2500 1898 
2868 1035 1116 1034 
2869 1050 1052 1051 
2870 616 618 617 
2871 315 3029 3024 
2872 895 2354 1004 
2873 1553 2387 1112 
2874 2004 3040 1726 
2875 987 3096 2961 
2876 1444 2452 1182 
2877 498 2488 500 
2878 1589 2711 1587 
2879 2051 3294 2053 
2880 1388 1417 1389 
2881 1836 2676 2528 
2882 1764 2187 2186 
2883 1626 1627 1625 
2884 2198 2944 2195 
2885 1262 1429 1310 
2886 2265 2266 681 
2887 384 385 382 
2888 3195 3506 74 
2889 1569 1570 1486 
2890 1117 1285 1116 
2891 1052 1089 1053 
2892 496 1175 498 
2893 2108 3278 3032 
2894 2028 3492 72 
2895 1340 1341 1246 
2896 1686 1699 1685 
2897 1939 2096 1936 
2898 1127 2984 824 
2899 234 320 233 
2900 2386 2511 1780 
2901 1923 2474 1476 
2902 625 631 626 
2903 645 649 646 
2904 1760 1762 1761 
2905 1106 2974 1046 
2906 261 361 358 
2907 1662 2743 1660 
2908 1243 2675 1240 
2909 618 620 619 
2910 2407 2898 2315 
2911 629 1058 587 
2912 1257 2675 1243 
2913 1191 1192 1141 
2914 700 702 701 
2915 3417 3495 1993 
2916 1434 2549 1680 
2917 1979 2818 1346 
2918 641 645 642 
2919 1762 1764 1763 
2920 826 2984 1011 
2921 943 2651 945 
2922 506 507 501 
2923 623 625 624 
2924 452 1885 454 
2925 1762 2573 1764 
2926 940 941 937 
2927 1280 1281 1279 
2928 649 656 650 
2929 1372 1374 1373 
2930 1498 1499 1341 
2931 2094 2478 1570 
2932 1037 1045 1038 
2933 2431 2432 2430 
2934 2299 2589 2300 
2935 1247 1248 1245 
2936 635 637 636 
2937 181 3416 352 
2938 1443 2147 1949 
2939 2355 3387 1055 
2940 1758 1760 1759 
2941 639 641 640 
2942 2264 2703 2265 
2943 3273 3304 2117 
2944 1158 1354 888 
2945 394 395 393 
2946 686 688 687 
2947 698 700 699 
2948 1374 1376 1375 
2949 688 690 689 
2950 620 623 621 
2951 1542 1543 1415 
2952 1971 2047 1970 
2953 1292 1479 1315 
2954 2330 3147 1558 
2955 1250 1251 1248 
2956 1029 2963 2721 
2957 2106 2983 2104 
2958 684 686 685 
2959 378 589 376 
2960 2741 3233 2011 
2961 459 2561 1000 
2962 690 692 691 
2963 637 639 638 
2964 1414 1415 1142 
2965 1852 2794 1590 
2966 69 2690 335 
2967 568 2570 591 
2968 2546 2547 2545 
2969 1446 1447 1281 
2970 692 694 693 
2971 1792 2609 2146 
2972 2293 2295 2294 
2973 1700 1701 1699 
2974 1628 1629 1627 
2975 2017 3187 2018 
2976 1587 2583 1069 
2977 1857 1859 1858 
2978 936 937 933 
2979 396 397 395 
2980 2019 2577 1664 
2981 338 2236 2235 
2982 3232 3274 1249 
2983 2087 2930 2088 
2984 987 2510 941 
2985 1511 1726 1512 
2986 702 704 703 
2987 696 698 697 
2988 309 2559 2558 
2989 211 2461 210 
2990 483 2487 496 
2991 932 933 931 
2992 1214 1215 539 
2993 2178 2179 1715 
2994 1045 1148 1147 
2995 209 2462 208 
2996 1131 1134 1133 
2997 1181 2452 1491 
2998 3107 3108 1749 
2999 1295 2575 1177 
3000 1256 1259 1251 
3001 1726 1728 1727 
3002 1223 2581 1225 
3003 1734 1741 1740 
3004 713 743 742 
3005 694 696 695 
3006 206 326 205 
3007 948 949 947 
3008 1254 2611 1234 
3009 708 713 712 
3010 1732 1734 1733 
3011 1925 2540 1479 
3012 2132 2133 2131 
3013 1608 2059 1607 
3014 2471 3222 2045 
3015 1557 1968 1583 
3016 982 983 949 
3017 1371 1474 1458 
3018 1619 1754 1620 
3019 2471 3404 291 
3020 1438 1470 1259 
3021 1504 2698 1500 
3022 2061 3136 3074 
3023 1093 3032 1397 
3024 1642 2058 1573 
3025 1429 1886 1494 
3026 1401 1476 1169 
3027 978 981 980 
3028 1854 1855 1483 
3029 1183 1184 1182 
3030 1479 1646 1315 
3031 598 600 599 
3032 1741 1743 1742 
3033 816 818 817 
3034 976 978 977 
3035 207 2495 206 
3036 2417 2988 2420 
3037 814 816 815 
3038 991 992 983 
3039 2654 3398 2455 
3040 326 2555 205 
3041 1277 2523 1039 
3042 950 2545 924 
3043 1718 1720 1719 
3044 1630 1631 1629 
3045 1131 2605 1134 
3046 812 814 813 
3047 2134 2135 2133 
3048 818 820 819 
3049 1153 2578 1157 
3050 2481 2961 1965 
3051 706 708 707 
3052 728 2364 726 
3053 2510 2651 943 
3054 704 706 705 
3055 1859 1861 1860 
3056 1632 1633 1631 
3057 1749 2045 1635 
3058 2201 2203 2202 
3059 810 812 811 
3060 1617 1619 1618 
3061 1604 1837 1470 
3062 2436 2754 1155 
3063 388 389 386 
3064 2011 2682 1345 
3065 1318 1319 1160 
3066 1702 1703 1701 
3067 1480 1925 1479 
3068 533 1061 512 
3069 398 399 397 
3070 820 822 821 
3071 719 720 678 
3072 1273 2358 1791 
3073 1058 2631 587 
3074 1647 2763 1105 
3075 327 2588 237 
3076 1844 2201 1845 
3077 2244 2246 2245 
3078 974 976 975 
3079 1411 1460 622 
3080 1070 1292 1072 
3081 2282 2676 1836 
3082 2182 3280 2181 
3083 1202 1203 1192 
3084 1306 2089 1305 
3085 2351 2608 529 
3086 392 393 390 
3087 1689 1747 1690 
3088 898 899 769 
3089 808 810 809 
3090 1747 1844 1748 
3091 596 598 597 
3092 1722 1995 1994 
3093 1144 2610 1013 
3094 2059 3383 2061 
3095 1792 2146 1541 
3096 1861 1863 1862 
3097 1609 2283 1408 
3098 1687 1689 1688 
3099 1159 2773 1032 
3100 773 1035 1034 
3101 2921 3488 2176 
3102 968 970 969 
3103 822 824 823 
3104 1172 1393 1317 
3105 344 2594 2593 
3106 2060 3537 2059 
3107 1382 1388 1384 
3108 400 401 399 
3109 802 804 803 
3110 1682 2618 1437 
3111 2545 2642 927 
3112 56 2747 55 
3113 1634 1656 1633 
3114 2084 2698 1504 
3115 632 635 634 
3116 13 2938 299 
3117 594 596 595 
3118 402 403 401 
3119 1703 2607 1701 
3120 1780 2511 1778 
3121 2283 3016 1877 
3122 358 359 357 
3123 1046 1048 1047 
3124 1657 1658 1656 
3125 952 954 953 
3126 2197 2803 2196 
3127 356 1378 355 
3128 1704 1705 1703 
3129 1989 2039 1410 
3130 302 3422 3150 
3131 1013 1015 1014 
3132 1016 2688 1284 
3133 2906 2982 2112 
3134 800 802 801 
3135 1583 1617 1616 
3136 254 2690 70 
3137 1123 3115 1125 
3138 2623 2624 1552 
3139 1809 1930 1808 
3140 988 2571 947 
3141 199 2603 345 
3142 1343 2311 2299 
3143 1755 1758 1757 
3144 1185 1186 1184 
3145 1810 2613 1786 
3146 248 2592 328 
3147 1807 1808 1806 
3148 1273 1434 572 
3149 966 968 967 
3150 1659 1660 1658 
3151 978 2591 1036 
3152 1574 1575 1319 
3153 1113 1114 1112 
3154 404 405 403 
3155 824 826 825 
3156 2364 3257 726 
3157 1395 2606 1186 
3158 1017 2669 1416 
3159 1663 1664 1662 
3160 1661 1662 1660 
3161 2459 3328 278 
3162 2464 3403 1497 
3163 798 800 799 
3164 1665 1806 1664 
3165 758 2584 749 
3166 309 2558 235 
3167 1762 2946 2573 
3168 264 3081 1969 
3169 898 1069 899 
3170 372 778 370 
3171 1292 1315 1072 
3172 1706 1707 1705 
3173 670 684 683 
3174 2053 2054 2052 
3175 873 1372 1104 
3176 406 407 405 
3177 2678 2836 2677 
3178 1714 1715 1712 
3179 2795 2796 1353 
3180 1194 1195 1186 
3181 1331 2677 1057 
3182 2594 2595 2593 
3183 1484 2694 1889 
3184 854 855 853 
3185 1239 1847 1258 
3186 898 2616 1586 
3187 1496 1722 1510 
3188 1985 2031 1678 
3189 2533 3322 2182 
3190 2850 2873 1601 
3191 1796 3106 2404 
3192 2737 2923 993 
3193 1017 1416 857 
3194 1366 2322 1942 
3195 1927 2117 1585 
3196 1015 1097 1083 
3197 826 828 827 
3198 1239 2675 1847 
3199 1198 1199 1197 
3200 1196 1197 1195 
3201 235 2558 234 
3202 1578 1579 1577 
3203 1022 1511 1200 
3204 192 300 191 
3205 1863 1954 1864 
3206 1475 1641 1378 
3207 1097 1172 1171 
3208 1593 2229 2227 
3209 344 2593 2592 
3210 432 433 431 
3211 552 558 557 
3212 2595 2597 2596 
3213 2400 2883 1735 
3214 1039 2615 892 
3215 1153 1156 1154 
3216 887 2623 890 
3217 448 449 447 
3218 905 2939 2816 
3219 2328 3044 1722 
3220 1708 1784 1707 
3221 1151 1153 1152 
3222 545 3248 530 
3223 1348 2664 1979 
3224 408 409 407 
3225 530 532 531 
3226 170 2992 169 
3227 1391 1573 472 
3228 558 562 561 
3229 569 572 549 
3230 983 2715 949 
3231 1284 1718 1472 
3232 954 956 955 
3233 673 738 737 
3234 2542 2543 914 
3235 1729 1732 1731 
3236 2770 2908 1030 
3237 548 552 551 
3238 1292 1480 1479 
3239 828 830 829 
3240 440 441 439 
3241 1606 1607 1386 
3242 1676 1822 1675 
3243 2504 2764 986 
3244 2121 2924 317 
3245 1905 1906 1506 
3246 2760 2963 2458 
3247 1306 3201 3132 
3248 1828 3006 2384 
3249 524 526 525 
3250 1598 1912 1331 
3251 410 411 409 
3252 998 2621 865 
3253 1956 1958 1957 
3254 2555 3465 296 
3255 1035 1117 1116 
3256 971 974 973 
3257 1348 1979 1346 
3258 1301 1302 1300 
3259 1954 1956 1955 
3260 1682 3001 2618 
3261 2392 2775 2001 
3262 852 853 846 
3263 1314 2647 1099 
3264 956 958 957 
3265 1093 1094 1092 
3266 1785 1786 1784 
3267 412 413 411 
3268 542 548 547 
3269 434 435 433 
3270 774 2662 763 
3271 446 447 445 
3272 845 846 844 
3273 743 755 754 
3274 805 808 807 
3275 1586 1587 1069 
3276 1551 1638 1610 
3277 237 2588 236 
3278 532 542 541 
3279 1140 1141 1139 
3280 592 594 593 
3281 830 832 831 
3282 1788 1810 1786 
3283 2303 2306 2305 
3284 1048 2974 1455 
3285 344 2592 249 
3286 1937 1999 1939 
3287 250 344 249 
3288 1817 2858 2132 
3289 442 443 441 
3290 935 2805 2393 
3291 994 2587 1067 
3292 436 437 435 
3293 1148 3047 1366 
3294 1179 1260 1178 
3295 1368 1647 1105 
3296 2384 2779 2331 
3297 175 2507 1943 
3298 562 564 563 
3299 444 445 443 
3300 1644 2119 1521 
3301 1176 1177 1124 
3302 1218 1219 1217 
3303 124 3473 2565 
3304 1814 2386 1780 
3305 2799 2815 1674 
3306 795 798 797 
3307 1297 1298 1296 
3308 889 2726 2412 
3309 280 3200 2215 
3310 2347 2348 2344 
3311 222 2585 272 
3312 492 2982 2906 
3313 1491 1871 1870 
3314 428 429 427 
3315 3000 3064 2004 
3316 414 415 413 
3317 2219 2787 262 
3318 540 3344 2362 
3319 2727 2758 1827 
3320 3137 3193 2147 
3321 958 960 959 
3322 309 2560 2559 
3323 960 962 961 
3324 1895 2710 2170 
3325 2235 2238 260 
3326 2002 3325 3002 
3327 204 296 203 
3328 301 3072 228 
3329 1220 2637 1217 
3330 1067 1866 1409 
3331 313 2603 200 
3332 1573 2659 472 
3333 1358 1841 1767 
3334 738 768 767 
3335 199 345 198 
3336 1216 1217 1215 
3337 832 834 833 
3338 1543 1551 1550 
3339 1100 2602 992 
3340 694 3034 696 
3341 1299 1300 1298 
3342 3289 3531 1892 
3343 1880 3254 2442 
3344 223 2585 222 
3345 1224 1226 1223 
3346 1095 1096 1094 
3347 1820 1821 1810 
3348 2343 2620 2346 
3349 991 1100 992 
3350 205 2555 204 
3351 790 1028 792 
3352 1110 1112 775 
3353 2633 2634 327 
3354 1854 3047 1855 
3355 1232 1234 1231 
3356 1968 2653 1583 
3357 2425 2427 1454 
3358 1921 3152 3024 
3359 1070 1071 899 
3360 1078 1151 1150 
3361 2051 2052 1770 
3362 922 950 924 
3363 259 2499 117 
3364 2433 2434 2432 
3365 870 1410 868 
3366 1287 1288 1177 
3367 1604 2629 1838 
3368 963 966 965 
3369 1958 1961 1960 
3370 426 427 425 
3371 1549 2352 420 
3372 1471 2064 1783 
3373 592 2691 594 
3374 2595 2596 2593 
3375 433 2759 431 
3376 2073 2535 2077 
3377 1533 2854 1535 
3378 1465 2647 1314 
3379 916 990 918 
3380 1070 2583 1292 
3381 1646 2126 1650 
3382 201 313 200 
3383 1229 1231 1228 
3384 1162 1178 1161 
3385 1069 2583 1070 
3386 1904 3250 1903 
3387 1342 1471 1344 
3388 1677 1678 1303 
3389 511 518 517 
3390 1227 1228 1226 
3391 484 486 485 
3392 143 2471 291 
3393 1928 2385 1207 
3394 248 328 247 
3395 1020 2584 758 
3396 283 3349 2644 
3397 997 1306 1305 
3398 1119 1496 1312 
3399 882 2152 884 
3400 2633 2635 2634 
3401 1895 2169 1519 
3402 2110 2704 363 
3403 1976 2206 1539 
3404 422 423 421 
3405 227 3072 2509 
3406 1872 1873 1821 
3407 673 2758 738 
3408 1292 2583 1480 
3409 1070 1072 1071 
3410 995 1342 1054 
3411 200 2603 199 
3412 424 425 423 
3413 1523 2357 1398 
3414 2480 3110 1812 
3415 450 3139 452 
3416 881 1291 878 
3417 929 932 931 
3418 416 417 415 
3419 1592 3172 2254 
3420 1398 2357 1443 
3421 673 737 672 
3422 1128 1129 1096 
3423 2306 2310 2307 
3424 1079 2970 2874 
3425 1125 2405 912 
3426 1311 3006 2553 
3427 249 2592 248 
3428 311 3285 2574 
3429 982 991 983 
3430 1091 1092 1090 
3431 1583 2653 1617 
3432 2025 2172 2171 
3433 948 982 949 
3434 893 895 894 
3435 1477 1622 1621 
3436 1912 2678 2677 
3437 1406 1408 1170 
3438 564 566 565 
3439 2527 2835 1684 
3440 503 511 510 
3441 858 859 855 
3442 3386 3484 2757 
3443 486 494 493 
3444 474 2736 471 
3445 834 836 835 
3446 236 309 235 
3447 494 503 502 
3448 1889 2499 2247 
3449 721 722 720 
3450 568 574 573 
3451 2276 3444 1980 
3452 1745 1773 1772 
3453 654 664 630 
3454 1401 1477 1476 
3455 1006 1046 1007 
3456 1204 1205 1203 
3457 945 948 947 
3458 898 1586 1069 
3459 407 2986 405 
3460 418 419 417 
3461 2029 2030 1465 
3462 1241 1340 1246 
3463 786 2224 788 
3464 2089 3132 2649 
3465 1846 3270 2671 
3466 566 568 567 
3467 238 2633 327 
3468 2506 2673 2505 
3469 246 310 245 
3470 1797 2695 1798 
3471 158 2732 157 
3472 1170 2662 774 
3473 1502 1653 1652 
3474 940 987 941 
3475 544 2641 550 
3476 1286 2730 2017 
3477 2070 2074 2069 
3478 329 2638 243 
3479 1400 1521 1102 
3480 1071 2718 899 
3481 1594 2286 2285 
3482 238 327 237 
3483 2874 2970 1736 
3484 1798 2695 1801 
3485 2798 2867 543 
3486 1326 1596 1595 
3487 244 329 243 
3488 2710 3386 2757 
3489 239 2633 238 
3490 1596 1797 1597 
3491 936 940 937 
3492 242 2638 346 
3493 1619 2639 1754 
3494 2658 3166 2068 
3495 243 2638 242 
3496 2267 2268 2266 
3497 213 2650 212 
3498 571 1411 622 
3499 2566 3522 1453 
3500 1225 2812 1237 
3501 836 838 837 
3502 1130 1131 1129 
3503 242 346 241 
3504 1833 1932 1832 
3505 867 874 753 
3506 564 2681 1522 
3507 1033 1318 1160 
3508 1622 1624 1623 
3509 1825 2448 1823 
3510 1784 3119 2217 
3511 2616 2689 1586 
3512 1209 2046 1878 
3513 2914 2916 281 
3514 782 1335 784 
3515 2465 2466 2030 
3516 899 2718 769 
3517 2607 2990 1701 
3518 333 3370 2216 
3519 177 305 176 
3520 99 2983 98 
3521 106 321 105 
3522 113 334 112 
3523 120 337 119 
3524 149 3015 148 
3525 127 338 126 
3526 135 2723 134 
3527 142 2918 141 
3528 156 3055 155 
3529 163 311 162 
3530 78 251 77 
3531 92 2722 91 
3532 2211 3124 1014 
3533 2030 2647 1465 
3534 465 467 466 
3535 1586 2689 1588 
3536 534 2867 533 
3537 2 1488 450 
3538 2436 3190 2754 
3539 744 1023 765 
3540 2155 2288 1938 
3541 467 469 468 
3542 463 465 464 
3543 1667 1683 1682 
3544 12 2648 11 
3545 2497 2537 2366 
3546 212 2650 274 
3547 469 471 470 
3548 1804 2038 1867 
3549 535 1214 539 
3550 1912 2677 1331 
3551 3312 3354 3025 
3552 1588 2689 1851 
3553 932 936 933 
3554 2428 3149 2139 
3555 2390 2531 2388 
3556 1499 1502 1501 
3557 2602 3201 1306 
3558 461 463 462 
3559 1050 1051 1049 
3560 756 2712 2360 
3561 1691 1692 1323 
3562 13 299 12 
3563 665 740 710 
3564 1284 2688 1718 
3565 443 2982 441 
3566 1823 2448 1826 
3567 1693 1694 1692 
3568 2648 3414 3306 
3569 2271 3080 1856 
3570 1587 2711 2583 
3571 1798 1801 1800 
3572 736 1636 656 
3573 2170 2569 2169 
3574 40 271 39 
3575 1109 2663 1286 
3576 1480 1926 1925 
3577 39 2652 38 
3578 2270 3394 1163 
3579 1032 2668 951 
3580 1624 1626 1625 
3581 38 331 37 
3582 1240 2675 1239 
3583 2284 3288 1515 
3584 1817 2131 2084 
3585 2560 3417 1993 
3586 195 318 194 
3587 236 2588 309 
3588 1089 1090 1053 
3589 2669 2937 2670 
3590 35 268 34 
3591 1432 1452 1189 
3592 1449 1569 1486 
3593 554 1044 643 
3594 584 995 586 
3595 3129 3245 3183 
3596 1579 2685 1796 
3597 299 2648 12 
3598 950 2586 2546 
3599 2718 2728 769 
3600 1398 1443 1291 
3601 2431 2433 2432 
3602 41 2658 40 
3603 168 312 167 
3604 1612 2718 1071 
3605 1352 2768 862 
3606 761 1020 758 
3607 2435 2489 2434 
3608 1308 2736 474 
3609 1406 1609 1408 
3610 1052 1053 1051 
3611 1222 2797 1220 
3612 10 314 9 
3613 1009 1065 900 
3614 295 2700 231 
3615 1130 2605 1131 
3616 952 953 939 
3617 2311 2590 2299 
3618 2279 2387 1553 
3619 1707 3008 1705 
3620 1066 1161 1065 
3621 1126 3162 816 
3622 897 900 859 
3623 886 1158 888 
3624 2503 2771 589 
3625 1823 1826 1822 
3626 709 1087 781 
3627 42 330 41 
3628 1313 1463 1462 
3629 1830 1848 1612 
3630 1037 1038 981 
3631 1541 2549 1434 
3632 1026 1280 1279 
3633 2023 2025 2024 
3634 1806 3163 2019 
3635 767 898 769 
3636 231 2700 230 
3637 2244 2245 2242 
3638 1575 1578 1577 
3639 771 1008 768 
3640 459 461 460 
3641 578 901 580 
3642 767 769 737 
3643 1683 1686 1685 
3644 271 2652 39 
3645 1408 2662 1170 
3646 770 2727 773 
3647 38 2652 331 
3648 273 3052 215 
3649 818 3162 1019 
3650 2019 3145 3076 
3651 1646 1650 1315 
3652 43 2657 42 
3653 1265 2099 1268 
3654 1239 1258 1236 
3655 214 3052 322 
3656 32 303 31 
3657 604 605 603 
3658 606 607 605 
3659 745 2755 1055 
3660 253 2071 2070 
3661 1318 1574 1319 
3662 950 2546 2545 
3663 602 603 601 
3664 1626 1628 1627 
3665 40 2658 271 
3666 2425 3514 3056 
3667 2490 2491 2489 
3668 1687 1688 1441 
3669 1155 2754 1077 
3670 1136 1137 1135 
3671 2029 2465 2030 
3672 1048 1049 1047 
3673 2201 3395 348 
3674 508 2825 513 
3675 2198 3336 2944 
3676 44 297 43 
3677 2680 2899 2815 
3678 1444 3460 2452 
3679 999 1183 1182 
3680 2289 3085 1840 
3681 1714 2178 1715 
3682 2465 3098 310 
3683 1680 2319 2318 
3684 911 1552 1040 
3685 1181 1491 1490 
3686 1760 1761 1759 
3687 504 2686 508 
3688 1689 1690 1688 
3689 2265 2703 2269 
3690 1893 3284 1895 
3691 895 1004 1003 
3692 1434 1680 1679 
3693 761 2680 1020 
3694 1464 1465 1314 
3695 1762 1763 1761 
3696 608 609 607 
3697 1754 1755 1620 
3698 1500 2698 1341 
3699 756 3322 2533 
3700 384 386 385 
3701 610 611 609 
3702 1276 1418 1205 
3703 1686 1700 1699 
3704 1145 1364 1363 
3705 309 2588 2560 
3706 2354 3343 1004 
3707 1134 1135 1133 
3708 2460 3148 298 
3709 1758 1759 1757 
3710 1764 2186 1763 
3711 330 2658 41 
3712 1142 2756 996 
3713 2915 3491 60 
3714 1004 1006 1005 
3715 29 265 28 
3716 1747 1748 1690 
3717 1473 1921 1602 
3718 612 613 611 
3719 1857 1858 1743 
3720 1848 2728 2718 
3721 1180 1406 1170 
3722 1649 2029 1465 
3723 1844 1845 1748 
3724 2111 2604 164 
3725 1619 1620 1618 
3726 1578 1918 1579 
3727 1340 1498 1341 
3728 1569 2094 1570 
3729 767 2616 898 
3730 1543 1550 1415 
3731 1695 1696 1694 
3732 1582 2158 1507 
3733 430 3043 427 
3734 614 615 613 
3735 2729 2928 2631 
3736 1328 1854 1483 
3737 36 2654 35 
3738 2277 3157 1064 
3739 2201 2202 1845 
3740 1617 1618 1616 
3741 647 2691 592 
3742 2373 2374 2372 
3743 1628 1630 1629 
3744 616 617 615 
3745 618 619 617 
3746 1735 2883 2272 
3747 1180 1407 1406 
3748 42 2657 330 
3749 1878 2694 1484 
3750 1114 2557 1919 
3751 929 2642 932 
3752 33 2661 32 
3753 1482 2523 1277 
3754 356 2787 1380 
3755 1551 1610 1550 
3756 1583 1616 1556 
3757 1956 3366 2356 
3758 27 332 26 
3759 2232 3221 747 
3760 394 396 395 
3761 1364 1451 1365 
3762 654 2701 664 
3763 1402 1403 1117 
3764 631 632 626 
3765 388 390 389 
3766 2005 3522 2566 
3767 625 626 624 
3768 1280 1446 1281 
3769 927 2642 929 
3770 600 601 599 
3771 818 819 817 
3772 1700 1702 1701 
3773 1630 1632 1631 
3774 392 394 393 
3775 916 2619 990 
3776 1842 3058 2328 
3777 649 650 646 
3778 1084 1170 774 
3779 816 817 815 
3780 645 646 642 
3781 1644 3192 2270 
3782 1446 1613 1447 
3783 641 642 640 
3784 814 815 813 
3785 820 821 819 
3786 1464 1649 1465 
3787 2826 2964 1115 
3788 738 767 737 
3789 620 621 619 
3790 3137 3452 3193 
3791 623 624 621 
3792 2209 3134 1495 
3793 1245 1257 1243 
3794 635 636 634 
3795 524 525 522 
3796 2597 3143 1407 
3797 1847 1875 1258 
3798 2662 2680 763 
3799 1045 1147 1038 
3800 812 813 811 
3801 316 3448 2154 
3802 1109 1286 874 
3803 1251 1252 1248 
3804 297 2657 43 
3805 639 640 638 
3806 1072 1611 1071 
3807 637 638 636 
3808 1811 2997 2326 
3809 614 3317 907 
3810 1715 2964 1712 
3811 822 823 821 
3812 2688 3053 1718 
3813 679 2619 916 
3814 35 2654 268 
3815 1931 2741 1532 
3816 530 531 526 
3817 970 971 969 
3818 225 2769 224 
3819 1445 3308 2453 
3820 2376 2377 2374 
3821 25 280 24 
3822 810 811 809 
3823 2442 2975 1908 
3824 1720 1721 1719 
3825 2380 3037 850 
3826 688 689 687 
3827 686 687 685 
3828 1072 2649 1611 
3829 2699 2837 507 
3830 968 969 967 
3831 719 721 720 
3832 3090 3327 1572 
3833 1632 1634 1633 
3834 1148 1366 1147 
3835 396 398 397 
3836 461 3007 463 
3837 2433 2435 2434 
3838 1320 1544 1156 
3839 1726 1727 1512 
3840 978 980 977 
3841 690 691 689 
3842 1084 1351 1180 
3843 230 2777 229 
3844 1887 3379 2209 
3845 1462 1993 1464 
3846 824 825 823 
3847 1374 1375 1373 
3848 598 599 597 
3849 954 955 953 
3850 2280 3366 1954 
3851 1315 2649 1072 
3852 764 1098 903 
3853 596 597 595 
3854 1376 1377 1375 
3855 571 2641 1411 
3856 1697 1698 1696 
3857 1138 1140 1139 
3858 976 977 975 
3859 768 2616 767 
3860 1425 2011 1345 
3861 1511 1512 1200 
3862 2878 2939 905 
3863 304 2056 363 
3864 692 693 691 
3865 1793 1846 1514 
3866 1702 1704 1703 
3867 484 485 480 
3868 684 685 683 
3869 974 975 973 
3870 1467 1975 1974 
3871 2663 2730 1286 
3872 1837 2041 1470 
3873 1372 1373 1104 
3874 901 3364 2590 
3875 996 2715 983 
3876 804 805 803 
3877 1915 2929 1916 
3878 1634 1657 1656 
3879 700 701 699 
3880 520 2532 518 
3881 966 967 965 
3882 550 2641 571 
3883 429 432 431 
3884 2527 3037 2835 
3885 1728 1729 1727 
3886 2498 2999 1827 
3887 1050 3050 1052 
3888 808 809 807 
3889 514 2907 2394 
3890 3277 3290 3220 
3891 838 840 839 
3892 2047 3527 2406 
3893 1710 2964 2826 
3894 2671 3270 3035 
3895 2435 2490 2489 
3896 23 333 22 
3897 826 827 825 
3898 2526 3163 1808 
3899 1734 1740 1733 
3900 1584 1585 1403 
3901 1042 1654 1435 
3902 802 803 801 
3903 1753 2557 1114 
3904 672 2701 654 
3905 154 2786 153 
3906 2556 3361 1902 
3907 956 957 955 
3908 680 3514 3211 
3909 702 703 701 
3910 2488 3442 509 
3911 489 3077 2450 
3912 1722 1994 1510 
3913 295 3051 2700 
3914 2466 2819 2030 
3915 1391 1642 1573 
3916 2470 2795 2304 
3917 1718 1719 1472 
3918 1657 1659 1658 
3919 1901 2533 2182 
3920 906 3212 2251 
3921 1704 1706 1705 
3922 376 3011 374 
3923 437 440 439 
3924 398 400 399 
3925 694 695 693 
3926 698 699 697 
3927 1462 1464 1314 
3928 1548 3094 1376 
3929 1408 2899 2662 
3930 1608 2060 2059 
3931 903 1084 774 
3932 448 472 449 
3933 1475 2204 1641 
3934 32 2661 303 
3935 2540 2967 1646 
3936 1741 1742 1740 
3937 1815 2458 1814 
3938 2077 3127 2079 
3939 1732 1733 1731 
3940 1659 1661 1660 
3941 400 402 401 
3942 2487 2753 1175 
3943 1866 1890 1409 
3944 800 801 799 
3945 630 2632 590 
3946 828 829 827 
3947 594 595 593 
3948 1388 1389 1384 
3949 1848 2718 1612 
3950 1084 1180 1170 
3951 1274 1473 1337 
3952 1807 1809 1808 
3953 1777 1778 1698 
3954 402 404 403 
3955 1689 2968 1747 
3956 1661 1663 1662 
3957 1404 2881 1264 
3958 696 697 695 
3959 2490 2493 2492 
3960 272 3425 221 
3961 958 959 957 
3962 1859 1860 1858 
3963 913 1176 1124 
3964 1046 1047 1007 
3965 1663 1665 1664 
3966 1863 2765 2280 
3967 970 2892 971 
3968 1706 1708 1707 
3969 1665 1807 1806 
3970 764 903 774 
3971 456 459 458 
3972 1035 1402 1117 
3973 1724 1927 1585 
3974 404 406 405 
3975 1288 1297 1296 
3976 1350 2664 1348 
3977 1098 1313 1099 
3978 1533 1534 1532 
3979 3302 3329 2745 
3980 326 2750 2556 
3981 62 2745 336 
3982 478 2643 476 
3983 962 963 961 
3984 830 831 829 
3985 556 3158 548 
3986 1609 3237 2283 
3987 1606 1608 1607 
3988 1613 2791 2515 
3989 1496 1510 1312 
3990 1417 1794 1389 
3991 2714 2819 1351 
3992 798 799 797 
3993 2146 2549 1541 
3994 1326 1595 1061 
3995 1313 1462 1314 
3996 764 774 763 
3997 1861 1862 1860 
3998 472 2659 449 
3999 960 961 959 
4000 1313 1314 1099 
4001 512 2699 506 
4002 1098 1099 903 
4003 232 3168 295 
4004 2401 3071 748 
4005 1817 2084 1504 
4006 20 255 19 
4007 1183 1185 1184 
4008 1013 1014 777 
4009 848 2674 864 
4010 1586 1588 1587 
4011 77 2645 76 
4012 406 408 407 
4013 1113 1753 1114 
4014 1708 1785 1784 
4015 769 2728 737 
4016 704 705 703 
4017 662 3230 2181 
4018 832 833 831 
4019 2073 2077 2076 
4020 672 2728 2701 
4021 2320 2867 2798 
4022 2743 2827 1911 
4023 2349 3298 2348 
4024 3155 3170 2312 
4025 1301 1303 1302 
4026 2701 2728 1848 
4027 251 2645 77 
4028 48 3029 47 
4029 45 2665 44 
4030 46 2697 45 
4031 1119 2940 1496 
4032 870 1989 1410 
4033 2647 2714 1099 
4034 1660 2743 1911 
4035 1785 1788 1786 
4036 1779 1780 1778 
4037 1185 1194 1186 
4038 2413 2414 1487 
4039 1198 1207 1199 
4040 1813 1814 1780 
4041 558 561 557 
4042 950 2790 2586 
4043 2456 2457 1927 
4044 1677 1985 1678 
4045 408 410 409 
4046 1008 2731 2724 
4047 1574 2692 1575 
4048 864 1201 1107 
4049 1196 1198 1197 
4050 1110 1113 1112 
4051 1194 1196 1195 
4052 1535 1536 1534 
4053 1042 2748 1654 
4054 2771 3011 589 
4055 1611 1612 1071 
4056 1611 1829 1612 
4057 2051 2053 2052 
4058 2279 3529 1360 
4059 1841 1865 1767 
4060 1168 1169 908 
4061 410 412 411 
4062 1434 1679 572 
4063 552 557 551 
4064 432 434 433 
4065 1098 2760 1313 
4066 419 422 421 
4067 592 593 574 
4068 1788 1820 1810 
4069 1214 1216 1215 
4070 2490 2492 2491 
4071 412 414 413 
4072 1705 2751 1703 
4073 1221 1224 1223 
4074 1797 1798 1597 
4075 2515 2952 740 
4076 1521 2948 1102 
4077 1535 2854 1901 
4078 562 563 561 
4079 1596 1597 1595 
4080 1829 1830 1612 
4081 759 1029 762 
4082 476 1308 474 
4083 2010 3508 82 
4084 2122 2694 2123 
4085 836 837 835 
4086 922 2790 950 
4087 548 551 547 
4088 532 541 531 
4089 446 448 447 
4090 893 894 891 
4091 2077 2079 2078 
4092 549 2798 543 
4093 2647 2819 2714 
4094 1299 1301 1300 
4095 706 707 705 
4096 698 2762 700 
4097 434 436 435 
4098 834 835 833 
4099 2208 2722 2535 
4100 864 2674 1201 
4101 2613 3119 1786 
4102 2568 2921 2187 
4103 440 442 441 
4104 542 547 541 
4105 2254 3187 1592 
4106 1153 1154 1152 
4107 982 1031 991 
4108 2096 3279 2991 
4109 2680 2815 1020 
4110 1863 1864 1862 
4111 1400 1644 1521 
4112 442 444 443 
4113 1579 2891 2685 
4114 1899 1900 1536 
4115 444 446 445 
4116 2583 2711 1480 
4117 1650 2649 1315 
4118 1213 2807 2253 
4119 564 565 563 
4120 744 2952 1023 
4121 650 2564 653 
4122 1963 1964 1961 
4123 980 2666 994 
4124 762 764 763 
4125 542 3346 556 
4126 838 839 837 
4127 713 742 712 
4128 1801 1802 1800 
4129 1402 1827 1584 
4130 1297 1299 1298 
4131 1531 1532 1427 
4132 1033 2764 1318 
4133 1008 2616 768 
4134 1820 1872 1821 
4135 1006 3343 1106 
4136 708 712 707 
4137 1151 1152 1150 
4138 2140 2141 1886 
4139 2449 2729 2448 
4140 2299 2590 2589 
4141 1283 2669 1017 
4142 2377 2784 2378 
4143 2476 3010 2224 
4144 414 416 415 
4145 1164 1274 1165 
4146 2765 3252 2280 
4147 1613 2852 1447 
4148 426 428 427 
4149 1176 1287 1177 
4150 3346 3475 556 
4151 1693 1695 1694 
4152 738 2758 770 
4153 1402 1584 1403 
4154 518 2532 537 
4155 1872 2276 1873 
4156 568 573 567 
4157 229 2777 301 
4158 1829 1834 1830 
4159 664 2632 630 
4160 840 842 841 
4161 1554 2770 2524 
4162 424 426 425 
4163 1084 2714 1351 
4164 1814 2963 2386 
4165 1821 3062 1810 
4166 2835 3037 1717 
4167 1325 1401 1169 
4168 1006 1007 1005 
4169 1954 1955 1864 
4170 1854 3247 2322 
4171 2370 2373 2372 
4172 422 424 423 
4173 1641 3440 3118 
4174 518 537 517 
4175 1426 2000 1530 
4176 486 493 485 
4177 2344 2612 2342 
4178 144 3222 2471 
4179 1499 2801 1502 
4180 2538 3493 2207 
4181 566 567 565 
4182 431 2759 559 
4183 3308 3458 2135 
4184 2410 3310 324 
4185 623 3457 625 
4186 416 418 417 
4187 903 2714 1084 
4188 2532 2567 537 
4189 1588 1851 1590 
4190 494 502 493 
4191 2410 2842 352 
4192 1209 1484 1208 
4193 511 517 510 
4194 1226 2772 2581 
4195 1813 1815 1814 
4196 1888 2552 1540 
4197 1163 3394 802 
4198 1623 2783 1621 
4199 268 2800 34 
4200 848 2683 2674 
4201 503 510 502 
4202 764 2721 1098 
4203 1588 1589 1587 
4204 1779 2184 1813 
4205 1993 3415 2560 
4206 559 3082 877 
4207 463 464 462 
4208 1680 2318 1679 
4209 2618 2848 490 
4210 465 466 464 
4211 1008 2724 2689 
4212 2168 2907 514 
4213 1584 1724 1585 
4214 1956 1957 1955 
4215 467 468 466 
4216 2178 2737 2291 
4217 2552 2776 1540 
4218 461 462 460 
4219 1099 2714 903 
4220 1325 1648 1540 
4221 469 470 468 
4222 842 844 843 
4223 1471 1783 1344 
4224 1824 2905 1825 
4225 790 3010 1028 
4226 763 2680 761 
4227 471 481 470 
4228 282 2769 225 
4229 1958 1960 1957 
4230 1697 1777 1698 
4231 1691 1693 1692 
4232 84 252 83 
4233 558 3413 576 
4234 1342 1344 1054 
4235 1241 2812 1340 
4236 1777 1779 1778 
4237 954 2774 956 
4238 1480 2711 1926 
4239 2850 2906 2873 
4240 2832 3022 1838 
4241 1695 1697 1696 
4242 2944 3336 1654 
4243 65 3490 2009 
4244 3164 3501 1518 
4245 2052 3041 1770 
4246 905 2816 702 
4247 662 3280 465 
4248 1724 2456 1927 
4249 556 3475 2778 
4250 3263 3448 316 
4251 287 2625 121 
4252 766 2755 745 
4253 895 1003 894 
4254 762 763 761 
4255 2923 3164 2473 
4256 1928 2667 2385 
4257 1248 2705 1245 
4258 981 2666 980 
4259 134 339 133 
4260 743 754 742 
4261 1011 3406 2525 
4262 21 2693 20 
4263 1779 1813 1780 
4264 1339 1675 1516 
4265 55 2083 54 
4266 995 1054 586 
4267 902 2731 771 
4268 134 2723 339 
4269 2633 2951 2635 
4270 1415 2756 1142 
4271 1550 2756 1415 
4272 15 3451 14 
4273 2666 2869 2587 
4274 1610 2218 1550 
4275 1209 1878 1484 
4276 310 3320 2467 
4277 2751 3008 2859 
4278 127 3153 338 
4279 492 2850 2513 
4280 1711 1712 1710 
4281 1015 1083 1014 
4282 1216 1218 1217 
4283 773 2727 1035 
4284 1136 2365 1138 
4285 1258 2797 1236 
4286 2376 2430 2377 
4287 2420 3525 2447 
4288 736 2885 1636 
4289 737 2728 672 
4290 1713 1714 1712 
4291 1811 3110 2997 
4292 338 2237 2236 
4293 2644 3349 2403 
4294 2373 2376 2374 
4295 3343 3409 1106 
4296 1252 2705 1248 
4297 1008 2689 2616 
4298 2936 2989 2229 
4299 240 2951 239 
4300 1466 2333 1359 
4301 1097 1171 1083 
4302 1755 1757 1756 
4303 2261 3042 2872 
4304 136 289 135 
4305 986 2764 1033 
4306 1245 2705 1257 
4307 1868 1998 1805 
4308 656 2564 650 
4309 1139 1439 1137 
4310 979 1710 964 
4311 1648 1888 1540 
4312 1920 2005 1906 
4313 91 2208 90 
4314 936 985 940 
4315 1575 2692 1578 
4316 364 2036 365 
4317 537 2567 554 
4318 1320 2717 1544 
4319 2071 2535 2073 
4320 1393 1669 1317 
4321 1736 1738 1737 
4322 762 2721 764 
4323 1004 1005 1003 
4324 1172 1317 1171 
4325 1738 1980 1924 
4326 2263 3261 2264 
4327 1029 2721 762 
4328 953 2805 939 
4329 3060 3285 2151 
4330 2626 3180 2246 
4331 1168 1325 1169 
4332 2105 2108 2107 
4333 535 2825 1214 
4334 1318 2015 1574 
4335 33 2800 2661 
4336 771 2731 1008 
4337 723 724 722 
4338 739 3400 2223 
4339 1219 2682 1221 
4340 1666 1667 1437 
4341 1977 3182 1953 
4342 44 2665 297 
4343 555 1353 538 
4344 34 2800 33 
4345 846 2683 844 
4346 840 841 839 
4347 528 1736 1509 
4348 72 3539 2028 
4349 1349 1350 1348 
4350 1633 2814 1631 
4351 593 2780 574 
4352 2552 3198 296 
4353 2751 2859 1068 
4354 2876 3043 876 
4355 2316 3511 2314 
4356 920 2790 922 
4357 93 308 92 
4358 1061 2699 512 
4359 2817 2948 1840 
4360 428 2707 429 
4361 197 2960 196 
4362 1508 2709 2708 
4363 2441 3331 970 
4364 1558 3021 2428 
4365 1910 1988 1529 
4366 1948 1972 1419 
4367 1131 1133 1132 
4368 2435 3520 3272 
4369 3216 3257 2364 
4370 2474 2828 849 
4371 480 2696 478 
4372 1325 1540 1401 
4373 1107 1316 1168 
4374 1687 3012 2965 
4375 2886 3032 1091 
4376 734 1002 750 
4377 1418 1645 1433 
4378 1443 1949 1643 
4379 195 2959 318 
4380 1556 2770 1554 
4381 1318 2764 2015 
4382 1347 1348 1346 
4383 1743 2576 1742 
4384 864 1107 908 
4385 2018 3187 2807 
4386 2965 2968 1689 
4387 2667 3249 1457 
4388 1830 2831 1848 
4389 1189 2663 1109 
4390 1477 1902 1622 
4391 1690 2149 1688 
4392 740 2952 710 
4393 1218 1345 1219 
4394 755 896 754 
4395 437 2817 440 
4396 383 384 382 
4397 381 382 380 
4398 1107 1168 908 
4399 989 1346 972 
4400 1491 1870 1525 
4401 2272 2883 2882 
4402 3170 3474 2312 
4403 1562 2914 2484 
4404 1428 1598 1331 
4405 2180 3033 2179 
4406 1449 2852 1569 
4407 1921 3024 3023 
4408 2123 2853 2124 
4409 1101 1212 1211 
4410 1782 2095 1498 
4411 1508 2707 428 
4412 842 843 841 
4413 1441 2773 1159 
4414 2093 3478 2957 
4415 666 760 661 
4416 476 2643 1308 
4417 2395 3087 359 
4418 1875 2102 1258 
4419 1330 1331 1057 
4420 1347 1405 1349 
4421 971 973 972 
4422 980 994 984 
4423 1752 2163 2042 
4424 789 2785 787 
4425 2087 2088 1941 
4426 1237 2812 1241 
4427 1750 1752 1751 
4428 1164 1165 902 
4429 1156 2713 1154 
4430 459 460 458 
4431 1790 2778 1598 
4432 1288 2820 1297 
4433 2280 3358 779 
4434 844 848 843 
4435 1122 1339 1338 
4436 963 965 964 
4437 2187 2921 2429 
4438 745 1055 711 
4439 1552 3433 3247 
4440 478 2696 2643 
4441 2075 2159 2072 
4442 866 2806 999 
4443 320 3168 233 
4444 1436 1437 1043 
4445 1154 2713 1358 
4446 45 2697 2665 
4447 939 2805 935 
4448 2105 2106 2104 
4449 1845 1990 1748 
4450 1842 2940 2780 
4451 1118 1459 717 
4452 1035 2727 1402 
4453 1207 2752 1199 
4454 759 762 761 
4455 1405 1947 1419 
4456 855 909 853 
4457 1933 1934 1932 
4458 419 2811 422 
4459 874 2885 753 
4460 1421 1945 1944 
4461 356 1380 1379 
4462 17 3277 2003 
4463 1361 1850 1775 
4464 1744 1745 1653 
4465 2887 3326 588 
4466 1713 1913 1716 
4467 1986 2725 172 
4468 2815 2899 1877 
4469 2150 2151 2111 
4470 1848 2831 2701 
4471 1092 1187 1090 
4472 2258 3538 1023 
4473 2318 2320 1679 
4474 71 254 70 
4475 1335 3538 2258 
4476 1508 2708 2707 
4477 864 908 849 
4478 2109 2110 363 
4479 572 2798 549 
4480 1870 2565 2142 
4481 1649 3003 2029 
4482 3003 3447 2029 
4483 994 1067 1057 
4484 1913 1966 1914 
4485 721 723 722 
4486 1890 1892 1891 
4487 785 863 783 
4488 391 392 390 
4489 2195 2944 2197 
4490 475 3322 756 
4491 1966 2655 1967 
4492 805 807 806 
4493 3180 3460 1444 
4494 1174 1750 1489 
4495 1616 2770 1556 
4496 1236 2797 1222 
4497 1428 2032 1790 
4498 387 388 386 
4499 267 2745 63 
4500 1721 1992 1991 
4501 1798 1800 1799 
4502 1067 1409 1330 
4503 467 3314 469 
4504 1089 2886 1091 
4505 2599 3348 2468 
4506 1595 2699 1061 
4507 2574 3285 2036 
4508 2710 2757 2170 
4509 1366 1942 1615 
4510 2098 3265 2639 
4511 1058 2729 2631 
4512 1755 1756 1620 
4513 2092 2128 2091 
4514 2107 2512 2106 
4515 632 634 633 
4516 1992 2144 2035 
4517 66 3362 350 
4518 791 793 789 
4519 2348 2612 2344 
4520 1402 2727 1827 
4521 360 868 359 
4522 2600 3311 328 
4523 1174 1391 472 
4524 1816 2858 1817 
4525 2675 3097 1847 
4526 2721 2760 1098 
4527 1201 2739 1107 
4528 1053 1413 1051 
4529 650 653 652 
4530 1626 1874 1628 
4531 955 1422 953 
4532 513 2825 535 
4533 579 1367 577 
4534 1224 1227 1226 
4535 574 2780 573 
4536 1802 1804 1803 
4537 3078 3305 2121 
4538 628 629 587 
4539 2777 2981 301 
4540 1798 1799 1597 
4541 2713 2937 1841 
4542 2218 2756 1550 
4543 878 2876 876 
4544 1855 3437 1483 
4545 47 315 46 
4546 1332 2114 2113 
4547 1022 1200 1111 
4548 1286 2017 1431 
4549 2590 3364 2589 
4550 295 3121 3051 
4551 959 1115 957 
4552 848 849 843 
4553 1502 2801 1744 
4554 2045 2742 1635 
4555 795 797 796 
4556 1892 2536 2148 
4557 1282 1283 1017 
4558 585 587 583 
4559 757 1022 1021 
4560 1484 1889 1559 
4561 648 1771 1769 
4562 1797 3161 2695 
4563 1284 1472 1355 
4564 759 761 758 
4565 963 964 961 
4566 1498 2801 1499 
4567 1761 2153 1759 
4568 1729 1731 1730 
4569 1018 2136 806 
4570 1260 1563 1560 
4571 2539 3140 1058 
4572 1049 1307 1047 
4573 2213 3087 2395 
4574 1630 1839 1632 
4575 2375 3073 2391 
4576 1804 1867 1805 
4577 1179 2942 1262 
4578 2042 2210 1751 
4579 296 3465 3268 
4580 848 864 849 
4581 843 2828 841 
4582 792 795 794 
4583 2102 2797 1258 
4584 653 670 669 
4585 1016 1284 1282 
4586 668 3337 2517 
4587 358 360 359 
4588 670 683 682 
4589 1379 1475 1378 
4590 1068 2857 2607 
4591 471 2736 481 
4592 2229 3523 2230 
4593 3211 3514 2426 
4594 2224 3010 788 
4595 1867 1869 1868 
4596 64 267 63 
4597 1514 2717 1320 
4598 1640 1677 1303 
4599 2077 2078 2076 
4600 1667 1684 1683 
4601 528 1508 428 
4602 1681 1951 1451 
4603 991 2781 1100 
4604 839 847 837 
4605 1119 1312 1311 
4606 971 972 969 
4607 1340 1782 1498 
4608 1096 1336 1094 
4609 1686 1717 1700 
4610 1737 1739 1509 
4611 1711 1713 1712 
4612 979 1711 1710 
4613 844 2683 848 
4614 1340 2812 1782 
4615 603 1060 601 
4616 379 380 378 
4617 537 554 538 
4618 2062 2656 2060 
4619 2558 3446 320 
4620 1016 1017 857 
4621 1771 3128 2411 
4622 856 857 796 
4623 971 2892 974 
4624 2186 2518 1763 
4625 2443 3388 2444 
4626 1713 1716 1714 
4627 891 2726 889 
4628 2049 3502 2238 
4629 1203 1275 1192 
4630 1961 2627 1960 
4631 674 1081 436 
4632 314 3306 2598 
4633 57 278 56 
4634 1725 1946 1355 
4635 932 2749 936 
4636 1380 1382 1381 
4637 2373 2530 2376 
4638 1211 1400 1102 
4639 790 792 791 
4640 1345 2682 1219 
4641 1293 1593 1591 
4642 216 3339 273 
4643 1593 2227 1882 
4644 573 1059 717 
4645 869 873 872 
4646 3252 3358 2280 
4647 1802 1803 1800 
4648 1101 1102 1081 
4649 1332 1909 1111 
4650 1600 1833 1832 
4651 1509 2709 1508 
4652 657 658 629 
4653 1679 2798 572 
4654 873 1104 1103 
4655 1757 1996 1756 
4656 1447 2852 1449 
4657 1581 1928 1207 
4658 861 1122 1121 
4659 1649 3423 3003 
4660 2859 3008 505 
4661 833 851 831 
4662 980 984 977 
4663 1235 1253 1238 
4664 1865 2292 1973 
4665 1502 1744 1653 
4666 731 732 682 
4667 1890 1891 1409 
4668 1081 2948 2817 
4669 1634 2021 1657 
4670 1199 2752 1209 
4671 435 2896 433 
4672 2030 2819 2647 
4673 823 860 821 
4674 1948 2746 1972 
4675 1059 1119 1118 
4676 2827 2978 1911 
4677 869 870 868 
4678 356 1379 1378 
4679 418 2811 419 
4680 1714 2737 2178 
4681 595 1842 593 
4682 20 2693 255 
4683 648 1768 633 
4684 1131 1132 1129 
4685 2288 3038 1938 
4686 817 910 815 
4687 827 1063 825 
4688 2050 2051 1770 
4689 757 775 732 
4690 554 643 555 
4691 1031 2781 991 
4692 2816 2987 704 
4693 1347 1349 1348 
4694 1038 2666 981 
4695 1021 1110 775 
4696 2860 3204 1835 
4697 1322 1639 1450 
4698 669 1360 652 
4699 1905 2994 1920 
4700 1396 3006 1311 
4701 485 2696 480 
4702 1832 3455 2979 
4703 1704 1709 1706 
4704 1769 1770 1768 
4705 1766 1835 1357 
4706 1209 2752 2046 
4707 1979 2980 2818 
4708 2334 3527 2047 
4709 1103 1105 872 
4710 1421 1651 1287 
4711 1695 1881 1697 
4712 2079 2080 2078 
4713 1591 1592 1368 
4714 1293 1368 1105 
4715 1385 1386 1383 
4716 1561 1606 1386 
4717 1794 2382 1795 
4718 965 979 964 
4719 1916 3408 2457 
4720 2862 3041 1064 
4721 599 663 597 
4722 1422 2805 953 
4723 201 3104 313 
4724 793 2785 789 
4725 436 2817 437 
4726 2455 3398 331 
4727 811 1041 809 
4728 607 680 605 
4729 1913 1914 1716 
4730 989 1347 1346 
4731 1382 1384 1383 
4732 1154 1358 1357 
4733 1385 1564 1561 
4734 1261 2881 1260 
4735 1405 1419 1349 
4736 2642 2749 932 
4737 750 759 758 
4738 1569 2259 2094 
4739 1397 2957 2551 
4740 1785 2103 1788 
4741 1418 1433 1205 
4742 1287 2820 1288 
4743 302 3405 218 
4744 1966 1967 1914 
4745 1857 3109 1859 
4746 1564 2232 1843 
4747 406 505 408 
4748 1107 2739 1316 
4749 1253 1333 1270 
4750 2701 2831 664 
4751 2735 3342 2197 
4752 805 806 803 
4753 2975 3190 1908 
4754 1214 1781 1216 
4755 1661 2082 1663 
4756 1136 1138 1137 
4757 788 790 789 
4758 398 491 400 
4759 676 678 658 
4760 753 2885 736 
4761 1214 2825 1781 
4762 1358 1767 1766 
4763 1736 1737 1509 
4764 1947 1948 1419 
4765 1443 1643 1291 
4766 1738 1924 1737 
4767 2105 2660 2108 
4768 856 2845 2688 
4769 402 1068 404 
4770 786 788 787 
4771 2689 2724 1851 
4772 1665 2006 1807 
4773 1980 2037 1924 
4774 613 651 611 
4775 973 989 972 
4776 1452 2864 2663 
4777 1428 1790 1598 
4778 1688 2773 1441 
4779 1517 3216 2364 
4780 2105 2107 2106 
4781 1452 2663 1189 
4782 394 1073 396 
4783 29 2969 265 
4784 1330 1428 1331 
4785 422 1079 424 
4786 2309 3259 2302 
4787 1135 2734 1133 
4788 429 2707 432 
4789 784 786 785 
4790 1721 1991 1719 
4791 414 516 416 
4792 718 719 678 
4793 448 1174 472 
4794 410 1074 412 
4795 1446 1614 1613 
4796 343 3031 3030 
4797 744 765 745 
4798 1366 1615 1147 
4799 750 758 749 
4800 994 1057 984 
4801 1450 1691 1323 
4802 710 744 711 
4803 801 1062 799 
4804 1746 1787 1433 
4805 1078 1150 1149 
4806 537 538 517 
4807 1901 2854 2533 
4808 1325 2766 1648 
4809 665 710 666 
4810 2780 2940 1059 
4811 759 2810 1029 
4812 1005 1304 1003 
4813 1076 1078 1077 
4814 1971 2334 2047 
4815 502 741 493 
4816 426 528 428 
4817 2233 3341 2933 
4818 718 1076 751 
4819 543 2867 534 
4820 1775 1950 1774 
4821 573 717 567 
4822 1950 3418 3298 
4823 3128 3299 1538 
4824 1636 2564 656 
4825 643 665 661 
4826 765 782 766 
4827 1804 1805 1803 
4828 1067 1330 1057 
4829 624 1064 621 
4830 1301 1640 1303 
4831 619 659 617 
4832 914 3466 2472 
4833 632 633 626 
4834 1512 2738 1200 
4835 1842 2780 593 
4836 1361 1774 1132 
4837 782 784 783 
4838 2557 3477 1538 
4839 181 352 180 
4840 1510 2740 1312 
4841 1760 2946 1762 
4842 2341 2350 1643 
4843 2032 2809 1790 
4844 1783 2014 2013 
4845 804 3394 2580 
4846 434 674 436 
4847 1086 2958 2950 
4848 1867 1868 1805 
4849 541 1082 531 
4850 640 668 638 
4851 440 1840 442 
4852 1401 2776 1477 
4853 1892 2148 1891 
4854 636 2744 634 
4855 650 652 646 
4856 2768 3083 730 
4857 551 553 547 
4858 1297 1601 1299 
4859 1531 1533 1532 
4860 1729 1730 1727 
4861 2482 2961 2481 
4862 444 515 446 
4863 1393 2995 1669 
4864 1751 2706 1489 
4865 1588 1590 1589 
4866 3162 3444 1019 
4867 1869 2702 1868 
4868 1752 2042 1751 
4869 388 391 390 
4870 1176 1421 1287 
4871 1733 1818 1731 
4872 1540 2776 1401 
4873 1750 1751 1489 
4874 1227 1229 1228 
4875 913 2893 1176 
4876 384 387 386 
4877 391 1042 490 
4878 563 588 561 
4879 1876 2205 1673 
4880 2124 3191 2614 
4881 2055 2860 1835 
4882 689 1075 687 
4883 999 2806 1183 
4884 725 726 724 
4885 391 490 392 
4886 3423 3500 3003 
4887 657 677 676 
4888 2333 3245 1789 
4889 1666 2719 1667 
4890 554 555 538 
4891 2329 3516 3118 
4892 2202 2789 1845 
4893 2056 2109 363 
4894 1748 2792 1690 
4895 1286 1431 874 
4896 528 1509 1508 
4897 440 2817 1840 
4898 1645 1746 1433 
4899 894 2726 891 
4900 1544 2713 1156 
4901 880 2893 913 
4902 1569 2852 2259 
4903 693 748 691 
4904 1110 1478 1113 
4905 1773 2930 2191 
4906 1198 1581 1207 
4907 1858 2576 1743 
4908 1322 1323 1155 
4909 1710 2826 964 
4910 2924 3305 1907 
4911 2678 3063 2836 
4912 310 3098 245 
4913 1822 2720 1675 
4914 2497 3256 2496 
4915 807 1018 806 
4916 1221 2682 1224 
4917 900 1190 859 
4918 734 750 749 
4919 279 2808 2370 
4920 1229 1232 1231 
4921 1745 2761 1773 
4922 335 2398 68 
4923 244 3098 329 
4924 699 1080 697 
4925 1846 2717 1514 
4926 1375 1387 1373 
4927 1316 2766 1168 
4928 2095 2801 1498 
4929 1906 2995 1506 
4930 1149 1155 1077 
4931 285 2497 2496 
4932 1185 1399 1194 
4933 1161 1167 1065 
4934 1933 1935 1934 
4935 1133 1361 1132 
4936 481 578 577 
4937 1101 1211 1102 
4938 1211 1493 1400 
4939 2631 2928 581 
4940 703 746 701 
4941 2325 3418 1983 
4942 1608 2062 2060 
4943 1312 1396 1311 
4944 422 2811 1079 
4945 1 3360 250 
4946 1546 2066 1672 
4947 674 1101 1081 
4948 7 3360 1 
4949 1992 2035 1991 
4950 2327 3165 1127 
4951 1168 2766 1325 
4952 1862 1897 1860 
4953 734 749 733 
4954 1174 1489 1391 
4955 2415 3151 746 
4956 1949 2341 1643 
4957 1018 2622 2136 
4958 1850 1983 1775 
4959 377 378 376 
4960 528 2874 1736 
4961 3286 3425 272 
4962 2246 3180 2245 
4963 1936 3517 95 
4964 1297 2820 1601 
4965 584 586 585 
4966 2290 3356 1897 
4967 1851 1852 1590 
4968 1307 2988 2931 
4969 582 584 583 
4970 1865 1973 1767 
4971 1674 1877 1876 
4972 1154 1357 1152 
4973 1640 2112 1677 
4974 1059 1118 717 
4975 580 582 581 
4976 2354 3236 2081 
4977 1533 1535 1534 
4978 2059 3537 3383 
4979 723 725 724 
4980 481 577 470 
4981 1424 1425 1345 
4982 578 580 579 
4983 375 376 374 
4984 2216 3494 333 
4985 1333 1466 1359 
4986 2054 3453 2569 
4987 1200 1332 1111 
4988 2959 2960 2493 
4989 1818 3004 2986 
4990 628 2865 657 
4991 1364 1681 1451 
4992 1022 1111 1021 
4993 729 733 728 
4994 1669 3027 1987 
4995 1768 3041 2862 
4996 1472 1725 1355 
4997 2677 2836 984 
4998 1119 1311 1118 
4999 936 2749 985 
5000 1783 2013 1344 
5001 797 856 796 
5002 1431 2885 874 
5003 2665 2888 297 
5004 1538 3477 1523 
5005 269 2111 165 
5006 634 648 633 
5007 990 3160 918 
5008 870 2763 1989 
5009 795 796 794 
5010 1284 1355 1282 
5011 727 728 726 
5012 1380 1381 1379 
5013 1421 1944 1651 
5014 1739 2709 1509 
5015 1090 2793 1053 
5016 1232 1235 1234 
5017 1918 2891 1579 
5018 318 3117 194 
5019 1716 2737 1714 
5020 792 794 791 
5021 2075 2160 2159 
5022 653 669 652 
5023 1429 2140 1886 
5024 683 731 682 
5025 466 489 464 
5026 1725 2188 1946 
5027 2367 3234 306 
5028 360 869 868 
5029 1746 2788 1787 
5030 381 383 382 
5031 1452 3426 2864 
5032 2649 3132 1611 
5033 856 1016 857 
5034 1900 2127 2027 
5035 1645 3469 2385 
5036 1618 2908 1616 
5037 1332 2113 1909 
5038 2022 2023 1935 
5039 670 682 669 
5040 578 3188 901 
5041 643 661 555 
5042 1016 1282 1017 
5043 1361 2734 1850 
5044 2296 3232 1931 
5045 1436 1666 1437 
5046 707 1088 705 
5047 2210 2706 1751 
5048 1667 2719 1684 
5049 757 1021 775 
5050 731 757 732 
5051 1769 2050 1770 
5052 2017 2018 1431 
5053 2331 3039 906 
5054 729 734 733 
5055 1581 1929 1928 
5056 1957 1959 1955 
5057 2320 2798 1679 
5058 2104 2983 99 
5059 3272 3520 318 
5060 648 1769 1768 
5061 1417 3107 1794 
5062 1365 3419 1566 
5063 1218 1424 1345 
5064 1794 1795 1389 
5065 1674 2815 1877 
5066 744 745 711 
5067 1637 3365 2500 
5068 573 2780 1059 
5069 1385 2922 1564 
5070 665 666 661 
5071 3267 3483 1884 
5072 1054 1356 586 
5073 1260 2881 1563 
5074 710 711 666 
5075 1980 3444 2037 
5076 2080 2081 2078 
5077 1901 2182 2181 
5078 2904 3133 1793 
5079 2930 3208 2088 
5080 2087 3494 2930 
5081 2381 3243 1717 
5082 765 766 745 
5083 1744 2033 1745 
5084 1535 1899 1536 
5085 790 791 789 
5086 1593 1882 1591 
5087 725 772 727 
5088 258 2007 110 
5089 1477 2776 1902 
5090 969 2818 967 
5091 869 872 870 
5092 873 1103 872 
5093 788 789 787 
5094 786 787 785 
5095 3108 3404 2471 
5096 128 3153 127 
5097 296 3198 203 
5098 1012 2909 1145 
5099 1759 2813 1757 
5100 1902 3465 2556 
5101 1898 3329 3302 
5102 1293 1591 1368 
5103 2149 2773 1688 
5104 1103 1293 1105 
5105 379 381 380 
5106 628 657 629 
5107 387 2748 388 
5108 1964 2627 1961 
5109 784 785 783 
5110 3002 3106 1796 
5111 585 628 587 
5112 1849 3533 3155 
5113 2031 3039 2779 
5114 456 458 457 
5115 782 783 766 
5116 1046 2974 1048 
5117 1361 1775 1774 
5118 2627 2628 1960 
5119 2513 3235 438 
5120 727 729 728 
5121 1972 2849 1419 
5122 1424 1426 1425 
5123 853 2804 846 
5124 731 3000 2541 
5125 819 2827 817 
5126 1002 2810 750 
5127 2207 3493 2206 
5128 1385 1561 1386 
5129 1358 1766 1357 
5130 80 3510 347 
5131 1628 2824 1630 
5132 1658 2972 1656 
5133 2350 3043 2876 
5134 1382 1383 1381 
5135 1384 1385 1383 
5136 2073 2076 2075 
5137 454 456 455 
5138 373 374 372 
5139 1766 2055 1835 
5140 1564 1843 1561 
5141 2216 3370 280 
5142 831 2829 829 
5143 1690 2792 2149 
5144 1868 2843 1998 
5145 1681 2463 1951 
5146 747 3497 708 
5147 2382 2601 1795 
5148 846 2804 2683 
5149 1942 2895 1615 
5150 849 2828 843 
5151 239 2951 2633 
5152 1042 1043 490 
5153 961 2826 959 
5154 1346 2818 972 
5155 1047 2931 1007 
5156 3306 3414 2598 
5157 1435 1655 1436 
5158 1426 1427 1425 
5159 1450 1879 1691 
5160 2785 2904 2903 
5161 277 2660 2105 
5162 657 676 658 
5163 1646 2967 2126 
5164 1332 2738 2114 
5165 1078 1149 1077 
5166 1763 2830 1761 
5167 601 2821 599 
5168 350 3362 2644 
5169 1632 2839 1634 
5170 1081 2817 436 
5171 648 2744 1771 
5172 567 2841 565 
5173 2663 2864 2730 
5174 725 727 726 
5175 2816 2939 1843 
5176 977 2836 975 
5177 180 2842 179 
5178 676 718 678 
5179 2988 3525 2420 
5180 324 2842 2410 
5181 2662 2899 2680 
5182 1042 1435 1043 
5183 718 751 719 
5184 1845 2789 1990 
5185 371 372 370 
5186 1990 2792 1748 
5187 1076 1077 751 
5188 383 2735 384 
5189 1994 2833 1510 
5190 1165 2731 902 
5191 2071 2073 2072 
5192 1405 3316 1947 
5193 1544 2937 2713 
5194 754 779 742 
5195 2071 2072 2070 
5196 2598 3414 3143 
5197 1322 1450 1323 
5198 196 2959 195 
5199 1055 2889 711 
5200 1610 2949 2218 
5201 377 2911 379 
5202 1349 2849 1350 
5203 2125 2969 2156 
5204 2370 2808 2373 
5205 1827 2999 1584 
5206 2204 3136 3094 
5207 2587 3177 1866 
5208 1669 1987 1670 
5209 1757 2813 1996 
5210 578 579 577 
5211 1651 2820 1287 
5212 584 585 583 
5213 1174 2877 1750 
5214 1657 2838 1659 
5215 582 583 581 
5216 580 581 579 
5217 1585 3242 1403 
5218 829 2840 827 
5219 1597 2837 1595 
5220 1683 2835 1686 
5221 1426 1530 1427 
5222 782 3538 1335 
5223 1094 2834 1092 
5224 1459 2841 717 
5225 2468 3311 2599 
5226 344 3360 2594 
5227 369 370 368 
5228 2025 2173 2172 
5229 1020 2799 2584 
5230 198 3359 5 
5231 1620 2953 1618 
5232 3081 3250 1904 
5233 2657 3301 2336 
5234 2141 3264 1886 
5235 1312 2740 1396 
5236 1439 2880 1137 
5237 1530 1531 1427 
5238 1641 3118 1378 
5239 405 2986 527 
5240 1675 2020 1516 
5241 5 3359 197 
5242 2073 2075 2072 
5243 2785 2903 787 
5244 750 2810 759 
5245 2508 3244 2507 
5246 799 2845 797 
5247 803 2856 801 
5248 379 560 381 
5249 1659 2844 1661 
5250 392 2848 394 
5251 371 2935 373 
5252 1369 1370 1269 
5253 2690 2968 2965 
5254 909 2804 853 
5255 1530 1537 1531 
5256 1435 1436 1043 
5257 441 2982 492 
5258 1133 2734 1361 
5259 1117 3255 1285 
5260 824 2984 826 
5261 373 546 375 
5262 331 3390 2629 
5263 1407 3143 1406 
5264 2595 3239 314 
5265 400 2857 402 
5266 2831 3176 2165 
5267 1200 2738 1332 
5268 2419 2988 2417 
5269 1007 2846 1005 
5270 589 3011 376 
5271 1428 2870 2032 
5272 404 2859 406 
5273 1719 2851 1472 
5274 1149 1322 1155 
5275 1535 1901 1899 
5276 2995 3027 1669 
5277 1187 2793 1090 
5278 2796 3345 510 
5279 1339 1516 1338 
5280 2730 2864 1647 
5281 470 2875 468 
5282 1176 2893 1421 
5283 2754 2977 751 
5284 1616 2908 2770 
5285 3143 3414 1609 
5286 2981 3066 301 
5287 526 3102 525 
5288 1701 2990 1699 
5289 1602 1603 1337 
5290 2364 3267 1517 
5291 1147 2869 1038 
5292 1789 3129 1940 
5293 1212 2871 1211 
5294 30 2969 29 
5295 365 366 266 
5296 2460 3220 1853 
5297 634 2744 648 
5298 1053 2793 1413 
5299 2223 3400 1882 
5300 1901 2181 1899 
5301 2775 3275 2001 
5302 2705 2929 1257 
5303 1999 3026 1939 
5304 1171 1173 1083 
5305 1129 2847 1096 
5306 265 3099 28 
5307 755 3124 896 
5308 458 488 457 
5309 1421 2893 1945 
5310 657 2865 677 
5311 2221 3301 2888 
5312 776 3105 2909 
5313 2083 2747 2646 
5314 1018 3189 2526 
5315 2458 2963 1814 
5316 456 457 455 
5317 490 2848 392 
5318 1105 2763 872 
5319 626 2862 624 
5320 2703 3296 2269 
5321 347 3489 3265 
5322 1685 3001 1682 
5323 666 2889 760 
5324 638 2866 636 
5325 1727 2868 1512 
5326 1092 2834 1187 
5327 1196 2872 1198 
5328 315 2697 46 
5329 2136 2856 806 
5330 2003 3220 2460 
5331 1891 2870 1409 
5332 1137 2880 1135 
5333 1799 2837 1597 
5334 1675 2720 2020 
5335 178 2630 177 
5336 27 3099 332 
5337 1874 2824 1628 
5338 1367 2875 577 
5339 964 2826 961 
5340 2153 2813 1759 
5341 388 2748 391 
5342 1260 1560 1178 
5343 959 2826 1115 
5344 1377 2879 1375 
5345 300 3479 2431 
5346 2189 2190 1560 
5347 1852 3354 3312 
5348 1291 2876 878 
5349 510 3470 2796 
5350 778 3027 2477 
5351 177 2630 305 
5352 1595 2837 2699 
5353 972 2818 969 
5354 1409 2870 1330 
5355 1669 1670 1317 
5356 1614 2791 1613 
5357 1091 3032 1093 
5358 2326 3203 1723 
5359 3247 3433 2322 
5360 1210 2843 2702 
5361 1299 2873 1301 
5362 2586 3486 1802 
5363 1756 2953 1620 
5364 1630 2824 1839 
5365 841 2863 839 
5366 377 379 378 
5367 1407 3348 2599 
5368 695 2882 693 
5369 1368 3079 1647 
5370 2528 2918 291 
5371 1839 2839 1632 
5372 143 291 142 
5373 446 2877 448 
5374 2652 3390 331 
5375 364 2574 2036 
5376 343 3535 3031 
5377 1988 3350 2398 
5378 2011 3018 2682 
5379 3211 3476 1060 
5380 825 2973 823 
5381 1843 2987 2816 
5382 3118 3440 2329 
5383 1254 3462 3208 
5384 1761 2830 2153 
5385 1606 2878 1608 
5386 1663 2971 1665 
5387 1303 3241 1302 
5388 192 3479 300 
5389 872 2763 870 
5390 1985 3039 2031 
5391 375 377 376 
5392 462 1086 460 
5393 3391 3456 1924 
5394 1060 2821 601 
5395 424 2874 426 
5396 785 2903 863 
5397 1563 3214 2189 
5398 2573 3091 351 
5399 547 2884 541 
5400 384 2735 387 
5401 2651 3135 948 
5402 1227 1230 1229 
5403 2639 3265 1754 
5404 965 2980 979 
5405 2588 3417 2560 
5406 851 2829 831 
5407 984 2836 977 
5408 1307 2931 1047 
5409 454 455 453 
5410 452 454 453 
5411 1841 3202 1865 
5412 1938 3038 1937 
5413 2722 3127 2535 
5414 797 2845 856 
5415 288 3153 128 
5416 277 2105 2104 
5417 1060 2822 2821 
5418 2450 3464 2449 
5419 367 368 366 
5420 1152 2890 1150 
5421 1138 1139 1137 
5422 2373 2808 2530 
5423 55 2747 2083 
5424 1946 2910 1355 
5425 2860 3333 3204 
5426 1506 2995 1393 
5427 1859 3045 1861 
5428 1472 2851 1725 
5429 2672 3035 794 
5430 2518 2830 1763 
5431 1914 2923 1716 
5432 565 2887 563 
5433 1000 3007 461 
5434 1055 3387 2889 
5435 2542 3005 2543 
5436 2828 2863 841 
5437 432 2901 434 
5438 1194 2894 1196 
5439 114 2614 113 
5440 2383 3443 2222 
5441 1634 2839 2021 
5442 1302 3197 2423 
5443 1684 2835 1683 
5444 1419 2849 1349 
5445 1563 2189 1560 
5446 817 2827 910 
5447 1059 2940 1119 
5448 1712 2964 1710 
5449 2296 3274 3232 
5450 3260 3269 1143 
5451 329 3447 3003 
5452 1982 3141 1981 
5453 1876 2938 2205 
5454 855 2926 909 
5455 599 2821 663 
5456 2702 2843 1868 
5457 2784 3068 1201 
5458 2598 3143 2597 
5459 821 2978 819 
5460 1336 2834 1094 
5461 1768 2862 633 
5462 527 3028 2287 
5463 2021 2838 1657 
5464 696 3034 716 
5465 1647 3079 2730 
5466 1293 2936 1593 
5467 1909 2919 1111 
5468 2406 3371 2047 
5469 2406 3527 1582 
5470 2577 3076 910 
5471 1686 2835 1717 
5472 1736 2970 1738 
5473 1693 2981 1695 
5474 1552 3247 1040 
5475 1847 3228 1875 
5476 827 2840 1063 
5477 1866 3229 1890 
5478 2708 2901 2707 
5479 1835 2890 1357 
5480 1674 1876 1673 
5481 328 3320 247 
5482 967 2980 965 
5483 1102 2948 1081 
5484 1371 1458 1370 
5485 373 375 374 
5486 2033 2761 1745 
5487 1274 1337 1165 
5488 1205 2900 1203 
5489 367 1027 369 
5490 705 2902 703 
5491 1915 3097 2929 
5492 1432 3327 1452 
5493 557 2966 551 
5494 2931 2988 2419 
5495 732 2934 682 
5496 1473 1602 1337 
5497 516 3111 2613 
5498 1282 2910 1283 
5499 2634 3417 327 
5500 863 3019 783 
5501 406 2859 505 
5502 1510 2833 2740 
5503 721 1120 723 
5504 1096 2847 1336 
5505 910 2827 2743 
5506 579 2928 1367 
5507 717 2841 567 
5508 1661 2844 2082 
5509 1259 3273 1251 
5510 1618 2953 2908 
5511 839 2863 847 
5512 710 2952 744 
5513 491 2857 400 
5514 806 2856 803 
5515 1145 2909 1364 
5516 402 2857 1068 
5517 1201 3068 2739 
5518 1068 2859 404 
5519 2226 3509 1599 
5520 1747 3093 1844 
5521 1793 3133 1846 
5522 2110 2976 2704 
5523 1005 2846 1304 
5524 246 3320 310 
5525 254 2968 2690 
5526 1132 2847 1129 
5527 1031 3135 2782 
5528 1336 3246 2349 
5529 394 2848 1073 
5530 1020 2815 2799 
5531 1838 3022 1837 
5532 493 2920 485 
5533 859 2926 855 
5534 121 2625 120 
5535 2580 3192 1493 
5536 3316 3402 1947 
5537 1322 2955 1639 
5538 1389 2922 1384 
5539 2027 3505 2016 
5540 47 3029 315 
5541 257 1978 103 
5542 1330 2870 1428 
5543 1774 2847 1132 
5544 1183 2932 1185 
5545 1877 3016 1876 
5546 8 3239 2594 
5547 1062 2845 799 
5548 801 2856 1062 
5549 823 2973 860 
5550 1063 2973 825 
5551 120 2625 337 
5552 1266 1404 1264 
5553 2916 2967 353 
5554 3177 3229 1866 
5555 1110 2919 1478 
5556 141 340 140 
5557 1991 2851 1719 
5558 3161 3225 2695 
5559 391 2748 1042 
5560 1779 3121 2184 
5561 1726 3040 1728 
5562 1413 2996 1051 
5563 1615 2869 1147 
5564 1049 2996 1307 
5565 2664 3167 1979 
5566 2189 3234 2190 
5567 2636 3184 1280 
5568 2871 2898 1493 
5569 1564 3114 2232 
5570 2257 3184 2636 
5571 1038 2869 2666 
5572 1211 2871 1493 
5573 1079 2874 424 
5574 2082 2971 1663 
5575 2064 3196 1783 
5576 426 2874 528 
5577 2779 3039 2331 
5578 860 2978 821 
5579 260 3473 124 
5580 1021 2919 1110 
5581 141 2918 340 
5582 1344 2917 1054 
5583 1665 2971 2006 
5584 1065 2912 900 
5585 1301 2873 1640 
5586 1918 3224 2571 
5587 1051 2996 1049 
5588 2267 3009 2268 
5589 2501 3267 2364 
5590 1512 2868 2738 
5591 371 373 372 
5592 3097 3228 1847 
5593 2258 3171 2256 
5594 2648 3306 11 
5595 2350 2876 1643 
5596 2000 2998 1530 
5597 2690 2965 335 
5598 2554 3074 1381 
5599 624 2862 1064 
5600 2683 3036 2674 
5601 1003 2927 894 
5602 329 3003 2638 
5603 1007 2931 2846 
5604 460 2855 458 
5605 3027 3113 1987 
5606 1716 2923 2737 
5607 633 2862 626 
5608 1232 1249 1235 
5609 1802 3486 1804 
5610 636 2866 2744 
5611 1718 3053 1720 
5612 333 3116 22 
5613 1104 2936 1103 
5614 2829 2840 829 
5615 1787 2900 1433 
5616 448 2877 1174 
5617 1722 3044 1995 
5618 515 2877 446 
5619 2599 3311 2600 
5620 1850 3210 1983 
5621 1373 2989 1104 
5622 1135 2880 2734 
5623 1601 2873 1299 
5624 1695 2981 1881 
5625 1904 3318 3081 
5626 278 2747 56 
5627 1730 2868 1727 
5628 553 2884 547 
5629 452 3139 1885 
5630 1203 2900 1275 
5631 683 3000 731 
5632 369 371 370 
5633 1602 2048 1603 
5634 1933 2022 1935 
5635 718 2954 1076 
5636 668 2866 638 
5637 541 2884 1082 
5638 2022 2026 2023 
5639 434 2901 674 
5640 1384 2922 1385 
5641 669 2934 1360 
5642 2730 3079 2017 
5643 172 2725 171 
5644 10 3306 314 
5645 1052 3050 1390 
5646 850 3037 2527 
5647 2790 3486 2586 
5648 741 2920 493 
5649 1122 1338 1121 
5650 2553 3006 1828 
5651 373 2935 546 
5652 1198 2872 1581 
5653 355 3516 138 
5654 1937 3038 1999 
5655 1894 3056 1997 
5656 1833 1933 1932 
5657 1973 2941 1767 
5658 241 3375 6 
5659 6 3375 240 
5660 275 3334 2495 
5661 1561 2939 1606 
5662 2707 2901 432 
5663 1640 2906 2112 
5664 2818 2980 967 
5665 760 3144 661 
5666 374 3113 372 
5667 1643 2876 1291 
5668 2838 2844 1659 
5669 2986 3004 527 
5670 2232 2987 1843 
5671 1101 3130 1212 
5672 711 2889 666 
5673 982 3135 1031 
5674 551 2966 553 
5675 563 2887 588 
5676 693 2882 748 
5677 1950 3246 1774 
5678 2477 2995 1906 
5679 1426 3300 2000 
5680 985 3096 940 
5681 1767 2941 1766 
5682 973 3063 989 
5683 1375 2879 1387 
5684 2882 2883 748 
5685 685 3000 683 
5686 332 3200 26 
5687 2422 3458 1445 
5688 1981 3062 1821 
5689 325 2716 75 
5690 1115 3049 957 
5691 485 2920 2696 
5692 577 2875 470 
5693 1608 2878 2062 
5694 2525 3406 1708 
5695 1023 3340 2258 
5696 1304 2927 1003 
5697 2357 3477 1753 
5698 2700 3051 1881 
5699 464 2958 462 
5700 1014 3124 777 
5701 920 3160 2790 
5702 379 2911 560 
5703 421 3467 495 
5704 1516 1517 1338 
5705 1433 2900 1205 
5706 955 3049 1422 
5707 1399 2894 1194 
5708 2203 3021 2202 
5709 2646 3374 2177 
5710 2656 3138 2060 
5711 819 2978 2827 
5712 25 3200 280 
5713 2685 3002 1796 
5714 628 2945 2865 
5715 2954 3439 2579 
5716 1749 3108 2045 
5717 787 2903 785 
5718 1216 2943 1218 
5719 2038 3315 1867 
5720 2385 3469 2752 
5721 900 2912 1190 
5722 1357 2890 1152 
5723 196 2960 2959 
5724 1584 2999 1724 
5725 367 369 368 
5726 3296 3396 2269 
5727 1891 3069 2870 
5728 703 2902 746 
5729 1356 2945 586 
5730 1926 3374 2646 
5731 1781 2943 1216 
5732 1167 2912 1065 
5733 1740 3004 1733 
5734 1355 2910 1282 
5735 1672 1674 1673 
5736 307 2794 2100 
5737 1218 2943 1424 
5738 1150 2955 1149 
5739 1439 3296 2703 
5740 1185 2932 1399 
5741 2785 3133 2904 
5742 1190 2926 859 
5743 2308 3420 2470 
5744 1111 2919 1021 
5745 2841 2887 565 
5746 1290 1884 1394 
5747 2112 3054 1677 
5748 1178 2962 1161 
5749 1253 1334 1333 
5750 894 2927 2726 
5751 1387 2989 1373 
5752 719 2977 721 
5753 2177 2794 307 
5754 130 3087 2213 
5755 876 3043 430 
5756 1088 2902 705 
5757 331 3398 37 
5758 3228 3295 1875 
5759 586 2945 585 
5760 2013 2917 1344 
5761 1530 2998 1537 
5762 2317 3391 1126 
5763 1606 2939 2878 
5764 1733 3004 1818 
5765 595 3058 1842 
5766 2510 3385 3335 
5767 94 3517 2991 
5768 2341 3467 423 
5769 677 2954 676 
5770 880 3082 2893 
5771 2796 3470 1353 
5772 2477 3027 2995 
5773 1655 2933 1436 
5774 2005 2477 1906 
5775 359 3087 357 
5776 1558 3147 3021 
5777 2806 2932 1183 
5778 492 2906 2850 
5779 3063 3231 989 
5780 254 3093 2968 
5781 342 3055 2994 
5782 91 2722 2208 
5783 21 3116 2693 
5784 682 2934 669 
5785 1795 2922 1389 
5786 2850 3126 2513 
5787 1881 3051 1697 
5788 663 3058 597 
5789 1364 2909 1681 
5790 1054 2917 1356 
5791 3307 3497 747 
5792 2991 3517 2096 
5793 2353 3381 2214 
5794 3282 3353 2150 
5795 2873 2906 1640 
5796 398 3048 491 
5797 1103 2936 1293 
5798 1436 2933 1666 
5799 1073 3048 396 
5800 1881 2981 2777 
5801 2214 3120 1883 
5802 267 3325 3302 
5803 581 2928 579 
5804 1879 3066 1691 
5805 2638 3500 346 
5806 1196 2894 2872 
5807 1161 2962 1167 
5808 1104 2989 2936 
5809 3401 3444 2276 
5810 1812 3110 1811 
5811 371 3095 2935 
5812 2371 3194 2375 
5813 910 3076 815 
5814 2778 3402 1598 
5815 1462 3415 1993 
5816 2378 3240 2521 
5817 1328 3247 1854 
5818 1180 3348 1407 
5819 3293 3415 1463 
5820 36 3398 2654 
5821 1885 3179 2562 
5822 607 3067 680 
5823 303 3487 31 
5824 555 3144 1353 
5825 1843 2939 1561 
5826 516 3061 416 
5827 1294 3115 1123 
5828 1742 3028 1740 
5829 2890 2955 1150 
5830 1464 3495 1649 
5831 3022 3089 1837 
5832 2870 3069 2032 
5833 1766 2941 2055 
5834 365 367 366 
5835 320 3446 3209 
5836 751 2977 719 
5837 308 2722 92 
5838 788 3010 790 
5839 2023 2947 2025 
5840 2184 3209 1813 
5841 1546 1672 1671 
5842 458 2855 488 
5843 1578 3224 1918 
5844 791 3035 793 
5845 2881 3078 1563 
5846 2 3183 1488 
5847 1023 3538 765 
5848 285 2537 2497 
5849 215 3052 214 
5850 794 3035 791 
5851 585 2945 628 
5852 2980 3167 979 
5853 2045 3108 2471 
5854 1075 3064 687 
5855 1113 3137 1753 
5856 1566 3419 3226 
5857 2041 3304 1470 
5858 689 3071 1075 
5859 2531 3047 1148 
5860 396 3048 398 
5861 1262 2942 1429 
5862 1080 3059 697 
5863 444 3085 515 
5864 957 3049 955 
5865 282 3333 2860 
5866 2836 3063 975 
5867 1672 1673 1671 
5868 1347 3231 1405 
5869 3232 3233 1931 
5870 2846 2931 2419 
5871 861 1121 862 
5872 748 3071 691 
5873 3171 3340 1614 
5874 1697 3051 1777 
5875 1840 3085 442 
5876 1921 3023 1602 
5877 489 2958 464 
5878 22 3116 21 
5879 2205 3148 1673 
5880 1709 3407 2522 
5881 1290 1352 862 
5882 676 2954 718 
5883 2576 3356 2290 
5884 2267 3482 3009 
5885 2651 3335 3135 
5886 2929 3097 1257 
5887 1907 3219 2924 
5888 1720 3521 1721 
5889 1677 3054 1985 
5890 1914 3164 2923 
5891 597 3058 595 
5892 414 3111 516 
5893 1149 2955 1322 
5894 168 2993 312 
5895 1574 3403 2692 
5896 1998 3412 1805 
5897 410 3112 1074 
5898 1790 3158 2778 
5899 2301 3387 2355 
5900 1883 3217 2085 
5901 1537 2998 2753 
5902 3009 3482 3428 
5903 2736 3188 481 
5904 505 3112 408 
5905 3139 3179 1885 
5906 2256 3171 2257 
5907 1019 3444 3401 
5908 2024 3353 3282 
5909 1308 3368 2736 
5910 2362 3397 2361 
5911 659 3088 2757 
5912 3260 3290 3269 
5913 360 3142 2534 
5914 2237 3389 3090 
5915 835 3275 2775 
5916 1453 3522 2116 
5917 877 3082 880 
5918 1074 3111 412 
5919 1546 1671 1545 
5920 377 2985 2911 
5921 2026 2947 2023 
5922 2190 2962 1560 
5923 1418 3373 1645 
5924 697 3059 695 
5925 280 3370 24 
5926 1713 3258 1913 
5927 687 3064 685 
5928 228 3072 227 
5929 19 3183 2 
5930 1280 3184 1446 
5931 1603 3070 1337 
5932 1353 3470 538 
5933 975 3063 973 
5934 2492 3524 2767 
5935 2907 3380 2394 
5936 1691 3066 1693 
5937 2712 3205 1537 
5938 1830 3176 2831 
5939 2155 3281 2288 
5940 2006 3122 1807 
5941 1082 3102 531 
5942 3335 3385 2483 
5943 2212 3411 263 
5944 23 3370 333 
5945 1824 2950 2905 
5946 1770 3041 1768 
5947 691 3071 689 
5948 416 3061 418 
5949 336 2200 61 
5950 2893 3082 1945 
5951 2729 3140 2448 
5952 2103 3131 1788 
5953 1927 3378 2117 
5954 1786 3119 1784 
5955 1592 3079 1368 
5956 1257 3097 2675 
5957 296 3268 2552 
5958 2999 3084 1724 
5959 2003 3277 3220 
5960 811 3145 1041 
5961 1801 3481 2546 
5962 1275 3482 3396 
5963 815 3076 813 
5964 2557 3299 1919 
5965 2851 3150 1725 
5966 466 3077 489 
5967 1121 1290 862 
5968 28 3099 27 
5969 2731 3070 2724 
5970 553 2997 2884 
5971 1450 3065 1879 
5972 609 3067 607 
5973 1538 3299 2557 
5974 150 292 149 
5975 1581 3042 1929 
5976 1705 3008 2751 
5977 1876 3016 2938 
5978 1546 3526 2066 
5979 468 3077 466 
5980 1639 3065 1450 
5981 1849 3155 2312 
5982 1952 2410 2408 
5983 2423 3173 2424 
5984 807 3189 1018 
5985 335 3012 2398 
5986 695 3059 2882 
5987 1560 2962 1178 
5988 1910 3349 1988 
5989 2902 3109 746 
5990 1285 3255 3089 
5991 2426 3476 3211 
5992 2748 3075 1654 
5993 2075 3100 2160 
5994 2711 3374 1926 
5995 2307 3323 2308 
5996 1754 3265 2437 
5997 729 3436 734 
5998 3126 3235 2513 
5999 1381 3074 1379 
6000 1837 3089 2041 
6001 766 3019 2755 
6002 1865 3324 2292 
6003 1086 2855 460 
6004 2885 3046 1636 
6005 98 316 97 
6006 2692 3403 2464 
6007 1139 3296 1439 
6008 1693 3066 2981 
6009 2024 3282 1935 
6010 1378 3118 355 
6011 245 3098 244 
6012 2875 3077 468 
6013 837 3275 835 
6014 1493 3192 1400 
6015 2804 3036 2683 
6016 1379 3074 1475 
6017 1800 3292 1799 
6018 1851 3238 1852 
6019 1852 3312 2794 
6020 3114 3221 2232 
6021 619 3157 659 
6022 1429 2942 2140 
6023 1591 3172 1592 
6024 1058 3140 2729 
6025 603 3211 1060 
6026 1913 3357 1966 
6027 1064 3157 621 
6028 442 3085 444 
6029 2938 3016 299 
6030 1376 3094 1377 
6031 2882 3059 2272 
6032 1740 3028 3004 
6033 546 2985 375 
6034 3288 3382 1515 
6035 1724 3084 2456 
6036 270 2992 170 
6037 1041 3189 809 
6038 2965 3012 335 
6039 2025 2947 2173 
6040 381 3092 383 
6041 651 3386 2710 
6042 1928 3249 2667 
6043 699 3151 1080 
6044 1609 3414 3237 
6045 2801 3020 1744 
6046 2285 3178 2284 
6047 2171 3353 2024 
6048 202 3104 201 
6049 685 3064 3000 
6050 746 3151 701 
6051 1935 3282 1934 
6052 1474 1527 1458 
6053 387 3075 2748 
6054 1394 1546 1545 
6055 2120 3214 2121 
6056 1404 3078 2881 
6057 3013 3232 1249 
6058 171 270 170 
6059 2888 3301 297 
6060 462 2958 1086 
6061 940 3096 987 
6062 137 3516 2329 
6063 904 3175 2321 
6064 254 3492 3093 
6065 777 3124 755 
6066 1601 3126 2850 
6067 2462 3291 275 
6068 2095 3020 2801 
6069 308 3127 2722 
6070 1227 3018 1230 
6071 2435 3272 2490 
6072 1908 3190 2436 
6073 2148 3069 1891 
6074 3202 3324 1865 
6075 2901 3130 674 
6076 1902 3361 1622 
6077 651 3199 611 
6078 1717 3243 1700 
6079 194 3117 193 
6080 783 3019 766 
6081 2398 3350 67 
6082 680 3211 605 
6083 3127 3279 2079 
6084 2922 3114 1564 
6085 2929 3408 1916 
6086 1394 1545 1352 
6087 292 3371 2406 
6088 2336 3301 2221 
6089 1952 2408 1474 
6090 1744 3020 2033 
6091 93 2991 308 
6092 307 2100 53 
6093 1980 3519 2276 
6094 1984 3107 1417 
6095 3205 3468 2854 
6096 725 3186 772 
6097 2093 3536 3185 
6098 1955 3253 1864 
6099 816 3162 818 
6100 2778 3158 556 
6101 2778 3475 3402 
6102 1985 3212 3039 
6103 531 3102 526 
6104 2306 3364 2310 
6105 1808 3163 1806 
6106 721 2977 1120 
6107 2602 3454 3201 
6108 1844 3395 2201 
6109 375 2985 377 
6110 2018 3046 1431 
6111 452 453 451 
6112 2708 3130 2901 
6113 1224 3018 1227 
6114 2535 3127 2077 
6115 2682 3018 1224 
6116 2068 3166 1896 
6117 2970 3367 1738 
6118 516 3062 3061 
6119 1290 1394 1352 
6120 1900 3230 2127 
6121 202 3198 3104 
6122 314 3239 9 
6123 2732 3297 294 
6124 372 3113 778 
6125 1930 3392 2622 
6126 1533 3205 2854 
6127 3045 3109 2902 
6128 3133 3270 1846 
6129 1742 3154 3028 
6130 2230 3309 2228 
6131 1252 3408 2705 
6132 1922 3152 1921 
6133 2390 3218 2531 
6134 1874 3376 2750 
6135 778 3113 3027 
6136 560 3092 381 
6137 2643 3323 1308 
6138 1834 3454 2609 
6139 985 3161 3096 
6140 412 3111 414 
6141 2448 3140 1826 
6142 408 3112 410 
6143 1731 3380 1730 
6144 2735 3075 387 
6145 1975 3432 1974 
6146 1966 3441 2655 
6147 341 3434 2212 
6148 1773 3208 2930 
6149 2552 3268 2776 
6150 148 341 147 
6151 1965 3161 1797 
6152 1431 3046 2885 
6153 1708 3406 1785 
6154 113 2614 334 
6155 1230 3013 1229 
6156 918 3160 920 
6157 9 3239 8 
6158 1952 3310 2410 
6159 1290 3017 1884 
6160 2081 3236 2078 
6161 3051 3121 1777 
6162 1753 3477 2557 
6163 1088 3045 2902 
6164 2138 3411 2212 
6165 3070 3238 2724 
6166 3002 3528 3106 
6167 1626 3376 1874 
6168 455 1143 453 
6169 1435 3336 1655 
6170 1799 3292 3005 
6171 148 3015 341 
6172 1302 3241 3197 
6173 2076 3100 2075 
6174 1777 3121 1779 
6175 1232 3013 1249 
6176 1165 3070 2731 
6177 1807 3122 1809 
6178 1795 3114 2922 
6179 1266 3156 1404 
6180 3156 3305 1404 
6181 488 861 730 
6182 510 3345 502 
6183 3021 3147 2202 
6184 1088 3252 2765 
6185 861 862 730 
6186 1979 3167 2980 
6187 3377 3521 1720 
6188 948 3135 982 
6189 2458 3293 1463 
6190 2016 3274 2296 
6191 1815 3293 2458 
6192 1611 3132 1829 
6193 269 3159 2150 
6194 1942 3433 2624 
6195 2909 3105 1681 
6196 1027 3271 3060 
6197 1229 3013 1232 
6198 1406 3143 1609 
6199 1235 3014 1253 
6200 49 343 48 
6201 517 3470 510 
6202 1730 3380 2907 
6203 1869 3471 2550 
6204 3044 3459 1995 
6205 1654 3075 2944 
6206 1603 3238 3070 
6207 116 3101 2122 
6208 1249 3014 1235 
6209 304 3169 2056 
6210 1897 3384 3344 
6211 1537 3205 1531 
6212 2869 3177 2587 
6213 2066 3526 2733 
6214 2943 3300 1424 
6215 1615 3177 2869 
6216 367 3271 1027 
6217 3036 3240 2378 
6218 1275 3396 1192 
6219 2687 3300 2943 
6220 1704 3407 1709 
6221 2678 3231 3063 
6222 488 730 457 
6223 255 3183 19 
6224 613 3386 651 
6225 157 2732 294 
6226 2231 3435 361 
6227 724 3206 722 
6228 2872 3042 1581 
6229 30 3487 2969 
6230 2757 3484 659 
6231 640 3337 668 
6232 2520 3254 1880 
6233 1917 3498 2456 
6234 1939 3227 2096 
6235 2203 3149 3021 
6236 2653 3507 2143 
6237 1915 3228 3097 
6238 1614 3340 2791 
6239 1864 3384 1862 
6240 2820 3126 1601 
6241 1788 3131 1820 
6242 707 3252 1088 
6243 2851 3485 3150 
6244 3074 3136 1475 
6245 1681 3105 2463 
6246 2424 3476 2426 
6247 2712 3468 3205 
6248 3136 3383 3094 
6249 1709 3532 1706 
6250 2138 3434 2137 
6251 713 3497 2463 
6252 680 3067 3056 
6253 2895 3229 3177 
6254 312 3352 2162 
6255 1974 3276 1976 
6256 1475 3136 2204 
6257 2664 3258 3167 
6258 813 3145 811 
6259 323 3438 2462 
6260 157 294 156 
6261 1253 3014 1334 
6262 233 3168 232 
6263 1756 3331 2953 
6264 169 2993 168 
6265 1269 3156 1266 
6266 3016 3237 299 
6267 161 2574 364 
6268 361 3142 358 
6269 588 3427 561 
6270 2601 3114 1795 
6271 269 2150 2111 
6272 2457 3498 1916 
6273 2181 3230 1899 
6274 1897 3356 1860 
6275 3076 3145 813 
6276 553 3203 2997 
6277 2733 3526 1884 
6278 1517 3017 1338 
6279 3429 3524 2492 
6280 369 3095 371 
6281 1338 3017 1121 
6282 2361 3397 2363 
6283 1390 3281 2512 
6284 352 2842 180 
6285 3053 3377 1720 
6286 1887 3264 2911 
6287 1898 3302 2002 
6288 1708 3532 2525 
6289 3357 3441 1966 
6290 2924 2925 317 
6291 3061 3141 418 
6292 1019 3401 2327 
6293 1858 3356 2576 
6294 2531 3218 1855 
6295 3314 3322 473 
6296 1027 3095 369 
6297 659 3484 617 
6298 1982 3207 3141 
6299 3258 3357 1913 
6300 772 3186 2975 
6301 2669 3202 2937 
6302 701 3151 699 
6303 330 3166 2658 
6304 3132 3201 1829 
6305 1903 3250 2097 
6306 1924 3456 1737 
6307 2147 3193 1949 
6308 1998 3466 3412 
6309 352 3213 2410 
6310 343 3029 48 
6311 354 3170 3155 
6312 450 452 451 
6313 1478 3137 1113 
6314 1649 3495 3423 
6315 2744 3103 1771 
6316 621 3157 619 
6317 674 3130 1101 
6318 2228 3309 3034 
6319 1907 3305 3156 
6320 2154 3448 2155 
6321 2576 3154 1742 
6322 661 3144 555 
6323 779 3358 742 
6324 155 342 154 
6325 495 3467 3321 
6326 1943 3244 2640 
6327 1983 3418 1775 
6328 3276 3363 1976 
6329 3327 3426 1452 
6330 3028 3154 2287 
6331 1725 3150 2188 
6332 907 3210 2263 
6333 289 2723 135 
6334 291 3404 2528 
6335 26 3200 25 
6336 651 3284 3199 
6337 3135 3335 2782 
6338 2113 3461 3338 
6339 1474 2408 1527 
6340 2716 3195 74 
6341 2603 3524 3429 
6342 2317 3456 3391 
6343 2452 3460 1871 
6344 2140 3174 2141 
6345 2619 3471 990 
6346 2866 3103 2744 
6347 2734 3146 1850 
6348 2572 3262 1833 
6349 203 3198 202 
6350 1962 3313 2043 
6351 1873 3519 1982 
6352 2969 3487 2156 
6353 2745 3329 336 
6354 2654 3372 268 
6355 772 3351 727 
6356 1121 3017 1290 
6357 2601 3221 3114 
6358 2302 3259 2301 
6359 1120 3186 723 
6360 1370 3156 1269 
6361 1834 3176 1830 
6362 2037 3444 3162 
6363 609 3199 3067 
6364 1997 3284 1893 
6365 2454 3372 2654 
6366 1820 3165 1872 
6367 1853 3260 2768 
6368 3130 3251 1212 
6369 1995 3197 1994 
6370 73 3506 3086 
6371 418 3141 2811 
6372 2521 3430 2379 
6373 2202 3147 2789 
6374 1651 3126 2820 
6375 2410 3213 2408 
6376 1337 3070 1165 
6377 1458 1907 1370 
6378 176 2507 175 
6379 3345 3399 741 
6380 1333 3057 1466 
6381 3039 3212 906 
6382 3061 3062 1981 
6383 2212 3434 2138 
6384 2660 3278 2108 
6385 2035 3485 1991 
6386 1934 3352 1932 
6387 1967 3164 1914 
6388 2207 3363 3256 
6389 183 3410 182 
6390 2920 3223 2696 
6391 2809 3158 1790 
6392 3117 3479 193 
6393 338 3153 2237 
6394 1334 3057 1333 
6395 3004 3028 527 
6396 453 3269 451 
6397 2117 3242 1585 
6398 1838 3390 2832 
6399 979 3167 1711 
6400 3093 3492 2028 
6401 2278 3344 540 
6402 481 3188 578 
6403 3292 3412 2543 
6404 291 2918 142 
6405 2544 3531 1158 
6406 793 3133 2785 
6407 2283 3237 3016 
6408 2547 3225 2749 
6409 1602 3023 2048 
6410 3005 3292 2543 
6411 2533 3468 756 
6412 315 3152 2697 
6413 1783 3196 2014 
6414 809 3189 807 
6415 1829 3201 1834 
6416 1651 3235 3126 
6417 1886 3264 1887 
6418 2403 3349 1910 
6419 2490 3272 2493 
6420 723 3186 725 
6421 358 3142 360 
6422 1589 3374 2711 
6423 557 3427 2966 
6424 469 3314 473 
6425 985 3225 3161 
6426 3300 3442 2000 
6427 2968 3093 1747 
6428 754 3431 779 
6429 1460 3228 1915 
6430 3103 3128 1771 
6431 1882 3172 1591 
6432 1400 3192 1644 
6433 612 3317 614 
6434 3355 3372 2135 
6435 3131 3165 1820 
6436 1919 3299 1977 
6437 2426 3514 2425 
6438 2594 3239 2595 
6439 611 3199 609 
6440 3242 3304 2041 
6441 2858 3332 2132 
6442 2953 3331 2441 
6443 1976 3363 2207 
6444 3031 3319 51 
6445 1813 3209 1815 
6446 1040 3247 1328 
6447 473 3322 475 
6448 2937 3202 1841 
6449 164 2604 163 
6450 2589 3364 2306 
6451 465 3280 467 
6452 1446 3184 1614 
6453 163 2604 311 
6454 605 3211 603 
6455 2453 3308 2454 
6456 299 3237 2648 
6457 2604 3285 311 
6458 2880 3146 2734 
6459 98 2983 316 
6460 1516 3216 1517 
6461 2467 3311 2468 
6462 576 3413 3069 
6463 3204 3333 1639 
6464 1794 3226 2382 
6465 2996 3525 1307 
6466 2176 3488 252 
6467 3323 3368 1308 
6468 2933 3341 1666 
6469 1673 3148 1671 
6470 2895 3177 1615 
6471 1884 3483 2733 
6472 793 3270 3133 
6473 2076 3236 3100 
6474 3231 3316 1405 
6475 1283 3202 2669 
6476 3302 3325 2002 
6477 1460 3295 3228 
6478 2134 3355 2135 
6479 1889 3101 2499 
6480 2608 3501 1967 
6481 1909 3338 3181 
6482 1403 3255 1117 
6483 2696 3223 2643 
6484 1954 3366 1956 
6485 3056 3067 1997 
6486 708 3497 713 
6487 2512 3263 2106 
6488 1466 3179 2333 
6489 3096 3161 1965 
6490 2694 3472 2123 
6491 2496 3256 321 
6492 2761 3208 1773 
6493 457 3083 455 
6494 2116 3297 2732 
6495 2692 3224 1578 
6496 2314 3511 2317 
6497 2047 3371 1970 
6498 2249 3513 2250 
6499 155 3055 342 
6500 1981 3141 3061 
6501 2997 3203 2326 
6502 1483 3437 1849 
6503 2959 3272 318 
6504 3229 3289 1890 
6505 1977 3128 3103 
6506 3373 3469 1645 
6507 2720 3206 2020 
6508 2500 3329 1898 
6509 1531 3205 1533 
6510 277 3185 2660 
6511 2100 3312 3025 
6512 108 3123 285 
6513 2947 3134 2173 
6514 2437 3489 2067 
6515 1158 3289 1354 
6516 1251 3273 1252 
6517 1899 3230 1900 
6518 2037 3391 1924 
6519 179 324 178 
6520 2510 3335 2651 
6521 2920 3420 3223 
6522 3193 3321 1949 
6523 3238 3354 1852 
6524 3141 3207 2811 
6525 2911 3264 560 
6526 2547 3481 3225 
6527 802 3394 804 
6528 1700 3243 1702 
6529 1127 3165 3131 
6530 625 3457 715 
6531 2081 3409 3343 
6532 265 3513 3099 
6533 2286 3303 2285 
6534 1934 3282 3159 
6535 2045 3222 2742 
6536 325 3507 2653 
6537 3167 3258 1711 
6538 1004 3343 1006 
6539 1931 3233 2741 
6540 2709 3251 2708 
6541 2646 3515 1926 
6542 2079 3227 2080 
6543 3069 3413 2032 
6544 3178 3215 1356 
6545 2117 3378 3273 
6546 3197 3241 1994 
6547 2135 3372 3308 
6548 668 3182 2866 
6549 312 2162 167 
6550 50 3535 49 
6551 217 3405 3339 
6552 2804 3240 3036 
6553 989 3231 1347 
6554 2917 3178 1356 
6555 2269 3482 2267 
6556 1411 3295 1460 
6557 2020 3216 1516 
6558 1079 3207 2970 
6559 2078 3236 2076 
6560 3067 3199 1997 
6561 2919 3181 1478 
6562 2746 3248 1972 
6563 3225 3481 2695 
6564 3159 3282 2150 
6565 2579 3439 2286 
6566 11 3306 10 
6567 2795 3399 2796 
6568 2684 3496 1304 
6569 1871 3460 2626 
6570 1835 3204 2890 
6571 3396 3482 2269 
6572 1470 3304 1259 
6573 3388 3532 1709 
6574 423 3467 421 
6575 2749 3225 985 
6576 2624 3433 1552 
6577 2782 3335 2483 
6578 3104 3503 313 
6579 1572 3327 1432 
6580 2811 3207 1079 
6581 240 3375 2951 
6582 2966 3203 553 
6583 2057 3452 3181 
6584 1944 3235 1651 
6585 247 3320 246 
6586 3021 3149 2428 
6587 2310 3368 2307 
6588 2966 3427 2145 
6589 2724 3238 1851 
6590 726 3257 724 
6591 2821 3459 663 
6592 1283 3324 3202 
6593 220 3422 219 
6594 2556 3465 2555 
6595 1909 3181 2919 
6596 3173 3197 1995 
6597 1959 3253 1955 
6598 712 3252 707 
6599 361 3435 3381 
6600 2644 3362 283 
6601 3286 3499 1946 
6602 1926 3328 1925 
6603 217 3339 216 
6604 3253 3397 2362 
6605 1859 3109 3045 
6606 250 3360 344 
6607 1929 3249 1928 
6608 3089 3255 2041 
6609 1912 3316 2678 
6610 383 3342 2735 
6611 285 3123 2537 
6612 1912 3402 3316 
6613 1711 3258 1713 
6614 2046 3287 1878 
6615 2546 3481 2547 
6616 2823 3474 2074 
6617 2912 3194 1190 
6618 2457 3378 1927 
6619 297 3301 2657 
6620 450 451 276 
6621 1933 3262 2022 
6622 2708 3251 3130 
6623 1916 3498 1917 
6624 2493 3272 2959 
6625 847 3275 837 
6626 2725 2979 270 
6627 2285 3215 3178 
6628 2517 3529 2279 
6629 1141 3296 1139 
6630 345 3359 198 
6631 1867 3315 1869 
6632 2447 3525 2996 
6633 267 3445 3325 
6634 1804 3486 2038 
6635 2517 3337 2861 
6636 2528 3404 1984 
6637 2890 3204 2955 
6638 2603 3429 345 
6639 663 3459 3044 
6640 1907 3156 1370 
6641 2525 3388 2443 
6642 2955 3204 1639 
6643 2088 3462 2679 
6644 2565 3473 2142 
6645 1994 3241 2833 
6646 2925 3219 1527 
6647 101 3185 277 
6648 327 3417 2588 
6649 2559 3446 2558 
6650 3150 3485 302 
6651 2866 3182 3103 
6652 1738 3367 1980 
6653 909 3240 2804 
6654 342 2786 154 
6655 162 2574 161 
6656 49 3535 343 
6657 2197 3342 2803 
6658 1803 3292 1800 
6659 3165 3401 1872 
6660 2776 3268 1902 
6661 3092 3342 383 
6662 3098 3447 329 
6663 346 3375 241 
6664 3324 3499 2292 
6665 2645 3507 325 
6666 3259 3387 2301 
6667 987 3385 2510 
6668 218 3405 217 
6669 197 3359 2960 
6670 1420 3373 1418 
6671 2188 3286 1946 
6672 2841 3421 2887 
6673 2629 3390 1838 
6674 1523 3477 2357 
6675 318 3520 3117 
6676 24 3370 23 
6677 1351 3348 1180 
6678 257 3432 1978 
6679 221 3425 220 
6680 3206 3257 2020 
6681 2143 3507 2645 
6682 1884 3526 1394 
6683 2423 3197 3173 
6684 2861 3337 642 
6685 1356 3215 2945 
6686 1451 3419 1365 
6687 303 3332 2858 
6688 2875 3464 3077 
6689 2847 3246 1336 
6690 2661 3332 303 
6691 3054 3212 1985 
6692 1721 3392 1992 
6693 1141 3396 3296 
6694 3381 3435 2214 
6695 1774 3246 2847 
6696 1975 3478 3432 
6697 313 3524 2603 
6698 1424 3300 1426 
6699 3392 3463 1992 
6700 294 3055 156 
6701 37 3398 36 
6702 1086 3443 2855 
6703 2635 3423 2634 
6704 2924 3219 2925 
6705 268 3355 2800 
6706 1062 3377 3053 
6707 2961 3385 987 
6708 2856 3377 1062 
6709 1654 3336 1435 
6710 2308 3323 3223 
6711 2945 3215 2865 
6712 2276 3519 1873 
6713 1949 3321 2341 
6714 1582 3527 2158 
6715 1598 3402 1912 
6716 2463 3307 1951 
6717 2010 3488 2921 
6718 509 3442 2687 
6719 1397 3278 2957 
6720 1622 3361 1624 
6721 2800 3355 2134 
6722 2664 3357 3258 
6723 3199 3284 1997 
6724 1354 3229 2895 
6725 1996 3331 1756 
6726 2409 2925 1527 
6727 909 3430 3240 
6728 3254 3351 772 
6729 3215 3303 2865 
6730 2791 3340 1023 
6731 1463 3415 1462 
6732 3243 3407 1702 
6733 727 3351 729 
6734 734 3436 1002 
6735 1878 3472 2694 
6736 1989 3426 2039 
6737 1350 3357 2664 
6738 2205 3451 3148 
6739 3265 3489 2437 
6740 193 3479 192 
6741 642 3337 640 
6742 2113 3338 1909 
6743 1948 3346 2746 
6744 2322 3433 1942 
6745 1439 3261 2880 
6746 2470 3399 2795 
6747 1624 3376 1626 
6748 2136 3521 3377 
6749 2614 3191 334 
6750 3181 3452 1478 
6751 502 3345 741 
6752 267 3302 2745 
6753 1860 3356 1858 
6754 1971 3318 2334 
6755 1192 3396 1141 
6756 1992 3463 2144 
6757 2601 3530 1951 
6758 1951 3530 1451 
6759 171 2725 270 
6760 1666 3341 2719 
6761 2824 3291 1839 
6762 3050 3281 1390 
6763 2029 3447 2465 
6764 1803 3412 3292 
6765 712 3358 3252 
6766 2493 3429 2492 
6767 1350 3441 3357 
6768 3402 3475 1947 
6769 742 3358 712 
6770 3035 3270 793 
6771 2096 3517 1936 
6772 730 3083 457 
6773 2053 3453 2054 
6774 455 3083 1143 
6775 31 3487 30 
6776 615 3386 613 
6777 2015 3403 1574 
6778 3002 3325 2009 
6779 2150 3353 2151 
6780 2135 3458 2133 
6781 2036 3271 365 
6782 2285 3303 3215 
6783 2855 3443 2383 
6784 3361 3376 1624 
6785 2794 3312 2100 
6786 2327 3401 3165 
6787 2951 3375 346 
6788 311 2574 162 
6789 3240 3430 2521 
6790 264 3250 3081 
6791 990 3471 3315 
6792 2695 3481 1801 
6793 2543 3466 914 
6794 1818 3380 1731 
6795 3146 3210 1850 
6796 2853 3287 1420 
6797 1862 3384 1897 
6798 2013 3288 2917 
6799 3009 3428 1787 
6800 3129 3518 1940 
6801 3266 3379 546 
6802 1702 3407 1704 
6803 2910 3324 1283 
6804 292 3015 149 
6805 1993 3495 1464 
6806 3221 3307 747 
6807 1787 3428 2900 
6808 1977 3299 3128 
6809 2074 3283 2069 
6810 1785 3406 2103 
6811 2013 3382 3288 
6812 289 3217 2723 
6813 1872 3401 2276 
6814 3103 3182 1977 
6815 1805 3412 1803 
6816 179 2842 324 
6817 2014 3382 2013 
6818 715 3330 2788 
6819 313 3503 2767 
6820 2408 2409 1527 
6821 765 3538 782 
6822 1833 3262 1933 
6823 1874 3334 2824 
6824 2950 3443 1086 
6825 3185 3536 2660 
6826 1948 3475 3346 
6827 2032 3413 2809 
6828 2288 3281 3050 
6829 1982 3519 3367 
6830 365 3271 367 
6831 3291 3438 1839 
6832 2935 3266 546 
6833 3009 3330 2268 
6834 2379 3430 2926 
6835 2865 3303 677 
6836 3303 3439 677 
6837 3 3319 50 
6838 58 3534 2459 
6839 561 3427 557 
6840 3276 3432 257 
6841 2048 3354 1603 
6842 252 3450 83 
6843 2880 3261 3146 
6844 3220 3260 1853 
6845 2433 3520 2435 
6846 3148 3451 298 
6847 2678 3316 3231 
6848 3223 3420 2308 
6849 3183 3245 1488 
6850 1775 3418 1950 
6851 1404 3305 3078 
6852 2462 3438 3291 
6853 2456 3498 2457 
6854 2705 3408 2929 
6855 3077 3464 2450 
6856 2136 3377 2856 
6857 2917 3288 3178 
6858 2960 3359 345 
6859 2009 3528 3002 
6860 538 3470 517 
6861 1249 3274 3014 
6862 3208 3462 2088 
6863 1603 3354 3238 
6864 724 3257 3206 
6865 2803 3342 3092 
6866 3099 3513 2249 
6867 756 3468 2712 
6868 1459 3421 2841 
6869 615 3484 3386 
6870 2286 3439 3303 
6871 896 3431 754 
6872 64 3445 267 
6873 1737 3456 1739 
6874 451 1456 276 
6875 1947 3475 1948 
6876 617 3484 615 
6877 2767 3524 313 
6878 2080 3409 2081 
6879 1143 3269 453 
6880 3412 3466 2543 
6881 2849 3441 1350 
6882 3419 3530 2382 
6883 1639 3333 3065 
6884 2263 3210 3146 
6885 451 3269 1456 
6886 2991 3279 308 
6887 278 3515 2747 
6888 1706 3532 1708 
6889 2822 3459 2821 
6890 2687 3442 3300 
6891 1986 3424 2725 
6892 2824 3334 3291 
6893 3383 3537 1377 
6894 281 3491 2915 
6895 1060 3476 2822 
6896 3073 3512 1167 
6897 3026 3409 2080 
6898 71 3492 254 
6899 2622 3521 2136 
6900 1458 3219 1907 
6901 308 3279 3127 
6902 1527 3219 1458 
6903 2050 3504 2051 
6904 2635 3500 3423 
6905 150 3347 292 
6906 546 3379 2985 
6907 2752 3469 2046 
6908 1451 3530 3419 
6909 1839 3438 2839 
6910 2382 3530 2601 
6911 298 3451 15 
6912 2926 3430 909 
6913 3287 3373 1420 
6914 741 3420 2920 
6915 2123 3472 2853 
6916 2028 3539 3395 
6917 3395 3539 348 
6918 3115 3453 2053 
6919 1367 3464 2875 
6920 2020 3257 3216 
6921 2900 3428 1275 
6922 1789 3245 3129 
6923 2992 2993 169 
6924 3422 3425 2188 
6925 3146 3261 2263 
6926 3347 3371 292 
6927 2307 3368 3323 
6928 255 3518 3129 
6929 2912 3512 3194 
6930 1984 3404 3108 
6931 2039 3426 3327 
6932 2854 3468 2533 
6933 677 3439 2954 
6934 2258 3340 3171 
6935 2046 3373 3287 
6936 1946 3499 2910 
6937 352 3416 3213 
6938 1307 3525 2988 
6939 2061 3383 3136 
6940 3178 3288 2284 
6941 1377 3537 2879 
6942 336 3365 2200 
6943 3291 3334 275 
6944 2408 3213 2409 
6945 1394 3526 1546 
6946 2459 3534 3369 
6947 2861 3529 2517 
6948 3325 3445 2009 
6949 305 2508 2507 
6950 1360 3529 2861 
6951 3170 3283 2074 
6952 2927 3496 2413 
6953 2660 3536 3278 
6954 2693 3518 255 
6955 2117 3304 3242 
6956 1991 3485 2851 
6957 3209 3446 1815 
6958 1106 3409 3026 
6959 3090 3389 2040 
6960 1354 3289 3229 
6961 3237 3414 2648 
6962 2375 3512 3073 
6963 268 3372 3355 
6964 3223 3323 2643 
6965 3220 3290 3260 
6966 3094 3383 1377 
6967 2465 3447 3098 
6968 220 3425 3422 
6969 3003 3500 2638 
6970 2118 2993 2992 
6971 1304 3496 2927 
6972 1167 3512 2912 
6973 2067 3489 3125 
6974 3194 3512 2375 
6975 1387 3523 2989 
6976 361 3381 3142 
6977 3056 3514 680 
6978 2046 3469 3373 
6979 1158 3531 3289 
6980 2747 3515 2646 
6981 3155 3533 354 
6982 2989 3523 2229 
6983 2957 3536 2093 
6984 2074 3474 3170 
6985 2979 3424 1831 
6986 2910 3499 3324 
6987 1456 3290 3277 
6988 1967 3501 3164 
6989 3031 3449 3030 
6990 2409 3410 2925 
6991 2979 3455 270 
6992 1888 3503 3104 
6993 3106 3528 350 
6994 1882 3400 3172 
6995 3150 3422 2188 
6996 354 3533 3169 
6997 305 2507 176 
6998 3201 3454 1834 
6999 2214 3435 3120 
7000 3193 3452 2057 
7001 3125 3489 347 
7002 2725 3424 2979 
7003 3118 3516 355 
7004 3117 3520 2433 
7005 1478 3452 3137 
7006 3330 3457 2268 
7007 3269 3290 1456 
7008 3086 3506 290 
7009 2501 3483 3267 
7010 2520 3351 3254 
7011 3125 3510 293 
7012 3328 3515 278 
7013 324 3310 2630 
7014 3273 3378 1252 
7015 1959 3397 3253 
7016 3428 3482 1275 
7017 3014 3505 1334 
7018 3308 3372 2454 
7019 2796 3399 3345 
7020 2626 3460 3180 
7021 3030 3449 349 
7022 3274 3505 3014 
7023 3423 3495 2634 
7024 3226 3419 2382 
7025 1974 3432 3276 
7026 2853 3472 3287 
7027 1926 3515 3328 
7028 3329 3365 336 
7029 715 3457 3330 
7030 2188 3425 3286 
7031 2525 3532 3388 
7032 3410 3480 182 
7033 324 2630 178 
7034 3169 3533 2056 
7035 2016 3505 3274 
7036 3450 3488 2010 
7037 2500 3365 3329 
7038 3268 3465 1902 
7039 3432 3478 1978 
7040 350 3528 3490 
7041 2992 3455 2118 
7042 3490 3528 2009 
7043 3278 3536 2957 
7044 2155 3448 3263 
7045 1970 3371 3347 
7046 2051 3504 3294 
7047 3321 3467 2341 
7048 3287 3472 1878 
7049 3315 3471 1869 
7050 3294 3504 2130 
7051 2463 3497 3307 
7052 3369 3534 353 
7053 51 3449 3031 
7054 270 3455 2992 
7055 3319 3535 50 
7056 252 3488 3450 
7057 3367 3519 1980 
7058 3456 3511 1739 
7059 2317 3511 3456 
7060 3416 3480 3213 
7061 2409 3480 3410 
7062 3031 3535 3319 
7063 3213 3480 2409 
7064 182 3480 3416 
7065 51 3319 3 
7066 74 3506 73 
7067 138 3516 137 
7068 349 3449 52 
7069 67 3350 66 
7070 66 3350 283 
7071 283 3362 66 
7072 88 354 87 
7073 354 3169 87 
7074 2499 3101 117 
7075 131 357 130 
7076 357 3087 130 
$EndElements
