$MeshFormat
4.1 0 8
$EndMeshFormat
$PhysicalNames
5
1 1 "Gamma1"
1 2 "Gamma2"
1 3 "Gamma3"
1 4 "Gamma4"
2 5 "Omega"
$EndPhysicalNames
$Entities
6 6 1 0
1 0 0 0 0 
2 1 0 0 0 
3 1 -1.5 0 0 
4 4 -1.5 0 0 
5 4 1 0 0 
6 0 1 0 0 
1 0 0 0 1 0 0 1 1 2 1 -2 
2 1 -1.5 0 1 0 0 1 1 2 2 -3 
3 1 -1.5 0 4 -1.5 0 1 1 2 3 -4 
4 4 -1.5 0 4 1 0 1 4 2 4 -5 
5 0 1 0 4 1 0 1 2 2 5 -6 
6 0 0 0 0 1 0 1 3 2 6 -1 
1 0 -1.5 0 4 1 0 1 5 6 1 2 3 4 5 6 
$EndEntities
$Nodes
13 6527 1 6527
0 1 0 1
1
0 0 0
0 2 0 1
2
1 0 0
0 3 0 1
3
1 -1.5 0
0 4 0 1
4
4 -1.5 0
0 5 0 1
5
4 1 0
0 6 0 1
6
0 1 0
1 1 0 10
7
8
9
10
11
12
13
14
15
16
0.09090909090891948 0 0
0.1818181818177929 0 0
0.272727272726619 0 0
0.3636363636354451 0 0
0.4545454545442707 0 0
0.5454545454533488 0 0
0.636363636362679 0 0
0.7272727272720092 0 0
0.8181818181813394 0 0
0.9090909090906696 0 0
1 2 0 83
17
18
19
20
21
22
23
24
25
26
27
28
29
30
31
32
33
34
35
36
37
38
39
40
41
42
43
44
45
46
47
48
49
50
51
52
53
54
55
56
57
58
59
60
61
62
63
64
65
66
67
68
69
70
71
72
73
74
75
76
77
78
79
80
81
82
83
84
85
86
87
88
89
90
91
92
93
94
95
96
97
98
99
1 -0.03128345596437301 0
1 -0.0535733151836446 0
1 -0.06989188908498728 0
1 -0.08527016581731926 0
1 -0.1010922121409249 0
1 -0.1218958190244015 0
1 -0.1408322549603886 0
1 -0.1562368521046233 0
1 -0.1716151288369688 0
1 -0.1892513307171077 0
1 -0.2107534468682638 0
1 -0.2272035325943637 0
1 -0.2425818093266807 0
1 -0.2583227719182782 0
1 -0.2789386792468789 0
1 -0.2981199321958218 0
1 -0.3135484956256151 0
1 -0.3289267723579605 0
1 -0.3463641758870006 0
1 -0.3679243305474694 0
1 -0.3845151761202343 0
1 -0.3998934528525798 0
1 -0.4155617893955663 0
1 -0.4359704632639423 0
1 -0.4553997515401967 0
1 -0.4708601333472219 0
1 -0.4862384100795675 0
1 -0.503487002597707 0
1 -0.5250858403724704 0
1 -0.5418268138370146 0
1 -0.55720509056936 0
1 -0.5728091404403917 0
1 -0.5929909399319279 0
1 -0.6126715998202655 0
1 -0.628171771059358 0
1 -0.6435500477917034 0
1 -0.6606197364384757 0
1 -0.6822378758011246 0
1 -0.6991383830179517 0
1 -0.7145166597502971 0
1 -0.730064686977646 0
1 -0.7499999999966531 0
1 -0.7699353130176807 0
1 -0.7854833402455251 0
1 -0.8008616169779843 0
1 -0.8177621241937998 0
1 -0.8393802635564876 0
1 -0.8564499522045195 0
1 -0.8718282289369789 0
1 -0.8873284001759169 0
1 -0.9070090600628506 0
1 -0.9271908595558878 0
1 -0.94279490942738 0
1 -0.9581731861598393 0
1 -0.9749141596236792 0
1 -0.9965129973983997 0
1 -1.013761589917575 0
1 -1.029139866650034 0
1 -1.044600248457011 0
1 -1.064029536732275 0
1 -1.084438210601696 0
1 -1.100106547145083 0
1 -1.115484823877542 0
1 -1.132075669449885 0
1 -1.15363582411029 0
1 -1.171073227640107 0
1 -1.186451504372566 0
1 -1.201880067802391 0
1 -1.221061320750755 0
1 -1.241677228080002 0
1 -1.257418190671925 0
1 -1.272796467404384 0
1 -1.289246553130354 0
1 -1.310748669281518 0
1 -1.328384871162114 0
1 -1.343763147894573 0
1 -1.359167745038898 0
1 -1.378104180974732 0
1 -1.398907787858491 0
1 -1.414729834182287 0
1 -1.430108110914746 0
1 -1.446426684816175 0
1 -1.468716544035521 0
1 3 0 131
100
101
102
103
104
105
106
107
108
109
110
111
112
113
114
115
116
117
118
119
120
121
122
123
124
125
126
127
128
129
130
131
132
133
134
135
136
137
138
139
140
141
142
143
144
145
146
147
148
149
150
151
152
153
154
155
156
157
158
159
160
161
162
163
164
165
166
167
168
169
170
171
172
173
174
175
176
177
178
179
180
181
182
183
184
185
186
187
188
189
190
191
192
193
194
195
196
197
198
199
200
201
202
203
204
205
206
207
208
209
210
211
212
213
214
215
216
217
218
219
220
221
222
223
224
225
226
227
228
229
230
1.053860872333939 -1.5 0
1.092529040993348 -1.5 0
1.119982075129349 -1.5 0
1.139521367686403 -1.5 0
1.155036511324238 -1.5 0
1.170464302563738 -1.5 0
1.187782996235996 -1.5 0
1.211985921812285 -1.5 0
1.245280745880904 -1.5 0
1.274216247098013 -1.5 0
1.294810665284576 -1.5 0
1.310544858798317 -1.5 0
1.325972650037816 -1.5 0
1.342615723144613 -1.5 0
1.365578439556534 -1.5 0
1.397755060107327 -1.5 0
1.428253023846402 -1.5 0
1.449959502595854 -1.5 0
1.466053408572941 -1.5 0
1.481481199812441 -1.5 0
1.497605600146683 -1.5 0
1.519391755236424 -1.5 0
1.550001660427355 -1.5 0
1.582080546775601 -1.5 0
1.604959493116531 -1.5 0
1.621561548601534 -1.5 0
1.636989339841033 -1.5 0
1.65274388109249 -1.5 0
1.673413641846131 -1.5 0
1.702455002489992 -1.5 0
1.735689135090075 -1.5 0
1.759803658885433 -1.5 0
1.777070100232425 -1.5 0
1.792497891471924 -1.5 0
1.808023851045871 -1.5 0
1.827634622149707 -1.5 0
1.855188083538885 -1.5 0
1.889065984751896 -1.5 0
1.914482886757107 -1.5 0
1.932578517178218 -1.5 0
1.948006308417717 -1.5 0
1.963437646833637 -1.5 0
1.982043694456775 -1.5 0
2.008185502629196 -1.5 0
2.042199342307881 -1.5 0
2.068988815545995 -1.5 0
2.08805582927738 -1.5 0
2.103514979345799 -1.5 0
2.118942770585412 -1.5 0
2.136631553880928 -1.5 0
2.161433975088663 -1.5 0
2.195075812421736 -1.5 0
2.223311826011909 -1.5 0
2.243408394216077 -1.5 0
2.259023612064329 -1.5 0
2.274451403303943 -1.5 0
2.291388799643977 -1.5 0
2.314920438789006 -1.5 0
2.347680423937948 -1.5 0
2.377441307986273 -1.5 0
2.398623179627584 -1.5 0
2.414531776151819 -1.5 0
2.429959567391432 -1.5 0
2.446306233950933 -1.5 0
2.468631972235617 -1.5 0
2.499999999995576 -1.5 0
2.531368027758078 -1.5 0
2.553693766044576 -1.5 0
2.570040432604869 -1.5 0
2.585468223844483 -1.5 0
2.601376820368153 -1.5 0
2.622558692007738 -1.5 0
2.652319576053635 -1.5 0
2.685079561204344 -1.5 0
2.70861120035129 -1.5 0
2.725548596692358 -1.5 0
2.740976387931972 -1.5 0
2.756591605779877 -1.5 0
2.776688173982411 -1.5 0
2.804924187570285 -1.5 0
2.838566024904327 -1.5 0
2.863368446114079 -1.5 0
2.881057229410891 -1.5 0
2.896485020650505 -1.5 0
2.911944170718785 -1.5 0
2.93101118444861 -1.5 0
2.957800657684544 -1.5 0
2.991814497363373 -1.5 0
3.017956305537989 -1.5 0
3.036562353162738 -1.5 0
3.051993691578817 -1.5 0
3.067421482818431 -1.5 0
3.085517113238399 -1.5 0
3.110934015241928 -1.5 0
3.144811916454528 -1.5 0
3.172365377845701 -1.5 0
3.191976148950954 -1.5 0
3.207502108525214 -1.5 0
3.222929899764828 -1.5 0
3.240196341111096 -1.5 0
3.26431086490518 -1.5 0
3.29754499750441 -1.5 0
3.326586358149984 -1.5 0
3.34725611890484 -1.5 0
3.363010660156704 -1.5 0
3.378438451396317 -1.5 0
3.395040506880929 -1.5 0
3.417919453220964 -1.5 0
3.449998339568179 -1.5 0
3.480608244760489 -1.5 0
3.502394399851217 -1.5 0
3.518518800185896 -1.5 0
3.533946591425509 -1.5 0
3.550040497402446 -1.5 0
3.571746976151342 -1.5 0
3.60224493988964 -1.5 0
3.634421560441277 -1.5 0
3.657384276853923 -1.5 0
3.674027349961119 -1.5 0
3.689455141200733 -1.5 0
3.705189334714488 -1.5 0
3.72578375290081 -1.5 0
3.754719254117584 -1.5 0
3.788014078186546 -1.5 0
3.812217003763265 -1.5 0
3.829535697435802 -1.5 0
3.844963488675416 -1.5 0
3.860478632313351 -1.5 0
3.88001792487044 -1.5 0
3.907470959006491 -1.5 0
3.946139127665964 -1.5 0
1 4 0 26
231
232
233
234
235
236
237
238
239
240
241
242
243
244
245
246
247
248
249
250
251
252
253
254
255
256
4 -1.407407407407324 0
4 -1.314814814814648 0
4 -1.222222222221972 0
4 -1.129629629629296 0
4 -1.037037037036619 0
4 -0.9444444444441986 0
4 -0.8518518518519336 0
4 -0.7592592592596688 0
4 -0.6666666666674039 0
4 -0.5740740740751389 0
4 -0.4814814814828177 0
4 -0.3888888888901416 0
4 -0.2962962962974656 0
4 -0.2037037037047893 0
4 -0.1111111111121132 0
4 -0.01851851851943742 0
4 0.07407407407323863 0
4 0.1666666666659149 0
4 0.2592592592585909 0
4 0.3518518518512672 0
4 0.4444444444439435 0
4 0.5370370370366193 0
4 0.6296296296292954 0
4 0.7222222222219714 0
4 0.8148148148146479 0
4 0.907407407407324 0
1 5 0 43
257
258
259
260
261
262
263
264
265
266
267
268
269
270
271
272
273
274
275
276
277
278
279
280
281
282
283
284
285
286
287
288
289
290
291
292
293
294
295
296
297
298
299
3.90909090909053 1 0
3.818181818181061 1 0
3.727272727271591 1 0
3.636363636362121 1 0
3.545454545452652 1 0
3.454545454543687 1 0
3.363636363635226 1 0
3.272727272726766 1 0
3.181818181818306 1 0
3.090909090909845 1 0
3.000000000001385 1 0
2.909090909092924 1 0
2.818181818184464 1 0
2.727272727276004 1 0
2.636363636367543 1 0
2.545454545459083 1 0
2.454545454550622 1 0
2.363636363642163 1 0
2.272727272733702 1 0
2.181818181825243 1 0
2.090909090916782 1 0
2.000000000008236 1 0
1.909090909098853 1 0
1.818181818189384 1 0
1.727272727279915 1 0
1.636363636370445 1 0
1.545454545460977 1 0
1.454545454551508 1 0
1.363636363642038 1 0
1.272727272732569 1 0
1.1818181818231 1 0
1.090909090913631 1 0
1.000000000004161 1 0
0.9090909090946919 1 0
0.8181818181852227 1 0
0.7272727272757535 1 0
0.6363636363662843 1 0
0.5454545454568147 1 0
0.4545454545473455 1 0
0.3636363636378763 1 0
0.2727272727284076 1 0
0.1818181818189384 1 0
0.09090909090946919 1 0
1 6 0 10
300
301
302
303
304
305
306
307
308
309
0 0.9090909090905304 0
0 0.8181818181816916 0
0 0.7272727272732311 0
0 0.6363636363647707 0
0 0.5454545454563107 0
0 0.4545454545473461 0
0 0.3636363636378769 0
0 0.2727272727284077 0
0 0.1818181818189384 0
0 0.09090909090946908 0
2 1 0 6218
310
311
312
313
314
315
316
317
318
319
320
321
322
323
324
325
326
327
328
329
330
331
332
333
334
335
336
337
338
339
340
341
342
343
344
345
346
347
348
349
350
351
352
353
354
355
356
357
358
359
360
361
362
363
364
365
366
367
368
369
370
371
372
373
374
375
376
377
378
379
380
381
382
383
384
385
386
387
388
389
390
391
392
393
394
395
396
397
398
399
400
401
402
403
404
405
406
407
408
409
410
411
412
413
414
415
416
417
418
419
420
421
422
423
424
425
426
427
428
429
430
431
432
433
434
435
436
437
438
439
440
441
442
443
444
445
446
447
448
449
450
451
452
453
454
455
456
457
458
459
460
461
462
463
464
465
466
467
468
469
470
471
472
473
474
475
476
477
478
479
480
481
482
483
484
485
486
487
488
489
490
491
492
493
494
495
496
497
498
499
500
501
502
503
504
505
506
507
508
509
510
511
512
513
514
515
516
517
518
519
520
521
522
523
524
525
526
527
528
529
530
531
532
533
534
535
536
537
538
539
540
541
542
543
544
545
546
547
548
549
550
551
552
553
554
555
556
557
558
559
560
561
562
563
564
565
566
567
568
569
570
571
572
573
574
575
576
577
578
579
580
581
582
583
584
585
586
587
588
589
590
591
592
593
594
595
596
597
598
599
600
601
602
603
604
605
606
607
608
609
610
611
612
613
614
615
616
617
618
619
620
621
622
623
624
625
626
627
628
629
630
631
632
633
634
635
636
637
638
639
640
641
642
643
644
645
646
647
648
649
650
651
652
653
654
655
656
657
658
659
660
661
662
663
664
665
666
667
668
669
670
671
672
673
674
675
676
677
678
679
680
681
682
683
684
685
686
687
688
689
690
691
692
693
694
695
696
697
698
699
700
701
702
703
704
705
706
707
708
709
710
711
712
713
714
715
716
717
718
719
720
721
722
723
724
725
726
727
728
729
730
731
732
733
734
735
736
737
738
739
740
741
742
743
744
745
746
747
748
749
750
751
752
753
754
755
756
757
758
759
760
761
762
763
764
765
766
767
768
769
770
771
772
773
774
775
776
777
778
779
780
781
782
783
784
785
786
787
788
789
790
791
792
793
794
795
796
797
798
799
800
801
802
803
804
805
806
807
808
809
810
811
812
813
814
815
816
817
818
819
820
821
822
823
824
825
826
827
828
829
830
831
832
833
834
835
836
837
838
839
840
841
842
843
844
845
846
847
848
849
850
851
852
853
854
855
856
857
858
859
860
861
862
863
864
865
866
867
868
869
870
871
872
873
874
875
876
877
878
879
880
881
882
883
884
885
886
887
888
889
890
891
892
893
894
895
896
897
898
899
900
901
902
903
904
905
906
907
908
909
910
911
912
913
914
915
916
917
918
919
920
921
922
923
924
925
926
927
928
929
930
931
932
933
934
935
936
937
938
939
940
941
942
943
944
945
946
947
948
949
950
951
952
953
954
955
956
957
958
959
960
961
962
963
964
965
966
967
968
969
970
971
972
973
974
975
976
977
978
979
980
981
982
983
984
985
986
987
988
989
990
991
992
993
994
995
996
997
998
999
1000
1001
1002
1003
1004
1005
1006
1007
1008
1009
1010
1011
1012
1013
1014
1015
1016
1017
1018
1019
1020
1021
1022
1023
1024
1025
1026
1027
1028
1029
1030
1031
1032
1033
1034
1035
1036
1037
1038
1039
1040
1041
1042
1043
1044
1045
1046
1047
1048
1049
1050
1051
1052
1053
1054
1055
1056
1057
1058
1059
1060
1061
1062
1063
1064
1065
1066
1067
1068
1069
1070
1071
1072
1073
1074
1075
1076
1077
1078
1079
1080
1081
1082
1083
1084
1085
1086
1087
1088
1089
1090
1091
1092
1093
1094
1095
1096
1097
1098
1099
1100
1101
1102
1103
1104
1105
1106
1107
1108
1109
1110
1111
1112
1113
1114
1115
1116
1117
1118
1119
1120
1121
1122
1123
1124
1125
1126
1127
1128
1129
1130
1131
1132
1133
1134
1135
1136
1137
1138
1139
1140
1141
1142
1143
1144
1145
1146
1147
1148
1149
1150
1151
1152
1153
1154
1155
1156
1157
1158
1159
1160
1161
1162
1163
1164
1165
1166
1167
1168
1169
1170
1171
1172
1173
1174
1175
1176
1177
1178
1179
1180
1181
1182
1183
1184
1185
1186
1187
1188
1189
1190
1191
1192
1193
1194
1195
1196
1197
1198
1199
1200
1201
1202
1203
1204
1205
1206
1207
1208
1209
1210
1211
1212
1213
1214
1215
1216
1217
1218
1219
1220
1221
1222
1223
1224
1225
1226
1227
1228
1229
1230
1231
1232
1233
1234
1235
1236
1237
1238
1239
1240
1241
1242
1243
1244
1245
1246
1247
1248
1249
1250
1251
1252
1253
1254
1255
1256
1257
1258
1259
1260
1261
1262
1263
1264
1265
1266
1267
1268
1269
1270
1271
1272
1273
1274
1275
1276
1277
1278
1279
1280
1281
1282
1283
1284
1285
1286
1287
1288
1289
1290
1291
1292
1293
1294
1295
1296
1297
1298
1299
1300
1301
1302
1303
1304
1305
1306
1307
1308
1309
1310
1311
1312
1313
1314
1315
1316
1317
1318
1319
1320
1321
1322
1323
1324
1325
1326
1327
1328
1329
1330
1331
1332
1333
1334
1335
1336
1337
1338
1339
1340
1341
1342
1343
1344
1345
1346
1347
1348
1349
1350
1351
1352
1353
1354
1355
1356
1357
1358
1359
1360
1361
1362
1363
1364
1365
1366
1367
1368
1369
1370
1371
1372
1373
1374
1375
1376
1377
1378
1379
1380
1381
1382
1383
1384
1385
1386
1387
1388
1389
1390
1391
1392
1393
1394
1395
1396
1397
1398
1399
1400
1401
1402
1403
1404
1405
1406
1407
1408
1409
1410
1411
1412
1413
1414
1415
1416
1417
1418
1419
1420
1421
1422
1423
1424
1425
1426
1427
1428
1429
1430
1431
1432
1433
1434
1435
1436
1437
1438
1439
1440
1441
1442
1443
1444
1445
1446
1447
1448
1449
1450
1451
1452
1453
1454
1455
1456
1457
1458
1459
1460
1461
1462
1463
1464
1465
1466
1467
1468
1469
1470
1471
1472
1473
1474
1475
1476
1477
1478
1479
1480
1481
1482
1483
1484
1485
1486
1487
1488
1489
1490
1491
1492
1493
1494
1495
1496
1497
1498
1499
1500
1501
1502
1503
1504
1505
1506
1507
1508
1509
1510
1511
1512
1513
1514
1515
1516
1517
1518
1519
1520
1521
1522
1523
1524
1525
1526
1527
1528
1529
1530
1531
1532
1533
1534
1535
1536
1537
1538
1539
1540
1541
1542
1543
1544
1545
1546
1547
1548
1549
1550
1551
1552
1553
1554
1555
1556
1557
1558
1559
1560
1561
1562
1563
1564
1565
1566
1567
1568
1569
1570
1571
1572
1573
1574
1575
1576
1577
1578
1579
1580
1581
1582
1583
1584
1585
1586
1587
1588
1589
1590
1591
1592
1593
1594
1595
1596
1597
1598
1599
1600
1601
1602
1603
1604
1605
1606
1607
1608
1609
1610
1611
1612
1613
1614
1615
1616
1617
1618
1619
1620
1621
1622
1623
1624
1625
1626
1627
1628
1629
1630
1631
1632
1633
1634
1635
1636
1637
1638
1639
1640
1641
1642
1643
1644
1645
1646
1647
1648
1649
1650
1651
1652
1653
1654
1655
1656
1657
1658
1659
1660
1661
1662
1663
1664
1665
1666
1667
1668
1669
1670
1671
1672
1673
1674
1675
1676
1677
1678
1679
1680
1681
1682
1683
1684
1685
1686
1687
1688
1689
1690
1691
1692
1693
1694
1695
1696
1697
1698
1699
1700
1701
1702
1703
1704
1705
1706
1707
1708
1709
1710
1711
1712
1713
1714
1715
1716
1717
1718
1719
1720
1721
1722
1723
1724
1725
1726
1727
1728
1729
1730
1731
1732
1733
1734
1735
1736
1737
1738
1739
1740
1741
1742
1743
1744
1745
1746
1747
1748
1749
1750
1751
1752
1753
1754
1755
1756
1757
1758
1759
1760
1761
1762
1763
1764
1765
1766
1767
1768
1769
1770
1771
1772
1773
1774
1775
1776
1777
1778
1779
1780
1781
1782
1783
1784
1785
1786
1787
1788
1789
1790
1791
1792
1793
1794
1795
1796
1797
1798
1799
1800
1801
1802
1803
1804
1805
1806
1807
1808
1809
1810
1811
1812
1813
1814
1815
1816
1817
1818
1819
1820
1821
1822
1823
1824
1825
1826
1827
1828
1829
1830
1831
1832
1833
1834
1835
1836
1837
1838
1839
1840
1841
1842
1843
1844
1845
1846
1847
1848
1849
1850
1851
1852
1853
1854
1855
1856
1857
1858
1859
1860
1861
1862
1863
1864
1865
1866
1867
1868
1869
1870
1871
1872
1873
1874
1875
1876
1877
1878
1879
1880
1881
1882
1883
1884
1885
1886
1887
1888
1889
1890
1891
1892
1893
1894
1895
1896
1897
1898
1899
1900
1901
1902
1903
1904
1905
1906
1907
1908
1909
1910
1911
1912
1913
1914
1915
1916
1917
1918
1919
1920
1921
1922
1923
1924
1925
1926
1927
1928
1929
1930
1931
1932
1933
1934
1935
1936
1937
1938
1939
1940
1941
1942
1943
1944
1945
1946
1947
1948
1949
1950
1951
1952
1953
1954
1955
1956
1957
1958
1959
1960
1961
1962
1963
1964
1965
1966
1967
1968
1969
1970
1971
1972
1973
1974
1975
1976
1977
1978
1979
1980
1981
1982
1983
1984
1985
1986
1987
1988
1989
1990
1991
1992
1993
1994
1995
1996
1997
1998
1999
2000
2001
2002
2003
2004
2005
2006
2007
2008
2009
2010
2011
2012
2013
2014
2015
2016
2017
2018
2019
2020
2021
2022
2023
2024
2025
2026
2027
2028
2029
2030
2031
2032
2033
2034
2035
2036
2037
2038
2039
2040
2041
2042
2043
2044
2045
2046
2047
2048
2049
2050
2051
2052
2053
2054
2055
2056
2057
2058
2059
2060
2061
2062
2063
2064
2065
2066
2067
2068
2069
2070
2071
2072
2073
2074
2075
2076
2077
2078
2079
2080
2081
2082
2083
2084
2085
2086
2087
2088
2089
2090
2091
2092
2093
2094
2095
2096
2097
2098
2099
2100
2101
2102
2103
2104
2105
2106
2107
2108
2109
2110
2111
2112
2113
2114
2115
2116
2117
2118
2119
2120
2121
2122
2123
2124
2125
2126
2127
2128
2129
2130
2131
2132
2133
2134
2135
2136
2137
2138
2139
2140
2141
2142
2143
2144
2145
2146
2147
2148
2149
2150
2151
2152
2153
2154
2155
2156
2157
2158
2159
2160
2161
2162
2163
2164
2165
2166
2167
2168
2169
2170
2171
2172
2173
2174
2175
2176
2177
2178
2179
2180
2181
2182
2183
2184
2185
2186
2187
2188
2189
2190
2191
2192
2193
2194
2195
2196
2197
2198
2199
2200
2201
2202
2203
2204
2205
2206
2207
2208
2209
2210
2211
2212
2213
2214
2215
2216
2217
2218
2219
2220
2221
2222
2223
2224
2225
2226
2227
2228
2229
2230
2231
2232
2233
2234
2235
2236
2237
2238
2239
2240
2241
2242
2243
2244
2245
2246
2247
2248
2249
2250
2251
2252
2253
2254
2255
2256
2257
2258
2259
2260
2261
2262
2263
2264
2265
2266
2267
2268
2269
2270
2271
2272
2273
2274
2275
2276
2277
2278
2279
2280
2281
2282
2283
2284
2285
2286
2287
2288
2289
2290
2291
2292
2293
2294
2295
2296
2297
2298
2299
2300
2301
2302
2303
2304
2305
2306
2307
2308
2309
2310
2311
2312
2313
2314
2315
2316
2317
2318
2319
2320
2321
2322
2323
2324
2325
2326
2327
2328
2329
2330
2331
2332
2333
2334
2335
2336
2337
2338
2339
2340
2341
2342
2343
2344
2345
2346
2347
2348
2349
2350
2351
2352
2353
2354
2355
2356
2357
2358
2359
2360
2361
2362
2363
2364
2365
2366
2367
2368
2369
2370
2371
2372
2373
2374
2375
2376
2377
2378
2379
2380
2381
2382
2383
2384
2385
2386
2387
2388
2389
2390
2391
2392
2393
2394
2395
2396
2397
2398
2399
2400
2401
2402
2403
2404
2405
2406
2407
2408
2409
2410
2411
2412
2413
2414
2415
2416
2417
2418
2419
2420
2421
2422
2423
2424
2425
2426
2427
2428
2429
2430
2431
2432
2433
2434
2435
2436
2437
2438
2439
2440
2441
2442
2443
2444
2445
2446
2447
2448
2449
2450
2451
2452
2453
2454
2455
2456
2457
2458
2459
2460
2461
2462
2463
2464
2465
2466
2467
2468
2469
2470
2471
2472
2473
2474
2475
2476
2477
2478
2479
2480
2481
2482
2483
2484
2485
2486
2487
2488
2489
2490
2491
2492
2493
2494
2495
2496
2497
2498
2499
2500
2501
2502
2503
2504
2505
2506
2507
2508
2509
2510
2511
2512
2513
2514
2515
2516
2517
2518
2519
2520
2521
2522
2523
2524
2525
2526
2527
2528
2529
2530
2531
2532
2533
2534
2535
2536
2537
2538
2539
2540
2541
2542
2543
2544
2545
2546
2547
2548
2549
2550
2551
2552
2553
2554
2555
2556
2557
2558
2559
2560
2561
2562
2563
2564
2565
2566
2567
2568
2569
2570
2571
2572
2573
2574
2575
2576
2577
2578
2579
2580
2581
2582
2583
2584
2585
2586
2587
2588
2589
2590
2591
2592
2593
2594
2595
2596
2597
2598
2599
2600
2601
2602
2603
2604
2605
2606
2607
2608
2609
2610
2611
2612
2613
2614
2615
2616
2617
2618
2619
2620
2621
2622
2623
2624
2625
2626
2627
2628
2629
2630
2631
2632
2633
2634
2635
2636
2637
2638
2639
2640
2641
2642
2643
2644
2645
2646
2647
2648
2649
2650
2651
2652
2653
2654
2655
2656
2657
2658
2659
2660
2661
2662
2663
2664
2665
2666
2667
2668
2669
2670
2671
2672
2673
2674
2675
2676
2677
2678
2679
2680
2681
2682
2683
2684
2685
2686
2687
2688
2689
2690
2691
2692
2693
2694
2695
2696
2697
2698
2699
2700
2701
2702
2703
2704
2705
2706
2707
2708
2709
2710
2711
2712
2713
2714
2715
2716
2717
2718
2719
2720
2721
2722
2723
2724
2725
2726
2727
2728
2729
2730
2731
2732
2733
2734
2735
2736
2737
2738
2739
2740
2741
2742
2743
2744
2745
2746
2747
2748
2749
2750
2751
2752
2753
2754
2755
2756
2757
2758
2759
2760
2761
2762
2763
2764
2765
2766
2767
2768
2769
2770
2771
2772
2773
2774
2775
2776
2777
2778
2779
2780
2781
2782
2783
2784
2785
2786
2787
2788
2789
2790
2791
2792
2793
2794
2795
2796
2797
2798
2799
2800
2801
2802
2803
2804
2805
2806
2807
2808
2809
2810
2811
2812
2813
2814
2815
2816
2817
2818
2819
2820
2821
2822
2823
2824
2825
2826
2827
2828
2829
2830
2831
2832
2833
2834
2835
2836
2837
2838
2839
2840
2841
2842
2843
2844
2845
2846
2847
2848
2849
2850
2851
2852
2853
2854
2855
2856
2857
2858
2859
2860
2861
2862
2863
2864
2865
2866
2867
2868
2869
2870
2871
2872
2873
2874
2875
2876
2877
2878
2879
2880
2881
2882
2883
2884
2885
2886
2887
2888
2889
2890
2891
2892
2893
2894
2895
2896
2897
2898
2899
2900
2901
2902
2903
2904
2905
2906
2907
2908
2909
2910
2911
2912
2913
2914
2915
2916
2917
2918
2919
2920
2921
2922
2923
2924
2925
2926
2927
2928
2929
2930
2931
2932
2933
2934
2935
2936
2937
2938
2939
2940
2941
2942
2943
2944
2945
2946
2947
2948
2949
2950
2951
2952
2953
2954
2955
2956
2957
2958
2959
2960
2961
2962
2963
2964
2965
2966
2967
2968
2969
2970
2971
2972
2973
2974
2975
2976
2977
2978
2979
2980
2981
2982
2983
2984
2985
2986
2987
2988
2989
2990
2991
2992
2993
2994
2995
2996
2997
2998
2999
3000
3001
3002
3003
3004
3005
3006
3007
3008
3009
3010
3011
3012
3013
3014
3015
3016
3017
3018
3019
3020
3021
3022
3023
3024
3025
3026
3027
3028
3029
3030
3031
3032
3033
3034
3035
3036
3037
3038
3039
3040
3041
3042
3043
3044
3045
3046
3047
3048
3049
3050
3051
3052
3053
3054
3055
3056
3057
3058
3059
3060
3061
3062
3063
3064
3065
3066
3067
3068
3069
3070
3071
3072
3073
3074
3075
3076
3077
3078
3079
3080
3081
3082
3083
3084
3085
3086
3087
3088
3089
3090
3091
3092
3093
3094
3095
3096
3097
3098
3099
3100
3101
3102
3103
3104
3105
3106
3107
3108
3109
3110
3111
3112
3113
3114
3115
3116
3117
3118
3119
3120
3121
3122
3123
3124
3125
3126
3127
3128
3129
3130
3131
3132
3133
3134
3135
3136
3137
3138
3139
3140
3141
3142
3143
3144
3145
3146
3147
3148
3149
3150
3151
3152
3153
3154
3155
3156
3157
3158
3159
3160
3161
3162
3163
3164
3165
3166
3167
3168
3169
3170
3171
3172
3173
3174
3175
3176
3177
3178
3179
3180
3181
3182
3183
3184
3185
3186
3187
3188
3189
3190
3191
3192
3193
3194
3195
3196
3197
3198
3199
3200
3201
3202
3203
3204
3205
3206
3207
3208
3209
3210
3211
3212
3213
3214
3215
3216
3217
3218
3219
3220
3221
3222
3223
3224
3225
3226
3227
3228
3229
3230
3231
3232
3233
3234
3235
3236
3237
3238
3239
3240
3241
3242
3243
3244
3245
3246
3247
3248
3249
3250
3251
3252
3253
3254
3255
3256
3257
3258
3259
3260
3261
3262
3263
3264
3265
3266
3267
3268
3269
3270
3271
3272
3273
3274
3275
3276
3277
3278
3279
3280
3281
3282
3283
3284
3285
3286
3287
3288
3289
3290
3291
3292
3293
3294
3295
3296
3297
3298
3299
3300
3301
3302
3303
3304
3305
3306
3307
3308
3309
3310
3311
3312
3313
3314
3315
3316
3317
3318
3319
3320
3321
3322
3323
3324
3325
3326
3327
3328
3329
3330
3331
3332
3333
3334
3335
3336
3337
3338
3339
3340
3341
3342
3343
3344
3345
3346
3347
3348
3349
3350
3351
3352
3353
3354
3355
3356
3357
3358
3359
3360
3361
3362
3363
3364
3365
3366
3367
3368
3369
3370
3371
3372
3373
3374
3375
3376
3377
3378
3379
3380
3381
3382
3383
3384
3385
3386
3387
3388
3389
3390
3391
3392
3393
3394
3395
3396
3397
3398
3399
3400
3401
3402
3403
3404
3405
3406
3407
3408
3409
3410
3411
3412
3413
3414
3415
3416
3417
3418
3419
3420
3421
3422
3423
3424
3425
3426
3427
3428
3429
3430
3431
3432
3433
3434
3435
3436
3437
3438
3439
3440
3441
3442
3443
3444
3445
3446
3447
3448
3449
3450
3451
3452
3453
3454
3455
3456
3457
3458
3459
3460
3461
3462
3463
3464
3465
3466
3467
3468
3469
3470
3471
3472
3473
3474
3475
3476
3477
3478
3479
3480
3481
3482
3483
3484
3485
3486
3487
3488
3489
3490
3491
3492
3493
3494
3495
3496
3497
3498
3499
3500
3501
3502
3503
3504
3505
3506
3507
3508
3509
3510
3511
3512
3513
3514
3515
3516
3517
3518
3519
3520
3521
3522
3523
3524
3525
3526
3527
3528
3529
3530
3531
3532
3533
3534
3535
3536
3537
3538
3539
3540
3541
3542
3543
3544
3545
3546
3547
3548
3549
3550
3551
3552
3553
3554
3555
3556
3557
3558
3559
3560
3561
3562
3563
3564
3565
3566
3567
3568
3569
3570
3571
3572
3573
3574
3575
3576
3577
3578
3579
3580
3581
3582
3583
3584
3585
3586
3587
3588
3589
3590
3591
3592
3593
3594
3595
3596
3597
3598
3599
3600
3601
3602
3603
3604
3605
3606
3607
3608
3609
3610
3611
3612
3613
3614
3615
3616
3617
3618
3619
3620
3621
3622
3623
3624
3625
3626
3627
3628
3629
3630
3631
3632
3633
3634
3635
3636
3637
3638
3639
3640
3641
3642
3643
3644
3645
3646
3647
3648
3649
3650
3651
3652
3653
3654
3655
3656
3657
3658
3659
3660
3661
3662
3663
3664
3665
3666
3667
3668
3669
3670
3671
3672
3673
3674
3675
3676
3677
3678
3679
3680
3681
3682
3683
3684
3685
3686
3687
3688
3689
3690
3691
3692
3693
3694
3695
3696
3697
3698
3699
3700
3701
3702
3703
3704
3705
3706
3707
3708
3709
3710
3711
3712
3713
3714
3715
3716
3717
3718
3719
3720
3721
3722
3723
3724
3725
3726
3727
3728
3729
3730
3731
3732
3733
3734
3735
3736
3737
3738
3739
3740
3741
3742
3743
3744
3745
3746
3747
3748
3749
3750
3751
3752
3753
3754
3755
3756
3757
3758
3759
3760
3761
3762
3763
3764
3765
3766
3767
3768
3769
3770
3771
3772
3773
3774
3775
3776
3777
3778
3779
3780
3781
3782
3783
3784
3785
3786
3787
3788
3789
3790
3791
3792
3793
3794
3795
3796
3797
3798
3799
3800
3801
3802
3803
3804
3805
3806
3807
3808
3809
3810
3811
3812
3813
3814
3815
3816
3817
3818
3819
3820
3821
3822
3823
3824
3825
3826
3827
3828
3829
3830
3831
3832
3833
3834
3835
3836
3837
3838
3839
3840
3841
3842
3843
3844
3845
3846
3847
3848
3849
3850
3851
3852
3853
3854
3855
3856
3857
3858
3859
3860
3861
3862
3863
3864
3865
3866
3867
3868
3869
3870
3871
3872
3873
3874
3875
3876
3877
3878
3879
3880
3881
3882
3883
3884
3885
3886
3887
3888
3889
3890
3891
3892
3893
3894
3895
3896
3897
3898
3899
3900
3901
3902
3903
3904
3905
3906
3907
3908
3909
3910
3911
3912
3913
3914
3915
3916
3917
3918
3919
3920
3921
3922
3923
3924
3925
3926
3927
3928
3929
3930
3931
3932
3933
3934
3935
3936
3937
3938
3939
3940
3941
3942
3943
3944
3945
3946
3947
3948
3949
3950
3951
3952
3953
3954
3955
3956
3957
3958
3959
3960
3961
3962
3963
3964
3965
3966
3967
3968
3969
3970
3971
3972
3973
3974
3975
3976
3977
3978
3979
3980
3981
3982
3983
3984
3985
3986
3987
3988
3989
3990
3991
3992
3993
3994
3995
3996
3997
3998
3999
4000
4001
4002
4003
4004
4005
4006
4007
4008
4009
4010
4011
4012
4013
4014
4015
4016
4017
4018
4019
4020
4021
4022
4023
4024
4025
4026
4027
4028
4029
4030
4031
4032
4033
4034
4035
4036
4037
4038
4039
4040
4041
4042
4043
4044
4045
4046
4047
4048
4049
4050
4051
4052
4053
4054
4055
4056
4057
4058
4059
4060
4061
4062
4063
4064
4065
4066
4067
4068
4069
4070
4071
4072
4073
4074
4075
4076
4077
4078
4079
4080
4081
4082
4083
4084
4085
4086
4087
4088
4089
4090
4091
4092
4093
4094
4095
4096
4097
4098
4099
4100
4101
4102
4103
4104
4105
4106
4107
4108
4109
4110
4111
4112
4113
4114
4115
4116
4117
4118
4119
4120
4121
4122
4123
4124
4125
4126
4127
4128
4129
4130
4131
4132
4133
4134
4135
4136
4137
4138
4139
4140
4141
4142
4143
4144
4145
4146
4147
4148
4149
4150
4151
4152
4153
4154
4155
4156
4157
4158
4159
4160
4161
4162
4163
4164
4165
4166
4167
4168
4169
4170
4171
4172
4173
4174
4175
4176
4177
4178
4179
4180
4181
4182
4183
4184
4185
4186
4187
4188
4189
4190
4191
4192
4193
4194
4195
4196
4197
4198
4199
4200
4201
4202
4203
4204
4205
4206
4207
4208
4209
4210
4211
4212
4213
4214
4215
4216
4217
4218
4219
4220
4221
4222
4223
4224
4225
4226
4227
4228
4229
4230
4231
4232
4233
4234
4235
4236
4237
4238
4239
4240
4241
4242
4243
4244
4245
4246
4247
4248
4249
4250
4251
4252
4253
4254
4255
4256
4257
4258
4259
4260
4261
4262
4263
4264
4265
4266
4267
4268
4269
4270
4271
4272
4273
4274
4275
4276
4277
4278
4279
4280
4281
4282
4283
4284
4285
4286
4287
4288
4289
4290
4291
4292
4293
4294
4295
4296
4297
4298
4299
4300
4301
4302
4303
4304
4305
4306
4307
4308
4309
4310
4311
4312
4313
4314
4315
4316
4317
4318
4319
4320
4321
4322
4323
4324
4325
4326
4327
4328
4329
4330
4331
4332
4333
4334
4335
4336
4337
4338
4339
4340
4341
4342
4343
4344
4345
4346
4347
4348
4349
4350
4351
4352
4353
4354
4355
4356
4357
4358
4359
4360
4361
4362
4363
4364
4365
4366
4367
4368
4369
4370
4371
4372
4373
4374
4375
4376
4377
4378
4379
4380
4381
4382
4383
4384
4385
4386
4387
4388
4389
4390
4391
4392
4393
4394
4395
4396
4397
4398
4399
4400
4401
4402
4403
4404
4405
4406
4407
4408
4409
4410
4411
4412
4413
4414
4415
4416
4417
4418
4419
4420
4421
4422
4423
4424
4425
4426
4427
4428
4429
4430
4431
4432
4433
4434
4435
4436
4437
4438
4439
4440
4441
4442
4443
4444
4445
4446
4447
4448
4449
4450
4451
4452
4453
4454
4455
4456
4457
4458
4459
4460
4461
4462
4463
4464
4465
4466
4467
4468
4469
4470
4471
4472
4473
4474
4475
4476
4477
4478
4479
4480
4481
4482
4483
4484
4485
4486
4487
4488
4489
4490
4491
4492
4493
4494
4495
4496
4497
4498
4499
4500
4501
4502
4503
4504
4505
4506
4507
4508
4509
4510
4511
4512
4513
4514
4515
4516
4517
4518
4519
4520
4521
4522
4523
4524
4525
4526
4527
4528
4529
4530
4531
4532
4533
4534
4535
4536
4537
4538
4539
4540
4541
4542
4543
4544
4545
4546
4547
4548
4549
4550
4551
4552
4553
4554
4555
4556
4557
4558
4559
4560
4561
4562
4563
4564
4565
4566
4567
4568
4569
4570
4571
4572
4573
4574
4575
4576
4577
4578
4579
4580
4581
4582
4583
4584
4585
4586
4587
4588
4589
4590
4591
4592
4593
4594
4595
4596
4597
4598
4599
4600
4601
4602
4603
4604
4605
4606
4607
4608
4609
4610
4611
4612
4613
4614
4615
4616
4617
4618
4619
4620
4621
4622
4623
4624
4625
4626
4627
4628
4629
4630
4631
4632
4633
4634
4635
4636
4637
4638
4639
4640
4641
4642
4643
4644
4645
4646
4647
4648
4649
4650
4651
4652
4653
4654
4655
4656
4657
4658
4659
4660
4661
4662
4663
4664
4665
4666
4667
4668
4669
4670
4671
4672
4673
4674
4675
4676
4677
4678
4679
4680
4681
4682
4683
4684
4685
4686
4687
4688
4689
4690
4691
4692
4693
4694
4695
4696
4697
4698
4699
4700
4701
4702
4703
4704
4705
4706
4707
4708
4709
4710
4711
4712
4713
4714
4715
4716
4717
4718
4719
4720
4721
4722
4723
4724
4725
4726
4727
4728
4729
4730
4731
4732
4733
4734
4735
4736
4737
4738
4739
4740
4741
4742
4743
4744
4745
4746
4747
4748
4749
4750
4751
4752
4753
4754
4755
4756
4757
4758
4759
4760
4761
4762
4763
4764
4765
4766
4767
4768
4769
4770
4771
4772
4773
4774
4775
4776
4777
4778
4779
4780
4781
4782
4783
4784
4785
4786
4787
4788
4789
4790
4791
4792
4793
4794
4795
4796
4797
4798
4799
4800
4801
4802
4803
4804
4805
4806
4807
4808
4809
4810
4811
4812
4813
4814
4815
4816
4817
4818
4819
4820
4821
4822
4823
4824
4825
4826
4827
4828
4829
4830
4831
4832
4833
4834
4835
4836
4837
4838
4839
4840
4841
4842
4843
4844
4845
4846
4847
4848
4849
4850
4851
4852
4853
4854
4855
4856
4857
4858
4859
4860
4861
4862
4863
4864
4865
4866
4867
4868
4869
4870
4871
4872
4873
4874
4875
4876
4877
4878
4879
4880
4881
4882
4883
4884
4885
4886
4887
4888
4889
4890
4891
4892
4893
4894
4895
4896
4897
4898
4899
4900
4901
4902
4903
4904
4905
4906
4907
4908
4909
4910
4911
4912
4913
4914
4915
4916
4917
4918
4919
4920
4921
4922
4923
4924
4925
4926
4927
4928
4929
4930
4931
4932
4933
4934
4935
4936
4937
4938
4939
4940
4941
4942
4943
4944
4945
4946
4947
4948
4949
4950
4951
4952
4953
4954
4955
4956
4957
4958
4959
4960
4961
4962
4963
4964
4965
4966
4967
4968
4969
4970
4971
4972
4973
4974
4975
4976
4977
4978
4979
4980
4981
4982
4983
4984
4985
4986
4987
4988
4989
4990
4991
4992
4993
4994
4995
4996
4997
4998
4999
5000
5001
5002
5003
5004
5005
5006
5007
5008
5009
5010
5011
5012
5013
5014
5015
5016
5017
5018
5019
5020
5021
5022
5023
5024
5025
5026
5027
5028
5029
5030
5031
5032
5033
5034
5035
5036
5037
5038
5039
5040
5041
5042
5043
5044
5045
5046
5047
5048
5049
5050
5051
5052
5053
5054
5055
5056
5057
5058
5059
5060
5061
5062
5063
5064
5065
5066
5067
5068
5069
5070
5071
5072
5073
5074
5075
5076
5077
5078
5079
5080
5081
5082
5083
5084
5085
5086
5087
5088
5089
5090
5091
5092
5093
5094
5095
5096
5097
5098
5099
5100
5101
5102
5103
5104
5105
5106
5107
5108
5109
5110
5111
5112
5113
5114
5115
5116
5117
5118
5119
5120
5121
5122
5123
5124
5125
5126
5127
5128
5129
5130
5131
5132
5133
5134
5135
5136
5137
5138
5139
5140
5141
5142
5143
5144
5145
5146
5147
5148
5149
5150
5151
5152
5153
5154
5155
5156
5157
5158
5159
5160
5161
5162
5163
5164
5165
5166
5167
5168
5169
5170
5171
5172
5173
5174
5175
5176
5177
5178
5179
5180
5181
5182
5183
5184
5185
5186
5187
5188
5189
5190
5191
5192
5193
5194
5195
5196
5197
5198
5199
5200
5201
5202
5203
5204
5205
5206
5207
5208
5209
5210
5211
5212
5213
5214
5215
5216
5217
5218
5219
5220
5221
5222
5223
5224
5225
5226
5227
5228
5229
5230
5231
5232
5233
5234
5235
5236
5237
5238
5239
5240
5241
5242
5243
5244
5245
5246
5247
5248
5249
5250
5251
5252
5253
5254
5255
5256
5257
5258
5259
5260
5261
5262
5263
5264
5265
5266
5267
5268
5269
5270
5271
5272
5273
5274
5275
5276
5277
5278
5279
5280
5281
5282
5283
5284
5285
5286
5287
5288
5289
5290
5291
5292
5293
5294
5295
5296
5297
5298
5299
5300
5301
5302
5303
5304
5305
5306
5307
5308
5309
5310
5311
5312
5313
5314
5315
5316
5317
5318
5319
5320
5321
5322
5323
5324
5325
5326
5327
5328
5329
5330
5331
5332
5333
5334
5335
5336
5337
5338
5339
5340
5341
5342
5343
5344
5345
5346
5347
5348
5349
5350
5351
5352
5353
5354
5355
5356
5357
5358
5359
5360
5361
5362
5363
5364
5365
5366
5367
5368
5369
5370
5371
5372
5373
5374
5375
5376
5377
5378
5379
5380
5381
5382
5383
5384
5385
5386
5387
5388
5389
5390
5391
5392
5393
5394
5395
5396
5397
5398
5399
5400
5401
5402
5403
5404
5405
5406
5407
5408
5409
5410
5411
5412
5413
5414
5415
5416
5417
5418
5419
5420
5421
5422
5423
5424
5425
5426
5427
5428
5429
5430
5431
5432
5433
5434
5435
5436
5437
5438
5439
5440
5441
5442
5443
5444
5445
5446
5447
5448
5449
5450
5451
5452
5453
5454
5455
5456
5457
5458
5459
5460
5461
5462
5463
5464
5465
5466
5467
5468
5469
5470
5471
5472
5473
5474
5475
5476
5477
5478
5479
5480
5481
5482
5483
5484
5485
5486
5487
5488
5489
5490
5491
5492
5493
5494
5495
5496
5497
5498
5499
5500
5501
5502
5503
5504
5505
5506
5507
5508
5509
5510
5511
5512
5513
5514
5515
5516
5517
5518
5519
5520
5521
5522
5523
5524
5525
5526
5527
5528
5529
5530
5531
5532
5533
5534
5535
5536
5537
5538
5539
5540
5541
5542
5543
5544
5545
5546
5547
5548
5549
5550
5551
5552
5553
5554
5555
5556
5557
5558
5559
5560
5561
5562
5563
5564
5565
5566
5567
5568
5569
5570
5571
5572
5573
5574
5575
5576
5577
5578
5579
5580
5581
5582
5583
5584
5585
5586
5587
5588
5589
5590
5591
5592
5593
5594
5595
5596
5597
5598
5599
5600
5601
5602
5603
5604
5605
5606
5607
5608
5609
5610
5611
5612
5613
5614
5615
5616
5617
5618
5619
5620
5621
5622
5623
5624
5625
5626
5627
5628
5629
5630
5631
5632
5633
5634
5635
5636
5637
5638
5639
5640
5641
5642
5643
5644
5645
5646
5647
5648
5649
5650
5651
5652
5653
5654
5655
5656
5657
5658
5659
5660
5661
5662
5663
5664
5665
5666
5667
5668
5669
5670
5671
5672
5673
5674
5675
5676
5677
5678
5679
5680
5681
5682
5683
5684
5685
5686
5687
5688
5689
5690
5691
5692
5693
5694
5695
5696
5697
5698
5699
5700
5701
5702
5703
5704
5705
5706
5707
5708
5709
5710
5711
5712
5713
5714
5715
5716
5717
5718
5719
5720
5721
5722
5723
5724
5725
5726
5727
5728
5729
5730
5731
5732
5733
5734
5735
5736
5737
5738
5739
5740
5741
5742
5743
5744
5745
5746
5747
5748
5749
5750
5751
5752
5753
5754
5755
5756
5757
5758
5759
5760
5761
5762
5763
5764
5765
5766
5767
5768
5769
5770
5771
5772
5773
5774
5775
5776
5777
5778
5779
5780
5781
5782
5783
5784
5785
5786
5787
5788
5789
5790
5791
5792
5793
5794
5795
5796
5797
5798
5799
5800
5801
5802
5803
5804
5805
5806
5807
5808
5809
5810
5811
5812
5813
5814
5815
5816
5817
5818
5819
5820
5821
5822
5823
5824
5825
5826
5827
5828
5829
5830
5831
5832
5833
5834
5835
5836
5837
5838
5839
5840
5841
5842
5843
5844
5845
5846
5847
5848
5849
5850
5851
5852
5853
5854
5855
5856
5857
5858
5859
5860
5861
5862
5863
5864
5865
5866
5867
5868
5869
5870
5871
5872
5873
5874
5875
5876
5877
5878
5879
5880
5881
5882
5883
5884
5885
5886
5887
5888
5889
5890
5891
5892
5893
5894
5895
5896
5897
5898
5899
5900
5901
5902
5903
5904
5905
5906
5907
5908
5909
5910
5911
5912
5913
5914
5915
5916
5917
5918
5919
5920
5921
5922
5923
5924
5925
5926
5927
5928
5929
5930
5931
5932
5933
5934
5935
5936
5937
5938
5939
5940
5941
5942
5943
5944
5945
5946
5947
5948
5949
5950
5951
5952
5953
5954
5955
5956
5957
5958
5959
5960
5961
5962
5963
5964
5965
5966
5967
5968
5969
5970
5971
5972
5973
5974
5975
5976
5977
5978
5979
5980
5981
5982
5983
5984
5985
5986
5987
5988
5989
5990
5991
5992
5993
5994
5995
5996
5997
5998
5999
6000
6001
6002
6003
6004
6005
6006
6007
6008
6009
6010
6011
6012
6013
6014
6015
6016
6017
6018
6019
6020
6021
6022
6023
6024
6025
6026
6027
6028
6029
6030
6031
6032
6033
6034
6035
6036
6037
6038
6039
6040
6041
6042
6043
6044
6045
6046
6047
6048
6049
6050
6051
6052
6053
6054
6055
6056
6057
6058
6059
6060
6061
6062
6063
6064
6065
6066
6067
6068
6069
6070
6071
6072
6073
6074
6075
6076
6077
6078
6079
6080
6081
6082
6083
6084
6085
6086
6087
6088
6089
6090
6091
6092
6093
6094
6095
6096
6097
6098
6099
6100
6101
6102
6103
6104
6105
6106
6107
6108
6109
6110
6111
6112
6113
6114
6115
6116
6117
6118
6119
6120
6121
6122
6123
6124
6125
6126
6127
6128
6129
6130
6131
6132
6133
6134
6135
6136
6137
6138
6139
6140
6141
6142
6143
6144
6145
6146
6147
6148
6149
6150
6151
6152
6153
6154
6155
6156
6157
6158
6159
6160
6161
6162
6163
6164
6165
6166
6167
6168
6169
6170
6171
6172
6173
6174
6175
6176
6177
6178
6179
6180
6181
6182
6183
6184
6185
6186
6187
6188
6189
6190
6191
6192
6193
6194
6195
6196
6197
6198
6199
6200
6201
6202
6203
6204
6205
6206
6207
6208
6209
6210
6211
6212
6213
6214
6215
6216
6217
6218
6219
6220
6221
6222
6223
6224
6225
6226
6227
6228
6229
6230
6231
6232
6233
6234
6235
6236
6237
6238
6239
6240
6241
6242
6243
6244
6245
6246
6247
6248
6249
6250
6251
6252
6253
6254
6255
6256
6257
6258
6259
6260
6261
6262
6263
6264
6265
6266
6267
6268
6269
6270
6271
6272
6273
6274
6275
6276
6277
6278
6279
6280
6281
6282
6283
6284
6285
6286
6287
6288
6289
6290
6291
6292
6293
6294
6295
6296
6297
6298
6299
6300
6301
6302
6303
6304
6305
6306
6307
6308
6309
6310
6311
6312
6313
6314
6315
6316
6317
6318
6319
6320
6321
6322
6323
6324
6325
6326
6327
6328
6329
6330
6331
6332
6333
6334
6335
6336
6337
6338
6339
6340
6341
6342
6343
6344
6345
6346
6347
6348
6349
6350
6351
6352
6353
6354
6355
6356
6357
6358
6359
6360
6361
6362
6363
6364
6365
6366
6367
6368
6369
6370
6371
6372
6373
6374
6375
6376
6377
6378
6379
6380
6381
6382
6383
6384
6385
6386
6387
6388
6389
6390
6391
6392
6393
6394
6395
6396
6397
6398
6399
6400
6401
6402
6403
6404
6405
6406
6407
6408
6409
6410
6411
6412
6413
6414
6415
6416
6417
6418
6419
6420
6421
6422
6423
6424
6425
6426
6427
6428
6429
6430
6431
6432
6433
6434
6435
6436
6437
6438
6439
6440
6441
6442
6443
6444
6445
6446
6447
6448
6449
6450
6451
6452
6453
6454
6455
6456
6457
6458
6459
6460
6461
6462
6463
6464
6465
6466
6467
6468
6469
6470
6471
6472
6473
6474
6475
6476
6477
6478
6479
6480
6481
6482
6483
6484
6485
6486
6487
6488
6489
6490
6491
6492
6493
6494
6495
6496
6497
6498
6499
6500
6501
6502
6503
6504
6505
6506
6507
6508
6509
6510
6511
6512
6513
6514
6515
6516
6517
6518
6519
6520
6521
6522
6523
6524
6525
6526
6527
1.012409086491972 -0.2503788442044071 0
2.251850327940768 -1.486717450824388 0
2.422308078480929 -1.486300805312395 0
2.59312695218598 -1.486159263009934 0
2.078522322411687 -1.485049732527073 0
1.013996279689951 -0.4626849594632515 0
2.767191391708612 -1.485281231686249 0
1.014457587392763 -0.09386669514105635 0
1.800260871258898 -1.486596632726571 0
1.013708256846162 -0.6193184257128694 0
2.944843214951943 -1.48014002821092 0
1.015740815402651 -0.7788439120568343 0
1.94023686794164 -1.486378842297429 0
1.645336102681429 -1.486665799652435 0
1.013415740953684 -0.9349928844916339 0
3.129518134248318 -1.476544457693215 0
1.488682826637023 -1.486911400620943 0
1.013417890098274 -1.093666203364699 0
1.01608156863334 -0.355103577502669 0
1.333094412014046 -1.485945070915421 0
2.500209251855142 0.9245215026317696 0
3.281800604959483 -1.47680587075403 0
3.433958896394571 -1.476838647876868 0
1.011318049858915 -1.191295299001135 0
3.922834615850191 -0.3454970764501887 0
2.045224994337807 0.9148348209721007 0
3.560893736776893 -1.483631953277302 0
1.01421999212817 -1.264888347853585 0
1.013919701042237 -0.5495918421188831 0
1.014061527805524 -0.7065345369285279 0
1.01378843447136 -0.8644491562708065 0
1.013317978316737 -1.021450728283805 0
1.013878231094275 -0.1648411239316563 0
2.947429662140399 0.9049925023361483 0
1.17974429339994 -1.488216102587244 0
3.924965931609074 -0.7177210863477694 0
3.646443469398767 -1.482640307637868 0
2.334136071281014 -1.47734585252426 0
2.85319584791731 -1.482604453205933 0
1.677432155255448 0.9185835058561004 0
3.923640001240039 0.0247069905619292 0
2.515684013876826 -1.476749917289454 0
1.013317978316737 -1.336074009528344 0
1.414541627072047 -1.479820012354855 0
1.565273653867978 -1.481693651291069 0
1.261588284132034 -1.480352378334546 0
3.026457691634688 -1.483545222440639 0
2.668940178910329 -1.477604370942869 0
2.147753728144774 -1.482841559337085 0
1.71722546632355 -1.480581009234764 0
1.027312452608103 -0.0151661515423949 0
1.318181818187304 0.9212704178374507 0
3.71357282946611 -1.482833103823779 0
1.870942674254497 -1.477347655936521 0
3.314679878119357 0.9176616033965403 0
3.916059690249843 -0.9973498384042383 0
0.9545454545453348 0.05904718662182173 0
1.013711163647481 -1.38797995486023 0
3.356186127089773 -1.483372733234912 0
3.199739128738086 -1.486596632726386 0
1.01167295752531 -0.3083361965999816 0
1.013443577898954 -0.4077276211240731 0
3.92267200934088 0.3953862095423604 0
0.7759338742541495 0.9112728015780487 0
1.014534108895948 -1.143453276089729 0
1.041921455788002 0.9235997089139925 0
1.995778923443797 -1.482485982167878 0
0.5024622669177299 0.07354555235868201 0
1.131895132224207 -1.483280622456487 0
0.5000000000020801 0.9212704178374507 0
0.07872958216189381 0.5000000000018283 0
3.801796741318191 -1.479783494514371 0
3.511081082194114 -1.484087851466138 0
3.586451715489565 0.9132110031040802 0
3.850663459995225 -1.483686364047903 0
2.717901291467754 -1.484139741462842 0
0.7727272727266743 0.07872958216242891 0
3.076469298028413 -1.485483932610512 0
1.014587944943354 -0.2003221633734127 0
2.206763620415726 -1.480832884388333 0
1.013378060332956 -0.9851618010391099 0
1.014709526294812 -0.8285711938751439 0
1.014709526294705 -0.6714288061198003 0
1.014518610627908 -0.5148585429029962 0
3.92445878401549 0.6685284787430691 0
1.014759795493994 -1.299997611205937 0
3.893744441938469 -1.479651725650402 0
3.924752192055449 -1.26650333749037 0
1.011775831320156 -1.42270006907383 0
1.015121762907162 -1.231369274415378 0
2.45746910309327 -1.48325435748975 0
2.108208572812061 -1.487508160968269 0
3.919812462612811 -0.5277777777789783 0
2.387876836852847 -1.484203774810112 0
1.015278727508387 -0.5829000401861602 0
2.238725456042857 0.9202112110504244 0
3.924698466126991 -0.1666441694122348 0
1.858223720409325 0.9324662663646199 0
1.513968946845177 0.9232346983917571 0
1.015671671000371 -0.7374269518793658 0
2.680889369425372 0.9250254067259038 0
1.014660630051336 -0.8984442374169028 0
1.0163133584037 -1.05217644136692 0
1.011848267166187 -0.1310759049380923 0
3.920353129198536 0.2136740345555393 0
3.149016767146258 0.9180513387029146 0
0.3226484141653908 0.08514118768212685 0
0.3181818181831419 0.9212704178374511 0
0.0787295821625493 0.3181818181831423 0
0.0787295821616755 0.6818181818190009 0
2.283693694510188 -1.485343880769352 0
1.029936514833798 0.01963662748736364 0
1.058693830680014 0.004162657573747438 0
1.061997865530599 0.03719745089112819 0
1.090649891164633 0.01938932903560582 0
1.093656301147686 0.05342988384429585 0
1.122956203077462 0.03333851434496132 0
1.125864068561654 0.0692238849309571 0
1.15539953534456 0.05007805290119711 0
1.158676815550529 0.08612777873198169 0
1.189488339948464 0.06477024502395895 0
1.185519062153454 0.03108985756169193 0
1.220053515489715 0.04365394725750715 0
1.211960918494104 0.004022696788560595 0
1.24989818315083 0.02127761457244658 0
1.247553684892869 -0.0160468208339661 0
1.281188677639282 -0.0001779618076110217 0
1.280155766748321 -0.03757110038747244 0
1.311960866641249 -0.0217214160805486 0
1.309966365046886 -0.05921034582398852 0
1.342615354389132 -0.04207531037721524 0
1.340372593124147 -0.08089826283006829 0
1.373261750520183 -0.06515364920296828 0
1.371666186651677 -0.102643273217029 0
1.404591831872854 -0.08688762750320042 0
1.401775495206222 -0.1243102562273243 0
1.435628914054818 -0.108747367496011 0
1.433153528051173 -0.1452744269900247 0
1.466928984084168 -0.1305799191867561 0
1.466324389714477 -0.1674503620124592 0
1.498646423874965 -0.1527038676419244 0
1.498674684397845 -0.1910720389987512 0
1.530010268968746 -0.1751084630092642 0
1.528379977879331 -0.2134279544749128 0
1.561220813714443 -0.1961132160686196 0
1.558486838552247 -0.2346740366961846 0
1.592293621266362 -0.2199283566453337 0
1.589097957640039 -0.2576289327856466 0
1.62366196995406 -0.2420287688214522 0
1.620785270012152 -0.2792088079679239 0
1.654975654418605 -0.264098152597419 0
1.651464362130653 -0.3021213679534891 0
1.686651586731865 -0.2860934748163596 0
1.683357404333076 -0.3233053341450915 0
1.718007062949261 -0.3082229521739951 0
1.713570445756081 -0.3466031771075277 0
1.748427461771216 -0.3307156811248929 0
1.74550566496192 -0.3674304501232278 0
1.779417894135554 -0.3524715080733923 0
1.775830008172155 -0.3901344577728941 0
1.810270405906076 -0.3745330417967204 0
1.806673634382774 -0.4121972607790013 0
1.841164194922672 -0.3965084243332021 0
1.837583512928276 -0.4341235691732438 0
1.872007956745181 -0.4185521203654484 0
1.86847671603571 -0.4560188148087133 0
1.902902080412448 -0.4403445716997694 0
1.899373241403183 -0.4781017571222633 0
1.932944980096041 -0.4638903439277016 0
1.864875542466808 -0.4929795458305702 0
1.894993654594478 -0.5151331622134958 0
1.861776092473554 -0.5295577519547066 0
1.891612685230194 -0.5508974568842832 0
1.859095149652256 -0.5654070131112362 0
1.887124175609339 -0.5841881592318334 0
1.855965807476932 -0.6000356724815755 0
1.888685639283413 -0.618840327310638 0
1.85300611354284 -0.6347762589690739 0
1.880707391228531 -0.6544635021201513 0
1.850271742138085 -0.6682975524360426 0
1.877758419456638 -0.6867232558990131 0
1.907312269465347 -0.6740410747901295 0
1.848502970044772 -0.704487261023067 0
1.90418908467215 -0.7063315625344712 0
1.933512047488691 -0.6936435487578435 0
1.930917746822218 -0.7249831310517225 0
1.959944252224047 -0.7125422170300709 0
1.956725126729167 -0.7444199396889465 0
1.986014869407242 -0.731569020695134 0
1.982785813066277 -0.7633379015279125 0
2.012139067933979 -0.7503657056805554 0
2.008999521219106 -0.7820088946811219 0
2.038101838663482 -0.7690782429778943 0
1.977352150210586 -0.799759839674126 0
1.936801374162218 -0.4231930420812511 0
1.782984537980721 -0.3145410152775108 0
1.629374553192403 -0.1993559044398037 0
1.47092279925077 -0.08956596543031359 0
2.035108541182784 -0.8007290912217773 0
2.063991509404294 -0.7877824596567375 0
1.648929861608361 -0.3365663527068405 0
2.060922803101787 -0.8194660851783434 0
2.08971815366026 -0.806511249839448 0
2.086464435103887 -0.8379441232136281 0
2.115388389210996 -0.8250705939766479 0
2.112120529647501 -0.8564285175020514 0
2.140979447655277 -0.8436957402705787 0
2.144512386472411 -0.8117387206087555 0
2.170716276542467 -0.830828832544218 0
2.174297065923589 -0.7981668988903012 0
2.201344518846021 -0.8177228261756413 0
2.204935882079849 -0.7841333449982253 0
2.232701799571727 -0.8042141316487972 0
2.235600293018094 -0.7681831027527243 0
2.264610131122419 -0.7901058628986815 0
2.267557979004315 -0.7531770607166248 0
2.297387730583451 -0.7768620580109802 0
2.301121563570192 -0.7398293485229293 0
2.330723335737798 -0.7636170943799361 0
2.335036221298151 -0.7251810386371371 0
2.365275206518784 -0.7467455994495459 0
2.369675043299992 -0.7091317789698586 0
2.400996968413185 -0.7323785535061653 0
2.405093037488387 -0.6926970817260618 0
2.43735457372983 -0.7168392250572159 0
2.441508261141974 -0.6759798801262522 0
2.474205454495787 -0.6997233637896815 0
2.47871692663879 -0.6587801673483535 0
2.512625317255488 -0.6831834023158345 0
2.517487232055596 -0.6414202562399668 0
2.137514090379169 -0.8749705363724005 0
2.109162797442541 -0.8874668305793167 0
2.293098334113431 -0.8117289862276029 0
2.552656323226117 -0.6668678257070437 0
2.557215670800505 -0.6230748126411055 0
2.133993190947932 -0.9056484065441162 0
2.106509145471177 -0.9179328881348747 0
2.468567783326141 -0.7420818736474759 0
2.13055408807596 -0.9356108106904337 0
2.103693121260101 -0.9476208985490306 0
2.593615002914837 -0.6495478315546587 0
2.599406749561675 -0.6022178545703826 0
2.553569200607999 -0.5739977450999514 0
2.602736249685906 -0.5540176864529287 0
2.564279057409679 -0.5292929250149025 0
2.607494666533452 -0.5093625812119116 0
2.568225268260753 -0.4818042882411757 0
2.6125624150612 -0.4617971272074934 0
2.572594853852206 -0.4331376039036631 0
2.617112791839111 -0.4115973428644157 0
2.127154666362714 -0.9648303088376624 0
2.100832078553159 -0.9766283490006141 0
2.576361966319247 -0.3823716387032649 0
2.621589893153752 -0.3601332250161937 0
2.636778436984336 -0.6289310152703893 0
2.123807647770048 -0.9933306715896126 0
2.098201551868175 -1.004630112371704 0
1.527185550782218 -0.2542183819799013 0
2.580150301994434 -0.3298654428143756 0
2.626881495883615 -0.3072403332203917 0
2.120544018072759 -1.020989963462207 0
2.095555545020745 -1.03229021815922 0
2.666793390299983 -0.3888351310300261 0
1.820825906460056 -0.6828471172124014 0
1.816869198562212 -0.713990935591313 0
1.791810974729394 -0.6968011517712158 0
1.788728597201721 -0.7275620737876 0
1.763559053341458 -0.7104492152486227 0
1.760569968313471 -0.7404976322345878 0
1.735552463163051 -0.7229350840200093 0
1.732425876346642 -0.7520428473042247 0
1.708340368692296 -0.7355835470527452 0
1.705196033069818 -0.7640817971462841 0
1.681681152878205 -0.7483258963919321 0
1.679080270912238 -0.7769275998031669 0
1.65642501183734 -0.7619674672515138 0
1.65334497429791 -0.7891160440260379 0
1.63120851655734 -0.7744610373030173 0
1.628002918484358 -0.800657363213208 0
1.606984431469153 -0.7851440015243757 0
1.603932609623496 -0.8120153356808719 0
1.625296741898089 -0.8276071983959706 0
1.602287301907013 -0.8387188713488527 0
1.6226808814034 -0.8540164943193469 0
1.59984793890432 -0.8649654483035887 0
1.619984589549913 -0.8800703447860632 0
1.597536620367265 -0.8909091504180602 0
1.61732624567275 -0.9057441660735598 0
1.594242128717258 -0.9163320018414131 0
1.614238502801559 -0.9300913732851115 0
1.59125159179767 -0.9404404246391347 0
1.571081048595719 -0.9268995689429023 0
1.568521640561807 -0.9506990030344447 0
1.613208490503503 -0.9543310217063794 0
1.548724131960714 -0.9374353951647426 0
1.546543430460548 -0.9615438847971474 0
1.526865106807231 -0.9477935655026056 0
1.524728848437821 -0.9716693262135756 0
1.50532059664609 -0.9580426334930612 0
1.50324897966771 -0.9814376661803254 0
1.484139987752109 -0.9679693986444724 0
1.481999092964273 -0.9911134798479759 0
1.500817629801704 -1.004503425734258 0
1.480015766980072 -1.013973208374777 0
1.498448439146568 -1.02717518569887 0
1.478210769316895 -1.036906587388536 0
1.459615674867835 -1.023564517951428 0
1.458233898375957 -1.046468143087241 0
1.496626437461091 -1.050044789166757 0
1.438985614063841 -1.032296505430068 0
1.437747143630885 -1.055061051834815 0
1.418997141605985 -1.041430010133638 0
1.417421302043123 -1.063686419762787 0
1.399852696849904 -1.051263935389323 0
1.397853568030113 -1.07260612130494 0
2.117367667082139 -1.048078507179144 0
2.093046478957722 -1.058898958860937 0
2.584155520076354 -0.2759817189551013 0
2.634278139090305 -0.2534582287387432 0
1.380518270786633 -1.060349650095854 0
1.378609699145379 -1.081424269505571 0
1.395739365553501 -1.093655463478856 0
1.376723116056071 -1.10235517943915 0
1.39363244106306 -1.114461625409646 0
1.374812070143388 -1.123053435438647 0
1.391530186790213 -1.135054397727794 0
1.372814985611216 -1.143550752893107 0
2.114241588329567 -1.075054580211907 0
2.138585748028628 -1.063999912570593 0
2.090368594150116 -1.086095476253003 0
2.069352938830247 -1.070022858546633 0
2.066983574623973 -1.096479151308077 0
2.630649896360003 -0.6766709253244799 0
2.672934358549924 -0.6580321162676303 0
2.669261616200122 -0.7025349310980049 0
2.710483971960649 -0.6856828644693903 0
2.708106041072386 -0.7278889867540551 0
2.748423549706031 -0.7130853581941673 0
2.74037974721145 -0.7634217402040845 0
2.78536483997379 -0.7423327971029826 0
1.356182379335662 -1.131672809081696 0
1.354302290979172 -1.151910017871429 0
2.046210337985699 -1.080979218256157 0
2.043833351296475 -1.106145306366976 0
2.58805914392077 -0.2207759701080864 0
1.31453817331242 0.01645747110168683 0
1.193533069635466 0.1030219514047395 0
1.38246049331502 -1.039232665817898 0
1.363179181504479 -1.048142530039629 0
1.365117605912192 -1.027264668596643 0
2.135382777518527 -1.090624099352172 0
2.159471007166231 -1.079758637483945 0
2.781449540986652 -0.7895572633226365 0
2.823655587700349 -0.7701476813081916 0
2.640024845749227 -0.1972373029349054 0
2.023351224919375 -1.091503103371625 0
2.021006572259634 -1.116246347743528 0
1.389530036575742 -1.155448688976244 0
2.156606650258813 -1.105399985349675 0
2.180170879435172 -1.095131237773047 0
2.000820883448446 -1.101923524433419 0
1.998479906051474 -1.126345464276328 0
1.337810348552946 -1.140248612465993 0
1.335980150165817 -1.160306685345574 0
1.346140305634828 -1.036103126018526 0
1.347984707502677 -1.015377869052811 0
2.818599265826665 -0.8174696961648911 0
2.777246070993196 -0.8354624417161591 0
2.862683226013099 -0.7991845732654138 0
2.177388514392161 -1.120375095496905 0
2.20129235111083 -1.109410107238022 0
2.59246156816076 -0.1639245735201799 0
1.978617739589007 -1.11222140355389 0
1.976344556676985 -1.136248193249366 0
2.017998398416646 -1.139415219462651 0
2.645924810765798 -0.1397268474366905 0
2.693480182348688 -0.1738446196358837 0
1.956754045375664 -1.122365040133698 0
1.95451485850047 -1.146033990797299 0
2.197968280486585 -1.135153248798039 0
2.221619298086552 -1.124293830864032 0
2.868155318477069 -0.7501777796074574 0
1.935469821915034 -1.132914369773784 0
1.933051804584543 -1.155771746088879 0
1.329262888663439 -1.024107254185811 0
1.33100107579886 -1.003677408099839 0
2.907693816839603 -0.7797312719237001 0
2.91367605599797 -0.7296623085297337 0
2.901821915453994 -0.8291005113921095 0
1.319609807306342 -1.148669152127899 0
1.317855331180437 -1.168499880820628 0
1.914299999899336 -1.142872889429511 0
1.911713250837908 -1.165314306948199 0
1.893113828371893 -1.152040465534466 0
1.890933427357579 -1.174614420170057 0
1.872452561598436 -1.161499936620438 0
1.894902417975764 -1.130262776926287 0
1.870249011175567 -1.183949870529748 0
1.852348097622097 -1.171567607913842 0
2.699895494850199 -0.1147272322761844 0
2.748228751384002 -0.1483024788222111 0
2.947079616433602 -0.809878530998554 0
2.218189106096002 -1.149953684837956 0
2.241600675587389 -1.139182712622972 0
1.401227252487239 -0.1631021918082188 0
1.635659723352345 -0.9186885322152669 0
1.610820375292571 -0.7558479320461056 0
1.582390340953739 -0.7724960113531304 0
1.584930563002532 -0.742793424253412 0
1.560517585722174 -0.7536851656338662 0
1.562695904063613 -0.7265651018568021 0
1.538180983445392 -0.7381444062197092 0
1.540308761585779 -0.710979950130747 0
1.515862826668054 -0.7225963869746552 0
1.517966493643984 -0.695583467875832 0
1.493663637368883 -0.7071373576205711 0
1.495754508166209 -0.6803099326267598 0
1.47162702485231 -0.6917801068922866 0
1.473175873454803 -0.6659234143500219 0
1.44986007429887 -0.6762410052704577 0
1.451221708003402 -0.650964558203236 0
1.428185223537406 -0.6610516919320397 0
1.430020634130588 -0.6352889825196277 0
1.406516241936572 -0.646246548571479 0
1.408548089877122 -0.6204128080919864 0
1.385257455014363 -0.6316285460367395 0
1.387139106294689 -0.6057666267448949 0
1.383208931397686 -0.6569893944229163 0
1.362465019568822 -0.6427236434022012 0
1.360365974735218 -0.6672940692256858 0
2.597992052187163 -0.1060167820606847 0
1.312421423627022 -1.012288496244516 0
1.314179352688474 -0.9920214542492023 0
1.301697124183772 -1.156950166881166 0
1.29991387088792 -1.176460153103756 0
1.315834853185507 -1.188018679912168 0
1.298009944712905 -1.195840405498195 0
1.849883061058167 -1.193130956171595 0
1.832252087539517 -1.181001958080117 0
2.755124008491706 -0.08851263006352396 0
1.313699390541226 -1.207165557900249 0
1.29614437945869 -1.214967202164267 0
2.804979446843032 -0.1233391855667509 0
1.930206371643228 -1.178174251237582 0
1.340270876305678 -0.6535235436751043 0
1.338229254478099 -0.6774393604430922 0
2.941328326691494 -0.8594571999184409 0
2.987272759434427 -0.840038167756938 0
2.374938710839025 -0.6671358546226871 0
2.238105275789739 -1.164572412808951 0
2.261343957510634 -1.153919550797427 0
2.21657503274486 -1.175174904759113 0
1.282255014550182 -1.184443403707028 0
1.829727611667616 -1.201945606317297 0
1.812205146627202 -1.189885471654256 0
1.295757839150207 -1.000488751255424 0
1.297550111675464 -0.9803247119754858 0
2.811406499971551 -0.06348865165432768 0
1.311262152698638 -1.226160802360226 0
1.294261978884647 -1.234070014297977 0
2.544041793087266 -0.1305474412921836 0
2.549727396455653 -0.07231580134253948 0
2.495918007389337 -0.09735706638242868 0
1.809818866821729 -1.210810988544499 0
1.79252059536436 -1.198998914584863 0
2.500964512422089 -0.0381221126690699 0
2.447044498982902 -0.06349871331445228 0
1.318677886995266 -0.6640483959812626 0
1.316645261260677 -0.6876105457047984 0
2.257761034491208 -1.179481972933227 0
2.280212404625856 -1.169641552193359 0
2.863518138551516 -0.09978843894090245 0
2.981260052895703 -0.8900050567831786 0
3.027506733169275 -0.8704619043969766 0
1.790318010583528 -1.219965400245934 0
1.77304235833405 -1.207880965717482 0
1.159886758629104 0.125765293118288 0
1.197605677767416 0.1446519214398633 0
2.865805610107564 -0.03630967895293308 0
1.279218424031941 -0.9888666772036988 0
1.280956960367854 -0.9686959117879792 0
1.299365151389163 -0.9600694149207808 0
1.282623643456798 -0.9484892417149722 0
2.284477958492871 -1.144288599747818 0
2.30313230262878 -1.159920705754517 0
2.299773644425633 -1.184518781941367 0
2.322519816144184 -1.175098444878373 0
2.325813354711782 -1.150510342810791 0
2.345723979677751 -1.165702595988255 0
2.349176467915573 -1.140524633096753 0
2.369449847791641 -1.156107383309881 0
2.365806477876136 -1.181225611228178 0
2.389646106135617 -1.171886664837465 0
2.393269477297845 -1.146460638783501 0
2.413890405966675 -1.162503062402213 0
2.417689373850669 -1.136502787466811 0
2.438624988421838 -1.152924569743798 0
2.451966048418545 -0.003992347514216441 0
2.398117983210258 -0.02897180038934765 0
1.770943222700648 -1.228731296630561 0
1.753725236147536 -1.216534795831045 0
1.848513538870622 -1.214063250535567 0
1.752159492356621 -1.236762075325032 0
1.734783803023267 -1.225183390305105 0
1.297633297641842 -0.6743225021339386 0
1.299318314899863 -0.6511712582964264 0
1.309168058750806 -1.245192938994566 0
1.733036631083547 -1.245183447425464 0
1.715979720304065 -1.233834054256845 0
1.29238358132722 -1.253014811084479 0
2.409716815332252 -1.188090319906776 0
1.301126656083098 -0.9396773627328457 0
2.442546726958063 -1.126185612559839 0
2.464244875333274 -1.143330045895349 0
3.020294884874747 -0.9203075360423527 0
2.974548289770985 -0.9385143754553953 0
3.067281072344841 -0.9006465752348793 0
3.074908976088148 -0.849516504077423 0
2.402807802770739 0.03045950195567979 0
2.348713262316137 0.005338654374781048 0
2.456573089170176 0.05502589930837756 0
1.817717217972744 -1.168074983403018 0
2.922290016699056 -0.07667565112256099 0
2.92608468921298 -0.007252602037389142 0
1.264343159441522 -0.9571113417997192 0
1.265928135923062 -0.9369958788801233 0
1.160347279289537 0.1689393115964563 0
1.20122951581842 0.188772177592922 0
1.71378019260872 -1.25420862838255 0
1.697295470036225 -1.242521129800146 0
1.278642701167717 -0.6614755731869648 0
1.280295675891513 -0.6386671784171382 0
1.27708611702203 -0.6848439564089548 0
2.353312523590032 0.0648110227341438 0
2.298538912607409 0.0393946012416041 0
1.695423813339863 -1.26276567082365 0
1.678872386905633 -1.251068329560543 0
1.680694104508477 -1.230796909260159 0
1.662314363201467 -1.239361506368249 0
1.768522040491721 -1.246977645616945 0
3.012807312906455 -0.9684010994183307 0
2.96879288373301 -0.9856731628685136 0
2.53490350633008 -0.3501390122605064 0
1.660503854455446 -1.259527258787543 0
1.644001594106774 -1.247639539147334 0
1.307660206222829 -1.264111881247083 0
3.116954641626022 -0.8811335926655306 0
3.124328945584213 -0.8279816108180094 0
1.968452758466318 -0.4478591041230591 0
1.290604420375192 -1.271801152497151 0
1.275334886301271 -1.260861573386611 0
1.273550092183604 -1.279475269437988 0
1.258380225483826 -1.268624693722859 0
2.303623184881563 0.09953330329573831 0
2.248508755166907 0.07388251593314224 0
1.247679681078583 -0.9456365284621442 0
1.249342328741294 -0.9256458533121631 0
2.468130952781534 -1.115613970248798 0
2.4905223563101 -1.133316420622155 0
1.335989152613089 -0.7010005345896905 0
1.259982505318091 -0.6483998588224482 0
1.261078461721536 -0.6271620697498709 0
2.984797368106755 -0.05042180387792437 0
2.993198702534389 0.02095609095453168 0
1.307133139841337 -0.09859163284437626 0
1.542211416841918 -0.6841936560100704 0
1.756898655590342 -0.7685661167241908 0
1.642229772419663 -1.26786847478674 0
1.6257940578119 -1.256475206609363 0
1.162390503539777 0.215063269109794 0
1.205194726838325 0.236769802743826 0
3.004925168979986 -1.014221282626933 0
2.964057434799819 -1.031627386659939 0
1.256696113272133 -1.28729281329967 0
1.241608838882236 -1.276395560135504 0
1.664055097830644 -1.219005902173351 0
1.979875383412245 -1.089380024106024 0
2.253663836796335 0.1341029313659843 0
2.198469334000785 0.1084329123695603 0
1.972150909104701 -0.4060554797106237 0
2.005680121582301 -0.4305050736399665 0
2.932115501965454 0.06214410692758075 0
3.000124239434292 0.09132838074281376 0
1.410769027470709 -0.5943219682853815 0
1.388765127740667 -0.5792429209134261 0
1.231293218657636 -0.9341292514058109 0
1.232890172946087 -0.9143385496407721 0
1.624112755841705 -1.276246899681759 0
1.607888182128808 -1.264916734089145 0
1.241798328169517 -0.6361292467651403 0
1.242743057670144 -0.6152145407705927 0
3.168005125340791 -0.8617643445120473 0
3.175955011341589 -0.8059999529616757 0
1.305903539695222 -1.282807128386906 0
1.323004572046153 -1.275167321210779 0
1.239938802152252 -1.294885729848627 0
1.224883564020434 -1.283983871202795 0
1.7415175658658 -0.6920567743525456 0
2.495721539390483 -1.104785326031458 0
2.518729478452248 -1.123361482803619 0
2.513241188884746 -1.151491778720443 0
2.539759708269628 -1.14096112387863 0
2.535291849471454 -1.169337608958525 0
2.562041618608137 -1.159246772436067 0
2.557314850335379 -1.187218503390766 0
2.584384530039184 -1.177262324335222 0
2.579661920616736 -1.205106528556256 0
2.60497762838505 -1.19481795837924 0
3.049979179925472 -0.0200232498875682 0
2.997959677772242 -1.058374750441851 0
2.959144468855325 -1.074802321363452 0
3.041768389186112 -0.09224785761457788 0
1.606116058788668 -1.284446079043998 0
1.590046341603424 -1.273276899697761 0
2.203534642246598 0.169366568464765 0
2.147725746164822 0.1436572821821778 0
1.222813040881044 -1.301304960903029 0
1.208715085443844 -1.290935936616285 0
1.210205073428318 -1.273484903478108 0
2.992142165015965 -1.100623921176559 0
2.954085206796083 -1.116209170327762 0
3.031945349940348 -1.085816671440872 0
1.321149265396772 -1.293811814626816 0
1.338269190327103 -1.286131222255688 0
1.588528477334522 -1.292328991484735 0
1.572400062398363 -1.281547541856013 0
1.573501211688598 -1.261742490698045 0
1.556229707377603 -1.270460363096632 0
1.554698767098945 -1.28982242116606 0
2.255931662721195 0.1934620115478732 0
1.412957412477498 -0.5677324886548395 0
1.390713413293844 -0.5526432322263333 0
2.205683297775756 -1.082086543258572 0
2.606264345894161 -1.16465812402735 0
2.009574643125894 -0.3902327129388921 0
2.043203402684944 -0.4138891962822767 0
1.164204658902977 0.2642612352404204 0
1.20930549979872 0.2867199218583335 0
1.250955948217986 0.2580089754492875 0
1.223865510108799 -0.6235355754006471 0
1.225370778198476 -0.6024698269234922 0
1.214872232265073 -0.9225253635057215 0
1.216147071106762 -0.9025889138602953 0
1.213397970785412 -0.9424853152299862 0
1.622916985893521 -1.295075579312516 0
2.939180813898081 0.1326322538182235 0
2.207854701859617 -0.7494921652387742 0
2.153044921535353 0.2046874841223027 0
2.096925412809004 0.1788143933885462 0
1.205471613414657 -1.308924855585423 0
1.492916347255484 -0.7320563354489595 0
3.222217409258276 -0.8417677044116202 0
3.229852226931534 -0.7830172505455236 0
3.007506836704585 0.1628831070971037 0
2.471819725503829 -1.086874109754662 0
2.601455410045769 -1.222181913787197 0
2.5757086056271 -1.23244052556881 0
2.624812065549165 -1.208524811583302 0
2.50034017862085 -1.075511670989548 0
3.106001279380812 -0.06293773736143536 0
1.538778605292963 -1.278790191680331 0
1.537269747449743 -1.298070271146064 0
1.194183076711845 -1.280440922191711 0
1.195289932115354 -1.263511275697081 0
1.540248063316346 -1.259430038362476 0
1.255823927687428 0.3097063225902645 0
1.299089372334533 0.2793803530248143 0
1.234364249940398 -0.8945048782270759 0
1.217776013230842 -0.8830765491579022 0
1.222730309579271 -0.6437444237749173 0
1.336355717810527 -1.304755248043328 0
2.985577411881843 -1.140845458892917 0
2.949111271924757 -1.155370592836277 0
1.415294832634359 -0.5406372695709398 0
1.392247961148376 -0.5248884564248881 0
1.711602438904191 -1.274467188465602 0
2.10229680089844 0.239792709476075 0
2.046531189956981 0.2132505840140799 0
3.099254707189036 -0.1315702527263989 0
1.206416564648468 -0.6112627975816198 0
1.207917589580561 -0.5906128323014082 0
1.1970511620126 -0.9305452470845004 0
1.196041392177878 -0.9511131347684749 0
2.041468685409535 0.1528858767949344 0
1.992155136946275 0.1869824963745049 0
1.995951038958387 0.247259817724861 0
1.941845999670848 0.2208880784238857 0
2.047422193107139 -0.3724214154571913 0
2.081852808473845 -0.3967040654378052 0
1.756739699086847 -1.194915655103018 0
2.597850447884495 -1.248207681051293 0
2.572745531375324 -1.258916145782476 0
1.277552447346609 -1.009021072404365 0
2.474416161819641 -1.056717772986404 0
2.503292745490315 -1.045271435355645 0
1.353916508029305 -1.296424470605907 0
3.276704133760284 -0.8192804642670841 0
3.268975190481746 -0.8787368006277775 0
3.284982334839145 -0.7593087451240881 0
1.303843400567996 0.3334588140579916 0
1.350799209935843 0.30024171922578 0
1.166414015999644 0.3163779550887975 0
3.16324173846091 -0.1045394941021301 0
2.943580756379218 0.2047380326953576 0
1.179296124312898 -1.270569400197107 0
1.180564672692141 -1.253408617350997 0
2.01468039815605 -0.7172388461118078 0
1.238113181873273 -1.313940553545419 0
1.945479906294775 0.2815248987140376 0
1.351614443388046 -1.31556719319793 0
3.234210836795513 -0.723659098468054 0
3.293539387618293 -0.6983700391257807 0
1.486126687660124 -0.9447359450795927 0
1.740403979575212 -0.4059113121415444 0
2.97934837998003 -1.179211589848478 0
2.944717877957766 -1.193152208626744 0
3.014639432925565 0.2359823663598465 0
1.235987542833033 -0.8746911963378596 0
1.219542405490298 -0.8634694442999391 0
1.20141093252463 -0.871817176891225 0
1.203114317342208 -0.8524328661012908 0
1.987899390863055 0.1275296580005356 0
1.185408234783629 -0.8608391984744515 0
1.186866168319981 -0.841525936645513 0
2.076492502511411 -0.9599077120768654 0
1.408075496059261 -1.14714913286322 0
1.417637850963167 -0.5127589618435087 0
1.394340529795099 -0.4970360927487953 0
1.440866590992223 -0.5288263969877518 0
1.189384889097922 -0.5997243370150498 0
1.190783309947346 -0.5790855423964857 0
1.2096238855966 -0.5699858469577881 0
1.191950398140974 -0.5579544553051708 0
1.211214835536818 -0.5489393668910073 0
1.193176252765063 -0.5367243196124055 0
1.212450441833817 -0.5274898985066865 0
1.194527098254001 -0.5154368817440717 0
1.213980685749599 -0.5059192169692177 0
1.195903410721509 -0.4938524489755796 0
1.215952099975351 -0.483893210878031 0
1.19729968246921 -0.4716543654065712 0
1.217568943922277 -0.4614856611088901 0
1.198612767497104 -0.4490687112079228 0
1.219002860000983 -0.4389999200614035 0
1.199902587046064 -0.4262642058125907 0
1.220016736314922 -0.4160952041881811 0
1.201192033261727 -0.4031094183238864 0
1.222276803759582 -0.3928878941986801 0
1.203087415521363 -0.3795726149536789 0
1.223493585299641 -0.3689700160900338 0
1.204535046688996 -0.3555499987783943 0
1.89039126071724 0.2549676494614342 0
2.593613611800425 -1.27442494316293 0
2.56934508653735 -1.284391108669901 0
1.179996414584371 -0.9396602903952053 0
1.178796469957743 -0.9593791442298102 0
1.406092333599176 -1.167357612364472 0
1.522699737142316 -1.267740731512637 0
1.354088767470417 0.3572329768254088 0
1.306985876309851 0.3892157576598064 0
2.921977757338294 -1.089806538156026 0
1.890694916565551 0.3163230525305371 0
1.950224884561903 0.344318830744103 0
2.08577914353571 -0.3544212050166296 0
2.048678756956846 -0.3310172407263897 0
2.477709139154876 -1.025713610005876 0
2.507988624476654 -1.013661298677985 0
1.164983824468026 -1.260163073132489 0
1.166393744861162 -1.242877283256983 0
1.165010685381037 -1.278694803464947 0
1.424584746812841 -1.159102692082479 0
2.121547650780993 -0.3800232453052728 0
3.323980627247405 -0.8557213228320768 0
3.316613220149705 -0.9158786471502827 0
1.368952470969227 -1.307517296748908 0
1.225784855218129 -0.3450999285947057 0
1.200376164216937 -0.3303451595813056 0
1.24352619289524 -0.3607246832620657 0
1.366509062835691 -1.326964630176842 0
1.350456751251461 -1.335864313178674 0
2.952674976428271 0.2787191158303639 0
2.974125000358089 -1.216491451109895 0
3.008182623633683 -1.202713426062344 0
2.940699080277112 -1.229557605316674 0
2.911847999769642 -1.208114622614396 0
2.907701018615009 -1.243087400822841 0
1.169484068697382 -0.8500622963371698 0
1.170840879880451 -0.8308285921926176 0
1.237658597607601 -0.8546595754232216 0
2.58840437311755 -1.300027965656282 0
2.611167043069458 -1.292361267796577 0
2.565414297822111 -1.308779532046282 0
1.443255240865623 -0.5001236063051238 0
1.4675224571248 -0.5170235320146076 0
1.173358915647062 -0.5673169435595695 0
2.153253364843398 -0.9531872161213797 0
2.077673421781232 -0.4379380050969992 0
3.243184133233006 -0.6603857417973386 0
3.301640370620401 -0.6350973155211148 0
1.383655033868605 -1.318996463243912 0
1.179604534652295 -0.4367665866210093 0
1.40118340184219 0.3248327024624112 0
1.405437738225331 0.3825100564873272 0
2.856868582536541 -0.1640398505162199 0
1.162743129362831 -0.9474368697325848 0
1.161385418574806 -0.9666618498407658 0
1.176728258724405 -0.5036987294815328 0
3.022584786306045 0.3107368861598146 0
3.084499924601059 0.2666808258519983 0
1.21594937985021 -0.03371599190798882 0
1.227776651399845 -0.3202990804746639 0
1.204889164992684 -0.305174485582985 0
2.124013658190158 -0.3357152507050091 0
1.181735608481715 -0.3478241573453439 0
1.150631616731996 -1.250004298813546 0
1.152197900741373 -1.232732514053547 0
1.187955111789638 -0.822452313529443 0
1.171985983669891 -0.8116232734434687 0
1.381310396901464 -1.338284632970328 0
3.371877962690179 -0.8925420909887066 0
3.364303211925478 -0.9531253975591186 0
3.002977504620568 -1.23885288337714 0
3.036274051124146 -1.225834574859511 0
2.583977225715088 -1.32267035194788 0
1.892063605445996 0.3792180922010976 0
1.398724151013907 -1.329946018609928 0
1.400843252555545 -1.31030549325329 0
2.546660514247092 -1.293823725352873 0
2.542807676762648 -1.316514158511857 0
2.525289566849124 -1.30401812384847 0
2.521212823529789 -1.324895751302847 0
2.504240711352756 -1.312931554981126 0
2.500431022512743 -1.334046856824733 0
2.483248158601413 -1.320467336389316 0
2.480068927243557 -1.343661271343815 0
2.463125919678899 -1.328846113998047 0
2.460170080901138 -1.350551351329696 0
2.443519386018246 -1.336763799881798 0
2.162246711236668 -0.3622302454407038 0
2.880329296084034 -1.222203075397757 0
2.875776312095623 -1.255555669357623 0
1.167968216700496 -1.225384094025937 0
1.154730038384239 -1.215371190509153 0
1.169812118939546 -1.207925320615387 0
1.156506672553065 -1.197820449550508 0
1.171536818500535 -1.19037545037406 0
1.157142689106844 -1.180129131432869 0
1.173039672371892 -1.172723861754878 0
1.157605763084983 -1.162757867878162 0
1.174493619106636 -1.155049157556993 0
1.158439847433604 -1.145608241923923 0
1.175998603222397 -1.137343489718088 0
1.160778670230787 -1.127576635158457 0
1.177781804880588 -1.11939367196162 0
1.163035761442057 -1.109056885488145 0
1.1462511002842 -1.117195416094321 0
1.148497636946147 -1.099066293520529 0
1.165918932680695 -1.092077048681125 0
1.15493954425858 -0.8201072253285613 0
1.156112491831288 -0.8009148415649652 0
3.092610132053047 0.3430823126538134 0
3.156350818524795 0.2972093813073692 0
1.138105372041329 -1.172043185924862 0
1.955493719890102 0.4092265950463074 0
1.348478609503331 -0.9938299043370252 0
3.353504644473724 -0.6742137501353949 0
3.360945139749197 -0.6084223086621701 0
2.193429151845161 0.04888531289256615 0
1.145805432051376 -0.9553558368080188 0
1.144513195036763 -0.9742802036186264 0
2.482444291840042 -0.9939039707707936 0
2.451599163630257 -1.006287337582329 0
2.512696424847535 -0.9809752367404168 0
2.53924144005473 -1.001918326641626 0
1.229778302182488 -0.2953583117184257 0
1.207806725777777 -0.2803440878075033 0
1.17318676411695 -0.7924333294338017 0
1.157256625114853 -0.7818923583632971 0
2.153503687488976 -1.130574601653696 0
1.396626332767132 -1.348580149813649 0
1.414365928809497 -1.339877189192349 0
2.960436260574678 0.3544336310951094 0
2.889368261560571 0.3220472150471905 0
2.543976622304589 -0.9678357257616247 0
2.57169858734354 -0.9898397201143914 0
1.469649687271212 -0.4872110492669619 0
1.494629220785621 -0.5046314585850835 0
1.118657899476791 0.2915271663225478 0
1.120269046536654 0.3474012879146025 0
1.138579536699997 -1.220658077665484 0
2.440496655302868 -1.357286765294454 0
2.424295435399476 -1.34446371949934 0
1.230707825493927 -0.5401933501580429 0
3.250187913948598 -0.5971914185484248 0
3.030849413861669 -1.261294588530677 0
3.063985001801116 -1.248417604354884 0
1.452873255141875 0.3491878795500675 0
1.458073151347442 0.4081453875662913 0
1.447200621271052 0.2913887425008288 0
2.456432473610405 -0.9742343849644374 0
2.426108432979915 -0.986882382447307 0
2.164873991597703 -0.3157641450138065 0
2.754514753635039 -0.6666495041033076 0
1.516655037650542 -1.040398474505699 0
1.514392375407552 -1.062717324122553 0
1.534823563663045 -1.053507603194967 0
1.532723603123913 -1.075762672798793 0
1.552957242909961 -1.066607265556971 0
1.550880773301689 -1.088775384156429 0
1.57102138825804 -1.079648523134746 0
3.420774493138792 -0.9312084004496863 0
3.41072956069642 -0.9907746682822375 0
3.356501598204856 -1.0119172759161 0
3.400387460000223 -1.047419546220399 0
3.348583263265905 -1.06710801705653 0
3.391276021666981 -1.101256123743897 0
3.442250551140635 -1.083027002086524 0
3.434010640584042 -1.135259531025934 0
3.383703808503109 -1.149500732086359 0
3.484123445516829 -1.117175268879588 0
3.470905927573176 -1.176770879340882 0
1.577564788951175 -0.8497392288455008 0
1.069445243494348 0.3206286852935327 0
1.070549288608452 0.3812594839390001 0
1.015602928678807 0.3524019770589711 0
1.017396699736768 0.4171213973554572 0
0.9587248100283162 0.386356257883989 0
1.568711021651014 -1.101683971053931 0
1.588909090771521 -1.092681811964542 0
1.422588978409298 -1.17921921208045 0
1.44108424942477 -1.170940533607841 0
3.164027333655009 0.3759210446670603 0
3.229145248307357 0.3290144571935434 0
1.13920188630108 -0.809385159321662 0
2.849656050277044 -1.235502597610898 0
2.846127785239117 -1.267948187573713 0
1.411850333871214 -1.358943903625268 0
1.394893146625875 -1.367145472812704 0
1.429312724446137 -1.350515776736879 0
1.174459376229265 -0.7732902730312966 0
1.158418703555989 -0.7626317013267501 0
2.420862679532587 -1.364127050632523 0
2.405046513110544 -1.352069312641617 0
1.920090018050129 -0.5717478895448348 0
2.89778034159519 0.3984449173019851 0
2.827625789856754 0.3659461007736902 0
1.132009585865231 -1.106660569438052 0
1.134601561512494 -1.088968902696394 0
1.177777626379118 -0.9796930832856195 0
2.526723230467581 -0.5034213542844521 0
1.238930413582435 -0.4256810313178844 0
2.408084149110229 -1.331992909061332 0
2.38914193512007 -1.339680027396764 0
2.38608480167842 -1.359786650532809 0
2.370205100476181 -1.347515725165123 0
2.372916930082516 -1.327285252178661 0
2.354178408802906 -1.335374657079108 0
2.351649677655774 -1.355345072960283 0
2.335668651070453 -1.343429927230235 0
2.333689152591376 -1.363171989722979 0
2.317740636057974 -1.351435643039035 0
2.319660060022959 -1.331637147507946 0
2.301762508685785 -1.340351669330103 0
2.300876678343688 -1.36013257884176 0
2.284239591341078 -1.348481239667728 0
2.287248982603635 -1.329178749652781 0
2.267648140388444 -1.336611618125299 0
2.266966101073793 -1.356821960301317 0
2.249225230842228 -1.344648437199984 0
2.251139463827112 -1.325287165656794 0
2.232991642237219 -1.333433941755974 0
2.231021510280317 -1.353065761546838 0
2.214963937141497 -1.341905997223059 0
2.216631990797747 -1.322335444687766 0
2.198750920731769 -1.330817605725237 0
2.19725227984449 -1.350382917909765 0
2.18085718924592 -1.339562152373824 0
2.182362943494241 -1.319818366568881 0
2.164328773450229 -1.328658581003392 0
2.165757705910102 -1.308626509692805 0
2.147852470234297 -1.317579951676831 0
2.14656530941618 -1.337511509024872 0
2.129953815908583 -1.326638251855851 0
2.131178130223348 -1.306747508641745 0
2.113438157420171 -1.315803763430109 0
2.112161224959784 -1.335590162464612 0
2.095728817243504 -1.324913317041397 0
2.096736362967263 -1.30508885448898 0
2.079192957231603 -1.314368919257339 0
2.078310388122025 -1.333977123112288 0
2.06181837990923 -1.323602919808248 0
2.061238497486685 -1.343002752349117 0
2.044772250846359 -1.332768870020173 0
2.045345333121041 -1.313260322469615 0
2.028461444486778 -1.32301594646462 0
2.027790160163645 -1.341971257338724 0
2.011581175325253 -1.332399096209514 0
2.010977495525428 -1.351025293709761 0
1.994625131143774 -1.341114650243945 0
2.030442697413392 -1.303415242645368 0
1.994168835828603 -1.35989596497075 0
1.978005310618485 -1.350104209980331 0
1.978448131018064 -1.331484558239731 0
1.961721405692243 -1.340415430263889 0
1.961446130223627 -1.359171917110234 0
1.945374798834347 -1.349512657867448 0
1.945424751834871 -1.330635774220105 0
1.928851345520874 -1.339552784686666 0
2.009970181989892 -1.369765033375871 0
1.945234468430814 -1.36818948067406 0
3.415248247822195 -0.649379600914414 0
3.422831884503094 -0.5808217448500161 0
2.871009095089344 -1.287434879530597 0
2.84222815741236 -1.298995822659314 0
2.817852168848185 -1.280558496050662 0
2.814169689046056 -1.310198225957651 0
2.516902715648608 -1.347605105869716 0
1.129413782106026 -0.9637495257438184 0
1.130806715105297 -0.9449286755236128 0
1.127958696091398 -0.982036170149803 0
2.203770652292606 -0.3426258460049267 0
2.199443015330175 -0.3889706238473631 0
1.901579684866746 0.446280182785103 0
1.426819365969789 -1.36958412696885 0
1.443713653105204 -1.362008166913744 0
1.303494074482318 -1.137392885894247 0
1.07201202075082 0.4446745211643766 0
1.929070502644293 -1.320729229060217 0
1.912137236415533 -1.329792925530641 0
3.524912367424363 -1.152516685178271 0
3.535755309774132 -1.097147390960423 0
1.499660075506597 0.3155036766099079 0
1.493532168452046 0.25824136101046 0
2.760963309356294 -0.03009987890215032 0
3.236895401259894 0.4095704358395696 0
3.302500941017515 0.3622735102802503 0
3.516608721287115 -1.204982296974648 0
0.9598836510806591 0.4551717562135754 0
0.8969018927888306 0.4248653654713233 0
1.441612847218267 -1.380415899914846 0
1.458291569041015 -1.372978489727126 0
1.231725265854844 -0.2695711135900573 0
1.210086532237653 -0.254995837038156 0
1.254354370932889 -0.2851655733841941 0
1.186677513603534 -0.2658296015121882 0
1.188659768627601 -0.2411499768141099 0
1.166364164022978 -0.2519333203140233 0
1.167822597304312 -0.2277493256478887 0
1.962167268695898 0.476702797459697 0
2.790539507483044 -1.292893476049607 0
2.787151595127479 -1.321165413444852 0
1.146366635222883 -0.2387388042802676 0
1.147483285147012 -0.2151032677703597 0
1.168925515557693 -0.2037565028752968 0
1.148349902328452 -0.1910094711696618 0
3.311515297480162 0.4430516335741872 0
2.864974685679878 -1.317836228306006 0
3.294473601069398 0.2810969762734732 0
3.368320498629123 0.3136064143021522 0
3.360126720457595 0.2325529011294217 0
3.156574126858594 -0.1740636245501562 0
3.221987599305378 -0.1453075696633508 0
1.82869053569219 -0.5436245043043888 0
2.208896549605801 -0.2962441287623974 0
2.167676854398696 -0.2687325323177254 0
1.496986135444289 -0.4742596848989853 0
1.471555894266542 -0.4568297628574666 0
1.522093457734248 -0.491732257615365 0
2.454685860848838 -1.371065148117563 0
2.576652325089366 -0.9548115120813467 0
2.604466407749297 -0.9769717476324564 0
3.058770764979301 -1.283410661787495 0
3.091548359181274 -1.27072688114309 0
3.097096611556437 -1.234694666172434 0
3.126554501157407 -1.258512540742522 0
3.131681719096396 -1.220479784618612 0
3.161565125011805 -1.24503381296169 0
3.155774243276058 -1.282383273460915 0
3.190404550417728 -1.269526903002171 0
1.355384210534776 -1.277870606589873 0
2.43054311097184 -0.9546590025860746 0
2.400474572883048 -0.9674016282218751 0
1.548617258192578 -1.11079059852227 0
1.566319021320441 -1.123497218362727 0
2.834910174010048 0.4423456501504243 0
2.76533668828454 0.4093335912228298 0
2.24125417946789 -0.3696845229678131 0
2.236516389378933 -0.4152060814253976 0
1.117696602946379 -1.096403594478788 0
3.026377555264804 -1.295851053274188 0
1.546689800878994 -1.13245353156666 0
1.439269018665348 -1.190736823046408 0
1.175609883209101 -0.7540695801074926 0
1.159495993448241 -0.7434964677380724 0
1.19187624269037 -0.764736902012033 0
1.142520807694156 -0.7519833262761315 0
1.143525156695503 -0.7331813811732708 0
1.126826884059992 -0.7415204602880834 0
1.127797388561627 -0.7230510131377859 0
1.120103181911494 -1.078602820394245 0
3.479271059931907 -0.6236666297079188 0
3.487820830046917 -0.5538654649785869 0
2.905373522842352 0.4761456937571449 0
1.192726293489435 -1.129707665703228 0
3.566600631945613 -1.185929233316443 0
3.558006247777913 -1.237489805068436 0
1.545919415435854 0.2822135821186301 0
1.539504700950339 0.2263190296675368 0
1.114483015871268 -0.9533536359663077 0
1.116041606783114 -0.9346382424260651 0
3.430334264346908 -0.5106453005183785 0
3.496909780691456 -0.4824218873039974 0
1.254378656374419 -0.8661494564292189 0
1.256026809163308 -0.8457343233286966 0
1.273119370567824 -0.8574778822017707 0
1.274750514819289 -0.836600651964123 0
1.292102259650749 -0.8485473921465234 0
1.29380172508178 -0.8273321702682127 0
1.311669174191796 -0.839573291534186 0
1.564026242919689 -1.144957607369755 0
1.4463093451546 -1.342889828835756 0
1.465104912453863 -0.9546219515323587 0
1.466980272627482 -0.9315802172463005 0
2.488530917396284 -1.296356560692241 0
3.184107316906895 -1.30612072969203 0
3.218549289424347 -1.293613745117659 0
1.144889968610801 -0.2623192727538723 0
1.544578109138606 -1.153669952972671 0
1.912490999880932 -1.310790881197297 0
1.895705475922145 -1.320403981044043 0
1.89536493990954 -1.339192622849675 0
1.879071695999498 -1.32993466361359 0
1.878961886557995 -1.348845609685717 0
1.8626219218805 -1.33937284558415 0
1.862545007631935 -1.35815196390808 0
1.846389007362431 -1.348762934301614 0
1.846851365569731 -1.368046738779273 0
1.83034413781738 -1.358166851643502 0
1.92975649648144 -1.301468097445674 0
1.830051345394064 -1.376534272314813 0
1.814166603221797 -1.367200292701917 0
1.814092965937622 -1.385542668136341 0
1.798200678667607 -1.37630210164837 0
1.863585705368638 -1.377166686120223 0
1.798216042215238 -1.357884092191279 0
1.782260773332741 -1.367130438281571 0
1.782200235761938 -1.385440605467356 0
1.766386937897872 -1.376380177083678 0
1.846347755576399 -1.329902496750019 0
1.256096853209867 -0.2572081654628619 0
1.279329271082994 -0.2731023118265917 0
3.052851683052148 -1.317141866909829 0
1.499721996280918 -0.4435724988032005 0
1.47357858063518 -0.425767848993675 0
2.758743858574996 0.3338656940412 0
2.697348745454065 0.3765815066392089 0
2.702787963507653 0.4522620196022574 0
2.634843747981891 0.4191120687521404 0
1.456325078853451 -1.391000327100017 0
1.472855654722238 -1.383718932067642 0
0.8998159254607208 0.4967672631161841 0
0.8313806156470251 0.4635322365686688 0
3.434941792146341 0.2655060477698695 0
3.426451751837118 0.1837784609860817 0
2.764273237256018 -1.304254882002833 0
2.761328544545455 -1.331947697028817 0
2.767479721152272 -1.275987525693767 0
2.783107505914949 -1.348369349023655 0
2.75839233214313 -1.358664039646745 0
1.519556776044429 -0.5223030025955002 0
1.547228584220541 -0.5093753331666114 0
1.170317857968569 -0.1793523834930376 0
1.14931875750572 -0.1664769604637979 0
1.905261687885464 0.5151685031260829 0
1.841793737888815 0.4835434855694168 0
1.313457116462821 -0.8181746429601002 0
1.331352418886422 -0.8302360038810537 0
1.295108495940911 -0.8077300048075032 0
1.524238898432778 -1.248276342030106 0
1.506589748070184 -1.256703177852317 0
1.126099066764248 -0.2491345342385444 0
1.124781683651318 -0.2715862401581386 0
3.50854889668389 -1.264677247949207 0
1.369051187930399 -0.5091526916831893 0
1.370973572545833 -0.4815661620673147 0
1.446150419625753 -0.941390483298185 0
1.447981962998819 -0.9184292883720863 0
1.427312991471068 -0.928211903196249 0
1.429158596506718 -0.9053482284048755 0
1.45005281726365 -0.8955677254247458 0
1.430954608645853 -0.8823197935712459 0
1.452134490680559 -0.8723935656300791 0
1.432662987085206 -0.8589335828152838 0
3.021992512615376 -1.329113750346298 0
2.639665862572194 0.4950733845408045 0
2.57164534228848 0.4612433693972932 0
2.548338873947026 -0.932659658949179 0
2.581861075651799 -0.9193348210136559 0
1.277302714428104 -0.6175224392865222 0
2.439241146108926 -0.1319873472583418 0
1.111322264880167 -0.7313010717929009 0
1.112356696024868 -0.7128518097121259 0
1.12872232481765 -0.7046477731721159 0
1.113352746815149 -0.6945559996782721 0
1.129559142520647 -0.6863253149094467 0
1.114166034165276 -0.6764781080528435 0
2.278430834495435 -0.3964946499564208 0
2.273539734483101 -0.4417895517801836 0
1.128057590044638 -0.17806735300007 0
1.128713989146896 -0.1541684888451761 0
2.232367490150708 -0.4599300326567811 0
1.18585809266263 -1.200879795797741 0
2.213834725862481 -0.248439228928179 0
2.172349784702582 -0.2202240259598062 0
1.782359457768798 -1.348545841491909 0
2.737357829357872 -1.34315174946214 0
2.734669948818282 -1.368390598563131 0
3.189496689195432 -0.6231096191656624 0
3.198478197114073 -0.5595502593771846 0
1.5913118400252 -1.070450278464223 0
1.609418544965668 -1.083633750165758 0
3.092102893533553 -0.2022496368806673 0
1.76628007882305 -1.394524656594464 0
1.750600998431604 -1.385476157241399 0
3.140514624331729 -0.5843725946348055 0
3.214420303876209 -0.2166132944545254 0
3.280428688852173 -0.1875386527529664 0
1.110284974883392 -0.7496074427896861 0
1.443695025443874 -1.149938021288361 0
1.103574692921573 -1.085825559317832 0
1.1014007168276 -1.103510489321997 0
1.10516030091086 -1.068453449859789 0
1.332029849830522 -0.8098326093935071 0
1.193112005681707 -0.7451167508046233 0
1.96810887773144 0.5464492394045116 0
2.02613441772142 0.5064416131362212 0
1.404240260772656 -1.187388013459396 0
1.329623716782564 -0.8521074116622875 0
1.846609856729909 0.5539022467255748 0
1.783769284690204 0.5223211778722238 0
1.487794767552007 0.2037322701887046 0
1.534214443757524 0.1726906605258712 0
1.583349019622657 0.1941624045241373 0
1.577281086120034 0.1410519416185007 0
1.625985777138642 0.161887900746246 0
1.620059063767266 0.1091172182802438 0
1.668123500774239 0.1302243010719137 0
1.662889184260512 0.07840043646743158 0
1.710051029071097 0.09915811168902747 0
1.703447477917503 0.04810280884319142 0
3.243962413367192 0.4915933251260302 0
3.319248131393751 0.5268400370389283 0
1.502563479172601 -0.4121241883018585 0
1.475755590259088 -0.3940447178774536 0
3.168325702902033 -1.20642070801053 0
1.611846789417063 -1.061186775683072 0
1.630147608859633 -1.074499995082685 0
1.627088637243811 -1.09693428733458 0
1.648308731179742 -1.087853489097958 0
1.650897495987913 -1.06535354977152 0
1.669335314220959 -1.078833057072126 0
1.671894290363494 -1.056054979064406 0
1.690491477479285 -1.069699251415068 0
1.693076919923044 -1.046602557414778 0
1.711930075223148 -1.060447893850569 0
1.714543816008242 -1.037029847760221 0
1.733748835244697 -1.05111489450794 0
1.736258399713184 -1.027393799529666 0
1.75563692186254 -1.041577904356344 0
1.758095204062043 -1.017463341573941 0
1.778125736477074 -1.031992282567505 0
1.780625827459599 -1.007432797797428 0
1.800654339843387 -1.022145903359814 0
1.803561220492325 -0.9973314613250792 0
1.782978734171158 -0.982306351071045 0
1.806428054619331 -0.9721368608714125 0
1.827089176590905 -0.9873153066202739 0
1.830201960745641 -0.9619915979981635 0
1.851066083277479 -0.9770072095473982 0
1.854208277237225 -0.9512633262736656 0
1.875471228760664 -0.9666964714250215 0
1.785641176071397 -0.9569704478686282 0
1.878450558305993 -0.9401545314183847 0
1.856889802516374 -0.9246231522771703 0
1.900111243236875 -0.9560877550601158 0
1.666145086896938 -1.100170536724938 0
1.87246276434641 -0.9969221185156689 0
1.732161028223502 -1.075317736395878 0
1.903162587727913 -0.9290975784537761 0
1.925198478207401 -0.9453317194021622 0
1.797954913979377 -1.046643433125291 0
1.408612641993226 -0.9151748376235516 0
1.544361120899211 -0.5399644375288914 0
1.572528133037239 -0.5271603832913936 0
1.575563339883217 -0.4959295797114766 0
1.601374499385026 -0.5141683103508232 0
1.598212467085537 -0.5455978092458554 0
1.627244632059402 -0.5326504195618422 0
1.624267363909702 -0.5643522200440195 0
1.653129600474507 -0.5512824983232913 0
1.209839101398788 -0.7561739081723344 0
3.607663888134022 -1.219212531742451 0
3.599179092209571 -1.270046860921794 0
2.396416538717459 -0.9993579023105146 0
2.371124123533897 -0.9804104392787927 0
2.85342728350852 -1.202290997748488 0
2.403904456612604 -0.9346244735864926 0
3.14784487059616 -0.5221797748019441 0
3.089332318427589 -0.5479787616984484 0
1.716601415288958 -1.013505405177673 0
2.714584056357324 -1.3534983601682 0
1.346327633544623 -0.4937841066507969 0
1.347962324633775 -0.4664113618749697 0
1.453968156685957 -0.8488557159931984 0
1.434418270490966 -0.8353304161430657 0
3.545219677121439 -0.5969636140208894 0
3.537215378103417 -0.6663983878447676 0
2.779490742878731 -1.374680288537246 0
2.568959873240783 0.3851937692953705 0
2.503873467982108 0.4278391388352687 0
2.508871917946939 0.502964227126423 0
2.44071605362906 0.4693049547885422 0
2.445615406599016 0.5444757132638378 0
1.099762161834511 -0.9432114904214632 0
1.101106719785867 -0.92537409617757 0
1.657736748441719 0.02776484833538177 0
1.697852945335542 -0.001817774495320246 0
1.743229093993921 0.01775399115718933 0
1.737310582294363 -0.03146363569523343 0
1.782188158348859 -0.01266040916849393 0
1.776340983601342 -0.06068412851850769 0
1.820930549855553 -0.0424752914318294 0
1.815094432978266 -0.0900446028609333 0
1.859388090460293 -0.0720019295490715 0
1.853180241902832 -0.1194729463321107 0
1.897646930033942 -0.101204911633229 0
1.891399187546732 -0.1485798805201495 0
1.933426013865701 -0.1300230301712641 0
2.032596100286731 0.5776827826434779 0
1.91267018796832 -1.291240800981623 0
1.930356554538035 -1.28166487704589 0
1.471112116769679 -1.401544941517093 0
1.487523372754776 -1.39428076556373 0
1.48924924393854 -1.37635465673998 0
1.503962794048436 -1.386979544764019 0
1.502100228240573 -1.404864028765097 0
1.518572634875141 -1.397610049057032 0
1.327278932319011 -1.044539675241547 0
0.8351420561731141 0.5380018186375668 0
0.7662739059270471 0.5019584523870476 0
2.268352425259733 -0.4859650281240273 0
2.228600042324694 -0.5037842665483058 0
0.7653992757966784 0.4277067502018146 0
0.6972376254284816 0.4642112348768639 0
0.6990290061384875 0.543437504804395 0
0.6283128854906992 0.5057654184929419 0
2.315889183525707 -0.4236933402903179 0
2.320759278750075 -0.3772828590354143 0
1.098108350082693 -0.684659250870235 0
1.098969519222796 -0.6667881553868071 0
1.114956626517945 -0.658413295476761 0
1.099729504828619 -0.6488037681049936 0
2.71178467361741 -1.377788747543846 0
2.692391549426977 -1.36343615686628 0
1.087679723979757 -0.01849125797503975 0
1.121675776734369 -1.060975712190226 0
1.106793188584753 -1.050948415791949 0
1.106805701658873 -0.2593994810858395 0
1.105397572123026 -0.2805472099874482 0
1.115680057695159 -0.6403163872165284 0
1.100362083321287 -0.6308134312157 0
3.502208076147014 0.217289109218547 0
3.493373138573433 0.1346397826001233 0
3.511564204074878 0.2978736391622742 0
1.527250904366302 0.1180523127699308 0
1.561922329904533 -1.165912469469029 0
1.581189966094922 -1.15750246373652 0
1.439301212605827 -1.399146475057534 0
2.368295837613854 -1.010666785700674 0
2.342807735983905 -0.9930651797269242 0
3.046850861054316 -1.349439993340512 0
3.211987295033784 -1.329377286541965 0
3.245711888019319 -1.317372464183813 0
1.520473747198686 -1.379671007169295 0
1.53509118149571 -1.390357087268768 0
2.434934499701789 -0.921504569300013 0
2.599312539189881 -1.012082290530074 0
2.632258910545287 -0.9992501921742323 0
1.845267116081071 0.2848020169689394 0
2.339550771208969 -1.022314191591097 0
2.314732563097987 -1.005049696555993 0
2.318025866261769 -0.9750397746852412 0
2.08864533864853 0.5368977862633421 0
3.204388974271014 -0.4961274192860424 0
1.457528402079321 -1.182773015319803 0
1.281191084429932 -0.2440236781553579 0
1.305157197630239 -0.2603865873054979 0
1.302883326402179 -0.2896362587048942 0
1.329470807041504 -0.2770670186190535 0
1.327081653941049 -0.3067046835944304 0
1.354175074492028 -0.2941038258276994 0
1.35246646210482 -0.3244600292720685 0
3.017205381197521 -1.360628658387826 0
2.290321346899322 -0.9875791837737622 0
2.293256363892521 -0.9571260072926269 0
3.305912665391658 -1.033672350039659 0
2.927241282046716 -1.004752401494551 0
1.928299765188075 -0.9179034027157977 0
1.379680490462762 -0.3114769019966419 0
2.552473265082775 -0.8962770400460831 0
1.117018782338463 -0.9163200435358843 0
1.102039713747778 -0.9074586838844529 0
0.9047309297152497 0.5730354935573774 0
1.108692820715159 -0.1653067438644753 0
1.109095020571451 -0.1422870908004298 0
1.129148809618867 -0.1306443766157864 0
1.171723541189556 -0.1544912194997226 0
1.193811250520033 -0.1680983176487424 0
2.587954759350062 -0.8824137389997839 0
3.097327990465641 -0.4855328178593712 0
3.038717226142527 -0.5108800786952679 0
2.407515937604945 -0.9010503959377787 0
1.516598651314 -1.415422669969624 0
1.950812522440308 -0.9345017466089748 0
1.947996551258575 -0.9626222632227031 0
1.535994326590813 -0.7651351785531003 0
1.089133749812768 -1.075722833928971 0
1.18177201725927 -0.3902182542315077 0
1.095029257824887 -0.7391952292714814 0
1.093945551396484 -0.7574713590545958 0
1.537044547184967 -1.372348337004938 0
1.551608971763809 -1.383092434589671 0
1.750581754956708 -1.403520639182859 0
1.734830324766472 -1.394608726730137 0
1.734862938040027 -1.376468895318481 0
1.719036350343059 -1.385649524824357 0
1.719013299553312 -1.367325517739068 0
1.703265392169445 -1.376586504438109 0
1.703277964289055 -1.394818805490523 0
1.687631002896957 -1.385849393393657 0
1.687715812634168 -1.403891537226652 0
1.672111209310119 -1.395037849309707 0
1.687341766582971 -1.36767234135391 0
1.766383569181619 -1.412560104575802 0
3.178896871880526 -1.341155542746531 0
1.447038336712275 -0.7014454365157077 0
1.650172776336209 -0.5830220477125092 0
1.679066762318732 -0.5698957760380877 0
1.814638233468769 -0.747013294766235 0
1.974169213573317 -1.158597657418873 0
2.058392727107869 -0.8525792945980563 0
3.045820038716308 -1.002588000233841 0
2.507610767616671 -1.182556012164437 0
2.06419102998281 -1.120761339298361 0
1.672283910936217 -1.412921816058319 0
1.656671898340852 -1.404141312322926 0
1.928753520821003 -0.7570550559839678 0
1.604533026477185 -0.4822536267828355 0
2.162531041035745 -0.8941501738860302 0
1.328387703073576 -1.218272092620155 0
2.218370234233586 -0.1989847620046683 0
2.259715736524895 -0.2281618688025689 0
1.807677300952721 -1.232422980016072 0
1.314812334678596 -0.7109635839368759 0
2.439231643928869 -0.8878335131639244 0
3.64770957286156 -1.252309781025616 0
3.659764948578407 -1.201863767961912 0
3.638920498310807 -1.300438080743538 0
3.591465354201517 -1.320411830075434 0
2.741261184073046 -1.287442330318987 0
2.744378475596943 -1.259091678638422 0
1.658489385802993 -1.278872540537828 0
2.34931147619536 -1.374848452812839 0
1.793978058703905 -0.6641031949265751 0
1.261174899048626 -0.9974107170619911 0
1.259359896829184 -1.017212863421658 0
1.342925445509971 -0.5197059580047646 0
1.513392065140106 -1.085546321419641 0
1.549650310152347 -1.401003917410109 0
1.566076463232699 -1.393812055399532 0
1.568170056604747 -1.375901162952637 0
1.830263227135217 -1.395692325862199 0
2.356558081580577 -1.314933789374389 0
2.689664735110846 -1.386899039007491 0
2.670922338481353 -1.373043869434449 0
2.177105029245759 -0.1702135898306135 0
1.187732976176549 -0.6200070744048651 0
1.787748820713453 0.5937107068350002 0
1.724300126274686 0.5611152304388606 0
1.676404019003946 -0.8054396794176127 0
1.642006073226822 -0.8715393059453622 0
1.098275004438099 -0.9610725014000178 0
1.960992106143083 -1.377707068552917 0
1.944918494418382 -1.386623678394656 0
1.960716184659577 -1.395899717240951 0
1.944809940631486 -1.404615336052919 0
1.959883823147991 -1.413786451616955 0
1.319568795655232 -1.311973254461744 0
2.33132420400512 -1.382582016581714 0
2.34677712637431 -1.393826011384593 0
2.329545653437984 -1.40132062382874 0
2.078926896179014 -1.354898519233922 0
1.286309718826176 -1.145683579349894 0
1.287427737997671 -1.126204126276126 0
2.074320095439321 -1.016313440497215 0
1.260455052164898 -1.250078617816353 0
1.138004641461364 -0.8281320201895853 0
1.122299643510555 -0.8158429556390473 0
1.653000518207806 -0.02092741476366478 0
1.084470518453104 -0.6402211056200905 0
1.085095280918233 -0.6221152769585681 0
1.100929022259021 -0.6130923851203361 0
1.086159168802835 -0.6037205890583098 0
1.101530812152425 -0.5951467618132261 0
1.086745749756707 -0.5857240831471546 0
1.102144300599966 -0.5771782267303546 0
1.087248987704447 -0.5677014349233388 0
1.102747826550595 -0.5591092073264069 0
1.087736749407151 -0.549559480890213 0
1.103366077766625 -0.5409024224318542 0
1.087823952011532 -0.5304662008519977 0
1.104420120978888 -0.5219689486504852 0
1.088438591126168 -0.5113793332342841 0
1.105001908430947 -0.5030199213609873 0
1.088641880103988 -0.4942332269064035 0
1.105156043790507 -0.4849503042574929 0
1.089531179443577 -0.4753816458433212 0
1.105845243385777 -0.4664320227186051 0
1.090174540194845 -0.4563829664084152 0
1.10647769109297 -0.4475141860530517 0
1.090431791007048 -0.4373451125306883 0
1.107164529769198 -0.4284538394033435 0
1.090912487824176 -0.4182776606959915 0
1.108294435351619 -0.4090982572432827 0
1.091544628446819 -0.3990201745266291 0
1.108967981180711 -0.3896700685626144 0
1.092762894033438 -0.3797209106048544 0
1.109348189213157 -0.370421037192281 0
1.092359775614998 -0.3588598518363583 0
1.14292175067836 -0.9925395344219817 0
1.801772486697984 -0.1404125794509027 0
3.255810615634118 -1.282477040955706 0
3.280897775241082 -1.305049714509013 0
1.579095222496783 -1.178277663950206 0
1.505105691778596 -1.276106750758186 0
1.489038673649844 -1.265157079567557 0
1.946466985584576 -0.07815876510901687 0
2.691160807649345 0.3017434082264855 0
1.888547361761615 -1.196907429053511 0
1.685181703628623 -0.7170797023005308 0
0.6291132513555522 0.4211208767488192 0
0.5584853411919347 0.4619753355493703 0
0.5585347141924233 0.549071908664537 0
0.4845966904537949 0.5093938589496615 0
0.4856736672418119 0.4186405401509106 0
3.048117196877496 -0.4508264479833399 0
2.990668512730779 -0.4735876312743743 0
3.002175090286783 -0.4171945669612026 0
2.94331022631516 -0.4392279808625737 0
2.935595322039812 -0.496874558050704 0
1.384170453227016 -1.018247149846624 0
1.935703595987083 -1.111306932460864 0
1.853988987025707 -1.148522345772508 0
2.025863211080202 -1.067759328013906 0
2.733311031030957 -1.393244960982542 0
2.0799254961229 -1.294411716653217 0
1.194431180729234 -1.111566239375115 0
1.160209384863626 -0.7243106283316113 0
1.879241062432173 -1.31093731787924 0
2.668154677733679 -1.395627330341635 0
2.650177093941169 -1.38232753363326 0
2.64763515953733 -1.404161602189057 0
2.630218604803516 -1.391290214764074 0
2.000058845838922 -0.4720586561047129 0
1.293579566311605 0.2184787175107397 0
2.524490459503813 -1.279553954380975 0
2.546089466588645 -0.7107269272810182 0
2.098507438100027 0.6093700152607772 0
1.65647655602479 -1.386223644450433 0
2.179816992966438 -1.358946657453247 0
2.195840407780286 -1.369542233500197 0
2.178876741348444 -1.377809294465425 0
2.194334835085005 -1.388192683961519 0
2.177667044936674 -1.396214544091735 0
2.16245369507947 -1.386066515452719 0
2.1613259116563 -1.40416826881653 0
2.146334351654825 -1.394286289540187 0
2.144977923478901 -1.411606828294321 0
2.130384757313844 -1.402326543356936 0
2.192561219884091 -1.40645480755202 0
2.209194843560347 -1.398671278571087 0
1.71770696535684 -1.213330976007153 0
2.503750660358401 0.3519178399728578 0
2.262910384597701 -0.5291024758085018 0
2.224597672913133 -0.5463420686709376 0
2.305780254295325 -0.5133158885097411 0
2.446358372836345 -1.315913209686565 0
2.626324027675401 -1.034185251883043 0
2.659693539701206 -1.021816725426301 0
2.665778120913051 -0.9859275398042733 0
2.694036592470268 -1.00909174079786 0
2.687096383110744 -1.044469068111888 0
2.722093046090645 -1.032369630470317 0
2.715387900071907 -1.067732949553108 0
2.750100490327878 -1.055724466886751 0
2.75644128582987 -1.019724424005287 0
2.744668759025536 -1.090653587841284 0
1.598211366192089 -1.169951810070071 0
2.841022633190315 0.5210522910554671 0
2.912783046501498 0.5553817317373118 0
2.162231606233573 -1.05268221553364 0
1.55228607575467 0.3398617219813629 0
1.632771374360988 0.2148138708520437 0
1.013725138934362 -0.06173260213431593 0
2.561860989755891 -1.486278432670056 0
1.086325980189832 -0.9154525778509545 0
1.087581190079293 -0.8977570142431173 0
1.6565198180008 -0.5196692675251616 0
3.115432945964015 0.002306828133342395 0
1.790461107142912 0.03629940912114429 0
1.189268413789028 -1.165488252444975 0
2.184000735789942 -1.299734401933951 0
2.166940427177657 -1.28822823392569 0
2.18575900135223 -1.279159925127064 0
2.168117554940921 -1.267461570408447 0
1.555196053768363 -1.044452155337995 0
2.097829781612188 -1.28491530778235 0
2.080535381919393 -1.273961195350333 0
2.098995530977086 -1.264298140668809 0
2.081069610708032 -1.253045964260835 0
2.100024844221167 -1.243159554965936 0
2.081928167170676 -1.2316235198404 0
2.062862859156775 -1.241787437090833 0
2.101165431107021 -1.221596896622686 0
1.487857421951637 -0.9217325136748421 0
2.627776525996585 -1.412326916080252 0
2.610953469460033 -1.399947731998656 0
2.375681955198807 -1.30675810397483 0
2.358893520627347 -1.29394233270765 0
2.378910307953599 -1.285520737536123 0
2.319170541490028 -1.199328327935995 0
2.297580282792528 -1.208017242239819 0
2.890359836807304 -1.480861818668771 0
3.204978727184015 -1.36345764240691 0
1.927823245283532 -0.1773202142766852 0
2.248266243218394 -1.111737593417437 0
2.513568642765201 0.5791113077804003 0
1.586160507840556 -0.7179395103452109 0
2.328738689869182 -1.124821049192065 0
2.35286996279716 -1.1145487454484 0
2.129070032014999 -1.419304423393226 0
2.11473760329856 -1.410222077793243 0
1.768680590309736 -1.483229003355721 0
1.448059893259992 -0.4108489127293991 0
2.673509046363491 -0.2877259686690125 0
2.846801637643891 0.6018594847463605 0
1.906081719732272 -0.9020428194271251 0
1.613260520859031 -1.48613066952863 0
1.497188548261621 -0.6498340557374347 0
2.449229739712473 0.6219526086045095 0
1.961321490729203 -0.6785897425873904 0
1.083786533732365 -0.9511054468514804 0
1.082323672341699 -0.968542982138867 0
2.446034014255206 -0.6331493289871457 0
2.067408924634918 -0.7558781907206044 0
1.458006455584401 -1.486350704720017 0
1.973551790140112 0.616843008290578 0
1.844872887763671 -0.3585784486696424 0
2.344231979594498 -1.412321443413784 0
2.361429270527084 -1.405217675765128 0
1.456627608399506 -0.6246415785122449 0
1.674328959542007 -1.032986798709487 0
2.271644091623342 -0.7176957155848864 0
1.532703070985505 -0.13512957416536 0
2.81203134313057 -0.8627970646470777 0
2.694651135051368 -1.339197784597783 0
1.302436198117259 -1.487219474853184 0
3.25214280051278 0.5727238885605541 0
3.229011863511983 -0.07456713214391514 0
1.473654297646339 -0.8626786579110198 0
1.088439282548341 -0.2694116717161126 0
1.089126953283536 -0.2489294539084518 0
1.410112932596359 -0.04432408499185997 0
2.358162596558067 0.1246637552184373 0
2.159129177497493 0.2671916276669698 0
1.254319481610033 0.05895801576312068 0
2.554380015953412 -0.01355271580821414 0
2.888906184618869 -0.4625993950897252 0
1.640995221045121 -1.39537403005478 0
1.64077755842419 -1.377330654197786 0
1.641526140191573 -1.412790046973869 0
3.229471633403557 -1.482878721351615 0
2.652549203376304 -0.4859775256140814 0
3.602575420327718 -0.6414490153307801 0
3.594264776837565 -0.7147705998884069 0
3.613061531619691 -0.5680095279459944 0
1.086897770192164 -0.2891069719495032 0
1.235030525537752 -0.4966009274042403 0
1.209466342550856 -1.122208688967588 0
1.211426400127632 -1.104296873897131 0
1.971918768347813 -0.1571222558068763 0
1.976451248916345 -0.3642109719979867 0
1.210965677884929 -0.7358098944104509 0
1.228039772019588 -0.7470851565024508 0
2.227625351266241 -0.8377950067720065 0
3.56983517269537 0.1684138308196977 0
3.560607922675374 0.08527607438933894 0
1.953870377087358 -0.9065462271765989 0
0.9624066509616874 0.310156366025966 0
2.992315199763786 -1.341265793168573 0
1.408390368681522 0.4424363724704409 0
1.463782585989355 0.4702458639349574 0
1.410417740504816 0.5060902046289237 0
1.470025261685882 0.534342749798531 0
1.414979205358731 0.572600882347075 0
1.475693928055213 0.6012956282210974 0
1.353640359905328 0.5420912547496339 0
1.357969643491937 0.6113150221433878 0
1.294867381964651 0.5793396973757916 0
2.718149427085338 -1.270717169231279 0
2.721149685179552 -1.242228693162571 0
3.438729827602854 -0.439297525263406 0
3.506009517651579 -0.4093883492516224 0
2.159431727242596 -1.423903789445647 0
1.9445052882358 -1.42215439805627 0
1.929447974092405 -1.413280232691611 0
0.4868761262369678 0.5949549139488299 0
0.5616990585153254 0.6337700856054089 0
3.272247988746118 -1.341331589626638 0
3.309007949915479 -1.32975185782531 0
2.895752702620656 -0.4064076908250635 0
1.527326075635774 -1.14138221154306 0
1.226753686155788 -0.7676177725524937 0
2.993983009429198 -0.7904042222905896 0
3.328012220625688 0.6110106218739852 0
3.397966695864119 0.560843751990904 0
1.505041592571665 -0.3797697678815893 0
1.532317331780175 -0.3984294443613754 0
2.98807806274323 -1.372006474156018 0
2.747948521004201 -1.23001664622572 0
2.723794980635371 -1.212384593146845 0
2.063601979412071 -1.220032394620173 0
2.044430195737091 -1.230339221569851 0
2.18757580598715 -1.258883078399614 0
2.205039579124063 -1.270182658557655 0
1.083041108105736 -0.6749628738633785 0
1.109386108903257 -0.1194774799793257 0
1.129669377337985 -0.106520780191504 0
1.456053715576544 -0.8250229103655347 0
1.437501481253902 -0.8113909314048678 0
1.52235021142922 -1.361582599109405 0
2.171723447961559 -1.245834119899351 0
1.929261541763321 -1.430599433657634 0
1.914239018326276 -1.421868804416277 0
1.06427047641445 0.07345403461509814 0
1.120886233981641 0.1943951836265973 0
1.595929958981403 -0.577534449020024 0
1.305223453348106 -1.117842593418905 0
1.289054831580977 -1.10660551248989 0
1.109776689737129 -0.3510339696300707 0
1.692930113475891 -0.2473509342056576 0
3.387641042968532 -1.481578016102745 0
3.686556416451984 -1.284410982821348 0
3.674167633325663 -1.335040951076497 0
1.089305714581255 -0.1530362761205381 0
1.089153296116058 -0.1750370958870492 0
1.500239908161104 -1.422636784570693 0
3.041537614659426 -1.380478047325217 0
1.480314198380051 -0.360534903620686 0
1.105394686012752 -0.8885189036212715 0
1.088743286868251 -0.8801312321386637 0
1.195592639663997 -0.1413960973147679 0
1.218943119643113 -0.1563118898145398 0
1.564113471530053 -1.411583057416789 0
2.359023676201138 -0.4053709563309801 0
2.363744600878991 -0.3579022203927011 0
1.735210221583059 -1.412849646961994 0
2.113639397215287 -1.427391179436328 0
2.099334992377801 -1.417990161372719 0
2.75117786552369 -1.200430001626754 0
1.333798253942568 -0.7243943631010077 0
1.355189652436124 -0.7146086126435212 0
1.524793837216489 -1.161282094848893 0
2.700405164313736 -0.972321565450843 0
2.358798487064939 -1.423196184917499 0
2.375503905903468 -1.416400358891363 0
2.420569863255742 -1.109765034613365 0
0.411217915096306 0.5546905507653849 0
2.207351648756673 -1.416560438776507 0
2.223549873655136 -1.40898444314655 0
2.327481699594002 -1.419334493651438 0
2.312927190361475 -1.408734307875637 0
2.311002422868102 -1.426448094498516 0
2.296552080060942 -1.415966960061535 0
2.557120975380764 -0.8586465749083599 0
1.382325037027127 -0.2812928648531705 0
1.243313585073588 -1.00590910199438 0
1.241197139378507 -1.024539516327402 0
1.253162509475121 -1.035961716681826 0
0.8386326400058099 0.6158869275327407 0
2.378286311269845 0.5103219028295299 0
1.97675644343822 -0.9234207941664618 0
2.287065585898747 -1.017284640649833 0
2.263044799933114 -1.000005609991495 0
1.508088688845052 -1.237098877424151 0
1.48760388409619 -1.284472193707207 0
1.471597148996711 -1.273575932438094 0
1.118549156795455 -0.6053407631920804 0
1.298937303471045 0.6510735758420745 0
1.23422238490034 0.6184215022898911 0
2.257848721302651 -0.5709281490905637 0
2.220157085713643 -0.5873255807778818 0
2.187330924663606 -0.5636560906302545 0
2.183163101143181 -0.6041437834919093 0
2.151182252993435 -0.5809050716257637 0
2.146899783796339 -0.6195815666870784 0
2.115746777704293 -0.5972604525325617 0
1.727741090108846 0.6335922645109049 0
2.778181116421256 -1.078955414614658 0
3.48952309254199 0.0526047158648108 0
3.551854246143402 0.006484238986656512 0
2.608491827907475 -1.420125365156546 0
2.592363740637673 -1.408235494778307 0
1.167997967207648 -0.8691241929589346 0
2.373664746185735 0.4361752805237235 0
2.593307107970259 -0.8440748887417593 0
2.624518002984047 -0.8684566306316547 0
3.683307311672789 -1.488913798121828 0
1.912815636891982 -1.271248289100542 0
1.930500877539712 -1.261289606854155 0
1.948359175520846 -1.27199399081818 0
1.948476592825025 -1.251284936977691 0
1.966341879833934 -1.262053705446915 0
1.966636242377682 -1.241122913772941 0
1.245277043693907 -0.7584510777669397 0
1.34945609256376 -0.8426733697136854 0
1.347641536801798 -0.8647283711014691 0
1.237877782305739 0.6924858316119044 0
1.170738571125185 0.6586102980666368 0
3.406144515441682 0.6472909402103078 0
3.476791258804422 0.5965292447050938 0
1.079055003334093 -0.7470469377188453 0
1.077990798555399 -0.7653698846856263 0
2.685505890361056 -1.408478282350167 0
1.070924146687929 -0.2786043653687462 0
1.069439136159259 -0.2972826393257025 0
1.074533361758883 -0.3867284712536966 0
3.315958887544503 -1.292825659843804 0
3.344587068941069 -1.317659616419923 0
3.337330237461405 -1.35438465952521 0
3.372263028677844 -1.343195244317247 0
1.40674730904098 -0.9377037291751839 0
1.388630137282226 -0.9254904367044279 0
3.070201110743688 -1.369338312524112 0
3.297851329087821 -1.08432167872086 0
3.260100349593269 -1.054902716772387 0
2.361307691310548 -1.272307516694663 0
2.341773116234006 -1.281148590384632 0
1.553081863914298 -1.309090873979923 0
1.073712316512199 -0.4266418962996384 0
2.222118012308968 -1.42642696801073 0
1.073729924412264 -0.4812851353752696 0
1.073194956663644 -1.471368679325196 0
1.86607724883544 -0.02348130325660288 0
2.264601458549034 -0.1772936301330099 0
1.959417279069126 -1.431110644893756 0
1.974816568128849 -1.422878868956676 0
1.914355463601147 -1.404443158263523 0
1.352829897832652 -0.738029837791795 0
1.687798261182363 -1.421749510779404 0
3.136648985394236 -1.1809848055957 0
1.323812748479623 -0.4784498339010617 0
1.325413063064818 -0.4514161127441585 0
1.349745782210016 -0.4391535501530525 0
1.326864087823505 -0.4241132202102648 0
2.519190104982858 0.6575084520257904 0
1.131108161347896 -0.6499371255028255 0
1.472015851152076 -1.254453078062265 0
1.455397022592428 -1.262811068789724 0
1.366666022941869 -0.592628152978896 0
2.709191508465641 -1.100430317131889 0
0.9078780003645102 0.6518037106025549 0
1.728941632327369 -0.077749915247662 0
3.173882354598412 -1.374727554474718 0
1.435509333285711 -1.080475028288279 0
1.068044534142377 -0.9587384397953449 0
1.066642727510623 -0.9760084984978139 0
1.080808117989326 -0.9858486856587027 0
1.06520842758565 -0.9932176979133582 0
1.609024967001736 -1.244221553173578 0
1.672508757722206 -1.430635053503106 0
1.307573790635279 -0.2307086591709249 0
2.882030477810034 -0.5198936299018113 0
2.920546255856132 0.6370754508993771 0
1.514831899662367 -1.433178125681186 0
2.112024277387998 -0.6349726389929004 0
2.081226701852755 -0.6130460566932885 0
1.885662084043576 -0.1952868213941403 0
2.567010879224103 -1.13034292615937 0
2.589938356699086 -1.427990380572457 0
2.574168591023147 -1.416089372461483 0
2.576322947143739 -1.396478391702987 0
2.55836997778627 -1.404676253263059 0
2.55634054406632 -1.423922995033606 0
2.540759842410588 -1.412799458058407 0
3.723537850964626 -1.316382572690612 0
3.732619159064552 -1.264427550504752 0
3.111453960986421 -0.4311925743604625 0
1.525936831091068 -1.228554532204433 0
2.083285261350764 -0.5750057676656761 0
2.050430080296319 -0.5919043234103673 0
2.411603759471169 -0.8667037553219786 0
2.206959266623739 -1.249554612036967 0
2.224631577322878 -1.260982355405522 0
1.614087318020265 0.007443042528490412 0
1.675712523952088 -0.6015452571010076 0
1.70499029253719 -0.5886327650062227 0
1.708370825780449 -0.5564080577745256 0
1.64709304562846 -0.6144939769823498 0
2.381628776248511 -1.263630010282953 0
3.079422128110331 -0.6091406413353051 0
2.035683034411985 0.09449290503255614 0
1.225595239709499 -1.014160967015238 0
1.22352706185979 -1.032450846230153 0
1.208210137360536 -1.022205392861459 0
1.120042362588509 -0.5312517010238228 0
1.206478471754427 -1.041130414441938 0
1.19110810361577 -1.030401910917571 0
1.720587027025662 0.4911844938683125 0
3.272063969601323 -0.259177693496992 0
3.339230290516867 -0.2305730751438919 0
3.381158492843797 -1.305390736114631 0
3.409531430433636 -1.332320362988572 0
1.071726622308702 -0.5400197519568584 0
1.364275268043056 0.6830626570088179 0
1.070736385721869 -0.6141394056486427 0
2.379592284586452 -0.8806733881097784 0
1.07300314361089 -0.8879364432247765 0
1.073991967448193 -0.8702092551222231 0
1.290346405254636 -0.8696268298866707 0
1.899125889886667 -1.413089335025661 0
1.580460259535132 -1.404460630500977 0
1.578465403632061 -1.422115727554572 0
1.914105518838816 -1.439143981628531 0
2.852472900133682 0.6841529537695925 0
1.921365017221052 -0.2233168148046677 0
2.803795200670749 -1.364939331672834 0
2.799957220417435 -1.39076512372923 0
2.823768387791716 -1.381335587702516 0
2.751683013535848 0.2600923379720321 0
2.686555520698814 0.228776159589256 0
3.638122687656536 0.1188184698618374 0
3.647306414873384 0.2035297492971206 0
1.793518526621172 0.6672085531878571 0
3.363522103617271 -1.378809263043974 0
2.964013418860184 -1.353960989369016 0
2.959472492297427 -1.383194561661984 0
2.98288222403956 -1.401073575714822 0
1.534924653358119 -0.3651645953815749 0
1.454158020057355 -1.281974664990681 0
1.438158091080593 -1.271161323855013 0
2.929057849118873 -0.5585169902647408 0
1.314088360682669 -0.7341747562624953 0
3.771632314512422 0.9284547560317378 0
2.83668402373841 -0.4862471979362434 0
1.08239110109796 -0.6926838019937859 0
3.429036465220656 -0.8688120954620117 0
3.479498142956547 -0.9088613737741349 0
1.804309133014889 -0.4497056814630083 0
0.4139370285558953 0.6411300012614211 0
1.351496195749659 -0.4114876478872649 0
3.674201419533333 -0.6151774318340277 0
3.6846888844434 -0.5383228716755444 0
2.306873054321182 -0.2073500607561281 0
2.060264964069694 -1.360700211530414 0
2.538439988441998 -0.2450892884418247 0
2.652830393544378 -1.360888621319083 0
2.237404269926302 -1.418923205534001 0
2.624352918100227 -1.431682257242966 0
1.374353878728351 -0.7282342999811113 0
1.371975822008372 -0.7517817495458378 0
1.071010530235169 -0.5762911714466481 0
3.71566310674945 -1.362546027004206 0
3.760217053877387 -1.346461043878624 0
1.814183922649551 -1.403852311755736 0
1.829450560203204 -1.41299178905193 0
1.814090752370411 -1.42159106651897 0
1.829161244532377 -1.4304710933705 0
2.294806756149359 -1.433530099164604 0
1.550835980905468 -0.9129282287061842 0
1.129149062624825 -1.12500882941509 0
1.44410684498096 -0.9642005010400642 0
2.099036642927062 -1.433929837951937 0
2.084269069213809 -1.425277637313709 0
1.272842851601825 -1.29879254400834 0
3.285438915277607 0.200168554930612 0
1.408145486033447 -0.2985138027242529 0
1.225812104209893 -1.11449008815038 0
1.224545915164749 -1.133003544742667 0
1.227307163320635 -1.09773136704006 0
3.67877915455384 -1.381252679438855 0
1.8896756177397 0.1959938799235827 0
1.359187170895297 -1.089721109900939 0
1.439403026270577 -1.252034122908806 0
1.4221176508825 -1.260373794023496 0
2.130726849865735 -0.192152459892122 0
2.134663195806103 -0.1413062916334888 0
2.181074057811581 -0.1188913004417355 0
2.138581276349961 -0.08947921602019962 0
1.716482484879987 0.151582714050473 0
3.267083895208293 0.6554176569228773 0
2.819025087949014 -1.40656222978406 0
2.842616833868601 -1.396056596443214 0
2.796282386091384 -1.415926790314946 0
1.324562117145003 -0.3405398221743576 0
1.516720748997193 -0.5527157954150477 0
1.163842260046992 -0.9274610685861628 0
1.211236404190491 -1.256603267316865 0
1.067566776488533 -0.6832109246982041 0
1.066820782899667 -0.7004695808043102 0
1.820462257614437 -1.03689349517851 0
1.817583047448073 -1.061259205157173 0
1.840111719873821 -1.051613074545587 0
1.795386620548381 -1.070852781653282 0
1.509072502516478 -1.217247602255086 0
1.352595242478984 -1.172128661960451 0
2.446090882577435 -0.8543069319609586 0
3.199020953201619 -1.395455599035163 0
1.220446266031739 -0.127596508771152 0
1.12277997360109 -0.2929149749241937 0
2.744891790525629 0.1874161822097942 0
3.347611908657587 -0.1570945513415942 0
3.403807424631891 -0.2006381572668559 0
1.564359740885383 -0.9749685442966857 0
2.044994305645411 -1.208365367655311 0
2.064616817924801 -1.197895452397774 0
1.12189774886241 -0.476038270962766 0
1.239052108942628 -0.8343630198218271 0
1.979901215997788 -0.8949616654086789 0
1.956714873196568 -0.8780021782844356 0
2.002846131340155 -0.9120351761877336 0
1.999633713359739 -0.9404448326454915 0
2.153213510387231 -0.5397035888146953 0
3.06538994498501 -1.399347481152042 0
1.814606708192883 -1.085148755428393 0
1.792821399176011 -1.09461065090389 0
1.843095954992102 -1.422925641733161 0
3.160772596419489 -0.9115903407823216 0
1.411124013288625 -0.2669189033923743 0
2.779975478644014 0.6476210824389736 0
2.236457463905936 -1.436217982787355 0
1.07930872166211 -1.003034719834766 0
1.063756545851476 -1.010302880279642 0
2.680797753933709 0.1584554987152612 0
2.623521239783085 0.1977913217179249 0
1.734914650031528 -1.358055082510203 0
1.718857374081129 -1.348805887515534 0
1.734906112084473 -1.339483117372627 0
1.562381541633077 -1.429395527046211 0
3.177098171310368 0.5358317276891458 0
1.762096576267514 -0.9673456856650905 0
1.764772164519876 -0.9417963921420199 0
1.740677857848413 -0.9523487908160937 0
1.742988147994426 -0.9264564729826015 0
1.767596262510531 -0.9157709451934002 0
1.745656422466653 -0.9002052517988768 0
1.770603525419791 -0.8892737271019958 0
1.748145086210052 -0.8733724058933507 0
1.773347718616311 -0.8621111810164775 0
1.720756748095496 -0.9111319435090663 0
1.798460638042167 -1.339150823965146 0
1.782265532992875 -1.329593865659376 0
1.798880081358917 -1.320094106976657 0
1.782100547197969 -1.31039441006368 0
1.799149353529677 -1.300735665570705 0
2.310332209452766 0.4762655418859679 0
2.312604717275006 0.5507655601703481 0
1.318087231919977 -0.9514625911448222 0
1.319602103611319 -0.9312211346471464 0
1.508113030106576 -1.149987589976241 0
0.3371873995335238 0.6001213426777104 0
0.3347703051409299 0.5130447181296778 0
1.393468189916626 -0.74191628401028 0
2.142412421878263 -0.6570967866095502 0
1.089510125009233 -0.8625585192944373 0
1.075115138602888 -0.852966632129997 0
1.734752138201173 -0.5754896612794163 0
1.738324859153701 -0.5426747458153561 0
1.125393174984056 -1.042774636088518 0
1.139571251200429 -1.054273444171306 0
2.114492804439932 -1.392950068279555 0
1.984516093159019 -1.252001015650388 0
1.985094887405677 -1.230825663477103 0
1.070733040741658 -0.1632657234498741 0
1.071610395345787 -0.1427043350420247 0
1.070132572134748 -0.1834766801757982 0
3.331704535890152 -1.387719732689451 0
2.682242097981968 -0.6062311237350249 0
1.229269103388418 -0.7265678517806313 0
1.211965209434386 -0.715306138649311 0
1.414582126906217 -0.8218004205086421 0
2.077363960607607 0.4660956270596139 0
1.246156021780292 -0.594712760095975 0
2.452996007771357 0.7014612978809207 0
3.174996812550657 -1.16602478221444 0
3.142112551658757 -1.140030585022775 0
3.207339668779899 -1.192285959204382 0
2.372836886384171 -1.433425757021644 0
2.389363796235787 -1.426584231949485 0
2.530960469789571 -1.066726277697659 0
2.206190439156784 -1.434075851548353 0
2.147780485487785 -0.7798118960857956 0
1.063392398112428 -0.7553010630626082 0
1.062321541531835 -0.7730097221118406 0
1.076800141115152 -0.78277516375332 0
1.061116353442488 -0.7904508847412554 0
1.075581209469116 -0.8001717354573789 0
1.059926326986392 -0.8077363514985839 0
1.718679916232881 -1.330058724532535 0
1.734518078317417 -1.320800146433672 0
1.458398082609202 -0.8007736536083487 0
1.478294720866656 -0.8147824484267738 0
1.196223986144904 -0.1124840525322857 0
1.795816510984346 -0.8783131196223294 0
1.798688172187642 -0.8506264677510655 0
2.127210532009596 -1.435652158095356 0
1.285311088365332 -0.2129326381096267 0
1.311213029113323 -0.1998077779606174 0
1.33592529913733 -0.2173292699269393 0
1.821495982718151 -0.8671528080264155 0
1.824437636224115 -0.8389425533398028 0
2.363800578043428 -1.250012558549792 0
1.562540448231213 -0.3843498933661788 0
2.872935628766013 -0.6995169089417971 0
2.22669566219774 -1.238214238349246 0
2.244267338626937 -1.251252440070497 0
2.967425459160036 -1.322459028071839 0
2.30833867522995 0.4035946974367655 0
3.485310258801999 0.6837732340720997 0
3.556520804788634 0.6326760202247584 0
3.547600277116516 0.5452202065352034 0
3.627906845259044 0.581254100681639 0
3.618845976370524 0.4936392563029439 0
3.640727750459373 0.671173976831832 0
3.699686601931626 0.5296994144461602 0
3.691748775970424 0.4430916207508676 0
2.399469863965949 -1.277220950353501 0
2.402571333943381 -1.254941412149179 0
2.420716642811631 -1.268765151204682 0
2.423772761010161 -1.245830966539506 0
2.085039778769338 -1.408434857698041 0
2.069620158697294 -1.416210472030656 0
2.068353570534664 -1.433312339270984 0
2.053826984098407 -1.424095280466101 0
1.813966609593399 -1.439040799465559 0
1.828931382996975 -1.447831517475731 0
3.130494089476669 -0.7719825807952765 0
1.672198551454726 -0.6328964510130393 0
1.643854430891352 -0.6454107837319101 0
2.935920051577372 -1.365694535770072 0
2.931634292219142 -1.394251330028385 0
1.306197625357121 -1.097409487343088 0
1.290715199708916 -1.08706185787982 0
1.378606403955367 -0.3415560694340801 0
1.518708044665419 0.4970789272642522 0
1.126928226684157 -0.3613300691891613 0
1.880589148250304 -0.2407566167056558 0
1.423266456410255 -1.241300604877708 0
1.406001592534105 -1.249584405268896 0
1.108490212525799 -0.09435144918235527 0
1.130256269873182 -0.0803490388931928 0
3.039803076365924 -1.187606575581096 0
1.930598136591341 -1.240577136786125 0
1.117649049799033 -0.5686686877505464 0
1.211080565929694 -0.2299576679276392 0
1.243637215101816 -0.7786166568800705 0
2.560174945586672 -1.384773206584647 0
1.687790152112441 -1.439301012111408 0
1.301670977759476 -0.4635005789770064 0
1.299993304899344 -0.4896650061741356 0
1.125388437857478 -0.4202352523198625 0
2.330840532792746 -1.098923447780574 0
2.354868938279528 -1.088574994909805 0
2.69499849885296 -1.254096866259733 0
2.630159939157376 -0.8288463103249191 0
2.538869645112026 -1.431639179863822 0
2.523401511941251 -1.420751735285026 0
1.367329252773588 -0.8558398328153505 0
2.260028720653025 -1.029252484268236 0
2.23641920165728 -1.012070771004621 0
2.239195998686724 -0.9830892646918645 0
2.392791274762249 -1.409646394668592 0
2.406416517103368 -1.420721932206724 0
2.402732875637068 -1.439795063403803 0
2.420257253288394 -1.431697375501333 0
2.42305968280383 -1.414112723515222 0
2.436968855118465 -1.425261464487175 0
2.052498952976822 -1.442067385345405 0
2.038113869796663 -1.4334517906877 0
2.036922368906769 -1.450900007246251 0
2.037695076362108 -1.414669306636351 0
2.019558497625185 -1.440240940228086 0
1.108897352188776 -0.767882983911683 0
1.017401388050994 -1.458352136871135 0
1.750943367894572 -0.8460577397438531 0
1.725663747314733 -0.8575176570546726 0
2.237968864409029 -1.402132968393718 0
2.392790560095436 -1.030020277747746 0
1.211978268065759 -0.9624300643428321 0
1.058438465463468 -0.8780510447536446 0
1.057426412672144 -0.8954422185913691 0
0.8421944670747989 0.6960259703981617 0
1.847585102510115 -0.85576048144223 0
1.85062382374739 -0.8270662368350382 0
1.874080991409489 -0.8441082209596398 0
1.98345653594632 0.0702120417684523 0
2.031280611937588 0.03702509607204094 0
2.253084782598252 -0.6114256144369925 0
2.290577946024712 -0.5954263974369056 0
2.61315654620097 -1.379175817390022 0
1.08708475488223 -0.1949543534194947 0
1.068749620730608 -0.202979496505923 0
1.170546974808534 0.3766654705531954 0
1.171131380061608 -0.6087126686437273 0
1.608942345110315 -0.04014504169507968 0
1.571233109335119 -0.01237241398928621 0
2.525250061193448 -1.402030639232727 0
2.508059633147493 -1.409995259855587 0
2.506355544291691 -1.428601526078574 0
2.492064916797563 -1.418083308768726 0
2.491092004599027 -1.436448192724811 0
2.562272544186015 -0.8201946193139469 0
1.984100243637258 -1.272844761737833 0
2.001050588898028 -1.262873437449733 0
1.387393704344798 -0.947188311316824 0
1.673676814937259 -1.448100365405424 0
1.437751155213836 -0.2849653592162378 0
2.402671564326814 -0.3861980875738088 0
2.397386530554639 -0.4339753585841868 0
2.410100843787811 -0.3402363833418797 0
2.77281040018815 -1.113725128732148 0
2.807449875449637 -1.10142044066737 0
2.814217279498626 -1.062681092628276 0
1.232530189687316 0.5464531888163835 0
2.830534408335193 -0.541441771883735 0
2.383481586648334 -0.8458358024341651 0
1.625406855242785 -1.386067443153351 0
1.62490580066023 -1.368314310028195 0
1.64068010126653 -1.359051809158154 0
1.624672330530432 -1.349984428981799 0
1.640617628403102 -1.340575603878071 0
2.66175665481374 -0.8540044782206486 0
1.498319206188874 -1.44033511191461 0
1.974117132703565 -1.439942746380094 0
2.768690773321785 -0.8821758253931828 0
2.8084915915456 -0.9047961124950392 0
1.174772909238166 0.7347857179682028 0
2.310173540746021 -0.1548616713771802 0
1.595980788135454 -1.190772663440487 0
1.615037917803685 -1.182287376942478 0
1.617424688023242 -1.161441939771355 0
1.634020693216489 -1.173885872842658 0
1.577235341381295 -1.199626753396273 0
2.434546816092868 -1.442433943555154 0
1.45575163277066 -1.202473519405372 0
1.054204480556215 -0.2870442918680945 0
1.055218285140047 -0.2687951813208588 0
1.052971540302041 -0.305299987335619 0
1.731063160533992 0.7088921793392386 0
1.663890695778545 0.6742386123507198 0
0.3397118643242796 0.6877823020284866 0
1.067845366366812 -0.3156426875198379 0
1.05150071465296 -0.3233677675045906 0
1.731191754564688 -0.607812847611335 0
1.761158506138783 -0.5947542871619469 0
1.636556069618895 -1.153019620906319 0
1.652749026545444 -1.164800683738321 0
2.047331342128699 -0.6284681996348592 0
2.017444594520039 -0.607586746149384 0
2.020174150548987 -0.5711006485979122 0
1.896129755367998 -1.357577820940539 0
2.442364296986328 -1.260090475037973 0
2.445470955126114 -1.236591714354222 0
2.464553061787178 -1.251227673754906 0
1.052520356968468 -0.9662029017416682 0
1.053841734325302 -0.9491445420392501 0
3.092664301674612 -1.388764399528994 0
3.098701977508359 -1.359286636302241 0
3.169326867965397 -1.404233358775732 0
1.245340720039773 -0.1433780330348814 0
0.9045777482229843 0.7203959045517297 0
2.291986231481745 -0.01913394272571603 0
1.396067589189772 -0.4688791632665193 0
1.436700942163845 -0.786272436831863 0
1.915975506770828 -0.2679302780449221 0
1.963746278674899 -0.2469545516031123 0
2.108524152304987 -0.6719710300603927 0
1.983256382641444 -0.8661139900827564 0
2.320962778714259 -0.9440595931525029 0
2.295949067541927 -0.9258394358476323 0
1.05311147729683 -0.6910452545536689 0
1.053251513403035 -0.6741333199426935 0
1.051816761004366 -0.7079949737028305 0
1.594455565372689 -1.41497587122866 0
1.5926827280984 -1.432524698460055 0
2.212610777393387 -0.995731707345565 0
0.9705195896368122 0.6115417790642176 0
2.091705642115597 -0.1126143604002829 0
1.189408448174633 -1.049116215489609 0
3.749092901570825 -1.390714614068563 0
3.796076584741113 -1.38375573727498 0
2.215326186191726 -0.9662482219391211 0
2.356671199734794 -1.440697659659025 0
1.811584704240131 -1.108666883069404 0
1.790090959219436 -1.117833288717353 0
1.832685897600561 -1.099425786579459 0
1.959189223205578 -1.44806245381444 0
1.539094430424784 -1.354179470658513 0
1.523904976137624 -1.343772596166916 0
1.262648728234811 -0.7699733347694462 0
1.264547486919209 -0.7490297981093725 0
2.2834922330473 -1.046115186636956 0
2.316607176340172 -1.222628103506138 0
1.229268715230333 -0.7058379904628616 0
1.213475937912678 -0.6946090327873615 0
2.909729826227251 -1.376826284262469 0
2.906719816874807 -1.404817454017662 0
2.814939634583946 -1.431144073345935 0
1.128096855402744 -0.3417874251362397 0
1.267330645016118 -0.9171388450211007 0
1.126488557652185 -1.000168998030757 0
1.512945024084198 -1.451015931846669 0
2.554073456385659 -1.442463595412041 0
1.140877176369415 -1.009736435072585 0
2.786110722344806 -0.5086849673051321 0
2.791668696314459 -0.4539818114683776 0
1.966784672336067 -1.219786139767117 0
1.985575523896119 -1.209321906398944 0
2.242588970618447 -1.273143333553625 0
2.262129770622777 -1.263781660304456 0
1.225008546028694 -0.787759650525575 0
1.876995403499137 -0.8153217733734544 0
1.897816087782486 -0.831758860562958 0
3.355995148622082 -1.411838942392658 0
3.38660318328857 -1.402052183308099 0
1.506151301176917 -1.171064079475524 0
2.492535020629594 -1.399323066397399 0
1.52763554962751 -1.208666239026408 0
2.783479671792303 0.7313511429013164 0
2.4413354187999 -0.4149421689964935 0
3.206848581464844 -0.2875970574727872 0
3.264075671875452 -0.3274561649481809 0
2.207714844754682 -1.226554212197202 0
3.372526814059679 -0.4680536345479824 0
2.138391419806382 -0.69361832987418 0
2.171964173785521 -0.679157772871486 0
2.253154807597922 -1.427158424033826 0
2.25026713581902 -1.445740348143147 0
1.077579524253547 -1.019614962106288 0
1.062273935514077 -1.027295922571989 0
1.564665226944391 -0.3500929673855518 0
3.713501598763098 0.1535001705179336 0
3.707866467148855 0.0688173729982634 0
3.72603470068736 0.2394035020151719 0
2.527815051212969 0.7423116510093993 0
2.107416598929222 0.30262377684071 0
2.168727839333259 0.3336386000984129 0
2.919808724094739 -0.678154547073369 0
3.087600079011043 -1.416727782130707 0
3.061275548229288 -1.427973223595339 0
1.608808415291568 -1.359469687703321 0
1.60852785234247 -1.340919823072827 0
2.72602486689952 -1.182365677226596 0
2.698518364040971 -1.194658569327925 0
2.928215728595664 0.720495746887976 0
2.997120789264607 0.6720328134468684 0
2.800640043310052 -1.135067186498844 0
2.834800787477965 -1.122299970380535 0
3.487179346210252 -0.8460675530070213 0
3.538313218723555 -0.886718793541646 0
2.325804042034036 -0.332037692372863 0
1.578311113831611 -0.4645389786018497 0
1.607441251003008 -0.4497958359422841 0
2.467867656432724 -1.227845565156057 0
2.487265890878691 -1.242234865954534 0
2.976428463008127 0.5091801691810512 0
2.117713652147732 -1.254791186942346 0
2.477979794094361 -1.407778866476702 0
1.240037433257739 -1.125665462015737 0
1.23899492111542 -1.143938762052127 0
2.308868245463517 -1.443811676646404 0
2.465345266640043 -0.908737302757437 0
2.671358517684686 -0.9498006209769052 0
3.529693651636555 -0.9512750818271314 0
3.591946298214703 -0.9282103350189035 0
1.396137566896422 -0.718199619202682 0
1.045703135380637 -0.7981204047652153 0
2.618203767561621 0.1295318214938643 0
2.561658373211376 0.1680564247627039 0
1.165463840868338 -0.6291918861658328 0
1.090817585952875 -0.8450818692535031 0
1.105002736264526 -0.8540509209044165 0
3.415843092090974 -0.1257187871797718 0
3.472024981216352 -0.1826454286172245 0
1.801194202685964 -0.8222779087970024 0
3.437125218752815 -0.8054641713749431 0
2.894951867007958 -1.306730640900555 0
2.775575152091446 -1.218229029345626 0
1.404730754925948 -1.269043150873694 0
1.053807837258937 -0.1521131034264749 0
1.054952253243182 -0.1334386837351477 0
3.419283780177373 -1.293305758835025 0
3.448406535937611 -1.321332653963553 0
3.389568832385482 -1.26537300018303 0
1.223240910532471 -1.051867027660403 0
1.390654494871049 -0.7657113460112837 0
1.365452147073553 -0.8767952899308465 0
1.346110324331377 -0.8859859589248479 0
2.867929431479832 0.1026034225654294 0
0.4158516555158356 0.726996198953899 0
3.413910949986301 0.7346203611798818 0
1.799580817251949 0.7436606820006705 0
1.480471189040192 -0.790104794353459 0
1.501488913772478 -0.8036398294891495 0
3.258159224298532 -0.9300025256625852 0
1.221687785193841 -0.09792993564639213 0
1.272966164883186 -1.095366854043123 0
2.692210407374262 -1.281948500234243 0
2.669549114796217 -1.265673416794574 0
2.667171563525212 -1.292883486619529 0
3.00530069797612 0.7567560697927801 0
1.047298973388045 -0.9988823446239579 0
3.750360151848735 -0.5863259012602626 0
3.73583431775807 -0.6646352835559831 0
3.762070694664978 -0.50727728450107 0
3.695378595357219 -0.461626767804395 0
2.351310242198371 -0.8600789815399686 0
3.595035917129916 -0.8617017692885607 0
3.655251081790684 -0.9034817709671155 0
3.644638986955167 -0.9722287494250703 0
3.711083243465609 -0.9475463390255624 0
3.721507299426416 -0.8778906933586197 0
3.6996138502362 -1.017644736136925 0
2.792582419564289 -1.439348626962256 0
2.774312451393468 -1.425155464657371 0
2.587709519283994 0.6937501888758997 0
1.336236115680516 -0.9427492193639195 0
1.047507658807052 -0.7634132532790302 0
1.048988197308461 -0.7452339924467309 0
2.28576153856958 -0.6356859171004887 0
1.436868437694321 -1.29030680040716 0
1.453035697786413 -1.302032988313301 0
2.241931934348434 0.43953891987315 0
1.174187256637721 -1.03843555374157 0
1.687953031018183 -1.456651701590754 0
1.701987109080182 -1.450746054593871 0
2.045973364647882 -1.186575890086845 0
2.065102344292697 -1.174133620508893 0
3.229134556733193 -1.384993568626691 0
3.223280158286856 -1.415621242757521 0
3.252597298573066 -1.40550911827269 0
1.536929426562956 -0.3307636403203619 0
1.844766549929881 -0.2141903555131023 0
1.726964396240372 -0.8305611314500283 0
1.771466087676957 -1.104086328727452 0
1.768863832836799 -1.127031328301092 0
1.750461210774732 -1.113530853349172 0
1.747966754587737 -1.136143232018809 0
1.729728772430579 -1.122781443063421 0
1.727314200612534 -1.145071444699002 0
1.708493508166783 -1.131429026705276 0
1.706761992505983 -1.153831995188232 0
1.766140837378023 -1.149483932740964 0
3.393821324111336 -0.2712741660548486 0
2.245868991814902 -1.229199097858923 0
1.209904455262615 -1.003288519134351 0
2.435531384956651 -0.4624605408749424 0
3.214330515147475 -1.150730722028845 0
3.246946139292318 -1.179026265608115 0
1.440455865201526 -0.2517243718999855 0
2.23532068384406 -1.453120665026009 0
1.646585119583778 -0.06742976901451903 0
2.292984761078256 -1.451098406730837 0
2.044270821309606 -1.25116261940687 0
2.257327562522037 -1.057498539003003 0
2.279660041112245 -1.073386047590297 0
2.526029123312327 -0.8351107821845539 0
1.17217761599667 -1.01829171690622 0
2.36995218810191 0.3640488571584336 0
1.371291190336125 -0.8325751875052757 0
2.927298786930893 -1.421671300398131 0
2.901748056442307 -1.431381681995186 0
2.460304337459715 -1.169718706735826 0
1.406442758518934 -1.229362460282424 0
1.389730036952459 -1.238550312876093 0
1.666898211121777 0.7507687742958624 0
1.597804381184994 0.7157392678577297 0
3.434993311048354 -1.364440819966481 0
3.476170291607655 -1.350081988130063 0
3.467511786905629 -1.38774199378279 0
3.503510514461126 -1.377280943668344 0
3.495207152428357 -1.412267420218305 0
3.528728942257816 -1.403111408799542 0
1.61910913653758 -0.6271288628404905 0
3.805608068806974 -1.328647629732824 0
3.843472798582446 -1.361641183555114 0
2.081165437472275 -0.9011300634027164 0
2.626247454478485 -0.7241562442733658 0
1.798889342028044 -1.430286874155636 0
1.798848158057502 -1.447657232698103 0
0.06973478790950949 0.8657691704988122 0
0.0787295821625493 0.1363636363642037 0
1.105502438100068 0.6992027073202612 0
1.936829818374558 0.1024328045773635 0
2.392230586506645 -0.4810331111899045 0
2.429431856992601 -0.5087943383676993 0
2.387427172266801 -0.5263522840408008 0
2.594254783905513 -1.046586499331709 0
2.620409007328798 -1.06812690384716 0
2.736737112587586 0.1163592772938652 0
2.394844847173246 -0.7726512660040865 0
3.324156905792229 -1.422417958386559 0
1.929056721101432 -1.447809544188658 0
1.914283608040051 -1.456222099191811 0
1.899230297010355 -1.447585030558272 0
1.350428570941808 -0.7613293523348387 0
2.372360256475312 -1.451927402082282 0
1.473940631687269 -1.194456593151356 0
2.450827355071477 -1.436498772078216 0
2.192832442925398 -0.4786853781671995 0
1.274645044899247 -1.075569165276391 0
2.55171288969406 -1.243044656428873 0
1.440130028976488 -1.009090619443108 0
2.095162103645926 -0.06046445927360757 0
1.993446438533989 -1.378448115753343 0
2.009239889464058 -1.38809336815766 0
2.025398406891682 -1.379558487663626 0
1.782117023692085 -1.290888839609633 0
1.799236507501733 -1.281069520874875 0
1.816325428876054 -1.291189481989947 0
1.61618397476093 -0.6575182821407997 0
1.59179867464571 -0.6398727048604713 0
1.328178971981882 -0.3964814217006534 0
1.303895417311641 -0.4090386705632981 0
3.075605330784986 0.707339304458531 0
2.530531310860187 -0.7956923790877418 0
0.2586600523407253 0.5597886068470166 0
0.2554715991080521 0.4717922804135601 0
2.359243244552816 -0.1819562253448151 0
2.186094396292946 -0.06587555966630168 0
1.404774083799591 -0.9598861867366726 0
1.185310348639935 -0.6401000838135308 0
1.165817174456742 -0.6497704438066152 0
1.183436495738067 -0.6594346452206232 0
1.164748493014207 -0.6690123280524355 0
1.816555853428472 -1.271222833197048 0
1.83384072964429 -1.281452422871901 0
1.834075669984405 -1.261256817718781 0
1.851463261046266 -1.271614801433981 0
1.227512966798547 -0.6842457549768326 0
2.025756962011182 -0.9289246364794568 0
2.0233733846697 -0.9566441547863446 0
1.996324721220549 -0.9682532724168272 0
2.020058947920258 -0.9844894851389716 0
1.993327803707674 -0.9957021459053742 0
1.152664841487645 -0.858447017151193 0
1.150939729294024 -0.8773029535801826 0
1.166435047597086 -0.8880345026568095 0
2.896347642237306 -0.8782904098575033 0
1.78380018273209 -1.438950922809051 0
1.112783594567387 -0.3312593585735239 0
1.341854943734071 -0.6290886586878128 0
1.687947890174781 -1.140741313000361 0
2.440481294076311 -1.407150148061604 0
2.298352082704917 -1.398222503580967 0
2.281908772474375 -1.405477176168902 0
1.510072808415541 -1.129118625550739 0
1.490903400829481 -1.137992701391102 0
1.694026762956172 -1.28209343707714 0
1.612248956925156 -1.203042291252816 0
1.246164876272036 -0.9655541510243373 0
1.853290198720674 -0.7977493707092626 0
1.149409869309878 -0.8960863252357917 0
1.291519007462351 -1.064916131096782 0
1.619604580150946 -1.140231587299444 0
2.30916605633373 0.332890196718408 0
2.363792681555946 0.2935311843418668 0
2.247542887058863 -0.6506928802903846 0
1.541761364353424 -0.570943495698761 0
1.514727821078294 -0.58393990995183 0
1.540477018947243 -0.603128363173389 0
1.489902496740096 -0.5650863391653009 0
2.87749645630052 -0.6465188876700396 0
1.5925906259187 -1.350399407644438 0
2.147224835588639 -1.37625960939309 0
1.59161055229745 -1.331300871914129 0
1.575208428332803 -1.339891118662891 0
1.50367923828748 -1.295372101101254 0
1.486330658364913 -1.30386346841924 0
1.656572334672999 -1.441500636583302 0
1.279234205585764 -1.223046461471468 0
1.672430118882981 -1.468350397761453 0
2.338472547455883 -1.214090483404626 0
2.070458760598138 -1.398893542298434 0
1.640196216803567 -0.6753666329867332 0
1.959504486883375 -0.8488760990331585 0
3.148773639888557 0.217854933738482 0
2.780144193349409 -0.5622617826810918 0
1.038542698302563 -0.9565720693753331 0
1.039112469954246 -0.277136835731429 0
1.195832113839574 -0.7046646193343769 0
1.89922273428515 -1.39547726495743 0
1.883701837978019 -1.404082869770633 0
1.412059791555123 -1.105870871316691 0
1.054454849545447 -0.1923857639567642 0
1.053724264094956 -0.2114540918671183 0
3.513307060220682 -1.340057002819583 0
1.278248911006512 -0.4750445772811285 0
1.276895455813433 -0.5004452678474807 0
1.29762421503674 -0.5149329806338155 0
1.274747473493655 -0.525110904602624 0
1.294936461374586 -0.5391470464270032 0
1.273134774587005 -0.5495079573395005 0
1.292878301752667 -0.5633396214153805 0
1.883865451243639 -1.421850475301683 0
1.484036854421235 -1.429794042535507 0
1.481961354117285 -1.447294381212481 0
1.467943881135223 -1.436804683354555 0
2.145272465575902 -1.010007939634906 0
3.769422022991517 -0.4265123156811421 0
3.703876115535426 -0.3797826394818514 0
0.3324484694476534 0.4253044413135755 0
0.2529095466351234 0.3824260256247603 0
0.3307102629502248 0.3362566901371258 0
0.2507251201217227 0.2934547557574775 0
2.259633072446802 -1.285505875475578 0
2.279903844618627 -1.276207898200862 0
1.66214956353452 0.5286784976297672 0
1.661848469106982 0.4590618300876522 0
1.717217068651192 0.4230041756804955 0
2.015500873240252 -1.012092602393492 0
1.990497357040905 -1.022671597951191 0
1.96850601738237 -1.006837985081941 0
1.966047858941234 -1.033211163606498 0
1.94484222112839 -1.017801516013861 0
1.942131806865714 -1.043501586189623 0
1.921014109679273 -1.027474520677513 0
1.918464190806604 -1.053761990211406 0
1.897704107448364 -1.037721804717334 0
1.895247899797152 -1.063737503297558 0
1.604897707278562 -0.0850112903030022 0
1.640582737650685 -0.111481473268685 0
1.293058958374402 -0.7232114459150225 0
1.489884514059253 -1.22587499666584 0
1.076419496072615 -1.035537452999144 0
1.060830966059376 -1.044093165548847 0
1.046949959943265 -1.034599184297229 0
1.045599208515791 -1.051478886706226 0
1.05927775014217 -1.061231783341321 0
1.044135539637729 -1.068301141593453 0
1.057737045969806 -1.077988364533927 0
1.236486053798626 0.1635688350028652 0
1.384007462144097 -0.8675648100206653 0
2.164218532121709 0.5520622190165491 0
2.171020324850549 0.6386637985658 0
2.104335654437468 0.6849299875379316 0
2.1741187101817 0.7187982153875221 0
2.244383204911395 0.6726569570322634 0
2.24592123738111 0.7533455315989774 0
1.093439125858573 -1.012899462405413 0
2.281816783878923 -1.254387764396093 0
1.222711005488103 -1.15166593033 0
1.237323100718883 -1.162493461694731 0
1.22091378305021 -1.170231668222461 0
1.235777091401427 -1.181033918671413 0
1.302406645312442 -0.9196298026988327 0
1.219239993712449 -1.188685661577478 0
1.233716021130039 -1.19940013365295 0
1.217445868212247 -1.207038592494475 0
1.231970613258671 -1.217112262598946 0
1.197579523816183 -1.09484096613907 0
1.339277477355122 -1.119779595605778 0
2.051679278269234 -1.459693120398155 0
1.599490002378792 0.3054861202544662 0
2.210608201359955 -1.025215279198185 0
1.702406803859739 -1.339642776090379 0
1.492781200415593 -1.116960784874685 0
1.473630534050282 -1.125664120393579 0
1.475448416281159 -1.104675216900913 0
1.456262682738963 -1.113393360673077 0
1.281480968953596 -0.7585942705128361 0
1.413621344925231 -0.2346451994605513 0
2.848074646450389 -1.371885103371026 0
2.048615847079221 -0.08468195976497764 0
1.507371203812559 -1.35086307016217 0
2.70975516429235 -0.9344323793859863 0
1.759011017384816 0.1195881369317845 0
1.763498369850166 0.1737113149564429 0
1.091347074990796 -0.7925690920262476 0
1.543867703722696 -1.220100317634898 0
2.108272885300479 0.7638509218014017 0
1.385637957277172 -0.9690792479325587 0
1.402596029795533 -0.9816176550088579 0
1.044574230025841 -0.815130742521598 0
1.896496184530347 -1.281778360869109 0
1.893700466084689 -1.260616929200931 0
1.244265139389143 0.7698663317431401 0
1.175488217981093 0.8117723813127447 0
2.66790693309166 -0.8130649813606023 0
1.929493405559192 -1.376828930439728 0
1.682986768523742 -1.20974285409214 0
1.066349019576497 -0.3336273342421919 0
1.049451800981097 -0.3416245869296395 0
1.035952930987409 -0.3315715387741035 0
1.498687887577229 -0.8293557480545308 0
1.522178075056822 -0.8179770053420174 0
1.519468463618277 -0.8438848639672585 0
1.090134436238563 -0.810109581845013 0
1.154618162115047 -0.6140305080957401 0
1.15491450611386 -0.5972325929821456 0
1.608901410309511 -1.425775744125111 0
1.606640703375597 -1.442368022941461 0
1.590380580086856 -1.449828263615343 0
1.435230580009034 -1.310193322088404 0
3.429403587300932 -1.252673365737377 0
2.747622923156439 -0.2099094692473993 0
1.702227619138668 -1.316475305382643 0
1.68647206055915 -1.329710260747226 0
2.268211410570557 -0.9393285161658756 0
2.270751552339033 -0.9077276006482851 0
2.241728828343858 -0.9206629120629677 0
2.934141791210885 -1.263896328983671 0
1.145572817820457 -0.6962535827680877 0
1.593432317795529 -1.047946253962345 0
1.614327062626483 -1.038426986853392 0
1.595683005439649 -1.024906493693515 0
1.616846829157277 -1.015336698810203 0
2.046133157344136 -1.293571349192228 0
1.530038538643774 -1.443578445013847 0
1.528025554987677 -1.462403926992638 0
1.338159980053491 -0.1855952248632008 0
1.311557222826587 -0.1681121596479781 0
1.573974843317052 0.03580175564091679 0
1.533241506352349 0.01405651726768925 0
1.827536213517726 -0.6158175201243121 0
2.084908583285437 -1.187179002248442 0
2.085329265234673 -1.162985340220807 0
2.105723751553204 -1.176544440509814 0
2.107113723989122 -1.153051326771748 0
2.127250434958414 -1.165886605716902 0
2.125697314688642 -1.189361338037901 0
2.146335998872978 -1.179051511312713 0
2.145176256622376 -1.202225437686882 0
2.165757078824698 -1.191704589593045 0
2.447129700860251 -1.068831263528698 0
1.24946640317536 -0.7137968165294887 0
1.634577792775913 -0.4687841133376511 0
1.638193040980423 -0.4360909275018905 0
1.665518232281305 -0.454861442377006 0
1.668063432835833 -0.4205908462706218 0
2.299798497388128 -1.266971251340495 0
2.297929725427415 -1.288671191330281 0
1.305783123483744 -0.383036026535191 0
1.2813040725674 -0.394616220326739 0
2.043710105989751 0.7268444355005725 0
1.071810037623323 -0.1225904657743042 0
1.05443291806596 -0.111874845123642 0
3.066562466023544 0.1178498469305977 0
2.085824612124898 -1.391399428396561 0
1.973224129287727 -1.456206608963879 0
0.7706948851844218 0.659486168806837 0
0.7736212257885714 0.7414703957066262 0
3.354702556765349 -0.08007163654231893 0
2.537229836304461 -1.44990759514203 0
1.724548113932486 -1.166975492863481 0
1.529474088162514 -0.03173128180664139 0
1.493279970765273 -0.006591861510663532 0
1.49595117253132 0.03900679941245518 0
1.455379576836688 0.01936650797339516 0
1.458649590432148 0.06427223877227051 0
1.418081034959283 0.0449458279260934 0
1.421404985528641 0.08958819974478999 0
1.381224730243372 0.06993082980067425 0
1.384151628296104 0.1148920465734657 0
1.343737781440282 0.09518030550970613 0
1.344594172188006 0.1421320217634202 0
1.388053651223269 0.1616444885069451 0
1.988835751373531 -1.448635214540569 0
1.711556999501974 -0.5239634349944393 0
1.741574648875186 -0.5096939457026842 0
0.329250237766168 0.248057548963747 0
0.4070441167054731 0.2902513044044744 0
3.49402344597576 0.7716582933096356 0
2.349301366874901 -0.2386673397762794 0
2.39958916811454 -0.218896857967034 0
1.506947341606741 -1.332711984231009 0
1.491166816624697 -1.340419259290009 0
1.708693820037383 -1.107652722471272 0
1.601144744647249 0.7945290919710128 0
1.531526046852313 0.7579090780516318 0
2.019771881290159 -1.459489159365774 0
1.314829502895008 -0.5530447804717633 0
1.31269120894575 -0.5774456136596895 0
2.73691797077029 -0.9591163920516614 0
1.978995279528851 0.01395348987902842 0
2.087570883586804 0.05946895743522919 0
1.465943701825962 -1.454059204999402 0
1.452012663209719 -1.443901909618559 0
1.921789133694812 -1.000253576508283 0
3.766399482398509 -0.9929219384859131 0
3.756148877117026 -1.05976433387362 0
1.042806309581523 -1.085034716027715 0
1.056184764005537 -1.094643249096708 0
1.041365534640015 -1.101670121586462 0
1.05465519906596 -1.111248784752237 0
1.040860166024171 -1.117835944433785 0
1.053994511648574 -1.127745585281619 0
1.068564485954392 -1.120078370195724 0
1.066825067967636 -1.137211417848604 0
1.051963700833045 -1.144241164027844 0
1.065115560253116 -1.153821302745552 0
1.080207087298821 -1.146945655567745 0
1.078480618930658 -1.163515126127582 0
1.063374974391754 -1.170312791815151 0
1.076743233188545 -1.179991049283039 0
1.061688432529045 -1.186733909104254 0
1.075040561421325 -1.196408394652504 0
1.090161052509259 -1.189683829650605 0
1.08839448714248 -1.206180661126921 0
1.07321309992259 -1.212858370900024 0
1.086580963932381 -1.22265162836695 0
1.071641406575535 -1.229339654697026 0
1.084807849552883 -1.239115615997913 0
1.069879407348267 -1.245801640280603 0
1.08300388976031 -1.255572285329543 0
1.068439730248111 -1.262289004381118 0
1.081247508808374 -1.272010602254878 0
1.066003658676207 -1.278646432899675 0
1.079286391201585 -1.288489704428124 0
1.094550912740118 -1.281797887851919 0
1.092667767428653 -1.298345917842213 0
1.077357747163154 -1.30501313978769 0
1.090839610677756 -1.314957389090531 0
1.075446733380683 -1.321540868619584 0
1.08890092943641 -1.331774361220122 0
1.104677899149995 -1.325062669993201 0
1.102677900775006 -1.342280302138126 0
1.1188129482297 -1.335315328958957 0
1.116809679536055 -1.35286735869932 0
1.100515671344269 -1.359833476757893 0
1.114742463088163 -1.370465521996842 0
1.131094338751851 -1.363492211187518 0
1.128995650529569 -1.38119993772983 0
1.145456530248048 -1.37420392510361 0
1.14330901928469 -1.392020514041931 0
1.159829416896329 -1.384985038240819 0
1.0983427191337 -1.377376157850813 0
1.157674912557302 -1.402824144130806 0
1.17418664257539 -1.395761369161784 0
1.14111311312409 -1.409873758651091 0
1.084138772400707 -1.366959265725799 0
1.08201513404833 -1.384560275485904 0
1.147373471879648 -1.356413300255167 0
1.176249071861934 -1.377894226525702 0
1.190665610675147 -1.388718986207887 0
1.188537453426444 -1.4065136496366 0
1.205004711754514 -1.399474726964859 0
1.206783497190126 -1.381841924641967 0
1.221531388203591 -1.392810738840516 0
1.219322412013771 -1.410257062907881 0
1.235744427047811 -1.403301555617615 0
1.238054501921381 -1.385857747525044 0
1.252212269874722 -1.396342895535131 0
1.254406674768802 -1.37856526623557 0
1.268693311587755 -1.389299914732565 0
1.266468133516867 -1.407048558630569 0
1.282973656886161 -1.400086123726159 0
1.285206978227111 -1.382290424592536 0
1.299513979171601 -1.393138471900873 0
1.297286252419061 -1.410910717994201 0
1.313774448359882 -1.403985835622472 0
1.15551814795155 -1.420700087662602 0
1.31151368961359 -1.421693481982347 0
1.327980440276266 -1.414801101856038 0
1.330273343720184 -1.397077802523341 0
1.344468409022145 -1.407945009985061 0
1.342130761062022 -1.425685280721849 0
1.358719144568473 -1.418809678666906 0
1.233556589891219 -1.42096549357347 0
1.217194837013292 -1.427911007038108 0
1.30178210671935 -1.375264671793514 0
1.287394084126706 -1.364350430493065 0
1.295118088861871 -1.428590139772282 0
1.1080243282526 -1.29158794450252 0
1.13890563957448 -1.427817126406683 0
1.067719163261346 -1.374165984620556 0
1.065678549276771 -1.391705373733676 0
1.079890488598531 -1.40262002288131 0
1.356402944594262 -1.436730117775102 0
1.373056155775754 -1.429619155318616 0
1.238716112957431 -1.36531447848201 0
1.346534359883459 -1.390552604449162 0
1.097281600299185 -1.248909859453792 0
1.06305860456556 -1.410208704754436 0
1.062120339051853 -1.311656516982353 0
1.060171927729865 -1.328066612500252 0
1.153374181830975 -1.438615899857175 0
1.093707959972689 -1.156634275107044 0
1.309244529041714 -1.439307660264529 0
1.055839002080269 -1.220271018138867 0
1.231400814539271 -1.438589994320998 0
1.215075407638574 -1.445542324181784 0
1.375132654558012 -1.411812985912204 0
1.38954281423976 -1.422408446881101 0
1.055826269278018 -1.25471089199343 0
1.370790251642521 -1.447184972607358 0
1.303834601333346 -1.35759285295395 0
1.28931193863164 -1.34669329514468 0
1.293273919240808 -1.445764776419943 0
1.048472807173744 -1.177121587589737 0
1.103675872016772 -1.199469949507778 0
1.077637421233157 -1.421437587428349 0
1.060267462603406 -1.429587327939583 0
1.124319960622507 -1.416847899853265 0
1.122094417037919 -1.435208086365914 0
1.046957529658464 -1.318215319855082 0
1.04421033961192 -1.335436911227988 0
1.095427533708271 -1.139924770736557 0
1.10915765467268 -1.149790831688107 0
1.228963142557791 -1.455483622809253 0
1.391504425573902 -1.404546950328166 0
1.405862405395154 -1.415220830212613 0
1.403941252516208 -1.432905092186071 0
1.244713322001478 -1.448907496304793 0
1.051587947159432 -1.381017530980491 0
1.050415209222511 -1.30211367291305 0
1.278965983804814 -1.434969530306367 0
1.046858355053303 -1.193287845091677 0
1.420879498738452 -1.425506842187774 0
1.169922735711831 -1.431452523006587 0
1.167822593721458 -1.449360770019284 0
1.4195734085108 -1.442431905031968 0
1.272850079661306 -1.353449826017275 0
1.274715468506066 -1.335840382691024 0
1.258901218840827 -1.342749332343633 0
1.318389189211198 -1.36831797407002 0
1.339726569774849 -1.443530471684647 0
1.109746193384612 -1.275143351636664 0
1.123535941931119 -1.284895981493499 0
1.105374078668101 -1.182780919750159 0
1.118149522409252 -1.192552521200124 0
1.377064981978079 -1.393913382449861 0
1.120474103445731 -1.318151052338038 0
1.134898441375796 -1.328308669914749 0
1.136309599988709 -1.311144767189021 0
1.150978086007838 -1.32126006715002 0
1.402417803239427 -1.450026316071277 0
1.435078747440819 -0.5842286511951463 0
1.656384753427893 -1.349776209200789 0
1.374643381175806 -0.4266536148357948 0
1.37678720665804 -0.3985528785747892 0
2.268986101699819 -0.1254369990224134 0
2.962259556177686 -0.7091516439208532 0
2.968877984529901 -0.6558206621811999 0
3.013615102491688 -0.6880733088601896 0
2.599125491675468 0.7745582854326779 0
2.700927630823835 -1.163766854355044 0
2.672863013218144 -1.176347614033299 0
2.675441517998519 -1.145427881853579 0
1.765433479529841 -1.300672287865973 0
1.172656617678988 -1.056809711564661 0
1.390178684644976 -1.218272454499474 0
1.373512831789857 -1.22760438919965 0
1.375020445706553 -1.208333798968408 0
1.62374513985947 -1.436385645241786 0
1.618935269534387 -1.45551431310792 0
1.151335186088544 -1.456521083635629 0
2.568205436621601 -0.780760697961622 0
2.283723022941497 -1.3874990317028 0
2.566529760230686 0.2362703401461563 0
2.50485188087242 0.205989753701744 0
1.416249824586687 -0.7340538392387895 0
3.100091140591276 0.419916952575434 0
1.875580872869205 -0.2845585210314749 0
1.910014693324751 -0.3106996351602697 0
2.578427126992164 -1.376300422980044 0
2.562395544659719 -1.364969421790624 0
2.029120042027065 -0.8997941151077319 0
1.70469656466704 -1.176675943859379 0
1.783766135165051 -1.456303446747532 0
1.76876353432581 -1.447627684407148 0
1.065793315707915 -0.7181210942444661 0
2.02676941659857 -1.195542547948748 0
1.72227808580265 0.2049488137990665 0
2.810525345205365 0.2162419237828642 0
1.987347873852218 -0.5868379126106145 0
1.989828494799938 -0.5501143178062061 0
2.023319987109366 -0.5340187314685935 0
3.538033923993845 0.4594262082838174 0
1.123275530088268 -0.7978008973765275 0
1.434197210815928 -0.3172369337142841 0
1.461892087489716 -0.3047903937518406 0
1.242898595702933 -0.1727457597958718 0
1.280172638794842 -0.4490021355375404 0
1.03048225092009 -0.8055999987650031 0
3.836150765907036 -1.40556871820987 0
3.881616464377355 -1.397997412302219 0
2.423384113029333 -0.5540879431403473 0
2.375699037171487 -0.5739678765629899 0
3.771825098745201 0.4790691004874966 0
3.780976176045806 0.566963712134837 0
1.899474149427481 -1.464374247513093 0
2.494805571256428 -0.8118220844712554 0
2.150022828951469 -1.277091108692594 0
2.298457116955534 -0.8939428864994086 0
2.671847235175894 -1.237932128269765 0
1.210996193240599 -1.463132835336711 0
1.059226199420924 -0.8250057684071201 0
1.043578290954695 -0.8317791398396288 0
2.305965360240927 -1.462176778170386 0
3.663104338346491 0.2845099666425984 0
2.355468461828258 -0.8244795614660881 0
3.778617003978128 -0.3445546574300897 0
3.712920337520074 -0.2951663996318574 0
3.640011694019246 -0.3337285664853388 0
3.646909415857938 -0.246219034955722 0
3.722327195889941 -0.2122327160520089 0
3.655325299130411 -0.1625652677971429 0
3.733525094278966 -0.131560341915708 0
3.570613469819975 -0.2781513651442994 0
2.167715873302599 -1.168584535203149 0
0.7013920481306388 0.7036995643551324 0
0.704458371636712 0.7853889087982401 0
2.009657449275105 0.3717089104880493 0
2.404068251122836 -1.232829181806375 0
1.851528611934352 -1.251631931381569 0
1.260839531172619 -0.7901961459914717 0
2.505254046702746 -1.446772128457981 0
2.489922188328421 -1.45337625324204 0
2.321541996016491 -0.6197721125517466 0
2.45691791514585 0.7830481688531292 0
1.372371050680833 -1.247103947067823 0
1.86053707084898 0.6999468784936377 0
0.2538368178911269 0.2086691703251349 0
1.319415249048044 -1.350607521101473 0
1.334215523952008 -1.362213772253715 0
3.686864898223239 -1.083611220921015 0
3.739509303274192 -1.128852286242532 0
3.809821165615717 -1.103998555989978 0
1.869086431198821 0.7758908222752876 0
1.407979137645416 -1.396500826843414 0
1.043523453843703 -0.8858981424134831 0
1.043520455212919 -0.8681728097911792 0
1.042721000096623 -0.9025340405609761 0
1.056339951709606 -0.9131058891371501 0
1.041493307804561 -0.9203630488559926 0
1.054201166567201 -1.363584239527705 0
1.038613840296263 -1.371276107230321 0
1.195966680768351 -0.08171682413280415 0
3.767738123529532 0.3953093990903844 0
3.792936787674105 -1.173776797475865 0
1.967130689540844 -1.198829603877846 0
1.077870500139772 0.2645816046623661 0
2.354695425000615 -1.457747675337402 0
2.340144053175763 -1.447229159318198 0
1.643979876900439 -1.130918578446974 0
2.448294461348215 -1.453478703298814 0
2.738142762808714 -0.5306147568594075 0
2.815655160163951 -1.456352171901792 0
1.947489683600101 -1.209164744956545 0
1.145356589782267 -0.3520605776063545 0
1.146018575513103 -0.3308447495805639 0
1.144481431792877 -0.3717816525917906 0
2.014879440747484 -0.6430305695933204 0
2.045419605966628 -0.6650829594443457 0
1.107456837510517 -0.06682057275282068 0
1.131605336785874 -0.0522222561393276 0
1.083660471652681 -0.08261426670384037 0
1.992992553032546 -1.396651474533245 0
2.008310802482143 -1.406068665640236 0
2.449610406033678 -1.21455492864247 0
1.123278975820431 -1.26671512467064 0
1.879377470169252 -0.7856096997151041 0
1.817616831216636 -0.8947495284361913 0
1.590206310156619 -0.3686764261522567 0
1.768274622572248 -0.5319336602024833 0
2.544661186100611 -1.373463868110164 0
3.104193190950986 -1.154679872375355 0
3.1085924053595 -1.113554910548485 0
3.148662088529885 -1.097046014429154 0
3.113394634665277 -1.069677748449071 0
3.158229110333239 -1.05020508911619 0
2.382800733527387 0.6646047984951103 0
1.104840640601125 0.61915918591732 0
2.27386420019292 -0.875925293303521 0
1.714766158310587 -0.4909086271173904 0
1.744794820260752 -0.4762529931708824 0
1.30733180252405 -1.456289393618448 0
1.305408867460496 0.1204589571193045 0
1.596239849755168 0.6400279001674261 0
3.519899230231812 -1.439739273281949 0
3.552813890418418 -1.42709812002063 0
3.561552902588939 -1.394799245978846 0
3.584815565857864 -1.418829902593079 0
3.594120499019678 -1.387434498443318 0
3.616333776809164 -1.41116217762453 0
3.604479929686847 -1.440774820118857 0
3.633115345134433 -1.436237131475337 0
3.485133305007402 -1.443233003144763 0
1.701112053548031 -0.8426398412575683 0
1.700353207407497 -0.8690714951533336 0
2.836444044013496 -1.443142037361982 0
0.6305025018522953 0.7488749915768659 0
0.6315830241812966 0.842228750609726 0
3.245860516120156 -1.434446413846003 0
1.656718065145486 -1.331069485539079 0
1.802085267655282 0.1440628314891619 0
1.039952941216783 -0.2602048583186686 0
1.055096517835038 -0.2501000050088225 0
1.038780704537265 -0.2407652670304472 0
1.069636255237306 -0.2207153234088702 0
2.307095246361952 -1.109218093386326 0
1.601017987899797 -0.1312030184192344 0
1.596364158125562 -1.397736895896286 0
3.379589907490423 -1.433730605908815 0
3.411458921566371 -1.423439566746539 0
1.544681409821854 -1.454423096210098 0
3.862645450448198 -1.151654090593728 0
1.135326730950456 -0.8667019239388051 0
1.958613876988781 -1.464186062886041 0
1.843105456822286 -1.02715249299438 0
3.91273980218208 0.8552234654489661 0
2.105555241578986 -0.7079753142318759 0
0.5575024714709058 0.7918627005605969 0
1.841411352844292 -1.479577288255527 0
1.289247165694694 -1.328333449520124 0
1.111546675970296 -0.9894274680302939 0
3.11849565716341 -1.405476004286241 0
2.478142497806224 -1.480264177089824 0
1.290158142570214 -1.463656360559923 0
1.450341430466954 -1.46034521121335 0
3.378422187618509 -0.3999011395830165 0
2.635627817559137 -1.479058502244083 0
2.416199986899159 -1.291027518006069 0
1.598043884964237 -1.002090474396204 0
1.577777180024997 -1.012515793454045 0
1.453212551630653 -1.427043158394052 0
1.84972508998062 -1.292074921780245 0
1.248604782198873 -1.207381119358065 0
1.356549288738047 -1.236822025067932 0
3.315505409142766 -0.4318433328069811 0
1.215330840122121 -1.224644952580443 0
1.229715052472127 -1.232841265735503 0
3.199678341216555 -0.3641643676310119 0
3.143742624364912 -0.3155146152000334 0
2.559665041091529 0.1031044672346741 0
1.200837852853843 -1.434904174188556 0
2.589696849297746 -1.079399990954157 0
2.615505460000667 -1.100254048263804 0
2.646291177994284 -1.089317007018614 0
2.432957142195615 -1.457812089763475 0
2.77076952913439 -1.447781199754896 0
2.752867098324748 -1.43332107710595 0
2.749736313229418 -1.455354614145463 0
2.732986897728674 -1.443116971071886 0
2.305678604452916 -1.063417582205547 0
3.777577638579839 0.1092113268293081 0
3.775338582420883 0.01919364904275567 0
3.671923522509287 -0.0876947016027131 0
0.4030495060347012 0.2074920151768257 0
0.482586334083166 0.2443891900222781 0
1.753384996562456 -0.8186913164660437 0
1.605953924433577 0.3645560011898062 0
1.654643762065525 0.3332495240993972 0
2.278551860646612 -1.440771413015136 0
2.280017325209535 -1.458041109529207 0
2.735113921822624 -0.8550491388929973 0
3.216978140648746 -1.443863413453156 0
1.064293072595884 -0.3506970145834873 0
1.04704973355437 -0.359460353920914 0
2.707962504997619 0.5297897365520937 0
1.255455745657138 -1.153910272105663 0
2.238681955933445 -1.29423567097963 0
1.544813671939105 -1.199143174602358 0
1.364159098468762 -0.2036154015031572 0
3.120309363016119 -1.023246374312535 0
3.163975196788695 -1.001028133831831 0
1.42281534453026 -1.220349663503819 0
1.717735460103834 -0.4587006641371876 0
2.368743139017367 -1.482559979614548 0
1.338184281750812 -0.923890639434363 0
1.045548210858585 -1.417502154858282 0
1.043597682571068 -1.438989687763507 0
2.480519218811668 -0.4421673870872399 0
2.001119436279359 -1.282918504187234 0
1.982976846200307 -1.293269166543752 0
2.019697830410798 -1.273378279520359 0
1.258635699121505 -0.4618743482445811 0
2.613770452169109 0.0662719150911821 0
3.809016362897575 -0.6349158504890366 0
3.794145583350606 -0.7141638351623738 0
3.723890507551137 -0.7425465744121371 0
2.31713905874342 -0.1017785846941076 0
1.257575844171497 -1.083941096102281 0
1.565694489838036 -0.3135550851041096 0
3.502436312032532 -0.7880504935785195 0
3.310987058577867 -0.500562290054823 0
1.666076556024299 -1.19859402758352 0
1.938905961005744 -1.06884462877571 0
0.3434326545730483 0.77382193440807 0
0.2642491264867473 0.7340528925112962 0
1.764978931075006 -1.281639446720184 0
1.748402106293793 -1.292197497948147 0
1.647407501007111 -1.207046585557998 0
1.738725867196792 -0.9780917216475861 0
1.717957449805319 -0.9631868313157647 0
1.885810145471433 -1.455489182386362 0
2.646953416195051 -1.250861903920588 0
1.640193896617657 -1.322278573034952 0
1.655792075122739 -1.313142104671364 0
1.619732783992964 -0.9925590646009811 0
1.638380694617923 -1.005840392069238 0
1.641573435004545 -0.9827519274342699 0
1.659967696756026 -0.9962881179938494 0
1.662556580479768 -0.9724582663350426 0
1.679637631605943 -0.986292651816429 0
1.641014888222167 -0.4038990470192703 0
1.339910223865117 -0.1530110282463812 0
1.750682431556737 -1.348814169950199 0
2.178664598570123 -1.475716088933802 0
1.379538935353994 0.02345269306231419 0
3.564834516515134 -0.4537544665483411 0
1.685082349942516 -1.311055864345579 0
2.023188982787862 -1.239159609131206 0
3.0614187664657 0.6233562572435611 0
2.731802596487819 -1.154139646524447 0
1.815122083726653 -1.32989687134759 0
1.149970820726528 -0.1167148516944074 0
2.428455090305735 -1.395908683143163 0
1.334136685985169 -0.9633334033987457 0
1.868347868551892 -0.8728629785849791 0
2.553219601032076 -1.459831117167138 0
2.570683675368638 -1.4537239628546 0
3.84902816221772 0.5254620504978678 0
1.757081037954171 -0.6261121442087941 0
1.72641720688723 -0.6393968493431209 0
1.589431365916074 -0.6675448439685956 0
1.102360300275767 -1.471258368760305 0
1.85702836548157 -0.7677103257471273 0
1.808311698953889 -1.131041964719831 0
1.475970688126035 -1.174460640337381 0
1.987129220778133 -1.048937431430981 0
3.42289992207521 0.8204463757613883 0
3.349186444910443 0.7768267076229362 0
2.64434515610213 0.5717889402783483 0
1.364954943397457 -0.8988879809060328 0
2.490851081423425 -1.219904100622875 0
2.510224597268788 -1.23480744965088 0
1.040092421651071 -0.6846301496999808 0
1.039004062720651 -0.6650878617159699 0
1.053791430765844 -0.6574352800521879 0
1.040215196420395 -0.6477925432392476 0
1.05447092471009 -0.640725340182323 0
1.040778114454167 -0.6322031737503975 0
1.380211353330232 -0.6812995086627326 0
1.557383394958084 0.3989894734455718 0
1.025877010766589 -0.6396971410599077 0
2.047750362947714 -0.1356206597781632 0
1.335032591902646 -0.5671372209583093 0
3.597974998129992 -0.1172774359846485 0
2.880364131491498 -1.412207877521213 0
2.877660852401706 -1.440385542268646 0
1.152044232659678 -1.30436519102289 0
1.166789150484835 -1.314654890790071 0
1.165280504336509 -1.33177547979443 0
1.181221248784898 -1.325152782351049 0
1.179688430990712 -1.342342581332894 0
1.195721671331638 -1.335653030054395 0
1.193836513014901 -1.352899249291244 0
1.209858161536979 -1.347791576461285 0
1.487276801865042 -0.5947095619298853 0
1.037404763551089 -0.9730045022557559 0
2.775709429373872 -1.185985719215353 0
2.267561470578873 -1.394107210886805 0
3.085603304936721 -1.445964615489024 0
3.057033108521289 -1.455856008920136 0
3.035607751252583 -1.43870929983207 0
1.881855292493115 -0.7536347883670929 0
2.350459306071708 -0.8965342406520656 0
1.674855085052662 -0.3891175104843644 0
1.539538942713791 -1.336359173792547 0
2.299906959913046 -0.8616058934246432 0
1.976418007399959 -1.483464999258584 0
3.083769966779172 0.7908700228513826 0
3.153300686975588 0.7467388947502556 0
1.607241048124796 -1.321961132750176 0
1.799795675265929 -1.262309688830844 0
2.047141772830012 -1.165468627109884 0
1.915970024602278 -1.473914864154278 0
1.354344452255252 -0.9549148829398937 0
1.726812265742612 -0.8054176476453156 0
3.274366714057756 -1.425766320290005 0
3.281859914560934 -1.395425245238162 0
2.46396982529508 -0.5374125902655158 0
2.3767905054962 -1.104685770784721 0
2.383031914549206 -1.078974221913164 0
1.806610831010899 0.815699519367088 0
1.400317918989392 -0.4141261723159168 0
1.401343950494731 -0.3854946721866245 0
3.238795172708943 -1.218886508673036 0
3.281278971384535 -1.205660654101189 0
3.295744889150782 -1.1600640007811 0
3.325504793267143 -1.197041999205549 0
2.635823442964746 -0.789342711523743 0
3.14765118011103 -1.353048322985492 0
1.541437310879517 -0.8331734293417 0
1.538721907850986 -0.8584477340081496 0
1.516935703867615 -0.8691495284565914 0
1.546759652946459 -0.8061763303640344 0
1.21319605959472 -0.6737481284160266 0
2.061685257299431 -1.485573088056767 0
2.313571218585595 -0.6611973172398075 0
1.99815889553386 -1.302989575637725 0
1.030069559248121 -1.074493328920983 0
1.024142310683531 -0.9623744319346821 0
2.248370239125699 -1.462225271006857 0
2.234572839247316 -1.468578625112301 0
2.220259185843099 -1.459302990426538 0
1.462274380652964 0.1097820801298993 0
1.772951359005158 0.2284906264316553 0
1.738478598637113 0.2617419337229701 0
1.287079893130672 -0.3697030805368737 0
2.458418582341672 -1.274763208647264 0
2.189921126867662 -0.9817525967107753 0
2.831157424303234 -0.6709584602585393 0
1.934859427155737 -0.8628527061372756 0
1.034740977515685 -1.182519466143743 0
1.037683109393753 -1.165560224814321 0
2.163592167084418 -0.7154130063118488 0
2.20175845608674 -0.7090181760241926 0
1.86972612361924 -1.412300387246447 0
1.869006391289081 -1.431209148535324 0
1.594039832081621 -1.367454641536434 0
1.360033179763786 -0.2346039405036466 0
1.558245303602977 -0.4170658637252063 0
3.162611914890112 -1.477327441322555 0
3.146042329267088 -1.453528086476458 0
3.174671328170945 -1.45175695995043 0
1.678562714056402 -0.8533833090138965 0
1.677227449300235 -0.880291852925752 0
1.115537038991772 -1.209028182351052 0
1.107461229254675 -1.423999135952851 0
1.109958875979912 -1.405617722880788 0
1.105628226040354 -1.443305195345021 0
1.120819391331486 -1.452891203289077 0
3.401011653390444 -1.2262386749266 0
1.983287893850888 -0.8336345649881568 0
2.008156557828517 -0.8514878096497893 0
1.56561269855786 -0.6515330009386111 0
2.191439104820854 -0.94914372173794 0
1.259074911312148 -1.065257203018073 0
1.24178065068797 -1.073161943893575 0
1.381785874166339 -1.478273829659352 0
1.711282008351879 -1.295535301096067 0
2.88734874605672 -1.338850077451723 0
2.917725876046004 -1.324664195174216 0
3.424033865962806 -0.05010907376999538 0
3.357507509209997 -0.003843132766974846 0
2.91903735157038 -1.447206811682904 0
2.944648053920467 -1.438886905456634 0
3.1911729749548 -1.081480780646414 0
1.259091147465982 -1.324775677094766 0
1.330955274189461 -0.5921812633058626 0
3.12879156422414 -0.9819158735722548 0
1.268875279055806 -1.135838098867268 0
1.187653665089083 -1.067688343657252 0
2.463401113270098 -1.447886348126035 0
2.580984067911199 -1.356084776727833 0
1.272477169758934 -0.5731807519514694 0
1.747861929894724 -1.273390275565826 0
1.510134933573664 -1.46842186170048 0
1.988918956092504 -1.189779505543219 0
0.4163194382199056 0.8096318374117599 0
2.520025061408373 -0.9122037039826669 0
1.015621859999545 -0.4971387247129239 0
1.030007640460609 -0.5060470107649351 0
1.030244505031383 -0.487838371197538 0
1.028535013726461 -0.5237130161536002 0
1.044038129987018 -0.514940302181127 0
1.042748703829166 -0.5323847889646582 0
1.123798166084471 -1.016098301694269 0
1.015616586654659 -1.123636440037263 0
2.815451014765233 -0.5959848688362344 0
1.575775472931646 -1.324676008903293 0
3.787496611994974 -0.7917832573632979 0
3.064802710216677 -1.126723367917146 0
1.033694860934315 -0.7539807834701926 0
2.653266362815229 -0.8928232272769596 0
2.824047190339658 -1.218578870005938 0
2.826258139664533 -1.18576509671994 0
2.855261008086411 -1.16990938762111 0
1.014432501927679 -0.3751091462980587 0
2.336159899561629 -1.238531806023524 0
2.359476454063002 -1.064798709923914 0
1.184029760200958 -1.307473076356684 0
2.11204795180989 0.3681370799404801 0
2.216596945443523 0.2933477485208349 0
1.441069174049587 -0.2175871097905519 0
1.469155535425015 -0.2391819111964624 0
2.165175778827603 -1.213505348571103 0
2.144220724103438 -1.225201255090294 0
2.186310818097728 -1.203136630310562 0
1.031942275083397 -1.324754356138871 0
1.139269162963637 -1.028050104180721 0
1.875689021514969 -1.050951151493034 0
1.8730556481254 -1.076073191792916 0
1.892214655142186 -1.088190430824976 0
1.870978752155928 -1.098229905839049 0
1.107113564606088 -1.034712231578349 0
1.643567609771559 -0.9576338921889385 0
1.667988338079102 -0.9497789948051693 0
0.1732344833947523 0.432968081054723 0
1.505211390413479 -0.7735561518352501 0
1.471163395347346 -1.147452725315389 0
2.477582787266885 -1.389363540608126 0
2.494097891791449 -1.380164096903786 0
2.00427286471458 -1.221307483960411 0
2.550455351324303 -1.352556002006853 0
1.014858754730001 -1.370562423462498 0
1.082457706515217 -0.3266423200552997 0
1.076267312609896 -1.441718009781617 0
3.403710438575436 -0.7128830992670865 0
1.03263267459541 -1.198292571280655 0
1.158625192803186 -0.0699543686877378 0
1.157914458343759 -0.03785089338007217 0
1.129923921321633 -0.02274559030961545 0
1.163488573527581 -0.3603522393966683 0
3.622815586843052 -1.376897308171432 0
3.313150659834624 -1.235890254651859 0
1.036376785649638 -0.14444775269646 0
1.039102606638129 -0.1629642921360387 0
1.345792632739016 0.1897397820302552 0
1.392575385878657 0.2095315641505358 0
2.754795802902468 -1.409598876256536 0
1.833012128062056 -1.241217150567992 0
3.798528566222704 -0.1789220817240574 0
3.810197474416263 -0.09386669708070347 0
1.157772720139947 -1.003072295348795 0
2.615923648411015 -1.477465822760265 0
2.626988499462747 -1.461390012726446 0
2.606441105981268 -1.461971482377228 0
2.644756897367872 -1.46039840720085 0
1.545510528127404 -1.473735217665961 0
1.480231719479542 -1.463171626496646 0
1.310293183054926 -0.6019461091733351 0
2.130946744663473 -1.483325814538575 0
2.138039248218591 -1.468133158973183 0
2.154325389284568 -1.466727034757044 0
2.123199286302234 -1.46880667931405 0
2.145380714582008 -1.453993434357627 0
2.160473287758812 -1.452357805231202 0
1.138306253795167 -1.277292627414879 0
2.714859044334429 0.6900509154270172 0
2.69961254476763 0.7783611368430751 0
2.791140965831206 0.8086925119418235 0
3.312065677827186 -1.478474453008308 0
2.045179898877648 0.8143929394879379 0
2.116832914264621 0.8470504271952067 0
1.972923743377467 0.8578831813530403 0
1.450934588695222 -1.321003753976441 0
1.014254241437119 -0.2184583471602383 0
1.105971239015845 -0.8374572773656461 0
1.117749657491463 -0.846474540843725 0
1.01341509087549 -1.161341197166362 0
1.181674406097523 -0.6772968802524861 0
1.029854689912413 -0.3670114421301813 0
1.029326594944947 -0.384227001666078 0
1.028453291337443 -1.137166163291341 0
1.131555812295214 -0.6320602543307934 0
1.882600509496498 -1.386214510139629 0
0.8770943005430638 0.06838791783133963 0
0.8314183379283341 0.1378045103586855 0
0.9175935334150955 0.1299538728801809 0
0.8865017508743323 0.1976563505427181 0
0.8126604885630244 0.2132128952135035 0
0.9582323958046574 0.1894468578129004 0
0.9954092912715771 0.1296483961709311 0
0.8631025933427872 0.2633090198708125 0
0.7933632401655722 0.2847754113266945 0
0.7385657375482327 0.2315657654521111 0
0.7188654765252945 0.3052926786539626 0
0.6627155984278946 0.2505830720133096 0
0.6812735454174557 0.1700995012972662 0
0.6078642513517761 0.1910183805918448 0
1.020727661336014 0.1837678572041064 0
0.9950058145392899 0.2437379595540475 0
2.387120391267203 -0.2667175317937112 0
2.441829017209292 -0.2439835122861094 0
2.446432045190685 -0.1952888952656309 0
1.012232426541361 -0.3353237356209207 0
2.936708403959809 0.8060228244744851 0
2.32810416191396 -0.5795142663140518 0
1.084555255474647 -0.05264000684162412 0
1.062155237622678 -0.06523338744260153 0
1.060518898835068 -0.04132640158846546 0
2.974083935213529 -1.477629435846731 0
3.70969580878872 -1.404576147422628 0
3.737787208414164 -1.42955217669237 0
3.703081051939332 -1.440629861949179 0
3.776010901924015 -1.422100605798997 0
3.678244359474459 -1.418324239337658 0
3.673431514218124 -1.445158519864829 0
3.763089883779339 -1.455596348166942 0
2.641548253578905 -1.126656821023124 0
1.256393789483641 -1.102433638879536 0
1.251778496109109 -0.5598011891627171 0
2.536292381943712 -1.46862219427593 0
2.022746873735073 -0.0160856143761689 0
2.040285484006548 -1.001834604295134 0
2.036070376709383 -1.029183865404338 0
1.120848357809762 -1.175749607450129 0
1.037149857310774 -1.388323971429752 0
1.457742261229217 -1.092297693673344 0
1.477492368811138 -1.083378003653797 0
0.1725758989854718 0.252628272388698 0
1.025695225853392 -1.108501209219606 0
1.132861413386689 -1.202654753612369 0
2.466591761423738 -1.430888097106545 0
2.857638583849416 -1.428034837224903 0
1.383123158949629 -0.9914884988809087 0
0.5697691463816534 0.2723699380235328 0
1.030873753462466 -0.7884657702148681 0
1.867770285014382 -1.282219662481617 0
1.028778484906375 -0.2102379150119651 0
1.829132363708444 -0.7770427817881275 0
1.566854305000389 -0.6219116229606839 0
1.541590771777088 -0.6336056807774082 0
1.512229547619127 -0.6193984452176996 0
2.729186977068664 -1.465248703998928 0
2.713807241551714 -1.451330126736251 0
2.716229831903685 -1.430486357848356 0
2.697202471163577 -1.439394462256696 0
2.693405190013332 -1.457415698688369 0
2.67834375848153 -1.44654393119379 0
0.6281632048359981 0.1137673662253072 0
1.537131134370451 -0.883178885917307 0
1.513400181728741 -0.8922152279823257 0
0.8456645051160631 0.3249173409367087 0
1.510654440873977 -1.193594490404528 0
2.009536459085953 -0.1186726910570357 0
1.031298985344153 -1.043351376366115 0
1.478703476851493 -0.7633896147936827 0
1.798037513857365 -1.465954369507104 0
0.2711513921018577 0.8377086148730266 0
0.1876399493461648 0.7813925322544957 0
0.1905225052208042 0.871540375983083 0
1.034705530395036 -0.7371351799719973 0
2.488288092282548 -0.8518600627582213 0
1.030253445682562 -1.025280101719132 0
1.359971890698446 -1.476524917248146 0
1.071644089064687 -1.087238526200079 0
1.268457127050765 -0.1617138219495065 0
1.269762646854526 -0.1316323989505967 0
3.555416727442363 -1.287410637940629 0
2.45826756351476 -0.5823983901184395 0
2.500909410414243 -0.5669842892710832 0
1.024900200483257 -0.271113884912147 0
1.025549380125728 -0.2866809210257165 0
1.028599342685115 -0.1920190002439717 0
1.53905275309588 -0.2953940555347233 0
1.165181176536654 -1.466446375856621 0
1.181637850534959 -1.458482243503941 0
3.622758364521125 -1.479602544623772 0
1.927822020775828 0.7319443302859296 0
1.11084997622374 -1.13282897050671 0
1.022270096969909 -1.478722440189348 0
1.040088224464611 -1.466543520040085 0
2.17801258278731 0.4014653772809227 0
1.637535093503471 -1.446964280849991 0
1.636430816427225 -1.463325191718526 0
1.040407300239115 -1.353949073972639 0
1.346477262567424 0.2443383952023556 0
3.878377980200048 -1.078922129301243 0
1.064223371023603 -0.3690726168560757 0
2.544588768947927 -1.485302060922081 0
1.125437602769825 -1.143112197294135 0
2.922154809438349 -1.483485580725358 0
1.389996692136877 -0.9025077878397612 0
1.438839670280015 -1.103089593692235 0
1.438151685171312 -1.123806787602003 0
1.014484972498249 -1.352917778509635 0
1.938993528362523 -0.8338473545849663 0
2.479468161550316 -0.3981482365554735 0
1.51133760039337 -0.312174805005912 0
3.570848128410038 -1.361942184416493 0
1.302173261800227 0.07388226553292611 0
1.015385479197148 -1.215331611727715 0
1.029180858023299 -1.223280727832096 0
1.028985231349032 -1.239203370461442 0
2.086163469882765 -1.138658965379248 0
2.108639603566164 -1.128726368964275 0
1.032100723458076 -0.3499706468026306 0
2.50653733464106 -1.25981313934393 0
3.461433516162455 -1.419513383549589 0
1.418567002864817 -1.300636283502897 0
3.46488899652235 -1.479936875957421 0
1.452663771310893 -0.02473088343446004 0
1.014412764672205 -0.6019234570340333 0
1.028990664457795 -0.5925175725430581 0
1.02930402748844 -0.5751383469069032 0
1.043138821298216 -0.5833917685711271 0
1.043138946181826 -0.5668451294274827 0
1.042884088357802 -0.6002778526596046 0
1.028176921208265 -0.6100754429080204 0
3.297821100577983 -1.446387637644619 0
1.057044997508326 -1.345995782597927 0
1.635381280935439 -0.1555427144799836 0
1.674908945223227 -0.1378257667165607 0
1.668424437581685 -0.1813544201339329 0
1.708662246597737 -0.1636662233318802 0
1.057507392032798 -0.5254355475225626 0
1.058547944746737 -0.506953911051724 0
1.304035319878522 0.165515352257609 0
0.1879044026203489 0.6915915351226627 0
3.402268887468932 -1.458089152965192 0
3.256021907936879 -1.099586523313824 0
1.154879238960343 -0.008453117323568923 0
1.226032819905254 -1.476865656684124 0
1.059144979559222 -0.8423067740347427 0
1.043602174025372 0.1438722566256307 0
1.877690089740282 -1.023866049093937 0
3.267040223009273 -1.012147482055615 0
1.042878938770661 -1.231411546443239 0
1.768990042542553 -1.464668681564065 0
1.75405598712955 -1.455780340084287 0
1.753147286304845 -1.439054640085654 0
1.738641597110864 -1.447759936320085 0
1.739764413611869 -1.465798918759439 0
1.749663287325763 -1.484231065642862 0
1.726603623210509 -1.455554878215306 0
1.723874755458672 -1.439053749792898 0
1.029049542843991 -0.8764632630232481 0
1.057232494392881 -0.58996886425825 0
2.253679940209837 -1.084715897986496 0
2.231199733012027 -1.068980036622086 0
2.277920196294285 -1.101754972280994 0
3.117366896477871 -1.451565095431502 0
1.688821574174513 -1.471680698377211 0
2.729737392672437 -0.5842980462668645 0
2.690250207357656 -0.5547701537395462 0
1.355210288498887 -1.255918935097265 0
1.339801157463458 -1.246039972948284 0
1.957558170466794 -1.482245800281618 0
2.440180632350109 -1.483823111940502 0
1.754417140237331 -0.6593651369181379 0
2.689793655748614 -1.313334762692963 0
2.66257340647842 -1.318818378606831 0
2.645316061575338 -1.303313308513435 0
2.640819709498101 -1.326780599261358 0
3.57577593564419 -1.446648141399822 0
2.306046110236065 0.2666804352134248 0
2.361507351533223 0.2318833334620272 0
2.408870082076951 0.2561433974806095 0
2.412070773290848 0.1991317978864116 0
2.209616962119257 -0.6663865745311609 0
1.014304543150838 -0.6892553018099574 0
1.028302973177086 -0.6993513157197794 0
1.024174837943539 -0.7145141777575635 0
1.157593509046308 -1.047281893842368 0
1.155386836947064 -1.064512186598065 0
2.647551552973836 -1.161615036619683 0
1.418250996000338 -0.7075935100635036 0
3.021727365404074 -0.6328549368932688 0
1.016624849877658 -0.1142499339472726 0
1.029019436701275 -0.1015336908786915 0
1.028899696041393 -0.08457632096786534 0
1.032225544763828 -0.118142779063898 0
1.043190880376108 -0.09433968605570921 0
1.148937821661209 -1.473964067223118 0
1.097840350130975 -1.122208973356438 0
1.368596548218642 -0.9355384707506433 0
1.72183019889756 -1.188973481471754 0
1.015143252175933 -1.282833572137462 0
1.028354321209175 -1.273564944719939 0
1.028898600919443 -1.292359334721542 0
1.042421818970218 -1.281914479479426 0
2.322160959141227 -1.454225895827774 0
1.164987704670423 -0.9072531730085633 0
1.181998991108202 -0.8989705169499496 0
1.14782069319965 -0.9148388295382293 0
1.280297970271952 -1.478784219555256 0
1.55844752605551 -0.8695802965880113 0
2.071548735701859 -1.381664709879751 0
2.055941995733418 -1.390867586272955 0
2.087415447879636 -1.373184560179908 0
2.460558707304976 -1.402178649134281 0
1.013883279472549 -0.9170482283928117 0
1.075361033361338 -0.8351691723803061 0
1.040032385936119 -0.9387278328928745 0
1.484486771943449 -0.6251636449597798 0
1.051011045857341 -0.7268234299148721 0
3.502742923623931 0.8603547544529071 0
3.577429220456176 0.8136552124637315 0
3.660721926624583 0.8494454217756573 0
1.75223005777765 -1.089937978706221 0
1.043854584377261 -0.8498025894265995 0
1.562835896061494 -0.82626301802992 0
1.046036108214244 -0.3764139695654665 0
1.043928734972126 -0.3920544420109822 0
3.54934206250213 -1.459142648901436 0
2.692473763089302 -0.8743352709844332 0
2.53808348404237 -0.7531915071932502 0
2.303154619216489 -1.483324156778234 0
1.015969737908274 -1.00284843166526 0
1.029484306598353 -0.9932479413961136 0
1.568062087718956 -0.7970189833384156 0
1.055222523282115 -0.931016853842079 0
3.840742154002137 -0.4749656791291311 0
1.858823699964166 -0.736931809492504 0
3.848036823482773 -1.226848696059132 0
3.596865615468705 -1.469384495769347 0
1.329339062337519 -0.3688219805336972 0
2.015662090823714 -0.6805881882118903 0
1.271386686209818 -1.463944742477071 0
2.26519342665341 -1.412716048455859 0
2.053081589796561 -0.9157495753559453 0
2.035144383998313 -1.468773290683554 0
2.067473855629836 -1.469114429541498 0
2.086567141403868 -1.470895761020937 0
2.079758013033146 -1.457953898090555 0
2.094257887469333 -1.458109678254743 0
2.015915715611676 -1.477261703994445 0
1.014422646863318 -0.8476775767648641 0
2.51974784388067 -1.457629254051254 0
1.4364833092852 0.1822920241515485 0
1.992800271247511 -1.414601814720031 0
2.008274194382139 -1.424290229088348 0
2.405433015293852 -1.484882479848255 0
2.397535686833292 -1.470039673543238 0
2.413579724914896 -1.472052841308267 0
2.46140055653888 -1.465401060833398 0
1.818952352979709 -1.484393271135333 0
1.457320611134501 -1.069501325146486 0
1.146829031831903 -0.6778972127418187 0
1.055709295378797 -0.6236976547015844 0
2.786815467835686 -1.480585822949535 0
1.200748791932982 -1.214658194845298 0
1.198635918419017 -1.231412650804023 0
2.867682674624053 -1.388700840028278 0
1.596987854924374 -0.1768451554363896 0
1.472164545686543 -1.214352803480064 0
1.455276893681877 -1.223296296782378 0
3.350326888738093 -1.441840840898526 0
1.610575929684774 0.4928567263037866 0
1.222376848583422 -0.06698049164247563 0
1.249365129218517 -0.08456553432880311 0
1.131315089655196 -0.9032540821004434 0
3.003369358297675 -1.475932299066278 0
2.986959145223621 -1.45520077506315 0
1.56609514000306 -0.1079915276974583 0
1.064669696607319 -0.7367562482015477 0
2.974377429190912 -0.5990201100289626 0
3.030804811625073 -0.5720405584326347 0
1.015355544302333 -0.6529799199328485 0
2.075900558940141 -0.6865455004395589 0
2.508498640923758 0.2776954911962093 0
2.568064868624749 0.3102256293129255 0
1.015245838581641 -0.4797426439166048 0
1.028801550722107 -0.4703063810933371 0
1.027038049658024 -0.4531396760443391 0
1.042378163481074 -0.4601753159849165 0
1.040336655658477 -0.4430161536215582 0
1.056102569226324 -0.4497831475363268 0
1.025588627281149 -0.4354431279885151 0
1.040836404852794 -0.4257426839388992 0
1.058253910215744 -0.4700164397498874 0
1.685362360087384 -1.187485359788192 0
2.827403188771981 -1.479513753459546 0
2.301753536724137 -1.245010716932485 0
2.282124068038229 -1.233673361091044 0
2.320999546166694 -1.25715455257188 0
1.259641032633915 0.8570618193909839 0
1.319050058960832 0.8041388301053246 0
1.39120692828261 0.8632427064671176 0
1.182807684372904 0.8972680195284357 0
1.028715174700541 -0.5580730394074648 0
1.493490464887836 -0.8774970637757677 0
3.727864950651444 -1.198284248551337 0
2.407213580405795 -1.457258656976355 0
2.390962631880951 -1.45462876394865 0
1.992342701090597 -0.5127724214225389 0
1.958553478680784 -0.5294561980869119 0
2.743436408865726 -0.9199178950292596 0
2.774864242798289 -0.9463634257440865 0
3.191425314688136 -1.427884943239724 0
1.19988445902414 -1.482875870538622 0
1.595831419654048 -1.48536879967822 0
1.606842094911346 -1.471127675467757 0
1.589793700707947 -1.467714729407613 0
2.675722038003699 -1.11216810306675 0
1.783767253224239 -1.421548163200481 0
1.055250228188261 -0.1726959114299252 0
1.080344635905459 -0.7288039895777746 0
1.068505988305119 -0.6496675412322273 0
1.783723437742571 -0.6124517272860543 0
1.790718025997892 -0.5819898359343326 0
1.312551441450399 -0.1347214612819993 0
2.094740203843028 -1.485812659107654 0
1.281354823145685 -0.4219082765793258 0
1.257295280843868 -0.4065701786387622 0
1.015906246907655 -1.317078701597509 0
3.335281210819651 -1.120695226596597 0
1.026428133985559 -1.154891859235722 0
1.242959836233419 -1.333850318869124 0
1.227623323047834 -1.327319162722142 0
1.229814358146711 -1.344635951914956 0
1.221817970992471 -1.359437254467596 0
2.388600908977852 -0.8101513688097448 0
2.151667641932198 -1.438918232701615 0
1.55707508162474 -1.347266783922734 0
2.610739564027207 -1.133350848418844 0
3.079802940679567 -1.037040095008516 0
2.34953049673264 -0.4973450404643232 0
2.894919589476983 -1.455942584101113 0
2.869903737893192 -1.465910236335409 0
1.411585262662301 -0.8691675634923578 0
2.562583882652699 -1.058317622542469 0
2.558514030052366 -1.09226764021819 0
1.415526770599112 -0.0001402544956047904 0
1.377524045477205 -0.02236120831714905 0
1.142840574210969 -1.136102461405966 0
2.93517112099981 -0.9079368324498349 0
2.884243631455374 -0.9284011494907271 0
2.926838638730781 -0.9554397481961279 0
2.888733870294575 -0.9783248261621416 0
2.888775399551069 -1.025133803295362 0
2.852221917525144 -1.001130393074358 0
2.84816186373995 -0.959049367797745 0
2.807646696323967 -0.9800943483776194 0
2.816176801280816 -1.023429118635324 0
2.851290137164272 -1.044830689621907 0
2.850856008119282 -1.087883926466715 0
2.873017020481179 -1.121425471452495 0
3.635381901710148 -1.038984780119002 0
3.626412124504506 -1.103644945593182 0
1.441197855854825 0.2345471624065417 0
2.105359806437738 -1.472859740665964 0
2.475127631433354 -1.368284808590924 0
2.496742795417684 -1.358126672843747 0
2.513500898130887 -1.370220562017401 0
1.242679107952984 -1.053927686828073 0
3.214512951697745 -1.026764638642172 0
3.197790969730544 -0.9773338448909408 0
1.70203488564025 -0.2062344621368878 0
1.740825449410358 -0.1889558058892174 0
1.736346116154073 -0.2308437885045783 0
1.771957236554091 -0.2115060396605214 0
1.748260038376613 -0.1466616142926348 0
1.767031028852177 -0.2547935446756407 0
1.147614664586075 -0.6414936199716629 0
2.888421400810492 -1.065713861412145 0
1.163071925900573 -0.6872140966634289 0
1.126993307732541 -0.2264253752256521 0
2.29084915881159 -1.469632398895447 0
1.70113089740651 -0.406069581656564 0
2.849276487258909 -0.8913006633317894 0
1.465264009073442 -0.54674166091305 0
3.471222388919989 -1.224719954095114 0
2.183947424686735 -1.225557153402006 0
2.210428286996141 -1.201169056779837 0
1.026806715081813 -0.2276599745211323 0
2.664747667689732 -1.41652325222493 0
1.02692420559849 -1.256388331065363 0
2.835219729821338 -1.328209611900653 0
3.90777374815156 -0.623263371268825 0
1.164207303779615 -0.2757520088870858 0
1.184051189379636 -0.2900353315513079 0
1.162070978515399 -0.2983241837041889 0
1.181012195843439 -0.3119526980605989 0
0.7765600159126579 0.8211818283241339 0
1.649354040658213 -1.456233713331818 0
1.015460416367868 -0.7952834568154603 0
1.031294613577326 -0.7711336812591334 0
2.268890257374358 -1.376626769291671 0
2.253429111031151 -1.383800896254869 0
2.605541780404776 -1.439751287033279 0
2.587770787537129 -1.447097273128203 0
2.587085334939069 -1.467112391854474 0
3.068952713488004 -0.6671518049734667 0
3.054792442952611 -0.7206552219658253 0
3.110580316080734 -0.7015997412831172 0
1.037143251177937 -0.05541694193326424 0
3.012526635915481 -1.390798960526564 0
3.006756841148516 -1.4201882570212 0
2.767818273610614 -1.150071686079284 0
1.0441087081887 -0.4780399537504251 0
1.435673242397161 -1.450825027617487 0
1.43372717322123 -1.469740088112257 0
1.441668518396689 -1.48591535217343 0
1.567734816150028 -0.05897670716867766 0
1.528872583849581 -0.08019525787919415 0
1.976979486313259 -1.387205391438963 0
2.644202383370507 -1.424056003669396 0
3.302622119649345 -1.367171714024289 0
1.041602343026405 -1.264180047974108 0
1.698366491775515 -0.8956523195106012 0
1.676643608412151 -0.9043928916613302 0
1.697140297119219 -0.9212353212563003 0
1.690746450371656 -0.04904990321591993 0
0.4848251501355905 0.332561853534893 0
2.672897284813355 -0.7748489954230054 0
2.70818117097697 -0.7978907293822008 0
1.254705393376685 -0.5111619110796732 0
2.751258415800364 -1.484639133842344 0
3.652916188785317 0.7620409014287333 0
3.73334538361259 0.798920312730286 0
3.725762913956079 0.7112316056689019 0
3.809074262230769 0.7540555683821395 0
3.793870811624154 0.6606583919624056 0
2.300336462393267 -1.379898578395117 0
1.138347167493145 -0.6065126855591969 0
1.140683071706881 -0.5873248019801416 0
1.107609722482856 -0.2371243125863864 0
1.104263092484614 -0.2131396446689648 0
1.088600848714236 -0.2280013601279503 0
1.126957121085139 -0.2030613892480076 0
1.413549798698347 -0.1983138170402574 0
2.710052510131243 -1.404724133973783 0
1.017131815150673 -0.7623575185237494 0
2.532884105120128 -1.198846666204554 0
2.700382533307014 -1.485253925649562 0
2.7563177424431 -1.384198107088949 0
2.503156015669801 -1.464084724318863 0
1.94438568534898 -1.456007550890022 0
2.555101835023648 -1.21591802436099 0
2.561311785036916 -1.332219751758215 0
3.582583400120182 -0.9935776059722854 0
3.520120220812252 -1.023446654494753 0
3.03718238936505 -1.409582544908738 0
2.492235066924371 -0.1587764091856617 0
1.204359954049298 -1.177207226680646 0
1.57553623097449 0.0867438947771166 0
2.997884840239815 -1.273945165861098 0
2.969199678867146 -1.251771941379363 0
2.961709397175888 -1.290140300055375 0
3.647355147392314 -1.405238771644461 0
1.777930344710158 0.4527572260471717 0
1.771091054161701 0.3858030708184673 0
1.83377359471596 0.4146223472538577 0
0.1739822500984507 0.1594622463114988 0
1.366202461154915 -0.535615269762447 0
1.231423613101137 0.1206550214099193 0
2.716082979368609 -1.299589945627678 0
3.126678146563668 -0.6462037141966072 0
3.171102408175777 -0.6918478837872859 0
1.670756016536822 0.8302276719858845 0
1.598118071188967 0.8748255811871101 0
1.043000469541016 -0.5498469358879279 0
1.05789718925171 -0.558494511340704 0
1.074887125952996 -0.4076712493232085 0
1.057643381949312 -0.4170089845007774 0
1.365026054425562 -0.9782647132877414 0
2.235288055375825 -1.485971469415744 0
1.567964559417453 -0.5899900599548689 0
1.897998476013913 -1.376778016566027 0
3.741996180157023 -1.479950002513469 0
1.846447697442215 -0.1663486368647453 0
1.070705994075154 -0.9233276620594382 0
0.5650647349340756 0.3658315933883477 0
2.739575242413993 -1.315868952755463 0
1.512093730172178 -1.108019074301196 0
1.180461542766578 -0.4131880966515348 0
1.161263860682485 -0.4237975835812371 0
1.160108392807332 -0.445952695091058 0
1.162224346758406 -0.4021253516758879 0
1.142485663086719 -0.4326216585871607 0
1.140073433561327 -0.4516425709144731 0
1.15598915960647 -0.4684726101198026 0
1.342348651317257 0.04987572032684095 0
2.243377641003955 0.01494191433039993 0
1.146930111555428 -0.9350272003011093 0
3.237052705893745 -1.352031028066278 0
2.521809738038807 -1.439216903146448 0
3.920617614232498 -0.4337906216728178 0
2.912962001591769 -1.12834932344742 0
1.037827356632727 -0.3133514153108027 0
1.022915137380443 -0.3218026746780654 0
1.491079337936036 -0.05299451671158623 0
1.840745781877425 -0.2600793257574302 0
1.835509514240004 -0.3011268190659483 0
1.295790781489522 -0.6981261442801385 0
1.274675295298854 -0.7075267315530671 0
1.257229458256468 -0.6915068766507135 0
1.258820927317664 -0.6706483709758019 0
1.240841302322902 -0.6572121557183852 0
3.159327957389403 0.8281629855681457 0
3.226652389567398 0.7834349600280096 0
1.662783867374974 -1.485224299793344 0
2.417405394003244 -0.5980918206448761 0
2.379152579389829 -0.6231248712632268 0
3.920130634968811 -0.9008843617503977 0
3.845923819901258 -0.9444444444441827 0
3.84441067401072 -0.8599183830656458 0
3.924192481210236 -0.8091303563916999 0
1.593766664391971 -0.6085305249696428 0
1.772963289631865 0.931744391682344 0
3.857574840597979 -1.301171141579489 0
3.92016253412644 -1.353600167878114 0
1.114890756210373 -1.114917309180956 0
1.084929286909742 -1.109431916366824 0
2.24136453111823 0.3580749919581908 0
2.178789195169585 0.4731728229761266 0
2.238386806880061 0.5149085027266664 0
2.241246718323481 0.5924937365118699 0
3.396250972145624 -1.368702920561679 0
1.036680817705815 0.6585699579553286 0
1.037251306076203 0.7352713317313042 0
2.434185218713829 -1.376885132341487 0
2.913535570330726 -1.169868311704245 0
1.933233599221122 0.04682531900078975 0
1.888481393148481 0.07773668430128718 0
1.929177651835536 -0.008540051502048073 0
1.890440913085348 0.1372459432842222 0
1.028362657300866 -0.5411776582728793 0
2.235198315929416 -0.04213629658219555 0
1.47055200235316 -0.7165250069219131 0
1.445543221642041 -0.7289305170786119 0
1.433025541549388 -0.7510891013714903 0
1.455435853448612 -0.7542993282584285 0
2.82123519528974 -1.250612212067629 0
3.151041640695809 -1.318254563784392 0
3.121678470698885 -1.294512965271622 0
3.086425224607485 -1.305738678246452 0
2.421482077998228 -1.018281207270097 0
2.419738503706018 -1.048246355019628 0
1.180929264652623 -0.9189307864655345 0
1.513949462684166 -0.7489342732524596 0
2.764486536033326 -0.6167378921770016 0
1.834244618528546 -0.4711419482676836 0
1.802949776336077 -0.4864837324399285 0
1.83088793355686 -0.5078143753187834 0
1.015070291751356 -1.037195841197464 0
3.150167229300815 -0.2452888029942042 0
3.086888632803374 -0.2737023044842081 0
3.031303834043941 -0.2335912331389007 0
3.026510440976828 -0.3004801745845975 0
2.97191723157491 -0.2638861027014596 0
2.977100226954367 -0.1996218261580343 0
2.965068885428729 -0.3245639397188437 0
2.913455328758539 -0.2907000589389035 0
3.080332411358205 -0.3375797740705109 0
3.035914291155731 -0.165048669228458 0
2.973955696027378 -0.1310112088521688 0
2.359840364248083 -0.7876190470190336 0
2.425594713685074 -0.7972094810175513 0
2.432127975661242 -0.7589963303823829 0
2.461162677204675 -0.7858834001926246 0
2.222188955915171 -1.282223643470505 0
1.433116616494324 -1.329645633431423 0
1.463973219369428 -1.335813558274795 0
1.470193929957352 -1.317714247361279 0
3.097218190498905 -1.474962714551021 0
2.437871639886467 0.395592725011374 0
2.64701550606424 -1.277471647322094 0
2.621405749970443 -1.267212068666431 0
2.367368454104307 -1.367384584422616 0
2.382735287352125 -1.379415733807483 0
2.40154078906165 -1.371328462549452 0
1.974075455135445 -0.03815641259832943 0
1.774822483573341 -0.4281192929294111 0
1.963360281817605 -0.4880287047214567 0
2.234670522605186 -1.189222540595562 0
2.255833783106636 -1.20518606369489 0
2.278503234052013 -1.19302635263108 0
2.176129587808549 -1.414461523207777 0
2.176406976006767 -1.432531947431041 0
2.191583549203897 -1.42437442370854 0
2.191239695041283 -1.441875871472436 0
2.20550375209737 -1.450546410305649 0
2.192121094192854 -1.458607102297015 0
1.372413240973573 -1.267077219468749 0
1.371606808378301 -1.287222336383611 0
2.673580029026879 0.09030238273861077 0
2.665276271293073 0.02340433287055437 0
2.725988401875509 0.05017914309099972 0
2.792741460982271 0.07806889522975557 0
2.803383136557011 0.1456978382382631 0
2.851157870214367 0.03426074193388164 0
1.361807917273483 -0.5645183827146401 0
1.244766057576267 -0.9857373900999673 0
1.17018363002967 -0.09653450958406448 0
2.278043328019474 -0.676561846937844 0
2.112881566012843 -1.442647443386016 0
2.924902519351607 -1.049080904157807 0
1.156081772904116 -0.5771065483505928 0
1.14084348188988 -0.5674650560765433 0
2.234127299660172 -1.041177796967945 0
2.20848569410285 -1.054245796973687 0
2.213367026359637 -1.361246729477727 0
2.227619949921414 -1.372477412793922 0
2.247810543777478 -1.367365204943404 0
1.027451858061296 -1.341840621795062 0
2.143104656298202 0.08344373675644808 0
2.139995984963965 0.02337909913648298 0
2.08234141297407 -0.005222805522029244 0
1.951831392232918 -0.7768349078276398 0
1.924399701518976 -0.7890347198816774 0
2.566550164977063 -1.023723126277895 0
1.396795204813787 0.2680571191424508 0
1.966048413447408 -1.282676285240652 0
1.964143737508164 -1.302600236473588 0
1.947398289471264 -1.291997375943103 0
2.383944941440669 -0.09355489823466272 0
2.376856588594359 -0.9150598510434652 0
2.040820679711105 -1.129322790386685 0
1.996552102306519 -1.149211505888438 0
2.014275843410838 -1.161218713048199 0
1.039436780093939 -0.2955077131016086 0
3.365174702125469 -0.5388248618908098 0
2.871577019628555 -1.485875301642023 0
1.256843554742069 -0.4864228945657614 0
3.924777864859259 -0.2586060392372526 0
2.195904723971977 -0.4346528476455179 0
2.155902928283342 -0.4527850517504196 0
2.15849640482912 -0.4067227250805331 0
2.154222578181276 -0.4971256567613717 0
2.109908166930109 -0.4691778678469154 0
2.116506404614877 -0.5151078902204064 0
2.076358960896445 -0.4998425884901727 0
2.082347777620194 -0.5362475502406027 0
1.951405065173611 -1.167736935867433 0
2.194929642902819 -1.16305100206013 0
1.300688811139027 -0.3191971687919497 0
1.081606501272463 -0.7106442408724076 0
2.083913664755143 -0.8698915420645721 0
2.056156253526614 -0.8852781730127434 0
2.485951337114211 -1.161500493256063 0
2.47988724766197 -1.185384418062403 0
2.67269549986748 -1.207985156587545 0
1.014376874534255 -0.1818365883185021 0
1.962955996617996 -1.058533100412667 0
1.832677069098968 0.2309237024510337 0
2.078404439763535 -0.6500143975442242 0
1.613214959380008 -0.6860329915679333 0
1.635874048395884 -0.7055559172094746 0
1.663755771482339 -0.693428544477569 0
1.915065307743945 -1.077697442383712 0
1.913787163358642 -1.100354196342103 0
2.088964947528919 -0.1636938781228954 0
2.085090725851949 -0.213726955284572 0
2.046213753786112 -0.1862963248810858 0
2.043124445042654 -0.2335741620950705 0
2.083352955680559 -0.2625489989189119 0
2.000628122136034 -0.2050516393217695 0
2.126133305248964 -0.2414844205591778 0
2.03884798394996 -0.2827663881895369 0
1.17545445214832 -0.5247332616047928 0
1.157976820924702 -0.5131965012187492 0
1.153144683254525 -0.5346162985299432 0
1.158587181415319 -0.4916142465789312 0
1.140331593004696 -0.5020582616521699 0
1.173747206795366 -0.5459304863279071 0
1.155548772284466 -0.556026702942733 0
1.137790439226268 -0.5497977136783961 0
1.13797822294354 -0.5211495625697586 0
1.462986730764687 -0.5793604978353032 0
1.619958570349771 -0.3155046131692961 0
2.448679124528212 -1.037346257732172 0
2.418129974532833 -1.079401255247733 0
2.354051262621621 -0.4515869468443687 0
2.094501040706407 -1.344520389065201 0
2.11124712592244 -1.354406637220448 0
2.128416715005791 -1.346383626320673 0
2.128227690074614 -1.36550086636958 0
2.109890662859966 -1.373799129574902 0
2.146043342731007 -1.356992859758249 0
2.163511168022288 -1.348191926838528 0
1.108145675227815 -0.1890868563162136 0
2.132910728014341 -1.116010965562682 0
2.13105912837868 -1.140664424640943 0
2.111179616073853 -1.102490772978784 0
3.02364540113172 -1.126783748859028 0
2.044349106404029 -1.351737276994332 0
2.042965859212309 -1.369426948520871 0
2.873598705009803 0.1745166457020997 0
2.881549669874201 0.247727258297002 0
1.400822454195891 -1.003959247942776 0
1.420458265613132 -0.9945277759879627 0
1.41885590102935 -1.01687401814208 0
1.441930901863576 -0.9865508929666218 0
2.871588772210467 -0.5884013644804592 0
2.186089135214626 -1.038344852408772 0
2.188266014879563 -1.011091210460429 0
1.909150700425986 -1.187792747005197 0
1.906381195825052 -1.209751116696411 0
1.886262431391493 -1.218706005519316 0
1.903964387374456 -1.23166634188242 0
1.883744179575439 -1.241615520084473 0
1.866988802921058 -1.227702957925853 0
2.123409680734483 -1.211891512124584 0
1.277444662684719 -0.3019361274995234 0
1.274056703201961 -0.3280746669685928 0
3.212010484873893 -0.8932957245920308 0
1.880303556739496 -1.367455767893369 0
1.913162591807657 -1.36738637606325 0
1.867346441302101 -1.394581162666594 0
1.849748393376589 -1.390038098694714 0
1.775708957086047 -1.056529444267171 0
1.085043956270744 -0.9335006007755204 0
2.983203525141329 -0.5351533211244474 0
2.202597587842848 -1.29094600318444 0
2.315482622173529 0.7083007529394388 0
2.318246400962182 0.7891796899102455 0
1.977194425436318 -1.405257678771405 0
1.460627125928711 -1.354571037925437 0
1.014841081446537 -0.5664186955398418 0
1.668178761363652 -0.6634929962819381 0
1.690834604286731 -0.6833680959492741 0
2.380243712867599 -1.467636509570985 0
1.711835124540632 0.3606162435871759 0
1.755550337322677 0.3234441937702337 0
1.730422083651458 -1.284107427545842 0
2.85679331332009 -0.8463571531097975 0
3.117747826354483 -1.330522674896588 0
1.532338982409005 0.6859993245058696 0
1.469055476460727 0.7264572370719758 0
1.464691611183371 0.7992909072132826 0
1.389816721059351 0.7560874773288091 0
2.012102708024296 -1.038959713960556 0
2.568186692257239 -1.471183787948827 0
1.15411412467486 -0.8392523241726639 0
1.291822209450971 -0.5861262956065567 0
2.873412448838475 -1.366141536479225 0
1.253220848077127 -0.5356342434769286 0
2.247990927740174 0.8330529177547998 0
2.325278897065432 0.8711970764608721 0
1.121356583694789 -0.5122310321211753 0
2.6053446695607 -1.316085711211085 0
2.59744154511715 -1.341483726999088 0
1.784802931960937 -0.7571893836113214 0
1.780965054056663 -0.7844870773246755 0
1.788042090264638 -1.240404239142555 0
1.745097428810937 -1.158232418742888 0
1.761394690397176 -1.172225627957115 0
1.781541517085428 -1.163301656473303 0
1.973824445710326 -0.9518677102375263 0
1.971208127021202 -0.9796104874531582 0
1.058930080354794 -0.8598059995032705 0
1.98777691084208 -1.46562850228227 0
2.00393271605813 -1.467015701766322 0
1.303228501316661 -0.4364964991019323 0
1.291206031719607 0.5111159606530578 0
1.230169820246655 0.4784017579641765 0
1.173258815378001 0.5130383880417124 0
1.171361198546588 0.4438109112547632 0
1.229782657601483 0.4090335122659307 0
1.170894908008085 0.5837287238668987 0
1.109778846356547 0.5466897800694488 0
1.032782129898748 -1.306863632458599 0
1.537858181241828 -1.317542907492112 0
1.521036414329853 -1.306718033958015 0
1.32123669045594 -0.504296633376858 0
1.677125051680681 -1.270907343283988 0
1.675972845743092 -1.291498974873379 0
1.046469509366967 -0.7807656193952237 0
1.14133616698563 -0.7711984936371362 0
1.051173394256429 -0.9831842476466122 0
1.177184783977384 -0.4813297210099793 0
1.134481425760276 -0.8842882843300326 0
1.118714418399992 -0.8748259938416606 0
2.130733154816331 -0.7293531388446737 0
2.098690047456178 -0.7424669173062033 0
1.102838158024818 -0.3002321121353493 0
1.4166654280844 -1.320638446027207 0
1.401196793529292 -1.291454096229992 0
1.198144388449831 -0.9104478115178871 0
1.503951607744562 -1.314438075323212 0
3.370631790429867 -1.464459677508988 0
1.543284962514906 -0.9852563702892767 0
1.043966350025783 -1.207666923062985 0
2.590647199648414 0.9242307490511716 0
1.086585420809708 -1.349297544033486 0
2.571982500696826 -1.435057020866021 0
1.687667562349313 -1.164656805723519 0
2.499999536784893 -0.7687737320773713 0
2.342155151532854 -1.429959501498107 0
2.538133872341452 0.8369023077053879 0
1.142378352325123 -0.4801433818133987 0
1.194262902657664 -0.7248568618760205 0
1.75389632314698 -1.065856737661054 0
2.325603490033128 -1.436978068028697 0
1.096182888660865 -0.7209136435967745 0
1.812694514180788 -1.456778270829399 0
3.142564091551368 -1.383928653655687 0
1.985262879511974 -0.6222986164682878 0
1.948191777149715 -0.5999128633185977 0
1.951745342448766 -0.63871471810442 0
1.923636571678182 -0.6183585016791968 0
1.798218913297418 -1.394614290173215 0
1.593680598991561 -1.211467911746015 0
1.575335444240391 -1.220968480913037 0
1.592114029583916 -1.232334906690555 0
1.57462238109708 -1.241980929882184 0
1.603635567017833 -0.9790188965453123 0
1.640309424112712 -1.286798625883635 0
1.977506384610174 -1.368755444634423 0
1.310642026177637 -1.03258526444657 0
1.308755546146862 -1.052900628355341 0
1.325072370060723 -1.065765230928394 0
1.292864472285278 -1.042478193367913 0
1.276364924983242 -1.054318131507053 0
1.344047406760924 -1.05679261707897 0
1.341513375693754 -1.076943202912428 0
1.323547850223554 -1.087522651031122 0
1.340765697203456 -1.099106786245311 0
1.361127817424541 -1.069128419083397 0
1.843244057316106 -1.439498441890534 0
1.843434556591512 -1.457643233282377 0
1.859642514082185 -1.448225556305861 0
1.650260172502902 -0.8159700767930862 0
2.190090199209335 -0.009625665578102103 0
3.420839866639955 0.1020942200268521 0
3.351370140436653 0.1519383818880818 0
3.276683457699447 0.1207793791603043 0
3.213356894689085 0.1685555591197243 0
3.202282027024975 0.09258815907971964 0
3.269263267701699 0.03907858337625615 0
3.188007715907865 0.02125497603800294 0
3.137122985461281 0.1441049337001021 0
1.271871694696728 -1.114470868743724 0
2.482589352243403 -1.270790426710128 0
2.743303882334152 -0.4768803897936547 0
2.748683029385664 -0.4223257441243529 0
2.79705537954575 -0.3988483654337078 0
2.753586436018091 -0.3668093561428641 0
2.802804387650389 -0.3428530517085679 0
2.762107311150229 -0.3076985919995769 0
2.81157050693335 -0.2841693058501734 0
2.697157140187597 -0.4447845038472819 0
2.856089836936809 -0.3196656370169031 0
2.436362381308937 -1.282934041696459 0
3.470925085712793 -0.973228104187489 0
1.719130497040317 -0.9375763466858992 0
1.694252412435844 -0.9488910407392339 0
1.404056235326698 -0.6710616841944141 0
2.267062587302837 -1.485969090484285 0
1.955754254081828 -0.5642647514833585 0
2.24068332390515 -0.6909959988922526 0
3.588472634027808 -0.193510898212585 0
1.294223731094791 -1.021082040488405 0
1.472589348877235 -1.234808013570567 0
1.540810955185994 -1.175987075555062 0
1.576605014515552 -1.439663833195179 0
1.575466987394103 -1.456053658204943 0
3.909464174495278 -0.07530798933046212 0
2.5207233506471 -0.8731068805984988 0
1.596798039870525 0.5666227947496558 0
1.284705703308576 -1.165178141853213 0
1.268171704851988 -1.170543762458419 0
1.264834122383297 -1.192430644186774 0
1.281054785120243 -1.203815435637973 0
2.280775194500424 -1.422403814589557 0
1.470486556543156 -1.293938915871633 0
1.140125335056535 -0.7899575043173933 0
1.124399777939469 -0.7786427231350979 0
3.668329950356668 -1.48499705812551 0
1.822901878389835 -0.5799208048090861 0
2.005713389955237 -1.450016519940492 0
2.220974922859369 -1.443281811350772 0
1.389124583012256 -1.258236575973917 0
1.522140808138656 -0.9949707317551468 0
1.539825593803072 -1.00860969126701 0
1.112994575505508 -0.9713635659118478 0
1.421799485213539 -1.198798722771903 0
1.048061408803519 -1.017482970678982 0
1.387834757815172 -1.175365512292476 0
1.371100662533429 -1.1638957070935 0
1.369350616740698 -1.186912784080694 0
1.348618527358328 -1.191986924459127 0
1.333673334048499 -1.180068166633865 0
2.062184009738172 -1.263115285195744 0
1.703192876318607 -1.41282528384207 0
1.719015794435053 -1.40377165098468 0
1.720418209031543 -1.421758293111975 0
1.610045207059373 -1.223580493839892 0
1.627117688058359 -1.235559451237034 0
2.374481987584849 -0.9484309660569183 0
1.586123043403833 -1.114670424592763 0
1.606059376214446 -1.105895277225071 0
1.32788104703337 -0.8739021227964534 0
1.325212659819492 -0.8936439442136417 0
1.307510049301195 -0.881644978240389 0
2.342402579384159 -1.190282750910731 0
1.163497478174706 -1.484228938184441 0
1.331618338871513 -0.7477409667368258 0
1.329877903120406 -0.7697198772462218 0
1.348279441897311 -0.7839290512180207 0
1.311234162212299 -0.7569123720879681 0
1.311831273294181 -0.7786078577306504 0
1.369242495409036 -0.7750833189136138 0
1.388045974310827 -0.7891510945815546 0
1.411511514516263 -0.7807541053306981 0
1.701237250894843 -0.6202861268407711 0
1.696146594504224 -0.651821197551718 0
2.500792156495985 0.1386280942156922 0
1.178133220168299 -0.4588741149093905 0
1.320597553107073 -0.640931879429422 0
1.025403873074505 -0.9456466973440012 0
2.919097202256739 -0.2292343920011511 0
1.44672241358894 -0.4410549504051798 0
1.832362514005511 -1.301484540203957 0
1.570425432315019 -1.299434844779431 0
2.923973339645086 -1.295496501006524 0
1.752025362267726 -1.421641835689302 0
2.434764459075092 -1.177670591842486 0
1.885083200924016 -1.43906614734893 0
2.197160521164827 -0.8505505872578405 0
2.221547555732572 -0.8708720784388524 0
2.192089568433202 -0.8829447399820394 0
2.076968620158572 -0.9884381200037116 0
2.049331222285128 -0.9767909504857823 0
1.335335556216228 -1.323925928858397 0
1.319963072290633 -1.331628212295493 0
1.425200612542708 -0.950668141589605 0
1.016292274541186 -1.407014945156428 0
1.951402628398299 -0.2943972006047275 0
1.993792373131311 -0.2843759687510961 0
1.982762580067417 -0.3238480772153015 0
1.156859445813096 -1.031573963895959 0
1.829590116401188 -1.121764054289127 0
1.827904364661457 -1.144859991694532 0
1.852840692486484 -1.112330108474366 0
1.256553424569946 -1.30661176793198 0
2.07296955947248 -1.043572760569266 0
1.655240540360066 -0.7303882467467696 0
1.626094715715475 -0.731896896872784 0
1.547791761141912 -1.418879580597843 0
1.899274896038295 -1.430433962379892 0
2.026908535031164 -1.360580716267197 0
2.401106128934254 0.9174793006081811 0
1.782374757557168 -1.40361954274489 0
1.351127908521362 0.4769871088905427 0
2.211237287054549 -1.380267413263408 0
1.050923495017204 -1.160476280025031 0
1.364791777811686 -0.6183910397524879 0
1.52900172635524 -0.9249837952591241 0
2.03280253585467 -0.8333088726495914 0
1.570126267295711 -0.5585317724566323 0
1.702081876731844 -0.7919340994829824 0
3.574859983152265 -0.3794935108875089 0
3.509580760204538 -0.3329864364760902 0
3.495420867971004 -0.2580547065342119 0
3.468318293143582 0.509742250744409 0
3.456790990534756 0.426870064273752 0
1.424625029434538 -1.388511545348565 0
1.409953774403093 -1.377757187125184 0
1.393555632871728 -1.385857247152305 0
1.378356873964596 -1.375857073168748 0
1.379554698070999 -1.357361227246314 0
1.363070715096272 -1.366198391535779 0
1.364668909691965 -1.347228833469333 0
1.463236934295422 -0.9777537924648281 0
1.065024459359105 -1.295269447361449 0
1.414522272022407 -0.8456853901296242 0
1.39430151889789 -0.8342862203146153 0
1.533102263194644 -1.408191772678612 0
2.29828634076576 -0.2578928492504355 0
1.01349243055745 -0.234951977103963 0
2.364269178209391 -1.386592814788902 0
1.012442461955324 -1.177977930563287 0
1.922550528392089 -0.9728450097463481 0
1.014080879657772 -1.438191345877818 0
0.4081165765069545 0.3787724300856242 0
2.078153144073716 -0.9311983000390512 0
1.495987600043286 -1.457049409295581 0
1.842082820553678 -0.8837716889509151 0
2.310453185434297 -1.03459295022721 0
0.9548442649171406 0.9217500467479878 0
0.9998628520688768 0.8468955850691289 0
0.9112751594779103 0.8514600349044255 0
1.090148068003202 0.8471550729994304 0
0.8687414775349291 0.9230824789657133 0
0.6795316827333908 0.9221151742153642 0
1.897798481124003 -0.9831813111740744 0
1.270103393591101 -0.5959722253230852 0
1.3044285724274 -1.300963370854781 0
1.289063490711083 -1.290479598102725 0
1.289177670386805 -1.309312579852061 0
1.204514791914632 -0.6538281751394659 0
1.868407367863087 -1.205743411622598 0
1.180639259076517 -1.288738848097863 0
1.710141012079647 -1.084138180798835 0
2.396795958392413 -1.390739983633825 0
1.783725384110651 -1.473633082481218 0
3.328173359098151 -0.299238954920536 0
1.277231618262283 -1.242089176830448 0
1.262535314963748 -1.231941210962637 0
2.257730432161193 -0.8248562571167488 0
1.411432765505374 -0.8924258916476472 0
1.071995306189653 -0.102165948060482 0
1.357824651831499 -1.110948152618586 0
2.148455352566493 -0.982074450330101 0
1.724130749724298 -0.269026917004932 0
1.243236166907764 -1.257860057908098 0
2.166831824201781 -0.8628567683855178 0
2.18698802973096 -0.9189823093506312 0
2.588149256905281 -0.694369107657599 0
2.578261193405386 -0.7386010329836321 0
2.39555103993893 -1.298715005589365 0
1.688269414334861 -1.092603130613953 0
1.684025840129914 -1.117179498021019 0
1.667462804694306 -1.133576028669045 0
1.705730589956613 -1.433301240034196 0
3.922541611808754 0.1178608309665225 0
2.316396049157949 -1.279465790405476 0
2.315477801956904 -1.301235390907413 0
2.292271241651994 -1.309516182179611 0
2.275387159209473 -1.29725142810381 0
1.521428239046825 -1.287133013359414 0
1.325625626495971 -1.432491539627782 0
2.770979329297236 0.9294819409663606 0
2.856704754933014 0.924331996298851 0
3.227166680179894 0.8680029243747325 0
0.5897311096291347 0.925272562487925 0
1.070510619863161 -1.356328946353979 0
2.091272019537179 0.1189953557945764 0
2.541607328033855 -0.1894225692111637 0
1.420273121829578 -1.280495908148709 0
1.366994323215255 -0.7975458766631834 0
2.157731335384213 -0.9241692608281155 0
1.656946406194163 -1.422032442112988 0
1.19209814061871 -1.01131775920853 0
1.193968339960753 -0.9922272996187205 0
1.211374944937247 -0.9843530320359112 0
1.175969245239122 -0.999084839804434 0
1.195187447417954 -0.9721027465688347 0
1.228308588530533 -0.9741317334182134 0
1.461325811001724 -1.000691951374563 0
1.448943511362095 -0.3759020056131072 0
1.990200099169123 -1.431111144180909 0
1.574969472840378 -0.9027763546220211 0
1.625919335539014 -1.40255314878622 0
3.608209927136539 0.4111162189332478 0
1.262770729456374 -0.9772293648296154 0
1.22980376723166 -0.9540611739805539 0
1.610063539925686 -1.37624246384655 0
3.135044029440591 0.6615353342146449 0
1.786471314863722 -1.139912788325166 0
1.836603569745795 -1.075634485160792 0
1.387685772873085 -1.440046640729881 0
2.864123707649301 -0.259643023769994 0
2.817329167653568 -0.2223760506702613 0
1.07509787599029 -1.053043710784388 0
1.074468378012208 -0.8175374323385596 0
1.638127315755564 -0.8960801692945315 0
1.357753113390696 -1.217454451253295 0
1.273665609641073 -1.03295603198932 0
1.871463065659783 -0.3265669890442802 0
1.904037233886007 -0.3525895510629226 0
1.94316816519149 -0.3372975095068819 0
1.177752332552497 -0.7152317907729933 0
1.136613095192747 -1.239557742747941 0
1.123237774360023 -1.23149525506377 0
1.122429465008893 -1.248533039870258 0
1.207769152240515 -1.140598294328075 0
1.221068798703536 -0.8434523894168555 0
1.221902254663071 -0.8242114117149788 0
1.239868644115159 -0.8147939842830134 0
2.502334762662282 -1.280555347913856 0
2.21498823756993 -0.6270595154932228 0
3.920180526809036 0.3051420837568202 0
3.828174079422422 0.2535968482476801 0
3.869913473948484 -1.485364220612856 0
3.860792087317261 -1.461453405898738 0
3.831134761083334 -1.46713481406659 0
1.944302623120706 -1.439290670916797 0
1.930224108138078 -1.463794190908049 0
2.174115552258679 -1.14539959664557 0
1.247715548122514 -1.431676496663962 0
1.262926047703444 -1.445376550447634 0
1.249970582956089 -1.414020879227908 0
3.926344131629245 0.7606434281759018 0
1.825105646978983 -0.6496914336580362 0
1.723156950544991 -0.8844918454866502 0
1.89196222113003 -0.8613009571394029 0
1.208432176142127 -0.7766076132220793 0
1.20664247967725 -0.7957388781626749 0
2.385713888864088 -1.196383011404786 0
2.36176490695676 -1.205289245611716 0
2.382780048390726 -1.219161581759617 0
1.204893592820652 -1.059817038742338 0
1.217815073057476 -1.070396404029965 0
1.137029752746813 -1.071645013089156 0
1.280834343360144 -1.417715107309736 0
1.712510089165655 -0.7042570626233271 0
1.049324212667332 -1.398918120405347 0
1.172033964524095 -1.413577205414817 0
1.186437493757383 -1.424292263832705 0
1.184238964614068 -1.441831942990233 0
1.717466448487116 -0.9885888971084429 0
2.026139306990073 -1.397964774418342 0
1.492375974721808 -0.5350932483638283 0
1.016419451088475 -0.1465488077851996 0
2.808509740302355 -1.338176253225398 0
3.696516363736804 -1.488034725070326 0
1.485831916932044 -1.412105476187127 0
1.071923145297714 -0.9053417255581174 0
1.927348361660284 -1.199228269238834 0
2.037811573174801 -0.4526541930325404 0
2.035443661965741 -0.4940744526423041 0
2.072449926169114 -0.7221047583887128 0
3.416718371053507 0.9133284385288286 0
1.161726491947071 -1.367076142976488 0
1.644732475390875 -1.108675408495333 0
3.183246098494235 -1.486554515275538 0
3.925581547690288 0.5753700590064366 0
1.583456531606492 -1.136250360551952 0
1.422525112648677 -1.407265150417233 0
1.438125787957502 -1.417049551070609 0
3.048481015732148 0.9217110234694933 0
1.409018762886025 -1.126563591137064 0
0.4186388017765119 0.07640728180573542 0
1.143234504065957 -0.2846867730727937 0
1.140762042428585 -0.3090297175030301 0
1.519159553064975 -1.017819800069424 0
1.49626983340999 -0.8535554612434041 0
3.221549832834772 0.2483688907262341 0
2.653079067488379 -1.055951745558056 0
1.073569395779511 -0.4452914625367806 0
2.819811414023391 0.2907335726252269 0
2.025034039655496 -1.216623554813911 0
2.437407801939175 0.3116614044925014 0
0.22631412315796 0.07619897899609174 0
3.456149375196623 -1.030437018696177 0
2.733281200190114 -1.416303401584875 0
0.07872737328264 0.2272689013814421 0
0.08075704314791217 0.40521954566908 0
0.1767745350838047 0.5263086172944359 0
0.09753737210499702 0.5905460869282075 0
0.4135413732347231 0.9043701295619598 0
1.059434300172052 -1.202871076825052 0
0.07036428609835527 0.7765009389906976 0
1.191955739433255 -1.370671018409584 0
1.144001739102986 -0.4116226276643896 0
1.126160005241108 -0.4004665365464093 0
1.096805814941518 -0.9786672486486379 0
1.792457117450912 -0.9052390541341132 0
1.813779129720971 -0.9216364954948617 0
2.042186812461866 -1.272530788578946 0
1.650553470740376 -0.8453998249321267 0
3.350209111933487 0.07134910324387211 0
1.125710993958569 -0.7601392383396364 0
1.477474917957115 -1.060628101025165 0
3.301498527432182 -0.9754060664829061 0
1.083780252954664 -0.6577989126222581 0
1.385266014385466 -1.457691811177199 0
1.444269731276786 -0.4701204873129223 0
2.478379255279317 -0.4905057106977219 0
1.21593022030728 -0.1830065688822779 0
1.239810244358649 -0.2019036629760306 0
1.202887704714755 -1.417195755352417 0
1.264480106577312 -1.425134520431029 0
1.871073304199487 -1.26067319716906 0
1.492455230979822 -1.186342966547357 0
2.904586920815835 -1.486696508660132 0
1.133018891441113 -1.345840901751532 0
3.072963671813982 -1.081782791535971 0
0.9654089445370568 0.530614482169854 0
1.014584075265472 -0.8820200164776786 0
3.627445071946854 0.03720940328167762 0
1.41488855417293 -1.085117771674282 0
2.310247102208957 -0.4681038742064998 0
3.388995487902885 0.4759749188061736 0
2.117563563513106 -0.4238918267529909 0
2.776859391021097 -1.400054108430713 0
1.270847379925647 -1.371451528261483 0
1.226226379641082 -1.266499868602426 0
2.252210617810758 -0.2770476888382687 0
1.62181480692068 -0.5959648328764529 0
2.002924636907888 -1.242040267715738 0
1.069423601703602 -0.9412558959316493 0
1.229052987516064 -0.5623093195299674 0
2.506595173748887 -0.7262801343841053 0
2.190862839083209 -0.5220362944109235 0
2.953616422294743 -1.411236330523716 0
2.577628104264588 -1.485122312580548 0
1.586760928977453 -0.4027321906892274 0
1.682650851743388 -0.09415257361055913 0
2.230599474075512 -1.212864657744178 0
2.270580407569772 -1.317183112260022 0
3.541993544414012 -1.482881990075965 0
1.100759176923812 -1.215850567916369 0
2.337921079613047 -1.302923031850485 0
1.014041274254983 -0.07737278947644227 0
1.109188911812431 -1.00572244293167 0
1.760186917680624 -0.9927514819335246 0
1.316045265946149 -1.386190625191448 0
1.898554992054623 -1.009421176679727 0
1.765958278431027 -1.320147409705172 0
1.49018087983974 -1.245749087730469 0
3.444801703341675 -0.3702268485782982 0
2.125657600211149 -0.2896564433766389 0
1.271128475054756 -0.8778712285667956 0
1.687058499312626 -1.349164005728434 0
1.204262839677396 -0.8331601851666712 0
3.057119775123534 -0.9529539861171888 0
1.33991530628977 -1.267027447054938 0
3.43553702602738 -1.400119326130612 0
1.268728120884468 -0.7285219671912225 0
1.275689147280107 -0.8171435920751342 0
1.287586736834148 -0.8894320745386182 0
1.591199518850593 -1.253078919038545 0
3.012563735405306 -1.451024172578284 0
1.256970836031181 -0.8260630993750202 0
1.643004166272468 0.2735985032075242 0
1.401852522149196 -1.030128638416002 0
1.321410390713553 -1.128893811777909 0
1.773584907568671 -1.080312320319845 0
1.143128307451261 -1.190585266140271 0
1.227338453111828 -0.9950333791968173 0
2.117046997445132 -0.5573717201832842 0
1.617621554609103 0.0573940056585381 0
1.057543323972009 -1.449182109600862 0
2.044243204002517 -0.7014857259068092 0
2.527829270205368 -0.4556987308151017 0
1.582461587626615 -1.38676313328493 0
2.536155407330679 -0.2989734228516417 0
2.490287654812595 -0.3173150587045237 0
2.488971923328556 -0.2698096187939478 0
1.471045577145823 -0.8861711664405673 0
1.731005241764661 -1.099315954031793 0
1.366481900945787 -1.005892057581211 0
1.939807812779964 0.1618454767640157 0
1.736962757962244 -1.204041920486151 0
1.036508887661517 0.5624343336447436 0
2.007006696616549 -0.8149912828053045 0
1.090846839628755 -0.8274348993374283 0
1.671943147946487 -1.377070785134084 0
1.489508041918829 -1.158963382818582 0
1.557895659807485 -1.327338500315417 0
1.767981198006055 -1.430230558461239 0
1.073334365225242 -1.070244460044629 0
1.087328761289359 -1.093269497779763 0
2.616553889705037 -0.9059510881104933 0
1.924570592487819 -1.487267373282991 0
1.956909817570467 -1.100367855921433 0
1.875627819970025 -1.139546320913408 0
1.180151763690024 -1.102139776372989 0
1.554959781062676 -1.365419082005876 0
1.635502069373649 -1.029098159920927 0
1.309855442035718 -0.860900337711085 0
1.097333047325666 -0.7027181244539334 0
2.088030450796023 -1.113601234686973 0
2.060555612959581 -1.14851197268446 0
2.002685051879288 -1.079340514650596 0
1.096094447780027 -1.265443317293102 0
1.176740417068806 -0.7345136799384688 0
1.798587490187805 -1.412585374758154 0
3.267315773560135 -1.245863992544208 0
1.172609128961985 -0.588196438824595 0
2.516832443420253 -0.947581722555483 0
1.071930000961227 -0.2598074688714416 0
1.071001592109014 -0.2394011265562189 0
1.528268499672713 -0.4303092127291823 0
2.265984077505949 -0.9702163618479629 0
1.014145104385949 -0.3919518579809378 0
2.115940379870531 -1.275608301360992 0
1.250763461033094 -0.9058558645803864 0
1.284063777828001 -0.9285302604930503 0
1.262572848031495 -0.3774968182780876 0
1.600421338249587 -1.148868929225865 0
1.126726459314848 -1.398920394553752 0
2.994617494036617 -1.308795848462895 0
1.605560149269519 -1.303123908629515 0
2.054877110092664 -1.407035023220375 0
1.073110104788025 -1.338834019220891 0
1.814459953460794 -1.348675861910877 0
1.702990522593203 -1.358199505477572 0
1.098648664821466 -1.232316534456633 0
1.149177800606038 -1.338791300641354 0
1.256533151182204 -1.36075330749789 0
1.091947947534543 -1.173151149740741 0
1.15961303958536 -0.9848704431712129 0
2.048295702291923 -1.05331618859083 0
2.63242246339197 0.3438048255237519 0
0.2627004132678735 0.6465247126466347 0
1.505888911466683 -1.369019919034554 0
1.86287317036049 -1.320753590668156 0
1.315936765678862 -0.9717441049875629 0
1.095182894705709 -0.9959333379182471 0
1.028895923977729 -0.8573061386948198 0
1.575299893256476 -1.359947239003873 0
2.648774165596475 -1.193835750065488 0
1.198098214455025 -1.451951680189686 0
2.549808956458583 -1.269210969102113 0
1.929584839521358 -1.395467578526214 0
3.08123011971778 -0.7971178868210989 0
1.082298968661639 -1.129300184011982 0
1.32331271990204 -1.45002332617788 0
1.336140490776835 -1.458005347550221 0
2.697167377292038 -1.224881001125731 0
1.183678974605962 -0.8799483345291713 0
0.1674089842435272 0.3452612538645174 0
1.332251156039972 -1.379670894730504 0
1.624216032665923 -1.331561005191921 0
2.236525981648898 -0.7285831655717114 0
3.926805043336236 -1.472153687397545 0
1.473261189367283 -1.486825334839059 0
2.3883117979129 -0.1437925255705257 0
1.30062045013429 -0.6248117733836662 0
1.573258220395492 -1.05754486463125 0
1.10622725781355 -1.308249991597422 0
1.490647735275001 -1.358159764292094 0
1.106097085501803 -0.8023695051718579 0
1.527685272447871 -0.7901790153698227 0
3.567821278211209 0.7224962730551316 0
1.815429324381851 -1.31076875055727 0
2.226956810568899 -1.096870668231107 0
1.541555302046527 -1.239904032749661 0
2.334085302098757 -1.050701189345145 0
2.673253673092405 -1.349998017559029 0
1.531161786820047 -1.098204028219298 0
1.507106738500814 -0.9351559625174473 0
1.185611680162665 -0.05315092382402058 0
1.995927666679513 -1.322853671582262 0
3.711488516546013 0.6201635336209625 0
3.198560306578677 -1.231644591319895 0
1.015045583285111 -0.8116788650174218 0
1.09267012322475 -0.7751724793654489 0
1.936456371083201 -0.3780068495875696 0
2.793897998818883 -1.264165229962604 0
2.163455400323957 -1.367479801417584 0
0.4094706039812417 0.4666410898991391 0
1.190800173521456 -1.147550476075356 0
1.797957772455836 0.0878950156165377 0
1.357714220148352 -0.6910973945651097 0
1.360818136786349 -1.401178851386838 0
2.385938897129824 0.7451444882097249 0
1.013023912520547 -0.4260946718940297 0
2.715340816382963 -1.327440259217371 0
1.823749769052315 -1.012172569766068 0
1.529326910019185 -1.11999467828387 0
2.267099247779652 -1.128731442215215 0
1.699707715981431 -1.221397627754377 0
1.015919273768328 -0.04348600925733263 0
3.340740079081616 0.6928003763180072 0
2.149025910198983 -1.297520777042238 0
1.896203744163524 -1.30151971269959 0
2.151903039345419 -1.256824742687722 0
2.131445163460271 -1.384714344241233 0
2.099958601660503 -1.401119058532746 0
1.351136481002378 -0.8207268733309426 0
0.4888538132856226 0.6796587260747193 0
1.782252707704943 -1.272771565329732 0
2.38122477451991 0.5861245025417249 0
1.960022020071775 -0.8247039696979229 0
2.141367529187498 -1.037119619745996 0
1.75056970468878 -1.367305889696941 0
0.7055225455941186 0.383086626236585 0
1.632704380460431 -1.051924403923123 0
1.537069809849308 -1.031261291455557 0
2.342698420604217 -1.26081634628817 0
2.427258360853082 -1.3244804678938 0
2.632498819288715 -1.36999639445627 0
1.847626162950553 -1.002196759118354 0
1.136952484088658 -1.445784621028243 0
0.630302140553702 0.5862785529746096 0
2.357926325163764 -1.228369920164404 0
1.766263570687983 -0.1064243816081849 0
2.051362492505849 0.2739955778080355 0
1.656284448841593 -1.368289923931648 0
2.337931106729073 -1.323596516163303 0
2.466964569394125 -1.308203062003525 0
1.78865541094552 -0.9312692276960323 0
1.454559566922599 -1.409057840407627 0
1.469449481301905 -1.419391690399326 0
1.206163770198528 -1.159115117223068 0
1.49136197763389 -1.205311575417372 0
2.263619154267159 -1.242232702943891 0
1.353376039560235 -1.457241452162983 0
1.912962175672672 -1.251023673988223 0
2.542747883320433 -1.393613144930758 0
2.183688603321368 -1.06704154723861 0
2.705289089963401 -0.05756477455674781 0
2.453613128132001 -1.419065347861085 0
1.256464931690428 -0.2256007946907584 0
2.314872077120377 -1.390334096957034 0
1.027667951544113 -0.4002387498246028 0
3.6385607426513 -1.46236627278759 0
2.859684746693156 0.766335431207622 0
3.29032593121274 -0.03206991720407883 0
1.417352863945443 -1.46005672577411 0
3.101315919662305 -1.195108212515805 0
1.03427535316553 -1.008924644239981 0
1.030820229782291 -1.058696194437432 0
1.130471044747597 -0.668114545327498 0
3.469814869783533 -0.6887033692426752 0
1.45872604950617 -0.777226043221237 0
2.114551414006655 -1.29587704062854 0
1.205095083511276 -0.6320796883525076 0
2.083569235868432 -1.209634363069623 0
1.322737082366819 -1.108425820903685 0
1.068322845003822 -0.6662014754018248 0
1.629299341410288 -1.486884186626086 0
1.190488358203901 -0.7840177775335579 0
1.661853227553715 0.6007125499745556 0
1.883279977167328 0.02525290669716319 0
1.278955007930924 -0.7788802527062106 0
1.11607505294128 -0.6232574517205598 0
1.764144674282144 -0.5632753643414417 0
1.63036791087421 -0.5010298733894343 0
1.405601849979363 -0.3292352189403425 0
1.430473817281475 -0.3494310229666259 0
1.531309309291706 -1.426007700068491 0
1.825397744342125 0.3401303404216452 0
3.6646208846604 -0.6930593132964434 0
3.658324109558681 -0.7644179586595869 0
3.580812443088831 -0.7884162623379232 0
3.78558786846487 -0.2617284740661418 0
1.044137147649915 -0.4964312131907818 0
1.816718416523474 -1.251239805007602 0
1.563673941257712 -0.7012997893729866 0
2.005757398305956 -0.8828195339973548 0
2.98623314169234 0.5897384744625129 0
3.580131526917283 0.2501461550201758 0
1.519185098805496 -0.669181340415586 0
2.104078999539536 -1.199367925435509 0
1.247554655013491 -0.7372421113133509 0
2.217067951893077 -0.9038971108273504 0
1.645402047568337 -1.227366342920268 0
1.144355377191821 -0.7146187066361263 0
1.0145206594436 -1.247309939086095 0
1.858380533268684 -1.466308647911288 0
2.771799364143352 0.4860003125279396 0
1.682132370056344 -0.5382219670018107 0
1.476154768627119 -0.8390418236657436 0
1.750692916327681 0.06813291222647913 0
1.83901880177746 0.0566637184395345 0
1.330531656358323 -1.199286424619115 0
1.465003003813263 -0.2713092555245664 0
2.062616909323038 -1.303813376111812 0
3.076517547600764 0.190892668946355 0
1.549993230478204 -0.478706571713126 0
2.705690547732729 -0.3346799033128212 0
1.913969585131403 -1.386063554136029 0
2.335944194371779 -0.05253466146961897 0
1.432488765567857 -0.609776960202126 0
1.695558541065307 -1.023502925020261 0
1.590044421544731 0.2492728963878208 0
2.200473614332176 -1.311163607763756 0
1.483207694153146 0.1531651164586046 0
1.252252458751985 -0.8860889183328121 0
1.069831398914535 -0.6317610540572391 0
1.807186769839637 -0.190578541864642 0
3.030070021437621 0.3861382619956666 0
1.423177789765917 -0.972908525554964 0
1.187859113395933 -1.183846624077179 0
1.931853869462208 -0.8911205530462301 0
2.183485524956938 -1.182496842634686 0
2.235255157017646 -1.314313771282045 0
1.090907483465883 -1.058891374099767 0
2.093128585823274 -0.7749802517623122 0
1.881580798935309 -0.9140657560248091 0
1.029521626929679 -0.8216718961518361 0
1.661105027070658 0.3924713934576251 0
3.171823495211747 0.4547410204345524 0
1.827569897875953 -0.809630888360134 0
3.841912889576977 0.3481005538702199 0
2.57647992097069 0.537223032705048 0
3.183123881835955 -0.749329241751941 0
3.342605935434048 -0.7358845111390167 0
2.392090020408987 -1.319480692099253 0
2.04150389326001 -0.7360252449643971 0
1.661900269043815 -0.2234037737225256 0
1.947213144902544 -1.230594425625396 0
1.546276837250373 -1.436720570573715 0
1.718988685927088 -1.311686833269949 0
1.702800186424423 -1.198895147898432 0
2.64258997490577 -0.5797399088845974 0
3.05713294946026 0.04790218229167255 0
1.560771308660737 -1.446492967519414 0
1.775613643254338 -0.8351984434460494 0
3.352488504252567 -1.2805890190965 0
3.353185620031378 -1.2380612079174 0
1.924003671708283 -0.5366705547188584 0
3.156906078403755 -0.4637157475522147 0
3.212241499659094 -0.4318910328629969 0
1.458898566707879 -1.163645549097438 0
3.810649857684855 0.8468577613717569 0
2.306374001273151 -1.135044002552693 0
3.47991668790976 -0.09966343541070485 0
2.681128012522442 -1.078344865073384 0
1.11799221801012 -0.3127475103876407 0
2.967563868151653 0.4309178437656248 0
1.203091729002218 -1.196405157410773 0
2.178174113382081 -0.6422376666140679 0
1.875562931136354 -0.3808182107348304 0
3.415162545738976 -1.183978448242478 0
1.813719959902952 -0.3368994959333479 0
3.839709772493055 -0.5588300652854787 0
1.163529958660186 -1.349368297958623 0
1.237545343596528 -0.473410335537465 0
1.2425207409433 0.2089781658932687 0
2.446802818777383 -0.3714544562685693 0
1.020907534016248 0.4853947927145161 0
2.118725997438224 -0.7938150069733441 0
1.17783103431801 -1.360041919415755 0
2.296736203632507 -0.5547527301328984 0
1.419807965133022 -0.4845665572580216 0
1.385681864953585 -1.29981678766162 0
2.842685484408129 -0.4306841727254154 0
2.015413458573641 0.4384693760833112 0
1.199859395171038 -0.8911415504844049 0
1.324223792932157 -1.256042448178507 0
2.283129781475507 -0.351174630269757 0
2.245941932652093 -0.3240861326641564 0
1.189434426506376 -0.2169322093872362 0
1.117140663406407 -0.5866565500964395 0
1.906376491415779 -0.4027921315147893 0
1.468667101357634 -0.9087671289386723 0
2.419405938537901 -0.8326816450845966 0
0.8581960553819218 0.782014331007406 0
1.741113386826856 -1.180645459759649 0
3.847107078160743 -0.3922573173903001 0
1.524763988928945 -0.4613076292053055 0
3.845523571115523 0.1569711113169748 0
2.119003921574833 -1.233485232621476 0
2.460535504823013 -0.9418252115844954 0
2.486680967158914 -0.9616031978298064 0
1.905659470561078 -0.05467588255676224 0
2.628042443396441 0.2697686140860833 0
2.684672515909293 -0.2304449785392945 0
1.509070597856084 -0.3462954017037066 0
3.486996254887722 -1.311113624575748 0
1.352948650822084 -0.3837033213721764 0
2.510119131956313 -1.390944844790408 0
1.945868226792744 -1.311557033184046 0
2.524936241676522 -1.096281111723193 0
3.337894901543137 -1.485489691012813 0
2.346030664109445 -0.9618681338866353 0
1.674233504708727 0.1820555657121536 0
0.7684504097213548 0.5801099120344004 0
1.251694128502732 -0.3111281488762891 0
3.287665029225398 -0.1161685164593276 0
1.505090297532013 0.3743265006033086 0
3.07595424337882 -1.338117019470085 0
2.602816416572527 -0.04806222645146228 0
1.316577385873009 -1.485360179552016 0
3.554250055488052 -0.5257602990075848 0
2.61468681693712 -1.357230925095877 0
2.241630474540875 -0.9534730489519154 0
1.183862627469416 -1.218361350391396 0
1.332212493396189 -0.2475167536405166 0
1.474765565674908 -1.365590671520102 0
1.10726337455538 -1.166264281297388 0
2.128100879435779 -1.453026366981699 0
1.714140225303615 -0.1213786142000082 0
2.305234737409208 -0.703196818935689 0
1.501411340896269 -0.1148735852336822 0
2.650880012828476 -0.08243864854077507 0
1.437178492092562 -0.5562955251041882 0
2.312957128455118 0.6291577179484592 0
2.179357616878458 0.7975565776922577 0
1.0132043448754 -0.7221986883783222 0
2.406696935391955 0.08867149179743535 0
2.408868273283699 -0.653347818845303 0
2.142546132082335 0.9248398834015207 0
2.373038517366736 -1.13062248196457 0
2.504980361252292 0.01981579021661729 0
1.465571211308293 -1.471784800798857 0
1.630971944516493 -1.194782762935475 0
2.923534535907568 -0.6210720936164619 0
1.909748419309803 0.5848100542808181 0
1.059314713298075 -0.3987730601187371 0
2.486008535304053 -0.6148109249122622 0
1.081080102762158 -0.343917012941503 0
2.901258903943984 -1.275366903433635 0
2.177561739927263 -0.7652671626008776 0
1.123782555619749 -0.4393743649241723 0
1.070000693161366 -1.103439598858041 0
2.729485372928814 -0.995891710276867 0
2.637699003389051 -0.964183139344861 0
2.206730689204132 0.2306290673054426 0
2.975762684360969 -1.428340309882339 0
3.308590370687529 -0.5708459038968475 0
1.372696984583136 -0.4541314968777284 0
2.222799904165472 -0.147896276338259 0
1.962536200220177 -1.321752061216501 0
1.494466749657075 -1.095455294762747 0
1.439489652078186 -0.06789891538214785 0
2.307340551913128 0.1580786042289666 0
1.033991895894279 -1.405299195882419 0
2.323035752583703 -0.8052161174492998 0
2.1387108955727 -0.03454810115395954 0
1.182113573040835 -1.236219325452144 0
1.456580664550355 -1.132051003054481 0
1.52808559817313 0.8361348600294547 0
1.090380021332405 -0.1319486847922122 0
1.112482740090973 -1.388027402326033 0
1.528620623276757 0.561060476582266 0
2.783493644106644 -1.041382117303473 0
1.825521523286122 -1.466906282379522 0
1.323703902258613 -1.468878567906633 0
3.013054599488235 -1.164805551614208 0
3.255267616405192 -1.47596443175701 0
1.331919424542862 -0.9833621416107341 0
1.735735470751891 0.7844073326753003 0
1.107039821101896 -0.7849663927612209 0
1.014222663782912 -0.5327089522763072 0
2.316746869819502 -1.37124655148003 0
1.766476442314373 -1.35787745269565 0
3.018767069299653 0.8409268968446463 0
1.575491270667358 -1.03507972935677 0
2.598598948844534 -0.8055954743557046 0
1.265575597214402 -0.1911717603614037 0
2.776932656612761 0.5660377489703425 0
2.535102887906839 -1.034936347865546 0
1.830566570456325 -1.339436142201395 0
3.723444694526234 -1.459759206125071 0
1.084201797154323 -0.3079722940157308 0
2.719066518472224 -0.6362719245032031 0
2.425891860162005 -1.22331347045058 0
2.063286132209317 -1.283665029290228 0
2.005351545995731 -1.200357725837129 0
2.609548582353453 -0.9418258803171453 0
1.284609540937454 0.03704249563459056 0
1.264439358870979 0.09871471103456572 0
1.09160101229735 -1.042611194849975 0
1.653543407542074 -1.042667235477937 0
1.377091718700441 -0.7048046174346259 0
2.8289463861756 -0.7230334224775913 0
3.892890915355237 -1.444558323476051 0
2.039019521192051 0.6501091659863329 0
1.108244215014486 -0.04258393680368552 0
1.660728330859046 -0.4874433949530905 0
2.884363593783688 -1.188707133806088 0
1.293992382526442 -0.345185235750451 0
1.233349286678151 -0.5194999245991314 0
1.385431045762543 -0.8121914482248278 0
3.455757949875458 -1.450663926049775 0
3.380262874332599 -0.8316624758123905 0
1.557262768104378 -1.250858884878079 0
1.602878460348679 -1.127659231867151 0
3.228239284720658 -1.257002130268779 0
1.536427459136638 0.05942411889388277 0
1.225542896442632 0.08162898198230187 0
1.189154847450595 -0.8035252942824821 0
1.560472986003003 -1.187279532005443 0
2.594611786434317 -1.388040737435195 0
1.261865325990876 0.3558557312228743 0
2.176547033910277 -1.450769055042973 0
3.525252995735139 -1.469813552146508 0
1.800953291379126 -0.2795123805502466 0
1.929835038955954 -1.358677255320593 0
3.376331661352761 0.3943288300465703 0
1.289944390203576 0.4466649292907879 0
1.76659934864131 -1.339088199669604 0
3.047027990000788 0.5415416390246834 0
1.282892607975718 -0.7401779315313379 0
2.001430427664426 0.308722800992148 0
1.169103223193707 -1.074921358263111 0
1.85125487839961 0.6242003967576857 0
1.641548055764917 -1.430141219323574 0
1.120486988349103 -0.549158562431579 0
1.122899148394277 -1.159494162678023 0
1.419800407508734 0.6402261618168809 0
2.770451624756952 -1.24784130146783 0
2.638734250148695 0.8491908135477251 0
1.809727377789821 -0.9469218048379739 0
2.954825614057023 -0.7596503125639282 0
2.444721157315375 -1.097778540992182 0
1.233652431583928 -0.2432658798175449 0
2.22451541075326 -1.39110811889732 0
1.67171876760725 -1.358897998995969 0
1.496110701423874 0.07810750999568772 0
1.425323308597369 -1.138290447226759 0
1.212890767787624 0.3378642495403786 0
1.121926230572196 -1.301391453138399 0
3.25490720824234 -0.5321748705982026 0
3.033351770064114 -0.8207549109753784 0
2.343895887200229 -0.5414651882215082 0
0.6418417922030981 0.3330474641774261 0
1.377961386702313 -0.3701294826635808 0
1.528822483643756 -1.190820991175002 0
3.835616247252679 -1.487487676611726 0
3.803727570328378 -1.449785377848451 0
3.821783829073621 -1.486617204944134 0
1.94614876314624 -0.989995139671049 0
1.737889042071453 -1.002965774495139 0
2.767018178098077 -0.9827265088852338 0
1.122282332092149 0.1500429627623649 0
3.928634090634881 -1.1912054338659 0
1.008247188105285 0.07509128991717999 0
2.523981790556824 -0.4030686897786751 0
1.362315720205932 -1.383562148814288 0
2.529998337602733 -1.253584914615402 0
2.378920812524455 -1.398002160259215 0
1.01544728243113 -1.079126856492238 0
3.213431947921699 -1.488349403440968 0
1.424529703356055 0.1341645530752484 0
2.661582731888737 -1.435437129881505 0
1.14776476166407 -0.6593708792338092 0
1.731498832063878 -1.264315020484401 0
3.460643573984586 -1.277970434192671 0
3.262585764026067 -1.374410377309125 0
2.215696762586891 -0.9354012208116541 0
2.149996779210054 -1.155026879195495 0
1.309037045538194 0.726119117273345 0
3.181165430282461 -1.12500430316181 0
2.338554892728921 -1.462674052482754 0
2.352113559574184 -1.474475672309842 0
2.132319144611098 -1.286552370317647 0
1.027257567756867 -0.1733957512514223 0
1.458857712170989 -0.3368225925477185 0
1.122092105938942 -0.4580256436293224 0
1.623645022270837 -1.473188854631231 0
0.9294950416291013 0.248145744133508 0
1.246264445472586 -0.1145082371218761 0
2.790069980209682 -0.6945534580715134 0
1.352662508235343 0.415841200270719 0
1.134990095629534 -1.463913017697133 0
1.161710575762709 -0.7056975866840178 0
1.420884960297423 -0.4553975742739818 0
1.226816169433799 -0.5825143378569949 0
1.495364050744003 -1.072633824921422 0
0.1363838835935413 0.07309582251458616 0
2.847443436625755 -0.3754312268943917 0
1.944258417010733 -1.471668885554921 0
1.525864828310097 -1.481189511615619 0
1.268709010551876 -0.8975141042800077 0
2.274034220607357 -1.47122750172809 0
3.859234396591488 0.9260952838779444 0
3.491146468433142 -1.483387425154119 0
1.316736795265343 -0.5292419148965745 0
2.734777679351723 -1.484006445724738 0
1.137222757977621 -1.294508439784199 0
3.778009397491254 -0.9177920341440172 0
3.833768599266359 -1.022631666022437 0
1.649600556940853 -1.186849377979258 0
2.051031467557949 -0.944869221537241 0
1.830325973854592 0.006599838400152627 0
3.332839706918106 -0.7960003703897056 0
3.444514923339038 0.3459108640754792 0
0.7005292839691055 0.6227915838696554 0
1.624057234374865 -1.118385728444758 0
1.79889169853926 -0.5200691401231361 0
1.752135743772842 -0.2936226097568616 0
2.371870913801507 -0.3121100192621962 0
1.750457867751046 -1.329831097640357 0
2.580782604149198 0.6131569671070194 0
1.057033453996436 -0.4345807214056634 0
1.140888051322498 -1.153186352850845 0
3.132748429659239 -1.430303391781233 0
1.026718112289283 -0.9267304010223316 0
1.182590952179751 -0.3692296534328059 0
0.7551798764542408 0.1504763603168815 0
1.122032139239077 0.2413523701559935 0
2.712343247492466 0.6073124432789871 0
3.004261629464085 -0.7390738977201399 0
2.493378523989697 -0.2172905311198031 0
2.348781492577988 -0.9302028504194335 0
2.05183278522304 -0.5547562966163355 0
1.056007681366564 -1.238462157557459 0
2.531983298131635 -1.482668543121866 0
2.909653729178307 -0.1306676018932438 0
3.067896942566028 -1.209646763137712 0
2.828387410630185 -1.355623182400162 0
3.933721443271855 -1.425665877997633 0
0.3273946837873292 0.1708878985916156 0
3.328325099659236 -1.45676297225689 0
0.469663948174349 0.154278706798705 0
2.389189703198643 0.8242722211795059 0
1.505668884453341 -1.48476338608994 0
1.987002912616424 -0.6959821811989385 0
1.628865557522471 -1.215229654623913 0
1.928567944340416 -0.5019530871409341 0
2.446044680641131 -1.469589106261039 0
1.656511541980731 -1.019623177595466 0
1.827572384305752 -1.222120744292339 0
0.1884896343016163 0.6058115966926365 0
3.487679780488094 -1.070246667023493 0
1.897675600174157 -1.480242088266645 0
2.013881092275275 -0.3490366283446691 0
1.190479678074584 -0.1927415460116433 0
1.923293541685051 -1.22163068149196 0
1.121614442108758 0.412037635805783 0
3.658659524325177 -0.8349681910461685 0
1.340259180543242 -0.1179991812147208 0
2.169341650090859 -1.464897609696913 0
1.254479236379303 -1.462601633865642 0
1.013125459568248 -0.4452491412002851 0
1.623126885640336 -1.313125619636862 0
1.150390472228232 -0.1420377228105707 0
1.366472143427886 -0.1715379824971052 0
1.369921498326777 -0.138129428868471 0
2.164250175781886 -1.479098356439192 0
2.397027262539458 -1.120615800867528 0
1.357335426297151 -0.2645117158048397 0
1.028671502875488 -1.091736800517603 0
3.548204967273096 -1.33098467723715 0
1.387459007628826 -1.278808361098597 0
1.041976269532961 -0.4087008937701888 0
1.096139643046906 -1.395174640620349 0
3.624405263287988 -0.4964540612764131 0
1.073560253212044 -0.4630234662416668 0
1.718013192138162 -0.6714866658821647 0
1.7023201082866 -1.467887756868845 0
3.855647646672812 -0.7651471960747849 0
3.575480168449313 -1.133095041597641 0
2.700882166988602 -0.835235885190422 0
1.610876683186628 0.422253719520027 0
1.184128958161718 -0.02322789610378767 0
1.426521569025153 -0.6854126292288536 0
3.525701226713475 0.3789688705571442 0
2.90489644663907 -0.3479614988077496 0
2.228319410822947 -0.09622397153326101 0
2.021100871899827 -1.414270217739525 0
1.47663887636435 -1.347908144504987 0
1.202818507654377 -1.077540308246142 0
3.037613388673876 0.4628153577837251 0
3.617321197109704 -1.164538639832419 0
3.676289570390248 -1.146799184850399 0
2.432713064508805 -0.2960746977605409 0
2.724625583195556 -0.270660559791984 0
3.042407781216271 -1.487395949925202 0
3.058251645141482 -1.480101739773129 0
3.037317582506468 -1.466795386323158 0
1.072865217116883 -0.5191529362290059 0
2.245767121768625 -0.889976074349619 0
1.352647347177851 -0.3548684509083267 0
1.652405985173318 -1.470408234164509 0
2.28417201891128 -1.368243359700065 0
1.109634817353712 -1.257746184085444 0
1.984806872220632 -0.6565370486792762 0
1.126812887604053 -0.3809179110690531 0
1.162602517879219 -0.3409310900169285 0
1.831044182194366 -1.320808271184264 0
2.459717344195724 -0.8219896226136274 0
1.387420742883467 -1.195202785009113 0
1.08991057589521 -1.457605277521989 0
1.669083755569992 -1.175433407526895 0
2.325606733913593 -0.8444984089366745 0
1.23895272825794 -0.4494760417839546 0
3.407365757386786 -1.483301163388961 0
3.809617603855602 -1.271757839030289 0
1.77636640231263 -1.186537937863586 0
1.844190050157445 -1.405481164627319 0
2.219304876973172 -1.30253635689469 0
1.125751433562689 0.10733749340003 0
3.265136586989821 -1.453627961109215 0
1.749988947501987 -1.310809582528558 0
1.564672522749321 -0.1537318257993877 0
1.510265832483407 0.4342708644666509 0
1.041593108866564 -0.6165830086834256 0
2.042259996199058 -1.398609328752912 0
2.587441300194192 -1.148416939151255 0
1.699215545487305 -1.481546220620179 0
1.339589119000228 -0.5448772544680831 0
0.6944338765417241 0.07144590741729408 0
2.08451276286766 -1.443772868757313 0
3.111915038556442 -0.940571713830032 0
1.042037444898195 -1.247392724249174 0
2.323075319500016 -0.9118073814840115 0
1.55752459371055 -1.021831636752425 0
2.681334222886185 -1.427870509561071 0
2.258267898402476 -1.472789493925414 0
2.522460685082451 -0.6015211118879632 0
1.685680615096721 -0.5057257584801247 0
2.705895288667612 -1.133035621422696 0
3.371181614408238 -1.485882085369329 0
1.677376060613955 -1.010110162910096 0
1.285544075826285 -0.9088376537851071 0
2.883677154682028 -1.15181434960435 0
1.136856904125784 -1.258039215372579 0
1.054576075392679 -0.5412363071345422 0
2.706763751379625 -1.46966177518132 0
2.856943862075983 -1.448325070462213 0
2.698362677009273 -0.5014083765571327 0
1.400378239879881 -0.6947285947978019 0
2.411552044326868 -1.31183215124817 0
3.370529485097585 -1.192227989546474 0
1.150800049656428 -1.26796101637722 0
1.400692067360754 -1.467080639441385 0
1.737219571959451 -1.430353016993651 0
1.671483492231205 -1.340122612115899 0
1.012443272675342 -0.6356238746349074 0
2.341274763793821 -0.6848921654455037 0
1.610289703527367 -1.40869405767102 0
2.265460850419429 -1.224320745674514 0
3.847632039983792 0.439011342371435 0
2.318127715117186 -1.472198627703432 0
3.626933580821706 -1.340308167434946 0
3.577525455074047 -1.058871525020714 0
1.404492852996165 -1.207024016385169 0
2.587333902781506 -1.110507462500953 0
1.105968279207292 -0.8203444748394583 0
1.912580151329593 -1.348696630898561 0
1.133840505139856 -0.8474193626296682 0
1.436579525407381 -1.434459732320075 0
3.537692085868616 -1.368029243819993 0
3.689445453188362 -1.471394793257579 0
1.344754337748543 0.0006046582859881796 0
1.805440109738722 -0.2351100313369305 0
2.384982236762716 -1.24252008958712 0
1.029163766566249 -0.8394680891254819 0
1.205145654003584 -0.8143326494870501 0
1.404671789350919 -0.8004187432393233 0
1.132577825792713 -0.9236310536186642 0
1.439124233754209 -1.211627695342564 0
2.031730919108448 -0.8675446331692112 0
1.397805639927603 -0.4412976608212037 0
1.053762096154662 -0.2298230306271598 0
2.410642841145127 -1.402049571482687 0
1.334957088502307 -1.343507811767283 0
3.596144987932178 0.3308209288398894 0
1.833512330379639 -0.93625978787327 0
2.955877890404422 -0.3826750311660774 0
1.842989002159836 0.113758528278861 0
3.107846952354955 0.4976777835839934 0
1.07334991916518 -0.4996287121659381 0
2.596551314932153 -1.366386067771343 0
1.11539019774126 -0.9006220280850729 0
1.348102626416371 -1.373311803624786 0
3.836146691995282 -0.02178818498879715 0
2.63994367727231 -1.443869226251117 0
3.160158472579965 -1.430356761071677 0
3.014842262017222 -0.3601850372190164 0
2.264782624744852 -1.455623366169434 0
3.633894361311214 -0.4174733354139747 0
1.245270507748363 -1.240838776576184 0
1.411410149006978 -0.7566133566766768 0
3.761680735627894 0.3107190282604737 0
1.10452556453315 0.7718485291187538 0
2.110697219732384 -1.457655646845333 0
1.028840649273686 -0.8922136046165919 0
0.7754212864923384 0.3540217194910278 0
1.87687882834468 -1.117856051469643 0
1.734180154327897 -1.302841856230362 0
1.439431374789731 -1.232804618346852 0
1.58642553387886 -1.312354788042859 0
2.636318622917076 -1.347734663953378 0
2.466530024908422 -0.8794978562123102 0
1.023294435423461 -0.2417651183006223 0
2.13358187159869 -1.266111820118335 0
2.527663413639155 -1.382501681254352 0
3.689067502046906 -0.01165596125142289 0
2.623196297165806 -1.237111547871158 0
1.011430426292526 -1.108042297356988 0
1.103876784282804 -0.8707071553597041 0
1.847670346020637 -1.311413915593501 0
2.056875614520654 0.3364640367281578 0
1.151756324004486 -1.081865133808063 0
1.403075367154857 -0.358191523445847 0
2.648277387102736 0.6509308122655072 0
3.209006720350833 -1.471173292215388 0
1.900570533164929 -0.8016681898791825 0
1.933381880732947 -0.6650791923672505 0
1.626405242382039 -1.420094599111295 0
2.206660992428748 -1.466791288220651 0
2.193029680667435 -1.477094906949359 0
1.093953697957033 -1.413242909933189 0
1.553297073655894 -0.4483224437179584 0
1.797371653845187 -1.176263920496246 0
1.654850684986174 -1.146316445500385 0
1.122687038351412 -0.493073528694665 0
1.278088486519823 -0.0724615163288163 0
1.173466915181823 -0.1297304397445337 0
1.917388369612092 0.6571215724655516 0
1.45568558622732 -1.243367866410099 0
0.6320381166807714 0.6657574930192602 0
1.222834885299662 -1.375228969482555 0
1.260599684817347 -0.4355820195271282 0
1.671035833074291 -1.321564664492777 0
3.127079227669777 -0.3770731557028927 0
1.117911575305921 -1.469208669375291 0
1.075124015781436 -0.5584132701115524 0
1.312992290341816 -0.7986702962887267 0
1.027089457271753 -0.4173246247567181 0
2.164699849728296 -1.025296609168655 0
1.490321606442705 -0.9000050704846055 0
1.267815268093041 0.1421357725915333 0
1.772040131207767 -0.4984763451817405 0
1.56124595225726 -1.463617421178445 0
1.250926392766755 -0.05288347258882611 0
2.608443687702246 -0.7652364900428347 0
1.673379826419015 -0.8298251197117127 0
3.768160003696321 -1.299011627978458 0
2.084388349754064 -0.3093542544888526 0
1.072195667589733 -0.5952534704867432 0
0.1387337429404732 0.9224188287068547 0
2.404865557905556 -1.209714715987958 0
1.151214288918857 -1.287960618446508 0
1.784543261298283 -1.488472296147215 0
3.661620573196675 -1.46563225050485 0
3.851009598580847 -0.3069592779720611 0
2.289631530030401 -0.3049734052610061 0
1.307634599826587 -1.075929331105758 0
1.774606166620971 -0.464618991647244 0
2.26287893996525 -1.43905094840657 0
3.683387892147417 0.9298188874937907 0
0.5532716175150221 0.1336450079414729 0
1.265272577336075 -1.212612922888582 0
3.6881587044044 0.3623107227238963 0
2.557964572390206 0.04316742152271084 0
1.980365246193348 -1.312491544948926 0
1.056725173384608 -0.6066533760730417 0
1.697555018391918 -0.999002037797861 0
3.526232695805668 -1.486639140862212 0
3.037902286167791 -1.045356348338597 0
2.532354475734383 -1.226865377537389 0
1.076185727695881 0.1771015690191866 0
1.05448359627196 -0.5749982890088424 0
2.648046446591645 -1.222708549716307 0
3.236953535653051 -1.460325705622064 0
1.885088122315744 -1.471070067998596 0
2.419373887160537 -1.447113369514246 0
2.489219920505489 -1.467045988877277 0
2.497240489570784 -1.477628961515084 0
2.136710603777962 -1.245926932558181 0
2.429194294352357 -1.472370962345078 0
3.690903009521589 -1.240259266172993 0
1.323968027572016 -0.6176696592307231 0
2.732404430800278 0.8608747233679344 0
1.948171361891314 -1.188769786334684 0
1.023875606499065 0.2901171979389806 0
1.638972064475338 -1.304604509565816 0
3.924152293205447 0.4861185238164437 0
1.914244849139531 -0.6449162193952978 0
1.837155531034226 -0.9105614619939265 0
1.903697569119182 -0.7350033309414019 0
1.6113495664664 -0.7124042975037269 0
1.304294356247575 -1.338746181806426 0
3.12775684830699 0.07100115436223954 0
1.957857515109791 -0.2030601743231481 0
1.685416073574747 0.2407973399522552 0
2.456701414039847 0.8589408378785514 0
2.430440826238003 -1.200929379277033 0
2.490518913760635 -0.9277837681884833 0
3.321559615049584 -0.3646020526670268 0
3.261634584298737 -0.3969068152445758 0
2.661128987205997 -1.455877915088428 0
2.250846817789631 -0.8577867555585322 0
2.415413762858556 -1.383506480630523 0
1.09956603863134 -0.3199161965935217 0
1.560138606177517 -0.9990702926365875 0
2.740455503584017 -1.122992697212029 0
2.959358457277431 -1.458272882039757 0
1.555333124022909 -0.7782099433493203 0
1.248338228880373 -0.3360846137606218 0
1.027645165283203 -1.425071114437728 0
2.541790067534974 -1.1166428569566 0
1.509326680565249 -0.9131280550852696 0
2.644547805223894 -0.9286011125812887 0
1.089287026371186 -0.1088580490820866 0
2.867652307313441 0.8442912833577436 0
1.246640148872384 -1.190682288485775 0
0.5600745052935421 0.7118372085718565 0
1.55831696166044 -1.231076310995052 0
3.041800161730302 -0.7707123812055289 0
1.700090583965467 -0.8177050939101391 0
1.927363152182399 0.7969617978011604 0
3.390342403414695 -0.7725985382541767 0
2.838626540454721 -1.418526935055118 0
1.558725140621464 -0.2701197303478054 0
3.068906994886243 -1.166218945342545 0
1.886559837333381 0.8573521292775806 0
1.877924235166252 -0.7174422178122496 0
1.30444660545039 -1.320159508131771 0
2.142363570316555 -1.427591489833027 0
2.607928323501683 0.007115783126981691 0
1.688841250696968 -0.4735349179888229 0
2.744634921297882 -0.8098067381232972 0
2.790093767745427 -1.460710489788268 0
1.325081281630643 -1.236940283920771 0
1.100212461113611 0.08561065839084064 0
2.650159640168454 -0.4392075691774512 0
1.429547585634092 -1.483868863160135 0
1.561729025478904 0.4619991942907919 0
2.431346202714733 -1.303974828495771 0
1.805590318542707 -0.7951618198186472 0
1.207847794577899 -1.364644998792372 0
2.346548446389221 -0.6431363322931054 0
1.117316360660389 0.004252167270179685 0
1.864649751342588 -1.301894390438165 0
2.255112869334041 -1.305629503959646 0
2.687135873141198 -1.475022517224684 0
1.222663631749599 -0.8055618673165597 0
1.73446873493763 -1.482308786832637 0
1.012215754155687 -0.951754297041549 0
1.58922216548962 -0.2906257140521326 0
1.306564448580966 -1.4719258722968 0
2.279595552174854 -0.07287407600455209 0
1.487582486854121 -1.321418230439432 0
1.803542607070143 -1.152378772529181 0
3.776170567260275 -1.232129853940103 0
1.617623128299099 -0.3525082841976751 0
1.451899986845064 -0.6013403323352002 0
1.385334357305515 -0.2511520487872699 0
1.25136698564752 -1.175182391267129 0
1.769056558575578 -0.6845550946434193 0
1.411888420348576 0.9347705194793353 0
2.914351246572701 -1.351113917998033 0
1.560007018157822 -1.20969909492451 0
1.981499961380811 0.6885448349288104 0
2.511867098463097 -1.210224421613331 0
2.796917444468618 -1.23496600992364 0
1.196097319922864 -1.247336699511473 0
2.810157773948403 -0.941024834987062 0
2.301837820790099 -1.086722673407341 0
1.026755585805551 -0.6256981061996734 0
1.582698919038187 -0.434404650788914 0
2.856236277912831 -1.346424289984799 0
2.765699211608439 -1.467738694887472 0
1.179918081965732 -0.6955998048335286 0
3.259944122365303 -0.4649176268089369 0
2.063688467768301 0.4006549406152168 0
1.028182076605526 -0.9090888318575046 0
2.123664794673003 -0.761885544473982 0
3.115000796853578 -1.378372824095843 0
0.9688213989870655 0.6945228127513469 0
1.743214720322293 0.8588714289268894 0
1.163258135505032 -0.3809242089434537 0
1.144808643901194 -0.3916443264877112 0
1.370238014090601 -1.463383396571007 0
3.196354581252892 -1.452174687902438 0
2.648997163144727 -0.5308793720766997 0
1.581837733659702 -0.9882177540457648 0
2.399109904074688 -1.098688416685302 0
1.745599386823745 -0.4433527057206049 0
1.272703630339937 -1.154230770926892 0
1.511866870731786 -0.2809932234773308 0
3.530626706028134 -0.7306392325218527 0
3.773109463193334 -1.480416937586331 0
1.304654365445907 -0.900996344112847 0
1.992260536779772 -1.169968876396351 0
1.211360004110516 -1.32939472665509 0
1.273604621370886 -1.317277733516383 0
1.903438733360683 -0.7717931380280971 0
1.043512682586811 -0.07479119773752128 0
2.620006507926303 -1.333489779068811 0
1.028229382139373 -1.445800402451814 0
1.026989244561862 -1.362331231849305 0
1.34924526915173 -1.354720820971595 0
1.756230864183894 -1.470741601881275 0
1.123758149738718 0.4780722105185574 0
1.080187363954956 -0.3701949806507346 0
1.27934215590582 -1.450742392042188 0
2.940838046398484 -1.339033167137974 0
1.091809743831721 -1.433551352660502 0
1.198266278530415 -0.6845355918603785 0
2.506155974961517 0.07815550917387709 0
1.245117670449155 -1.350176343866381 0
0.4874367042336575 0.7572831816326935 0
0.3525519932194545 0.8516188731747888 0
1.14727893950532 -1.488326687000752 0
2.698795794558671 -1.421806534986964 0
1.914542365721993 -1.120858585724668 0
1.646713350584209 -0.371259330351865 0
1.861912339609918 -0.8994482647543707 0
1.058687925729756 -0.4887258942140043 0
1.729486378349853 -0.7793786595566536 0
2.454431589833402 -1.192587538750557 0
1.245190246966383 -1.475881841721138 0
1.683404462752905 -0.3561864376644089 0
1.841123902733264 0.1755983482985659 0
2.337002430795634 -0.2853998062860819 0
2.013622941357498 -1.312537588146995 0
1.212722541982593 -1.240517993220081 0
1.322750403590032 -0.9124108160863919 0
3.487248561124201 -0.02454993860373322 0
1.422730942917699 -0.4272860247800168 0
2.812281674395616 -0.01435707108241265 0
1.341797452128927 -1.228201706707462 0
1.251975148853038 -1.135945915389439 0
0.2381881385394606 0.9284328275919044 0
2.654352305682308 -0.0280162119242071 0
3.848539683497847 0.05986457855527755 0
1.880817610632804 -1.292841198499701 0
1.183870936020678 -1.084867966893281 0
1.241050992758649 -0.7969500127438183 0
1.693753780688801 -0.4400450721212603 0
1.669960287386668 -1.154254114026421 0
3.173277423067504 -0.03981405247599548 0
1.16099962166227 -0.3191521612374292 0
1.542130526458088 -0.6597590302492482 0
1.69815467706886 0.298907956389926 0
1.656754220311631 -1.296822189808795 0
1.213086206675201 -0.20773160132994 0
1.970342637175227 -1.178947060906401 0
3.421560334568739 0.02459098233247193 0
1.852292845009931 -1.089010202204163 0
1.083666914409799 -0.2119580356262406 0
1.591228315179589 -0.331827181676837 0
3.501182602032668 0.9373788392171631 0
1.9498473658838 0.9335804246295625 0
3.386878844793128 -0.3349547051532352 0
3.610287371234929 -0.04091228522010546 0
0.9064138354054829 0.353180688887155 0
1.698183104160226 -0.9741621876520171 0
1.166929970235806 -1.298039781468747 0
1.850273562687447 -1.233586906140915 0
2.714382108724813 -0.3914869276914692 0
1.587104265328419 -0.9631578721458562 0
1.714756832899908 -0.3778856457704617 0
2.476687090700596 -1.459724580297698 0
2.446960581232504 -1.389352479956036 0
2.066715297289814 -1.451045722697816 0
1.373100042268257 -0.9161221118642502 0
1.227530810231407 -1.249615827754143 0
2.553987594002424 -1.474541277832688 0
2.279253929331619 -0.8445413005063448 0
1.345660695479742 -0.6072795330173196 0
2.724407534986099 -0.8928744990832906 0
2.099516425792987 -1.386490448992734 0
2.288705651621513 -1.123149651290333 0
1.194607758969564 -1.295302727769593 0
1.791424532887364 0.2772666136185498 0
2.365606177886338 -1.467963622869861 0
1.61200729561721 -0.4200192714120125 0
1.387487725724904 -0.2185098526515318 0
1.610689171325115 -1.39244007143893 0
2.328407774729247 -1.075714040116649 0
1.342182346339306 -0.9054803993737474 0
1.274128447059067 -0.1032911109823276 0
1.749585733820833 -1.255274022840986 0
1.195560859568533 -1.321319694200528 0
3.455675991431191 -0.7497231507065423 0
1.795603572578928 -0.553468884952478 0
1.424310168589967 -0.3978267436848154 0
1.856480660976589 -1.480808398025834 0
2.795005774314717 -0.1735934069645685 0
2.493694239113212 -0.8947514704210104 0
2.221556491928585 -1.473974480258207 0
1.054876205173047 -1.271239678980926 0
2.015908427205993 -1.293336036215988 0
2.096396234709493 -1.360161847054876 0
1.256978265148706 -0.8076126788059883 0
2.249457121819455 -1.411755559956586 0
1.01213107695782 -0.2925334115734409 0
1.675019016352598 -0.9280944296785272 0
2.324802613092044 -0.878077965422795 0
1.5222062439624 -1.325257128493968 0
1.933700066712652 -1.088579471558723 0
1.521188588809691 -0.6458914767723873 0
2.003527898380757 -0.06984776530897632 0
1.025217444927614 -0.6638088791833244 0
1.241491260601345 -1.108622461913747 0
1.493630546386357 -1.472858978965164 0
2.36732035051041 -1.037323063619686 0
2.750506606379103 -1.174598546134487 0
1.532731101966005 -0.9034295197688214 0
1.753503562617861 -0.7942294490369248 0
2.537263094788803 -1.338059578032751 0
1.109536499508884 -1.484808380087154 0
2.827610032809825 -1.153386215604052 0
1.026214440526684 -0.3033515450409586 0
1.836505522713436 -1.16259953834151 0
2.392879445938715 -1.055203451382439 0
1.398278255386112 -1.481676250451677 0
2.9423344236851 -1.314358638289186 0
1.214334934251461 -1.088581238832708 0
2.682634858015259 -0.9121445183814771 0
1.779503547168751 -0.6393014874633015 0
2.027938952256747 -1.257928273545824 0
1.096918301158198 -0.3401128681672201 0
1.268261041444363 -0.3528781830927821 0
2.456879337761741 0.1108522299009227 0
3.348390722059098 -1.466265774299024 0
3.451227770977566 -0.3034978123469309 0
2.154360073549181 -0.7483562446472614 0
1.117520896180167 0.9336045602883719 0
1.485046976970035 -0.3262623220765537 0
1.246408068617119 0.9323182123107229 0
1.012369640406814 -0.9682135798430513 0
3.502527090310299 -1.464497382723586 0
1.60346575917632 -1.456832362643017 0
2.652554691419394 -1.474587839095246 0
1.87222561894146 -1.461011107216267 0
1.060541395037907 -0.08786259832328844 0
3.858309854536325 -0.6910422678685579 0
2.030004794267989 -1.173179480823958 0
1.005373638019265 0.04169036653736513 0
1.34361626285896 -1.209991357074781 0
1.384427902173118 -0.8492977882042474 0
1.25550884314025 -1.120462047902954 0
2.385689679066642 -1.441115278115234 0
3.357482411043576 0.8519820238050089 0
1.624343577258081 -0.9732589604951762 0
1.346781045342436 -0.9747410091148281 0
2.451604681063936 -1.295960319890167 0
3.229081755998116 0.9407431732948375 0
3.090626453386018 -0.9897193405123945 0
0.8368635685410699 0.391370683592783 0
3.722736197307329 -0.8117823030162892 0
1.011190482834325 -0.267144027452597 0
1.564864830293066 -0.6760764972418072 0
0.9583407893943963 0.7827454910851108 0
2.799353920691568 -1.166274088363296 0
1.091137990159393 -1.027190149857426 0
1.866560666781024 -1.244159383819741 0
2.799439968923985 -0.6459224822165224 0
2.185090609401688 0.8645422034188418 0
2.167458352698048 -0.9967589600925364 0
1.380999609502437 -0.8853720228198521 0
1.242746564117498 -1.091094562796838 0
1.059192638472038 -0.3838978075982546 0
2.643235680735123 -0.7585046564463744 0
1.886450395349515 -0.8889318669206496 0
3.855581843954575 0.6172233744363025 0
1.493697359030997 -0.2592241854064067 0
1.579072154982393 -0.877478633109295 0
0.5731430542169555 0.06419158530509243 0
3.296722669363001 -1.416183984056432 0
1.235512008237652 -0.404683976172036 0
0.7136133937436414 0.8564374927051026 0
3.855395101732808 -0.2216748849763359 0
1.025881655598445 -0.6791150789238822 0
3.064000024865984 -0.3956752593829041 0
1.450136668302627 -1.474905333736133 0
2.531741109938728 -1.360734466215206 0
2.658892874686714 -0.335722912249689 0
1.85533045235683 -1.064510293417105 0
3.119728729662987 0.5776403958149574 0
1.957356672435257 -1.078506044335587 0
1.940972041051503 -0.8074019902092078 0
1.632349297101144 -0.9382841697438782 0
2.619295770015039 -1.447401773222528 0
2.318181818187934 0.9434234661065687 0
2.015592557276162 -0.3142088606453987 0
3.159529788193972 -0.9580587564105356 0
1.149879844059141 0.02033294877580026 0
1.194294579311826 -1.466389298009443 0
1.555531228520034 -0.89156198645194 0
3.581069222388155 -1.482036375255077 0
1.77670958824807 -0.8106229845267252 0
1.372199743304285 -0.9569971252455322 0
1.615720983642793 -0.3865157583037178 0
3.342854452306742 -1.162374814002429 0
2.015209493260725 -0.1605527141689861 0
3.293205305539305 -1.270980287538178 0
2.649916797432851 0.7175302677688353 0
1.531722643974464 0.6213053862363501 0
1.461138548782325 0.8701018997578306 0
3.921022001640139 -1.121409291206668 0
3.540755447437018 -0.8341909743507341 0
2.30665598354775 -1.321256231291881 0
1.074235000330667 0.5023522657390904 0
1.042115229463791 -1.134992034335587 0
1.247228141329642 -1.223787926353319 0
1.89338012932648 -1.108115145979721 0
3.937441097782946 -1.060121431616631 0
2.478009902858687 -1.442467257265667 0
1.668927464838854 -1.306816759638379 0
1.581750229335412 -1.480816623311218 0
1.025398984396211 -0.726319452932576 0
2.656577312006166 -1.340574205785839 0
3.286815314409413 -1.121333870429503 0
1.036716995223289 -0.7158683977078966 0
1.497995365727222 -0.227561851290872 0
2.053860634562957 -0.5237879238916018 0
1.120516835086669 -0.8322757027384202 0
1.472477834060241 -0.6433621995519715 0
1.148119144729495 -0.09419519814576004 0
3.601340045685447 -1.357474620381511 0
3.091872555269327 0.8599444534873165 0
2.713080362557238 -0.002664391998159672 0
1.054329065502279 -1.286215125288627 0
2.799643546104949 -1.201633135595632 0
1.874106759888659 -1.447178886758671 0
1.478652795313356 -1.332894575727484 0
1.289872260241146 -0.1821556460727778 0
1.845350891415701 -1.130914569877528 0
1.590909090915711 0.9451893984516424 0
1.88183424650168 -1.273954509253034 0
1.025538040933255 -0.9776236752899775 0
2.306516622016871 0.2136013444072515 0
1.386579203761428 -0.1910158491000541 0
2.843120391867359 -1.463759266175787 0
2.625555861624431 -1.310324228133657 0
2.01043328529763 -1.181928563450765 0
2.351004438104926 -0.134308793897074 0
1.196893754065716 -0.6690620567445937 0
2.031625610570741 -1.286036880256377 0
1.041894042275933 -0.6995386570422103 0
1.694678186047427 -1.298467995532951 0
1.240282697037782 -0.3843546357951997 0
2.048477167292526 -1.478160003110519 0
3.194612170300849 0.6196344858179277 0
1.242775753930801 -0.5749954413333392 0
1.854628291442413 -1.431503946716995 0
2.677790797550478 -1.462492886627628 0
2.599229440786753 -1.473827375070403 0
0.5536723537594753 0.8613278137294593 0
2.785925698717499 -1.008218919138954 0
0.8381413165123137 0.8578022949559454 0
2.323529206373947 -1.316129663544205 0
2.123228937038236 0.4343236490533512 0
2.245669872018417 -1.475256462056941 0
1.911087460949594 -0.8768626682209174 0
1.276871748032899 -0.7983846365406138 0
1.720463660865126 -0.4287083307351519 0
1.555801485959736 -0.8474407413626562 0
3.074973241395456 -1.467532973229945 0
1.025605598504629 -1.379714079369218 0
2.00721424254419 -0.2484619095870911 0
1.653239451524094 -0.9322194630638415 0
3.752699811277931 -0.0545620396327648 0
3.650402180134757 -1.363838043118914 0
1.858590032762887 -1.03922477240559 0
1.971120639778571 -1.469837051547374 0
1.804022575574859 -0.7718051668423773 0
0.5366310595011934 0.1991402446755667 0
1.041221911760066 -0.2016244561458802 0
1.350828298974347 -0.9345759765396868 0
1.436798227464439 -0.1812714216697932 0
3.616942195838216 -1.46046509282217 0
1.105237946125241 -1.458395543179882 0
2.053764819276753 -0.04514153303827763 0
2.889552644678693 -1.386661180796339 0
1.588115861858969 -0.6935496550000433 0
1.468336229463097 -0.2040207824931483 0
2.472681468308538 -1.206755915445346 0
1.765571323753624 -1.264499618297153 0
1.839418590683116 -0.751156681966743 0
1.987991358106764 0.7689124901301999 0
1.774000396175737 -0.1756229162315836 0
2.528576663602121 -0.5396609737245208 0
1.474222937830011 0.6614882434968212 0
1.981501014368419 -1.068124685467003 0
3.522494781301551 -1.306848638104463 0
3.544026578362781 -0.07097842637181903 0
2.773604487061111 -0.2554936410537994 0
1.583910983109073 -0.8201366257005068 0
3.25259606746501 -1.137575719465103 0
1.039594493338466 -1.149554620954974 0
3.777356282169217 0.184775808300224 0
3.779419736230991 -0.854731443870569 0
1.424464794515897 -0.3733026744838282 0
3.932378096075992 0.9319393881155776 0
1.330738246691337 -0.7896037823463893 0
1.025952917112136 -0.1579549889554722 0
3.21917779162629 -1.112761883317205 0
2.469975223669756 -1.289697018803128 0
1.118506704826534 -0.8606520093732851 0
1.028808178886437 -1.123330570155024 0
3.860377859481412 -1.43017629703892 0
2.932887108181117 -1.46301184196919 0
0.06655007341557548 0.06655007341572275 0
2.238722948451181 -1.384725047273381 0
1.236761345839775 -1.039749358745571 0
3.108040754642236 -1.429493187892918 0
1.040512362755856 -0.2202607892006171 0
1.604351233049406 -0.7326334874404916 0
2.772075082328305 0.0238521121634662 0
2.002414880284792 -1.437243945552774 0
1.595761626801392 -1.382425717229523 0
2.356789283208082 0.1763144754755974 0
1.654834389308176 -0.9102399876050864 0
3.5368776056344 -0.1499517019983787 0
3.092603068302377 -0.7507726413113001 0
0.065898962224768 0.9341010377752322 0
1.342374712660492 -1.472325865988547 0
1.348727035614826 -1.486959170830423 0
2.035137857603349 -1.149929392176932 0
1.589056090574884 -0.7973621915194601 0
1.027464408599097 -0.07077797044988182 0
1.040981084428981 -0.182514195860667 0
1.018530085973048 -1.06570447158997 0
2.181025427701444 -0.7375093509645909 0
2.072830077958006 -1.368314202476052 0
1.130091437550357 -0.3250474037293267 0
1.857579086942506 -1.404125889782581 0
3.209465936635001 0.6997328836386283 0
2.006122155933498 -1.058143457107102 0
1.680763353256356 -0.9652660384668337 0
2.464164765149165 0.1746387031788223 0
2.15431596154872 -1.240844082757979 0
1.009364104289423 -0.3215875749765087 0
2.216399161230756 -1.488155766812457 0
1.231782104874623 -0.2218479527948128 0
3.041841469367685 -1.152389692714768 0
2.407409711279676 0.1418021133297668 0
2.039892153111976 -1.384509473235445 0
0.4880787234867913 0.84095768012232 0
1.44212536425818 -0.7679907769117564 0
1.349622801277788 -0.8031028234894533 0
1.106279782349904 -1.020601952203958 0
1.088183039393503 0.2182857619742352 0
0.2622728857802244 0.1390283709092199 0
1.110281471109569 -1.240721140802214 0
1.223982977455001 -0.6610054029975132 0
1.348590470538682 -0.5818548790616279 0
1.637423453592619 -1.476094453358557 0
3.65351230936683 -1.447236551355727 0
1.144194686292595 -1.04146955645948 0
1.027954244314445 -1.21120567806874 0
2.806129058827878 -1.475015518736856 0
1.882541843354593 -1.485804351317174 0
1.804190977601606 -0.6315346493531874 0
2.877810974434638 -0.2114232353983986 0
1.811093355112576 -1.472125765315586 0
2.139102078276035 -1.442080405446388 0
1.294004832494152 -1.477537093796905 0
1.487763244718499 -0.2916164887910088 0
2.256034455788235 0.252781568077445 0
2.170357475172475 -0.9672631451153132 0
2.164555913651494 -1.439637244688925 0
2.606297137589327 -1.487783558790676 0
2.776397767373671 -0.9147462130702508 0
2.854873200707481 -1.143767078932508 0
1.683186625042649 -1.484466936092031 0
2.908511389037046 -1.469880355094737 0
3.427895613791113 -1.446454244046943 0
2.839026727300688 -0.629557212692359 0
2.323603853668329 -1.486573727401185 0
2.567013214209092 -1.349103700908593 0
1.360064780542083 -1.20271686150673 0
2.057240630964543 -1.375913855319248 0
1.025829373134976 -0.1304972878907174 0
1.659270979439573 -0.8900132013887043 0
1.038624907974389 -0.03500227338227257 0
1.859613456269135 -1.017255572889497 0
0.1347635964020112 0.8269923059684061 0
2.126449192717133 0.4925104208737966 0
1.783720370618609 -1.25563711971903 0
2.253014404497455 -1.397978033530009 0
3.123034854044449 -1.356132550946244 0
1.366990550892225 -0.8151000745034755 0
3.47989076202973 -1.464343722605933 0
1.39760479754775 -0.8796394041219504 0
2.055838332645537 -1.025446091485836 0
1.023454128768276 -1.014625976477045 0
1.426177864221666 -0.7685439204290186 0
1.025087975164511 -0.2552286667031481 0
2.028890635554249 -1.047750033422715 0
1.295500853187382 -0.7882151610286483 0
1.111477665702013 -1.22495340414317 0
1.028544944126676 -0.6528061623786258 0
2.47952605435933 -1.425969474870931 0
1.26131566204445 -1.049093883161769 0
2.19127899976456 -1.241815434722025 0
1.229481135609813 -1.081397240525889 0
2.267879380637681 -1.427215751400329 0
1.291675248304075 -0.1497919137892044 0
1.034478186957741 0.05803165824761571 0
1.081335434821029 0.1197913078358157 0
1.297246303583563 -0.7670179180981856 0
1.024507931859089 -1.171495218512573 0
1.42306079816469 -0.7986992193730987 0
1.63605327425135 -0.7514318580161466 0
1.220501145381321 -1.315862422054541 0
3.859656756598809 -0.1472831645047587 0
2.625947481093551 -1.149278817397029 0
1.932574763828477 -1.476957441041625 0
2.029984422367919 -1.484838999557703 0
3.728756342112247 0.8708909521548958 0
2.328244909567087 -1.466611107134555 0
2.462413926472457 0.2400692589238582 0
1.086403082550832 -1.48274170873098 0
3.325740745720732 -1.263699507785243 0
3.27998037494003 0.7348795897989233 0
1.835650538544607 -0.7307159965679724 0
2.317404078497201 -1.240180480732766 0
1.472821036605455 -0.7395293464702726 0
3.144658703783876 -1.410859633914114 0
2.630681178116686 -1.289914702950679 0
2.677051274166046 -1.332172374543512 0
1.66212067560326 -1.456913025093165 0
2.349524590560376 -0.6053525191465607 0
3.228197195161796 -1.0750993085384 0
1.28915318265319 -1.488708157641069 0
2.419766697877372 -1.460483342006473 0
0.1325952539667215 0.7341525633172552 0
1.801827268220005 0.1934999575557946 0
2.463101457196746 -1.38372840918331 0
1.662265086081206 -0.8669009559629051 0
2.859743270706495 -1.407126931317819 0
2.892738467915897 -1.097391929958859 0
1.129894909640654 -0.6190719946623388 0
1.127945576724718 -0.5947226157340529 0
1.022616350953734 -1.187462181166387 0
2.27987379149869 -1.212798969329272 0
2.7444028287086 -1.470371992450469 0
1.259476729838235 -0.6101168070452092 0
3.807375108262608 -1.420492999222018 0
2.299417903329013 -1.227358038287337 0
2.497402419111101 -0.524608554952215 0
1.856370983073798 -1.417924363106971 0
1.231218542343472 -1.063845863255369 0
2.455219987743096 -0.336979763040198 0
2.494293519454785 -1.200018132370914 0
1.356098954098096 -0.9185832300450201 0
1.037043438843051 0.1011201800375592 0
3.859575582133988 0.7063575542731984 0
3.019031107865779 -1.468807229863825 0
1.052230663482509 -0.01961586258990564 0
3.437210729873047 -1.21567014021028 0
1.040838713745249 -0.1087149171266037 0
0.1361697071717734 0.6466198857482689 0
1.971001143699675 -0.1106162611186496 0
1.046098627160916 0.2247389657775497 0
2.927060722458827 -0.180308097802407 0
1.145281090912068 -1.205722620611684 0
1.038984340821704 -0.9854679681444244 0
1.498071515483164 -0.08440733131369405 0
2.327941204634432 -1.290336112171462 0
1.915987578181173 -0.8470461672014498 0
2.067016474835198 -0.4683072605370079 0
1.898592802176814 -1.246230616289012 0
1.177839302231841 -1.472649334623354 0
1.470449458537707 -0.6068312949430699 0
1.311523148320258 0.04463775541753257 0
1.912599425435002 -0.5972496405123781 0
1.177273604365752 0.004752897939739239 0
1.521661231325932 -1.178025240576046 0
2.894079935552367 -1.3611222905933 0
1.299107217750791 -0.7449042043348444 0
1.040245904297088 -1.219532255973105 0
1.463389968212387 -0.0571804254388884 0
1.861363973178562 -1.129051727831666 0
1.057051578246068 -1.466143062518735 0
1.125291372632096 -1.217956213514834 0
1.660988691014647 -1.117347556485742 0
2.703278954453245 -0.7629086992516343 0
3.205037102093699 -0.9402299965558992 0
3.306431424696015 -1.394423252680042 0
1.120444672929462 -1.029453586629144 0
1.025727328599374 -1.394713371754292 0
3.833259692063338 -1.439101935380764 0
3.528005880971569 -0.2097384592657376 0
1.423573089567796 -1.116628283550008 0
1.025448795087902 -0.3390791723283668 0
1.040900883226322 -1.293621916563827 0
1.841548645089969 -0.3304427596673285 0
1.135275831251833 -0.4674977828549323 0
2.672177709158092 -0.7396854685647559 0
1.15344329910031 -1.017439529924068 0
1.128547835429718 -0.5776797958658499 0
2.492240674073528 -0.3613654896913853 0
1.256658167034047 -0.5797324735733173 0
2.408256673233176 -0.1768191265446618 0
1.399462750160197 -0.8569900999828595 0
0.9051739114760982 0.2978741124807222 0
2.200485461392995 -1.185496349528138 0
2.025015348022729 -1.426840961874376 0
2.171617549238399 -0.9406619256991475 0
2.266777684351401 0.3020494037788415 0
1.908353017754651 -1.488284865140783 0
2.060162548798635 -1.001373914384576 0
2.996276774999988 -1.438424795291602 0
2.626387873248706 -1.178788416345348 0
3.142711530464224 -0.7323609558151035 0
3.78543091465481 -1.466395539529024 0
3.290674886495629 0.8214504164288514 0
2.181940811486309 -1.465416952584012 0
1.041121437799649 -0.1264781553892473 0
1.177345221616716 -0.3300410532483212 0
1.242147220824871 -0.6750944857968196 0
2.837004416249875 -0.9249915031218385 0
1.801683378148383 -1.246967141524278 0
1.996587771656548 -1.457668151054893 0
1.239875753562042 -1.46394805027699 0
2.509382979333703 -1.295851488596452 0
1.293348148029001 -0.1194498508098668 0
1.29104563612329 -0.6049940978172091 0
1.01881443128224 -1.201563053885673 0
2.118107125581994 -1.481678379163301 0
1.57470610471254 -1.469979216678658 0
1.309240921971035 -0.3619265870836185 0
1.715043376506118 -1.461725927774855 0
2.178490848505969 -1.486381870464471 0
1.021397399279224 -0.7494965618035148 0
1.714647890842419 -1.448076370082225 0
3.442676101451509 -0.2431593564566533 0
1.1297634168668 -1.185945338952303 0
1.562827411007416 0.5226745251138828 0
0.8248554323448528 0.0712305025881135 0
1.014754228080226 -0.2792821848421561 0
1.076828306500731 -0.3573056046964722 0
1.806445371546401 -0.6009537762073576 0
1.128630280188549 -0.5605453725622016 0
1.726621122917935 -1.4691939041634 0
1.043990447800168 0.8029039633805801 0
1.33128624092901 0.8627985428990693 0
1.938844890779159 -0.04488277794153915 0
2.329937658455099 -1.270983793180413 0
3.241040704282359 -0.9753001956051041 0
1.495489438310666 -0.7519346532508382 0
1.267804819988868 0.180925765815127 0
2.579014345319736 -1.34000687338642 0
3.189537922046323 -1.468848502328747 0
3.16475705563957 -0.4144711260809631 0
3.65707525944794 -1.429265665826301 0
1.241953733537838 -0.696133768556185 0
2.164775331748357 -1.230258383832776 0
2.467653889062881 -1.417176087089909 0
1.121119679483633 -0.8889581370345285 0
1.133479356631335 -0.5352323036132089 0
1.144761168621153 -0.6259122911052524 0
1.817165528601214 0.8822214088102857 0
1.567308619006822 -1.314127780984371 0
1.580951471723755 -1.373917097374012 0
2.301145009180905 -0.8348691706926029 0
1.022154589592271 -1.329936922264946 0
2.013897280964161 -1.253658239551226 0
2.197100343633822 -1.214104263172401 0
3.436653778038592 -1.42448892771784 0
1.424473099951435 -1.096649633298522 0
1.419170785368007 0.6935796269975246 0
3.235056548058786 -0.01924350216258851 0
3.861911744342774 0.7935678241556079 0
0.3882790707876564 0.1388414180110017 0
3.411211243896155 -1.391491099557491 0
3.570538465026218 -1.467464388543996 0
1.919789911676931 -0.8184595470532403 0
2.808328407119032 0.8740056939601795 0
1.4802754986357 -1.476310428344134 0
2.100647062309414 -1.446846679495736 0
$EndNodes
$Elements
7 13052 1 13052
1 1 1 11
1 1 7 
2 7 8 
3 8 9 
4 9 10 
5 10 11 
6 11 12 
7 12 13 
8 13 14 
9 14 15 
10 15 16 
11 16 2 
1 2 1 84
12 2 17 
13 17 18 
14 18 19 
15 19 20 
16 20 21 
17 21 22 
18 22 23 
19 23 24 
20 24 25 
21 25 26 
22 26 27 
23 27 28 
24 28 29 
25 29 30 
26 30 31 
27 31 32 
28 32 33 
29 33 34 
30 34 35 
31 35 36 
32 36 37 
33 37 38 
34 38 39 
35 39 40 
36 40 41 
37 41 42 
38 42 43 
39 43 44 
40 44 45 
41 45 46 
42 46 47 
43 47 48 
44 48 49 
45 49 50 
46 50 51 
47 51 52 
48 52 53 
49 53 54 
50 54 55 
51 55 56 
52 56 57 
53 57 58 
54 58 59 
55 59 60 
56 60 61 
57 61 62 
58 62 63 
59 63 64 
60 64 65 
61 65 66 
62 66 67 
63 67 68 
64 68 69 
65 69 70 
66 70 71 
67 71 72 
68 72 73 
69 73 74 
70 74 75 
71 75 76 
72 76 77 
73 77 78 
74 78 79 
75 79 80 
76 80 81 
77 81 82 
78 82 83 
79 83 84 
80 84 85 
81 85 86 
82 86 87 
83 87 88 
84 88 89 
85 89 90 
86 90 91 
87 91 92 
88 92 93 
89 93 94 
90 94 95 
91 95 96 
92 96 97 
93 97 98 
94 98 99 
95 99 3 
1 3 1 132
96 3 100 
97 100 101 
98 101 102 
99 102 103 
100 103 104 
101 104 105 
102 105 106 
103 106 107 
104 107 108 
105 108 109 
106 109 110 
107 110 111 
108 111 112 
109 112 113 
110 113 114 
111 114 115 
112 115 116 
113 116 117 
114 117 118 
115 118 119 
116 119 120 
117 120 121 
118 121 122 
119 122 123 
120 123 124 
121 124 125 
122 125 126 
123 126 127 
124 127 128 
125 128 129 
126 129 130 
127 130 131 
128 131 132 
129 132 133 
130 133 134 
131 134 135 
132 135 136 
133 136 137 
134 137 138 
135 138 139 
136 139 140 
137 140 141 
138 141 142 
139 142 143 
140 143 144 
141 144 145 
142 145 146 
143 146 147 
144 147 148 
145 148 149 
146 149 150 
147 150 151 
148 151 152 
149 152 153 
150 153 154 
151 154 155 
152 155 156 
153 156 157 
154 157 158 
155 158 159 
156 159 160 
157 160 161 
158 161 162 
159 162 163 
160 163 164 
161 164 165 
162 165 166 
163 166 167 
164 167 168 
165 168 169 
166 169 170 
167 170 171 
168 171 172 
169 172 173 
170 173 174 
171 174 175 
172 175 176 
173 176 177 
174 177 178 
175 178 179 
176 179 180 
177 180 181 
178 181 182 
179 182 183 
180 183 184 
181 184 185 
182 185 186 
183 186 187 
184 187 188 
185 188 189 
186 189 190 
187 190 191 
188 191 192 
189 192 193 
190 193 194 
191 194 195 
192 195 196 
193 196 197 
194 197 198 
195 198 199 
196 199 200 
197 200 201 
198 201 202 
199 202 203 
200 203 204 
201 204 205 
202 205 206 
203 206 207 
204 207 208 
205 208 209 
206 209 210 
207 210 211 
208 211 212 
209 212 213 
210 213 214 
211 214 215 
212 215 216 
213 216 217 
214 217 218 
215 218 219 
216 219 220 
217 220 221 
218 221 222 
219 222 223 
220 223 224 
221 224 225 
222 225 226 
223 226 227 
224 227 228 
225 228 229 
226 229 230 
227 230 4 
1 4 1 27
228 4 231 
229 231 232 
230 232 233 
231 233 234 
232 234 235 
233 235 236 
234 236 237 
235 237 238 
236 238 239 
237 239 240 
238 240 241 
239 241 242 
240 242 243 
241 243 244 
242 244 245 
243 245 246 
244 246 247 
245 247 248 
246 248 249 
247 249 250 
248 250 251 
249 251 252 
250 252 253 
251 253 254 
252 254 255 
253 255 256 
254 256 5 
1 5 1 44
255 5 257 
256 257 258 
257 258 259 
258 259 260 
259 260 261 
260 261 262 
261 262 263 
262 263 264 
263 264 265 
264 265 266 
265 266 267 
266 267 268 
267 268 269 
268 269 270 
269 270 271 
270 271 272 
271 272 273 
272 273 274 
273 274 275 
274 275 276 
275 276 277 
276 277 278 
277 278 279 
278 279 280 
279 280 281 
280 281 282 
281 282 283 
282 283 284 
283 284 285 
284 285 286 
285 286 287 
286 287 288 
287 288 289 
288 289 290 
289 290 291 
290 291 292 
291 292 293 
292 293 294 
293 294 295 
294 295 296 
295 296 297 
296 297 298 
297 298 299 
298 299 6 
1 6 1 11
299 6 300 
300 300 301 
301 301 302 
302 302 303 
303 303 304 
304 304 305 
305 305 306 
306 306 307 
307 307 308 
308 308 309 
309 309 1 
2 1 2 12743
310 891 4397 833 
311 4507 4972 3015 
312 5635 5636 5634 
313 4247 5590 1340 
314 3497 5703 2803 
315 4233 4487 2530 
316 1735 4346 3732 
317 1955 3955 3953 
318 4317 5577 231 
319 3291 4336 3981 
320 1146 4157 1144 
321 3850 4944 4237 
322 5428 5710 362 
323 3743 4400 3368 
324 5058 5101 4129 
325 3602 3962 141 
326 4125 4126 3210 
327 3036 5286 3673 
328 358 3765 149 
329 3590 3847 2899 
330 1492 5513 5343 
331 4370 4672 2761 
332 3680 4161 3401 
333 3673 6194 3036 
334 4586 6051 4570 
335 1248 4368 1190 
336 5015 6101 5670 
337 1017 4123 3681 
338 3937 4105 107 
339 6022 6071 3005 
340 2038 5514 4213 
341 151 6480 150 
342 931 4491 3705 
343 3981 4336 1755 
344 341 4351 3868 
345 3210 5961 4125 
346 158 5520 347 
347 1884 3932 3751 
348 3948 5953 3947 
349 376 3602 142 
350 4321 4322 2973 
351 4398 5667 3578 
352 2902 5381 4500 
353 3502 5950 3886 
354 4260 5667 4398 
355 3452 3758 171 
356 2137 5710 4675 
357 1985 5149 3965 
358 2530 6001 4233 
359 3773 5477 3275 
360 3840 4219 3480 
361 2747 5596 5227 
362 143 376 142 
363 5670 6101 3683 
364 3105 5902 3106 
365 109 355 108 
366 3776 3777 335 
367 1449 4516 1446 
368 3681 4742 1017 
369 4069 4210 1983 
370 3899 5485 1538 
371 1160 5561 1158 
372 380 4946 3731 
373 4500 5381 2271 
374 3731 4947 380 
375 3638 5484 1684 
376 3753 4241 1874 
377 1864 4278 1861 
378 4213 5514 3612 
379 137 6307 136 
380 4734 5859 5401 
381 4288 5711 3540 
382 3056 5063 2767 
383 1538 5405 3899 
384 3552 4197 4196 
385 343 5864 3810 
386 4082 5614 4938 
387 2728 4396 4395 
388 4210 5368 1983 
389 3947 5897 3948 
390 3918 3923 3922 
391 109 4000 355 
392 2674 4596 3350 
393 3847 4009 1968 
394 4949 6293 379 
395 4889 5599 4033 
396 1172 5474 3830 
397 4120 4568 395 
398 3326 4105 3937 
399 319 3917 50 
400 4188 6466 1086 
401 1538 5297 3733 
402 1086 6466 1123 
403 1258 5092 4844 
404 5263 5712 2772 
405 4635 5842 4637 
406 3448 6014 4050 
407 4085 5614 4082 
408 4020 6071 6022 
409 3107 4820 2780 
410 3692 6293 4949 
411 3740 5032 2172 
412 956 5115 3649 
413 1340 5702 4247 
414 5100 5714 4042 
415 335 3778 3776 
416 1259 5034 4967 
417 304 4948 303 
418 3965 5149 4262 
419 4044 5509 5260 
420 4309 5375 4308 
421 3792 3793 3791 
422 2441 5713 5177 
423 4454 4744 4455 
424 3765 6476 148 
425 134 4051 318 
426 4069 5661 3432 
427 3105 6051 4586 
428 3785 4017 3489 
429 1856 6409 6054 
430 3023 3911 3022 
431 3802 5668 5565 
432 1134 5224 1071 
433 4976 5818 931 
434 150 358 149 
435 4436 4983 1106 
436 173 5895 357 
437 3916 4138 1992 
438 3733 5405 1538 
439 3712 5171 2441 
440 3621 6147 4121 
441 4107 5525 3285 
442 4301 4302 3065 
443 3778 6004 5875 
444 655 5711 4288 
445 503 5165 3666 
446 2 366 16 
447 2900 3846 3845 
448 3713 6031 2492 
449 3666 5045 503 
450 3862 4803 318 
451 3826 4043 351 
452 3275 6150 3773 
453 3823 3980 3278 
454 5307 5690 3665 
455 2780 4820 2882 
456 4586 5902 3105 
457 3379 5594 5284 
458 3512 6190 4422 
459 4121 6166 3621 
460 3790 3792 3791 
461 4177 5513 1492 
462 1366 5921 3674 
463 758 5375 4309 
464 5129 6058 1699 
465 1684 5260 3638 
466 4756 5045 3667 
467 5177 5713 4899 
468 1674 3814 3812 
469 4196 4197 3760 
470 2172 5649 3740 
471 3732 5124 1735 
472 3358 5547 3120 
473 5227 5596 5226 
474 1430 4369 3779 
475 329 6271 5412 
476 3594 4371 3956 
477 3713 6058 5129 
478 4322 4323 2973 
479 4184 5309 3509 
480 4742 5946 2304 
481 4640 6252 1433 
482 5393 5856 4068 
483 1955 5152 3955 
484 3924 5579 2831 
485 347 6324 158 
486 3667 5045 3666 
487 4167 6235 1850 
488 5650 5991 2586 
489 3942 5671 5572 
490 1277 4410 4193 
491 4636 5200 3677 
492 3751 3891 1884 
493 4422 5255 3512 
494 3674 5921 4542 
495 188 4067 187 
496 1228 5690 5307 
497 3716 4320 2676 
498 2831 6122 3924 
499 4565 5459 1069 
500 5383 5611 4270 
501 5875 6004 407 
502 4819 4820 3107 
503 1258 4844 4842 
504 3840 4278 4219 
505 4237 5965 3850 
506 1850 5178 4167 
507 4395 4397 2728 
508 4826 4999 1275 
509 2169 5560 4938 
510 3472 4944 3474 
511 3285 6085 4107 
512 3357 5631 4097 
513 4597 5774 4470 
514 3022 3911 3489 
515 4015 5714 5100 
516 3610 5869 2773 
517 1433 4878 4640 
518 5844 5995 5024 
519 3596 4248 4203 
520 3705 4976 931 
521 54 392 53 
522 2973 4323 2974 
523 3736 4989 3543 
524 1119 5133 4064 
525 4133 4134 1952 
526 4125 5945 3589 
527 4967 5034 3503 
528 142 3602 141 
529 149 3765 148 
530 4683 5703 3497 
531 2194 3898 3832 
532 3677 4960 4636 
533 135 4051 134 
534 2441 5177 3712 
535 3590 4009 3847 
536 3628 5857 5124 
537 3489 3911 3785 
538 1830 5637 2243 
539 4593 5991 5650 
540 4325 5044 3403 
541 1100 4374 1062 
542 5729 5969 3931 
543 1791 4516 1449 
544 3368 5133 3743 
545 3649 6278 956 
546 1977 5306 4867 
547 1121 4188 1086 
548 4193 4410 4194 
549 1874 4944 3753 
550 1983 5661 4069 
551 4455 4744 1859 
552 3560 5048 3733 
553 5072 5721 3428 
554 81 374 80 
555 3401 4161 3496 
556 2410 5448 4774 
557 90 395 89 
558 3890 3925 3236 
559 329 5412 5357 
560 1165 4140 1162 
561 185 3896 184 
562 4637 5842 1928 
563 3866 6167 6164 
564 3448 4050 400 
565 4124 5945 4125 
566 5565 5668 386 
567 193 4371 192 
568 36 328 35 
569 4157 4158 1144 
570 3687 5730 4548 
571 4207 5201 353 
572 3818 5710 5428 
573 1136 4583 3914 
574 3316 5577 4317 
575 4097 5631 1776 
576 4197 4995 313 
577 4195 4196 3760 
578 4415 6134 503 
579 3816 3817 2619 
580 385 5544 3848 
581 3640 5995 5844 
582 4617 4619 2893 
583 1174 5041 4271 
584 3934 4587 2071 
585 1856 6054 4378 
586 4619 4620 2893 
587 172 3452 171 
588 3733 5297 3560 
589 505 5308 4299 
590 1069 5465 4565 
591 2243 5637 3930 
592 3914 4583 3033 
593 3917 3923 3918 
594 353 5886 4207 
595 45 393 44 
596 398 5859 4734 
597 3868 4351 3860 
598 151 6288 389 
599 5343 6239 1492 
600 4254 5082 4252 
601 2400 5159 4484 
602 321 4191 3841 
603 5317 5490 1905 
604 4827 4999 4826 
605 4756 5719 1760 
606 833 4397 788 
607 4867 5306 4868 
608 3828 4730 2873 
609 2873 4730 2871 
610 3595 5636 5635 
611 4271 5041 3839 
612 3886 5032 3502 
613 1612 3873 1778 
614 5572 5671 3224 
615 408 5406 4266 
616 2908 4672 4370 
617 1253 6422 4605 
618 72 390 71 
619 5710 5803 4675 
620 5260 5509 3638 
621 4103 5499 4148 
622 1106 6417 4436 
623 3378 6187 3421 
624 1527 4264 1107 
625 3832 4052 2194 
626 4131 5818 4976 
627 1142 4158 1326 
628 63 391 62 
629 3698 5229 3695 
630 3552 4539 4197 
631 158 6324 157 
632 3757 6446 2797 
633 3065 5018 4301 
634 3366 3925 3890 
635 2410 5716 5448 
636 2758 4010 3866 
637 4129 5101 2906 
638 3543 4940 3736 
639 3679 5856 5393 
640 4029 4316 397 
641 1107 4264 1020 
642 1968 6053 3847 
643 4569 5049 2168 
644 619 4498 621 
645 4973 5048 3560 
646 4617 5806 4618 
647 4433 4983 4436 
648 4484 5159 4483 
649 2797 4844 3757 
650 4087 6187 3378 
651 3958 5430 4347 
652 150 6480 5605 
653 1372 6037 4676 
654 4342 5355 4533 
655 324 4006 68 
656 3023 6441 3911 
657 1084 4391 1005 
658 3600 5049 4569 
659 4305 4832 415 
660 5741 5812 3330 
661 3779 4368 1430 
662 976 3891 1010 
663 2709 6508 4169 
664 3127 5107 4319 
665 3789 4513 1453 
666 5148 5600 4083 
667 2655 5048 4973 
668 5195 5424 4969 
669 2709 4169 2862 
670 5783 6127 2217 
671 4033 5956 4889 
672 4500 6323 2902 
673 3649 4657 3974 
674 5449 6338 3418 
675 4203 5022 3596 
676 4732 5723 4731 
677 3822 5428 4275 
678 141 3962 140 
679 4140 5561 1160 
680 4011 4012 383 
681 1674 5443 3745 
682 3329 4173 4022 
683 2419 4137 4136 
684 3906 6475 84 
685 187 3815 186 
686 2552 4150 4149 
687 411 5744 4978 
688 3769 5365 3766 
689 144 6364 143 
690 5583 5643 1970 
691 4801 4819 3107 
692 4309 5891 758 
693 4941 6367 4075 
694 3509 6089 4184 
695 5772 5903 4554 
696 1328 5717 1419 
697 1453 4515 3789 
698 4010 6167 3866 
699 4308 5375 1973 
700 3810 5421 343 
701 364 4921 263 
702 4605 4656 1253 
703 21 3983 317 
704 3278 4109 3823 
705 4506 5190 2482 
706 4092 4537 4093 
707 359 5666 129 
708 180 4087 179 
709 3669 5515 4815 
710 4166 5712 5263 
711 1884 3891 976 
712 4326 6106 5929 
713 3958 3959 2407 
714 3916 6428 4297 
715 4032 5643 5583 
716 3095 3932 3408 
717 503 6134 5165 
718 4360 6127 5783 
719 140 3962 322 
720 525 5115 523 
721 4332 5974 5727 
722 4978 5744 3951 
723 4299 5462 505 
724 356 4067 188 
725 831 5903 5772 
726 2446 5082 4254 
727 2676 4320 3887 
728 2945 5894 4827 
729 2601 5901 5255 
730 1144 4158 1142 
731 1952 6321 4133 
732 3875 5676 552 
733 760 5152 713 
734 3717 6230 6224 
735 690 5127 680 
736 3974 4657 2897 
737 5330 5647 4364 
738 3298 4593 4086 
739 2243 5684 4268 
740 1902 4941 4075 
741 3251 5708 3248 
742 2911 5640 4307 
743 4142 4147 4144 
744 395 4568 3994 
745 4912 6250 3749 
746 3841 4192 321 
747 2399 3979 3978 
748 3236 4411 3890 
749 4469 4577 4287 
750 2271 5381 4071 
751 3786 4017 3785 
752 354 3762 122 
753 418 4945 3834 
754 1772 5230 3754 
755 2444 4998 2662 
756 5665 5704 2208 
757 4043 4242 351 
758 4093 4537 4536 
759 3672 3869 114 
760 1277 5641 1274 
761 4960 5999 4631 
762 122 5538 121 
763 4602 6310 5411 
764 3808 4249 1509 
765 3738 3900 93 
766 3940 5007 1596 
767 4866 6349 4620 
768 3484 5737 3485 
769 1378 4157 1146 
770 3748 5293 3622 
771 3913 5449 3418 
772 4940 5433 3736 
773 4478 6067 3615 
774 4465 5797 4462 
775 4584 4837 2718 
776 872 4362 921 
777 2673 5741 3330 
778 148 6476 401 
779 362 5710 4914 
780 4130 5704 5665 
781 5253 5633 1964 
782 4268 5785 2243 
783 4938 5560 4082 
784 5465 5529 4751 
785 5270 5437 4862 
786 3684 5983 3491 
787 17 5154 360 
788 3848 5685 385 
789 4780 4793 3118 
790 1202 4991 3825 
791 4094 4790 3017 
792 3817 5428 3822 
793 3954 4407 942 
794 2655 4973 3858 
795 352 4120 91 
796 3605 5749 2905 
797 4206 5201 4207 
798 303 4948 419 
799 2482 5594 4506 
800 4012 4013 383 
801 3816 3818 3817 
802 3749 6328 4912 
803 3491 5939 3684 
804 27 388 26 
805 1816 6170 5707 
806 2192 5366 5178 
807 4533 5355 2597 
808 164 400 163 
809 5038 5632 5037 
810 4414 5403 4413 
811 2899 3847 2900 
812 506 3928 3926 
813 2728 4397 891 
814 3825 4543 1202 
815 4018 5611 5383 
816 5707 6170 3782 
817 2245 5262 1820 
818 2616 5044 4325 
819 5129 6031 3713 
820 3754 5588 1772 
821 4832 6100 415 
822 4219 4278 1864 
823 5507 5608 3633 
824 2742 5309 2744 
825 327 5608 5507 
826 5178 5366 4167 
827 5540 5737 5675 
828 3663 5958 5649 
829 60 4191 321 
830 5286 5747 3673 
831 115 3672 114 
832 3782 6253 5707 
833 2862 5511 2864 
834 4258 5224 1134 
835 4693 5693 2086 
836 1992 5399 3916 
837 1430 4368 1248 
838 2843 5403 4414 
839 22 3983 21 
840 319 3923 3917 
841 3339 4760 4759 
842 2900 3847 3846 
843 2758 4070 4010 
844 564 5288 551 
845 3887 4320 2762 
846 366 5502 3796 
847 4862 5437 2964 
848 3839 5041 1870 
849 351 5573 3826 
850 3845 4273 2900 
851 3484 5808 5737 
852 2883 5194 4005 
853 3302 5433 4940 
854 3514 5873 3879 
855 1859 4527 4455 
856 4646 5633 5253 
857 4368 4583 1190 
858 1065 4845 992 
859 3746 5564 1123 
860 4266 6182 408 
861 2346 5774 4597 
862 3667 5719 4756 
863 3884 3895 2300 
864 3835 5757 3701 
865 4809 5863 3387 
866 5707 6253 3438 
867 2973 6333 4321 
868 376 4558 3602 
869 1114 4290 1178 
870 1069 5529 5465 
871 4092 5517 4537 
872 1861 4278 1860 
873 1509 6450 3808 
874 552 6236 3875 
875 2419 5347 4137 
876 3928 5283 4163 
877 400 3963 163 
878 4055 5922 316 
879 4821 6432 3375 
880 61 4191 60 
881 366 3796 3792 
882 5034 5503 3503 
883 4054 5262 2245 
884 40 5600 5148 
885 3834 4945 4259 
886 4660 5009 2963 
887 4548 5730 5359 
888 4593 5650 4086 
889 3568 6126 3976 
890 3924 6122 3611 
891 3673 5747 4531 
892 3429 6261 4180 
893 3107 5040 4801 
894 4222 5447 4543 
895 3339 4759 3334 
896 3251 5201 4206 
897 3387 5863 2479 
898 4024 5203 2741 
899 3115 4413 4412 
900 5734 5850 5510 
901 95 367 94 
902 4822 6482 3950 
903 1870 4496 3839 
904 3275 4596 2674 
905 4693 4822 3950 
906 5255 5901 3512 
907 3115 4414 4413 
908 1104 4472 4404 
909 4064 5133 3368 
910 3375 5773 4821 
911 86 399 85 
912 4844 5092 3757 
913 3916 4297 3086 
914 5564 5931 1737 
915 200 5414 199 
916 4347 5430 1212 
917 4676 6037 4115 
918 2190 5301 4109 
919 92 3900 352 
920 4073 5695 52 
921 339 3975 55 
922 1790 5101 5058 
923 50 3917 49 
924 2398 6304 3723 
925 3514 5899 5873 
926 85 3906 84 
927 1016 5033 4032 
928 4008 5563 4717 
929 2767 5063 3607 
930 3771 5683 3391 
931 2893 5806 4617 
932 6090 6273 4426 
933 3931 5969 5229 
934 2974 4323 2977 
935 2762 4321 3887 
936 152 6288 151 
937 1013 4494 955 
938 3834 5112 418 
939 3681 5946 4742 
940 232 4317 231 
941 13 5668 3854 
942 832 4362 872 
943 4134 6187 348 
944 5512 6034 817 
945 108 5972 3937 
946 4537 5517 2244 
947 3486 5881 5619 
948 4259 4945 2821 
949 5739 6018 4813 
950 2407 5430 3958 
951 4783 5549 1034 
952 3874 4308 1973 
953 2436 5424 5195 
954 4946 5112 3731 
955 2292 3816 2619 
956 3873 5609 1778 
957 5780 5890 3177 
958 3745 5892 1674 
959 5068 5453 1851 
960 5826 6014 3448 
961 3771 5691 5683 
962 4801 5040 1597 
963 68 4006 67 
964 858 4380 1883 
965 4544 4545 405 
966 3607 6273 6090 
967 192 4371 387 
968 4539 4995 4197 
969 4331 5216 2173 
970 3779 4370 2761 
971 3996 5519 3374 
972 5663 5919 3573 
973 3821 5710 3818 
974 2070 4165 4163 
975 3761 5850 5734 
976 318 6310 3862 
977 3994 3995 3993 
978 1409 4902 1675 
979 567 5940 3879 
980 1123 5645 3746 
981 4758 5869 3610 
982 94 3738 93 
983 3677 5999 4960 
984 4075 4076 1902 
985 4169 5511 2862 
986 3751 3932 3095 
987 2395 4007 3938 
988 84 6475 333 
989 365 5547 3892 
990 3503 5503 3902 
991 4815 5515 5238 
992 1062 4374 1000 
993 159 3499 158 
994 1962 4803 3943 
995 5811 6158 4806 
996 5335 5986 4823 
997 1902 4076 1628 
998 4154 5702 5618 
999 5687 5935 3959 
1000 3318 5490 3811 
1001 3860 4351 412 
1002 3997 3999 2326 
1003 3827 4414 2526 
1004 1162 4140 1160 
1005 162 3963 312 
1006 4606 5837 5766 
1007 5348 5579 3775 
1008 2904 4485 4483 
1009 6224 6230 449 
1010 3888 4190 2909 
1011 328 6441 3809 
1012 4186 4188 1121 
1013 4176 5370 4475 
1014 4193 5641 1277 
1015 341 4023 73 
1016 5978 6032 4700 
1017 3649 5115 4657 
1018 2549 5632 5557 
1019 2075 4487 1723 
1020 4044 5260 1550 
1021 3034 5513 4177 
1022 5412 6271 5109 
1023 959 6025 3714 
1024 3830 6484 1172 
1025 3619 5453 5068 
1026 352 6513 4120 
1027 4105 6419 344 
1028 194 325 193 
1029 6197 6282 4856 
1030 3996 6366 5519 
1031 160 403 159 
1032 138 6457 137 
1033 3281 5648 3283 
1034 3281 5703 5648 
1035 4179 4381 761 
1036 2605 6214 4463 
1037 4831 5864 343 
1038 2600 6106 5331 
1039 1074 5797 4465 
1040 4142 4144 4143 
1041 3722 4411 3236 
1042 3474 4944 3850 
1043 3354 5723 4732 
1044 4116 5597 874 
1045 2208 5704 4137 
1046 2532 5486 4565 
1047 2687 4151 2551 
1048 3912 4878 1885 
1049 4417 5426 4136 
1050 3500 6032 5978 
1051 3076 6088 3987 
1052 4138 4139 1992 
1053 2673 6245 4881 
1054 88 3992 337 
1055 4963 6496 3941 
1056 3701 5757 79 
1057 4064 5793 1119 
1058 165 3448 164 
1059 3485 5737 5540 
1060 4780 5497 1734 
1061 3926 4059 506 
1062 2842 4498 619 
1063 5522 6250 342 
1064 3964 5615 907 
1065 4203 4248 4202 
1066 4972 6183 3015 
1067 2590 4513 4274 
1068 3714 6035 959 
1069 3909 5063 3056 
1070 1970 5643 4606 
1071 3689 4531 3522 
1072 2300 4318 3884 
1073 4274 4513 3789 
1074 4463 5843 2605 
1075 4136 5426 2419 
1076 3878 4449 388 
1077 3911 6441 328 
1078 4881 5741 2673 
1079 4022 5700 3329 
1080 3777 5376 335 
1081 4979 6006 5755 
1082 3722 4568 4120 
1083 4514 5254 3019 
1084 4147 4148 4146 
1085 3870 5389 5052 
1086 3988 5530 378 
1087 2320 6282 6197 
1088 4607 5837 4606 
1089 4168 5556 5462 
1090 641 5062 639 
1091 5462 5556 505 
1092 4319 5107 3989 
1093 4206 5708 3251 
1094 3347 4242 4043 
1095 3615 5937 4478 
1096 3025 5124 2733 
1097 3858 6424 2655 
1098 3696 4078 4077 
1099 3914 4584 1136 
1100 4827 5894 4999 
1101 2171 5614 4085 
1102 1119 5793 435 
1103 3458 6158 5811 
1104 3989 4318 1540 
1105 1730 4072 1618 
1106 402 4293 4027 
1107 4270 5611 4084 
1108 4619 4866 4620 
1109 4793 5007 3118 
1110 5884 6355 2064 
1111 1071 5224 1698 
1112 4301 5018 2962 
1113 3879 5873 567 
1114 61 5137 4191 
1115 874 5597 441 
1116 5331 6106 4789 
1117 1088 4770 1128 
1118 5651 6050 2746 
1119 3594 6212 4371 
1120 417 5984 3863 
1121 4095 4333 338 
1122 3362 4557 4015 
1123 101 6368 100 
1124 3499 5520 158 
1125 1870 5025 4496 
1126 1188 5516 4887 
1127 4158 4159 1326 
1128 4031 5639 2324 
1129 2291 5785 4268 
1130 4175 4532 1984 
1131 4060 4660 2963 
1132 2956 5007 2958 
1133 412 5204 3860 
1134 506 5283 3928 
1135 3334 5738 2940 
1136 3766 5365 3768 
1137 49 404 48 
1138 4483 5159 2904 
1139 4436 6417 4438 
1140 2816 4445 4035 
1141 340 4042 64 
1142 4137 5860 2208 
1143 5052 5389 4319 
1144 345 4313 238 
1145 3118 5497 4780 
1146 1446 4516 1453 
1147 3867 5647 2336 
1148 3696 4205 4078 
1149 4439 5030 4437 
1150 380 4948 304 
1151 3783 4122 374 
1152 1618 4072 2230 
1153 3938 4007 3327 
1154 2734 6496 4963 
1155 2324 5639 1711 
1156 4268 5821 2291 
1157 3835 5608 327 
1158 4669 5908 5865 
1159 1859 4904 4527 
1160 93 3900 92 
1161 3283 5648 4687 
1162 2108 6349 4866 
1163 2565 4175 1984 
1164 4666 6151 5409 
1165 2741 6413 4024 
1166 5722 5852 4802 
1167 3462 6018 5739 
1168 1674 6405 3814 
1169 2219 5030 4439 
1170 327 5757 3835 
1171 4732 5877 5841 
1172 2173 5339 4331 
1173 3413 3969 3416 
1174 3030 5767 5697 
1175 2909 5472 3888 
1176 3374 4600 3996 
1177 1172 5561 5474 
1178 4071 4519 2271 
1179 3992 3994 3993 
1180 5153 5287 3020 
1181 2842 4499 4497 
1182 156 4022 420 
1183 3854 6121 13 
1184 5721 6261 3429 
1185 3762 5538 122 
1186 1759 5998 5944 
1187 5557 5632 3806 
1188 4032 5033 3384 
1189 4454 4745 4744 
1190 4226 5135 4228 
1191 5619 5881 4221 
1192 100 6368 2172 
1193 3909 5062 1763 
1194 2662 4998 4179 
1195 4468 4473 4472 
1196 2503 4099 4098 
1197 1905 5490 4132 
1198 163 3963 162 
1199 389 5769 151 
1200 347 5520 5519 
1201 397 5501 4029 
1202 3811 6378 3318 
1203 3685 5988 5628 
1204 5841 5877 3445 
1205 3756 6361 4664 
1206 3972 6367 4941 
1207 4021 4817 1886 
1208 5102 5822 4448 
1209 3953 5127 1955 
1210 603 6097 3729 
1211 4497 4498 2842 
1212 5944 5998 3691 
1213 5649 5958 3740 
1214 5293 5690 3622 
1215 3032 4663 4108 
1216 4507 6109 4972 
1217 3458 5811 4669 
1218 5727 5974 3426 
1219 4163 5283 2070 
1220 4144 4147 4146 
1221 3052 5031 4251 
1222 2405 4111 2924 
1223 3812 5443 1674 
1224 5618 5702 1340 
1225 4668 5908 4669 
1226 3894 6019 3826 
1227 4192 4574 2757 
1228 5635 6212 3595 
1229 908 5347 968 
1230 4228 5135 3320 
1231 4404 4472 4405 
1232 2811 3913 3418 
1233 4543 5447 1202 
1234 1348 6102 6007 
1235 1763 5063 3909 
1236 340 5100 4042 
1237 160 4047 403 
1238 967 5822 5102 
1239 4924 6500 3655 
1240 1995 5435 3905 
1241 4606 5766 1970 
1242 136 3444 135 
1243 3893 6115 2156 
1244 3428 5721 3429 
1245 5051 5270 4862 
1246 2916 5251 4638 
1247 4501 5192 4407 
1248 526 5402 528 
1249 4085 5969 2171 
1250 3746 5931 5564 
1251 5457 5912 2572 
1252 3421 5686 3838 
1253 637 4490 660 
1254 1013 4495 4494 
1255 3694 4077 43 
1256 4917 5594 3379 
1257 2906 5049 4129 
1258 4109 5678 2190 
1259 6054 6409 3859 
1260 4496 5025 4498 
1261 2300 4140 1165 
1262 3923 5919 5663 
1263 3964 5909 1783 
1264 3822 6462 5495 
1265 2070 4812 4165 
1266 1913 5301 2190 
1267 3291 4337 4336 
1268 4287 4597 4469 
1269 3120 5547 3119 
1270 4273 4757 2898 
1271 3689 6034 5512 
1272 3891 4418 1010 
1273 4468 6507 4473 
1274 4327 6015 1378 
1275 3729 6135 603 
1276 1736 5270 5051 
1277 36 3711 328 
1278 4596 5845 3350 
1279 4104 5735 3657 
1280 4577 4715 4287 
1281 3701 6254 3835 
1282 4108 6085 3032 
1283 2991 4810 4624 
1284 2018 5526 3805 
1285 1883 4380 4100 
1286 5018 5468 2962 
1287 3695 5229 3696 
1288 2532 4565 4564 
1289 393 5418 3697 
1290 3689 5512 4531 
1291 1885 5505 3912 
1292 4022 4173 420 
1293 4441 4887 3340 
1294 5839 5876 3597 
1295 5686 6187 4134 
1296 3870 5052 1736 
1297 2230 4072 3982 
1298 3409 6151 4666 
1299 4025 5857 3628 
1300 3914 4837 4584 
1301 4664 5733 3756 
1302 4717 5563 324 
1303 3477 6216 5733 
1304 3936 5892 3745 
1305 889 5139 504 
1306 5801 6009 1079 
1307 3658 5795 4959 
1308 5306 5328 4868 
1309 3874 5384 3875 
1310 6015 6384 1378 
1311 3493 5457 4661 
1312 5284 5594 2482 
1313 73 4023 72 
1314 851 4143 1716 
1315 55 3975 54 
1316 44 3694 43 
1317 4545 6137 405 
1318 617 4962 615 
1319 2156 5955 3893 
1320 1736 5051 3870 
1321 4407 5192 942 
1322 131 3948 130 
1323 5733 6216 3756 
1324 4008 4026 3365 
1325 3969 4030 3416 
1326 4290 5717 1328 
1327 337 5241 87 
1328 4100 4919 1883 
1329 1540 4319 3989 
1330 1084 5319 4391 
1331 4848 5523 5222 
1332 1326 6129 6062 
1333 4868 5328 5139 
1334 2310 3820 3816 
1335 4687 6326 3283 
1336 5632 6399 5037 
1337 4669 5865 3458 
1338 936 5021 4612 
1339 5726 5736 4358 
1340 3366 4834 3925 
1341 80 3701 79 
1342 572 6011 5253 
1343 2073 2310 2292 
1344 62 5137 61 
1345 4267 4333 4095 
1346 129 6320 128 
1347 3476 5986 5335 
1348 2530 4487 2075 
1349 53 4073 52 
1350 413 6328 3983 
1351 1185 4186 1121 
1352 3979 5761 5470 
1353 3943 5953 1962 
1354 1973 5384 3874 
1355 3905 5436 1995 
1356 2336 5647 5330 
1357 4152 5682 4294 
1358 433 5621 1119 
1359 5976 6044 3632 
1360 3033 4583 4368 
1361 4449 5522 342 
1362 3753 4984 4241 
1363 145 3630 144 
1364 5718 5748 4061 
1365 3811 5490 5317 
1366 523 5115 956 
1367 530 4363 2830 
1368 5936 6012 2343 
1369 2551 4151 2552 
1370 3723 6436 2398 
1371 3601 6050 5651 
1372 3485 4173 2792 
1373 4148 5917 4103 
1374 1783 6072 3964 
1375 4612 5021 4611 
1376 2471 5211 4623 
1377 64 4042 63 
1378 4656 5294 1253 
1379 1518 4235 1364 
1380 1597 5040 4014 
1381 4873 5642 3391 
1382 2803 5703 3281 
1383 4126 5890 5780 
1384 456 4059 454 
1385 4653 6049 3730 
1386 3597 5876 4028 
1387 81 3783 374 
1388 4094 6080 4790 
1389 3497 5748 5718 
1390 3555 5615 3964 
1391 3041 4722 4254 
1392 4382 4998 2784 
1393 2897 4879 3974 
1394 3950 5693 4693 
1395 3309 5123 1817 
1396 4820 4821 2882 
1397 4237 4944 1874 
1398 4365 4366 547 
1399 2552 4151 4150 
1400 2526 4414 3115 
1401 1374 5011 1211 
1402 825 4143 851 
1403 4842 4845 1258 
1404 1342 4155 1550 
1405 2310 3816 2292 
1406 2002 5687 4648 
1407 3983 3984 317 
1408 3365 4026 3364 
1409 6007 6102 3857 
1410 4274 5254 4514 
1411 4928 5184 1687 
1412 5691 5801 1079 
1413 2002 5935 5687 
1414 3892 5547 3358 
1415 3391 5683 4873 
1416 5798 5815 2245 
1417 5206 6036 5941 
1418 1260 5781 4119 
1419 58 409 57 
1420 4349 5791 5555 
1421 1005 4391 1389 
1422 91 4120 90 
1423 89 3992 88 
1424 4565 5486 5459 
1425 3028 6508 2709 
1426 3735 5345 4159 
1427 2399 4902 3979 
1428 3805 5834 2018 
1429 4278 5491 1860 
1430 3976 6126 3975 
1431 3444 4051 135 
1432 4475 5370 3267 
1433 4344 4478 3064 
1434 2235 4546 1831 
1435 1075 4477 1003 
1436 2792 4173 3329 
1437 1178 4290 1328 
1438 357 6086 172 
1439 2728 4494 4396 
1440 4366 4594 547 
1441 4474 4546 2235 
1442 3938 4557 2395 
1443 3103 5975 3806 
1444 418 5112 4946 
1445 1867 5736 5726 
1446 1550 4155 4044 
1447 4884 5494 384 
1448 942 5127 3954 
1449 1309 6044 5976 
1450 5253 6130 572 
1451 146 314 145 
1452 2784 4998 2444 
1453 1730 4519 4072 
1454 312 4047 161 
1455 4132 4981 1905 
1456 4323 5371 2977 
1457 3548 5852 5722 
1458 5224 6026 1698 
1459 1684 5454 4251 
1460 3820 3821 3818 
1461 4613 6012 5936 
1462 4623 5211 4624 
1463 3505 5814 3632 
1464 3417 6225 5198 
1465 1158 5561 1172 
1466 1389 4390 3960 
1467 4014 4599 1597 
1468 4803 5802 318 
1469 4661 5493 3493 
1470 2619 3819 2620 
1471 3982 4198 2230 
1472 3576 5695 4073 
1473 4927 4928 1687 
1474 2769 4104 3487 
1475 4764 4927 1687 
1476 3771 5801 5691 
1477 3892 6160 365 
1478 4605 6422 4607 
1479 3711 3785 328 
1480 1128 4770 4768 
1481 2078 5523 4848 
1482 2386 4322 2385 
1483 6141 6419 4105 
1484 3952 5815 5798 
1485 4122 6244 3787 
1486 3796 3939 3804 
1487 3735 4159 4158 
1488 4530 6026 5224 
1489 3551 4539 3552 
1490 59 4238 58 
1491 6062 6129 3737 
1492 3753 4944 3472 
1493 3983 6328 3986 
1494 2336 5751 3867 
1495 5701 6217 2073 
1496 2462 6016 5669 
1497 1208 4155 1342 
1498 354 5792 3762 
1499 5768 6042 3637 
1500 157 4022 156 
1501 100 6430 3886 
1502 992 4845 2518 
1503 4196 4592 3552 
1504 506 4059 456 
1505 1955 5127 690 
1506 4053 4171 2864 
1507 478 4380 858 
1508 793 5152 760 
1509 442 4139 440 
1510 3680 6379 4161 
1511 3786 4018 4017 
1512 2453 5135 4226 
1513 3838 5872 3421 
1514 4412 4835 3115 
1515 3787 6244 6157 
1516 639 5062 4490 
1517 5882 5922 4055 
1518 1692 4291 2038 
1519 1684 5484 5454 
1520 1415 3873 1612 
1521 263 4921 262 
1522 2326 4345 3997 
1523 4294 6387 4152 
1524 4959 6385 3658 
1525 409 5373 57 
1526 3449 4033 4000 
1527 4434 4983 4433 
1528 2734 4963 1083 
1529 1398 4318 1256 
1530 2187 5009 4660 
1531 4887 5516 3340 
1532 4072 4519 4071 
1533 328 3809 35 
1534 67 411 66 
1535 5755 6006 3478 
1536 161 4047 160 
1537 5348 6077 5579 
1538 1230 6406 4177 
1539 2911 6377 5640 
1540 5202 5874 5575 
1541 4759 5738 3334 
1542 4498 5025 621 
1543 5083 5749 3605 
1544 5319 5610 4391 
1545 3434 4587 3934 
1546 991 4345 1064 
1547 201 331 200 
1548 45 5418 393 
1549 216 3882 215 
1550 3329 5700 3996 
1551 4084 5560 4270 
1552 3064 4477 4344 
1553 4217 6049 4653 
1554 951 4585 991 
1555 1258 4845 1065 
1556 2071 5653 3934 
1557 3999 4290 2326 
1558 3365 5563 4008 
1559 351 5827 165 
1560 5724 5812 4852 
1561 1806 4523 1804 
1562 1089 4770 1088 
1563 3452 3759 3758 
1564 5384 5676 3875 
1565 167 3894 166 
1566 4052 4962 617 
1567 5200 5353 3082 
1568 4385 5460 4387 
1569 3706 4192 2757 
1570 4624 4810 2312 
1571 3959 5288 2407 
1572 955 4494 2728 
1573 3340 5268 4441 
1574 339 3976 3975 
1575 3430 5072 4234 
1576 1090 4495 1013 
1577 2326 4290 1114 
1578 4437 5030 2352 
1579 3852 5895 5685 
1580 3278 5678 4109 
1581 2864 5511 4053 
1582 99 2513 98 
1583 1886 4992 4021 
1584 3858 5187 2334 
1585 3936 6140 5892 
1586 1089 5952 4770 
1587 76 412 75 
1588 4251 5031 1555 
1589 3792 3796 3795 
1590 3243 5599 4889 
1591 5723 5952 1089 
1592 5194 6505 4005 
1593 5588 6010 811 
1594 5411 6310 4051 
1595 639 4490 637 
1596 99 3885 2513 
1597 1100 6375 4374 
1598 5941 6036 3515 
1599 2830 4363 4127 
1600 4809 6088 3076 
1601 2992 6196 4037 
1602 4347 6110 3702 
1603 3509 5309 2742 
1604 4285 4953 2490 
1605 3418 6084 3410 
1606 2491 5918 3431 
1607 4026 4277 3364 
1608 5967 5973 510 
1609 3951 5100 340 
1610 991 4585 4345 
1611 4553 5332 999 
1612 4029 5654 4316 
1613 551 5288 553 
1614 4035 4445 3297 
1615 3547 5776 4400 
1616 4910 5626 2510 
1617 1777 5701 2073 
1618 358 3766 3765 
1619 2836 4528 4099 
1620 3841 4574 4192 
1621 5922 6392 4223 
1622 3910 4489 4488 
1623 2977 5371 4521 
1624 43 4077 42 
1625 1484 4258 1332 
1626 3629 6300 4798 
1627 3822 5495 3819 
1628 4122 6357 3647 
1629 2453 4226 4224 
1630 680 5127 942 
1631 1070 4403 4170 
1632 1184 5352 1353 
1633 3761 5734 3759 
1634 4435 4437 2352 
1635 1332 4258 1134 
1636 3778 6234 3776 
1637 713 5152 1955 
1638 3977 6167 3976 
1639 3416 6225 3417 
1640 3792 3795 3793 
1641 3313 4560 4118 
1642 4488 4490 3910 
1643 4401 4657 1982 
1644 3931 5229 3698 
1645 6164 6167 3977 
1646 4843 4846 2518 
1647 4263 4264 1527 
1648 2172 6430 100 
1649 1982 5115 525 
1650 3430 5721 5072 
1651 348 4429 4134 
1652 4478 5480 3064 
1653 58 6481 409 
1654 921 4362 4361 
1655 5678 5855 2190 
1656 4165 4812 4168 
1657 4176 4475 2901 
1658 3992 3993 337 
1659 4156 6476 3768 
1660 3960 5016 1389 
1661 2653 4062 3434 
1662 2310 4255 3820 
1663 4509 5336 3720 
1664 2900 4273 2898 
1665 532 4365 534 
1666 2373 4652 2372 
1667 4846 5029 4399 
1668 2896 4941 2798 
1669 4674 4961 2512 
1670 5752 6343 3429 
1671 107 4105 106 
1672 1612 1778 1777 
1673 6167 6193 3976 
1674 4101 5294 4656 
1675 916 4244 966 
1676 2518 4845 4843 
1677 1596 5007 4793 
1678 5700 6366 3996 
1679 4170 4403 4145 
1680 146 4117 314 
1681 4674 5417 3309 
1682 3773 5832 5477 
1683 404 4525 48 
1684 3419 5795 3658 
1685 179 4055 178 
1686 4638 5251 3077 
1687 4654 5688 5622 
1688 4764 4765 3360 
1689 3826 5573 3894 
1690 5123 5705 1817 
1691 5850 6086 357 
1692 3976 6193 3568 
1693 4312 5617 3704 
1694 5189 6271 3869 
1695 4919 6169 4438 
1696 3768 5743 4156 
1697 202 3775 201 
1698 4007 4863 3327 
1699 1257 4902 1409 
1700 4334 4630 2859 
1701 4812 5556 4168 
1702 3507 5781 5652 
1703 1860 5491 5168 
1704 5628 5988 2990 
1705 3384 5033 4074 
1706 4035 5549 4783 
1707 3059 4489 3058 
1708 3429 6343 3427 
1709 4545 5581 4749 
1710 2926 5709 5609 
1711 389 6042 5768 
1712 3456 5184 4928 
1713 4390 5610 4679 
1714 1225 4121 1228 
1715 4019 5000 336 
1716 2001 5764 5508 
1717 1992 4139 442 
1718 4340 4533 3624 
1719 3900 4411 352 
1720 1901 5043 3991 
1721 395 3992 89 
1722 3796 3804 3795 
1723 124 4106 123 
1724 102 6063 101 
1725 433 6423 5621 
1726 3316 4317 2815 
1727 340 4978 3951 
1728 338 4525 4095 
1729 3360 4927 4764 
1730 3833 4052 3832 
1731 4817 5794 2817 
1732 2942 5112 2944 
1733 3961 5016 3960 
1734 3754 6010 5588 
1735 374 3701 80 
1736 3403 5044 4567 
1737 3643 4502 2615 
1738 2066 4757 4273 
1739 4179 4998 4381 
1740 2301 5265 4499 
1741 1831 4546 1833 
1742 3444 5242 4627 
1743 364 6096 4921 
1744 411 4978 66 
1745 3309 5417 5123 
1746 5685 5895 4240 
1747 1738 4112 2151 
1748 2403 4111 2405 
1749 4471 4472 1104 
1750 3599 5973 5967 
1751 6355 6402 2064 
1752 2811 3418 3410 
1753 4285 5388 4286 
1754 1317 5706 5463 
1755 1081 4434 1148 
1756 2010 6148 3859 
1757 27 3780 388 
1758 4043 4292 3347 
1759 528 5402 4363 
1760 4102 6022 3005 
1761 6104 6343 310 
1762 4575 4961 4674 
1763 4798 6191 3629 
1764 4021 4992 4594 
1765 4611 5021 2199 
1766 5929 6106 2600 
1767 3699 4333 4267 
1768 1095 5386 3041 
1769 4584 5610 5319 
1770 4035 4783 2816 
1771 3432 5661 4059 
1772 5307 6406 1230 
1773 5966 6159 706 
1774 3307 4919 4100 
1775 4376 5506 4802 
1776 1567 5554 4923 
1777 4149 4150 4146 
1778 40 5148 39 
1779 4792 4833 3423 
1780 1675 4902 2399 
1781 3867 6041 4665 
1782 1382 4342 4341 
1783 4291 5514 2038 
1784 4319 5389 3127 
1785 2096 5480 4478 
1786 4000 4033 355 
1787 2151 4112 4070 
1788 150 5605 358 
1789 528 4363 530 
1790 4307 6320 2911 
1791 2744 5309 4027 
1792 117 4208 116 
1793 4016 6242 4025 
1794 3882 4030 215 
1795 1128 4768 1189 
1796 3807 5632 5038 
1797 3854 5668 3802 
1798 4084 5787 4083 
1799 3942 5572 3219 
1800 4046 6264 2511 
1801 5032 6430 2172 
1802 4083 5787 5148 
1803 233 397 232 
1804 1596 6331 3940 
1805 4015 5100 3362 
1806 4200 4263 4198 
1807 5109 6271 5189 
1808 390 6083 71 
1809 2194 4052 620 
1810 4289 4630 4334 
1811 4464 5011 1374 
1812 106 4105 344 
1813 3923 5663 3922 
1814 4411 5951 3890 
1815 3041 4253 1093 
1816 2407 5288 564 
1817 4255 6217 3747 
1818 4239 5914 5819 
1819 3703 5049 2906 
1820 4400 5776 2432 
1821 77 5507 76 
1822 3783 6357 4122 
1823 3086 4297 3085 
1824 1113 6040 4861 
1825 2878 4142 4141 
1826 5839 5947 1766 
1827 42 4077 315 
1828 47 4525 338 
1829 5899 6002 4476 
1830 3419 5869 5795 
1831 137 6457 5591 
1832 4143 4144 1716 
1833 966 4244 2841 
1834 5734 6136 3759 
1835 6120 6142 4850 
1836 1079 6009 4800 
1837 100 3886 3885 
1838 3493 5912 5457 
1839 2856 4947 2857 
1840 3962 5537 322 
1841 4276 5263 2772 
1842 2916 4638 4634 
1843 2248 4557 2519 
1844 5669 6016 4039 
1845 4045 4523 2176 
1846 209 3915 208 
1847 1920 5192 4501 
1848 4076 5094 1628 
1849 6110 6323 3702 
1850 2811 3410 2812 
1851 4401 5367 3631 
1852 4723 5050 1753 
1853 54 3975 392 
1854 3912 5505 3567 
1855 3322 4594 4366 
1856 2815 4317 4316 
1857 3410 6084 5461 
1858 2958 5007 3940 
1859 2242 4324 2807 
1860 4202 4248 2077 
1861 3589 4126 4125 
1862 3424 5823 5659 
1863 4342 4533 4341 
1864 4007 5046 4863 
1865 4074 4452 3384 
1866 2510 5664 4910 
1867 3287 4817 4021 
1868 909 5347 908 
1869 620 4052 617 
1870 534 4365 547 
1871 2310 6217 4255 
1872 4233 6001 4234 
1873 4648 5885 2002 
1874 2491 6031 5918 
1875 3886 5950 2513 
1876 324 5563 4006 
1877 870 4303 840 
1878 2857 4947 3731 
1879 3978 6304 2399 
1880 4010 4070 3301 
1881 378 5964 3988 
1882 4479 4981 4132 
1883 4264 5279 1020 
1884 3895 4140 2300 
1885 3657 5934 4104 
1886 2503 6095 4099 
1887 660 4490 4488 
1888 4056 5361 4057 
1889 5555 5791 3395 
1890 178 4055 316 
1891 5216 5550 2173 
1892 3905 4288 3094 
1893 4385 4387 4386 
1894 6242 6274 4025 
1895 2399 6304 2398 
1896 1518 4487 4235 
1897 4367 5657 3492 
1898 2038 4213 2039 
1899 3819 6394 2620 
1900 3961 5323 5016 
1901 4484 6045 4004 
1902 3413 3416 3415 
1903 5022 5636 3596 
1904 4153 4154 3356 
1905 1148 4434 1331 
1906 2311 5974 4332 
1907 4354 4361 4357 
1908 3900 5951 4411 
1909 4198 4263 2230 
1910 2171 5969 5729 
1911 3991 5287 1901 
1912 2199 4694 4611 
1913 2687 4152 4151 
1914 870 4304 4303 
1915 4438 6417 4919 
1916 5470 5761 1167 
1917 4594 4992 547 
1918 4270 5560 2169 
1919 3863 5963 417 
1920 2010 5843 4463 
1921 4591 5085 4834 
1922 4023 5203 4024 
1923 1003 4477 3064 
1924 4142 6468 4147 
1925 5659 5823 5414 
1926 199 5414 2001 
1927 5522 6276 3750 
1928 3945 5050 4723 
1929 1192 4495 1090 
1930 401 4117 147 
1931 4218 4997 2192 
1932 3042 4171 4053 
1933 4253 4254 4252 
1934 3411 3969 3413 
1935 5124 5857 1735 
1936 2733 5124 3732 
1937 2001 5823 5764 
1938 1723 4487 1518 
1939 3993 4214 4182 
1940 3915 6338 5449 
1941 390 6184 6083 
1942 5119 5831 3764 
1943 5043 5332 3991 
1944 2386 4323 4322 
1945 4015 4557 3938 
1946 1755 5622 3981 
1947 4215 4217 2379 
1948 1677 4232 1991 
1949 3551 6019 4539 
1950 5697 5767 4851 
1951 3885 3886 2513 
1952 2904 5141 4485 
1953 3917 3918 404 
1954 4235 4487 4233 
1955 5388 5524 4286 
1956 3683 6139 5670 
1957 3058 4489 3910 
1958 4239 5819 4244 
1959 4310 4311 365 
1960 4086 5287 3298 
1961 3956 6260 3594 
1962 4553 5655 4554 
1963 4049 4098 4048 
1964 2267 5393 4203 
1965 392 4073 53 
1966 1461 4342 1381 
1967 4722 6069 4254 
1968 3592 6107 4204 
1969 6388 6508 4230 
1970 1901 5287 5153 
1971 399 3907 3906 
1972 2098 4386 2420 
1973 3628 5124 3025 
1974 2920 5959 5923 
1975 2267 4203 4202 
1976 5575 5874 2481 
1977 372 5836 5699 
1978 4004 6023 4484 
1979 2304 5946 4797 
1980 4241 4984 1627 
1981 4463 6148 2010 
1982 3330 5812 5724 
1983 3540 5711 4139 
1984 5361 5404 4057 
1985 3816 3820 3818 
1986 3041 4254 4253 
1987 377 5580 4931 
1988 4113 4964 1819 
1989 366 3792 3790 
1990 6107 6177 3709 
1991 2797 6446 4738 
1992 3085 4210 4209 
1993 3085 4297 4210 
1994 6434 6496 2734 
1995 6479 6482 2765 
1996 1758 6220 3844 
1997 399 3906 85 
1998 2176 4849 4045 
1999 48 4525 47 
2000 2878 4141 756 
2001 3630 6196 144 
2002 1531 4361 4354 
2003 4050 5586 400 
2004 5399 6428 3916 
2005 3088 4138 3916 
2006 3702 6323 4500 
2007 4499 5265 4497 
2008 3868 6341 341 
2009 4070 4112 3301 
2010 1042 4471 1104 
2011 402 5309 4184 
2012 5336 5828 3720 
2013 3878 5522 4449 
2014 4234 5072 1991 
2015 2151 4070 2422 
2016 2960 4209 4069 
2017 4090 5171 3712 
2018 4224 5125 2453 
2019 1382 4341 1384 
2020 2337 4104 2769 
2021 1211 5011 1122 
2022 5499 6203 4148 
2023 412 4351 75 
2024 2809 3913 2811 
2025 3655 6500 3657 
2026 4001 6142 6120 
2027 335 5376 277 
2028 3764 5831 3682 
2029 2422 4070 2758 
2030 3545 5855 5678 
2031 238 4313 237 
2032 1843 4954 1845 
2033 3884 4318 3989 
2034 3806 5975 5557 
2035 2288 4212 1945 
2036 1763 5062 641 
2037 2872 4556 2874 
2038 1540 4318 1398 
2039 4217 4653 4652 
2040 4973 5187 3858 
2041 4909 6008 5816 
2042 4119 6195 6123 
2043 4364 5647 4366 
2044 3119 5547 4311 
2045 4040 5669 4039 
2046 316 5922 4223 
2047 4201 5154 1923 
2048 4096 4935 1989 
2049 3637 4678 4388 
2050 2791 4218 1818 
2051 3410 4019 3411 
2052 388 4449 26 
2053 87 5241 86 
2054 2844 4211 3388 
2055 1531 4354 4353 
2056 3965 6376 1985 
2057 4004 6045 1811 
2058 1064 4345 2326 
2059 3817 3822 3819 
2060 3952 5798 2291 
2061 4038 4156 4040 
2062 3118 5007 2956 
2063 2703 4247 4246 
2064 5846 5971 4724 
2065 2840 4620 3670 
2066 1531 4353 4352 
2067 4332 5042 2311 
2068 4346 6497 3732 
2069 4099 6095 2836 
2070 4127 4364 2830 
2071 3780 3843 388 
2072 4579 5758 2079 
2073 5609 5709 3904 
2074 355 5972 108 
2075 4233 4234 4232 
2076 4581 4920 1974 
2077 360 422 421 
2078 4861 6309 1113 
2079 4765 4766 3360 
2080 1988 5353 5200 
2081 114 6272 113 
2082 1318 4748 1307 
2083 4028 5876 492 
2084 999 5332 5043 
2085 1820 5262 1819 
2086 4863 5046 3027 
2087 4730 5549 2871 
2088 217 346 216 
2089 2176 4523 1806 
2090 4344 6067 4478 
2091 49 3917 404 
2092 397 4317 232 
2093 393 3694 44 
2094 717 5857 4025 
2095 3431 5918 3955 
2096 223 5942 222 
2097 3599 6013 5973 
2098 481 4350 1372 
2099 4027 5309 402 
2100 3569 6126 3568 
2101 3514 6002 5899 
2102 3110 4041 4036 
2103 3844 6233 1758 
2104 3818 5428 3817 
2105 1874 4241 1526 
2106 5889 6144 2714 
2107 2352 4993 4435 
2108 4056 5304 1521 
2109 2153 4237 1793 
2110 4047 4049 4048 
2111 4271 6145 3609 
2112 1523 4464 1374 
2113 236 4310 365 
2114 2495 4292 3083 
2115 4802 5506 2501 
2116 3219 6427 3942 
2117 3036 6194 3542 
2118 1181 4477 1075 
2119 1490 4232 1677 
2120 86 5241 399 
2121 2011 5139 889 
2122 2489 4571 2181 
2123 3609 6098 4271 
2124 128 4307 127 
2125 2718 5610 4584 
2126 4029 5501 3437 
2127 4750 5067 4608 
2128 367 3738 94 
2129 1760 5719 4445 
2130 2890 4846 4399 
2131 2773 5869 3419 
2132 2267 4202 2048 
2133 6055 6126 3569 
2134 4511 6075 5446 
2135 2752 4153 3356 
2136 5655 5772 4554 
2137 2205 4452 2606 
2138 3863 5984 3865 
2139 5266 5304 4250 
2140 239 4184 345 
2141 3764 6474 5119 
2142 1364 4235 1362 
2143 1811 6279 4004 
2144 4327 5852 3548 
2145 2855 4594 3322 
2146 4245 6062 3737 
2147 3833 4962 4052 
2148 72 4023 390 
2149 1629 4372 1902 
2150 4622 4624 2312 
2151 3020 5287 4086 
2152 1256 4318 2300 
2153 4446 4447 1762 
2154 479 4350 481 
2155 3540 4139 4138 
2156 4148 4149 4146 
2157 952 4585 951 
2158 4774 5448 2799 
2159 3889 5640 4190 
2160 181 348 180 
2161 4509 5236 1943 
2162 1093 4253 1091 
2163 5436 5455 1995 
2164 4595 4600 3374 
2165 4281 4284 4282 
2166 3611 5659 3924 
2167 2606 4452 4074 
2168 2372 4652 3525 
2169 4182 5241 337 
2170 1899 4386 2098 
2171 842 4301 4300 
2172 3716 6456 4320 
2173 121 5582 120 
2174 5870 6234 3778 
2175 147 4117 146 
2176 4037 6016 2992 
2177 2912 4898 4702 
2178 4843 5029 4846 
2179 1419 5717 1720 
2180 3775 3924 331 
2181 978 5322 952 
2182 2963 5187 4060 
2183 3325 5110 4448 
2184 2893 4620 2840 
2185 4603 6336 5928 
2186 3409 5215 2579 
2187 5796 5904 2216 
2188 1230 4177 1346 
2189 4045 4849 4046 
2190 63 4042 391 
2191 4230 6508 3028 
2192 4448 5110 2683 
2193 15 386 14 
2194 2207 4276 2772 
2195 542 5402 526 
2196 1034 5549 4730 
2197 3632 5814 5134 
2198 4909 5498 3524 
2199 4118 4560 2853 
2200 1475 4279 1525 
2201 4898 5177 4899 
2202 2292 2619 2293 
2203 3972 4941 2896 
2204 2901 4911 4176 
2205 905 4742 883 
2206 1786 5667 4260 
2207 2004 5227 5226 
2208 3565 6017 3897 
2209 5083 5601 954 
2210 1050 4715 4577 
2211 1120 5352 1184 
2212 3605 5601 5083 
2213 842 4302 4301 
2214 3439 5537 3962 
2215 2385 4322 2762 
2216 4702 4898 801 
2217 3965 4262 2737 
2218 187 4067 3815 
2219 4172 4232 1490 
2220 3557 6368 6063 
2221 5816 6008 3535 
2222 1346 1492 1415 
2223 2809 2811 2810 
2224 2949 4257 4256 
2225 5038 5569 3807 
2226 1474 4279 1475 
2227 3934 5653 332 
2228 1982 5367 4401 
2229 3750 6276 4111 
2230 2620 6394 3315 
2231 3480 6221 3840 
2232 3888 5472 3284 
2233 4834 5085 3925 
2234 5670 6139 2357 
2235 3041 5386 4722 
2236 3356 5631 3357 
2237 1521 5304 5266 
2238 3411 4019 3969 
2239 1361 4172 1490 
2240 1832 5637 1830 
2241 2765 6482 4822 
2242 3859 6409 2010 
2243 4014 5027 4599 
2244 4041 4559 376 
2245 5652 5781 1260 
2246 4558 6219 3602 
2247 5079 6195 4119 
2248 3752 4418 3891 
2249 4923 5554 3375 
2250 4209 4210 4069 
2251 3821 5803 5710 
2252 4229 5419 1273 
2253 5247 5550 5216 
2254 3896 4974 184 
2255 2073 2292 2215 
2256 4062 4587 3434 
2257 4460 4461 4459 
2258 5622 5688 3981 
2259 3432 4059 3926 
2260 1025 4328 1094 
2261 4243 4885 2832 
2262 4238 6481 58 
2263 1492 3873 1415 
2264 394 6403 6118 
2265 4624 5211 2991 
2266 3 3885 99 
2267 171 6317 170 
2268 3808 5569 4249 
2269 4530 5995 3640 
2270 4485 5141 4486 
2271 4997 5366 2192 
2272 1286 4486 1889 
2273 2949 4256 2238 
2274 4386 4387 2420 
2275 5751 6041 3867 
2276 345 5617 4313 
2277 5505 5819 3567 
2278 2492 6031 2491 
2279 165 5827 3448 
2280 4311 5546 3119 
2281 1778 5609 3904 
2282 4174 6013 3599 
2283 5750 5949 5359 
2284 4012 5125 4224 
2285 925 4835 4412 
2286 4149 5410 2552 
2287 4740 6066 1872 
2288 2869 6300 3629 
2289 4175 6468 4142 
2290 186 3815 320 
2291 2340 4396 3304 
2292 3410 3411 2812 
2293 3416 3417 3415 
2294 215 6143 214 
2295 4395 6263 4397 
2296 1354 4186 1185 
2297 4110 4750 1753 
2298 75 4351 74 
2299 4232 4234 1991 
2300 1199 6412 3836 
2301 2312 4625 4622 
2302 4912 6328 413 
2303 3739 6074 5853 
2304 979 4304 899 
2305 357 6200 5850 
2306 153 4272 152 
2307 403 4528 3499 
2308 4117 4156 4038 
2309 2929 4571 2489 
2310 4493 4748 2846 
2311 90 4120 395 
2312 4141 4143 825 
2313 23 413 22 
2314 1646 4276 2207 
2315 409 6481 3866 
2316 1754 4340 3624 
2317 4281 4282 1110 
2318 5412 5900 5357 
2319 4222 4543 2930 
2320 3390 5971 5846 
2321 95 4734 367 
2322 4214 5671 4182 
2323 2534 4209 2960 
2324 2357 4512 901 
2325 795 4383 1951 
2326 3357 4097 3370 
2327 2831 4062 2653 
2328 2519 4557 3362 
2329 615 4962 618 
2330 2869 6467 6300 
2331 1777 2073 2072 
2332 4391 5610 4390 
2333 1818 4218 1636 
2334 4634 4936 2916 
2335 2406 2653 2264 
2336 854 4695 878 
2337 1864 4782 4219 
2338 3930 5684 2243 
2339 6309 6411 1113 
2340 1804 4523 4211 
2341 4312 5546 4311 
2342 2315 4464 1523 
2343 2703 4246 2704 
2344 4155 4418 3752 
2345 5820 6355 5500 
2346 4269 4270 2169 
2347 2874 4556 2952 
2348 2490 4954 1843 
2349 1017 4124 4123 
2350 1430 4524 4369 
2351 5463 5706 4514 
2352 96 4734 95 
2353 3497 5718 4683 
2354 4252 5082 1399 
2355 1872 6181 4740 
2356 2235 6507 4474 
2357 4457 6159 5966 
2358 681 4836 654 
2359 4731 5723 1089 
2360 901 4512 961 
2361 4203 6459 5022 
2362 2527 4879 2897 
2363 1448 4421 1650 
2364 1252 4377 1251 
2365 4025 6274 717 
2366 4638 5842 4635 
2367 968 5347 2419 
2368 1945 4212 1881 
2369 5831 6021 3682 
2370 1753 5050 4110 
2371 4040 6527 5669 
2372 5079 6075 1087 
2373 4222 4430 2007 
2374 3897 6113 3565 
2375 2905 5749 3703 
2376 4161 4162 3496 
2377 1989 5039 4096 
2378 3828 6458 4730 
2379 5764 5823 3487 
2380 6048 6065 3877 
2381 1208 4418 4155 
2382 4107 6085 4108 
2383 359 6479 5616 
2384 4261 5455 5436 
2385 2209 4592 4196 
2386 2379 4652 2373 
2387 3578 6301 4398 
2388 195 3655 194 
2389 3817 3819 2619 
2390 3110 4559 4041 
2391 4295 4296 3023 
2392 4119 5781 4118 
2393 4369 4370 3779 
2394 4648 6011 572 
2395 3869 6272 114 
2396 4063 5620 2948 
2397 4512 6434 2734 
2398 1984 4532 676 
2399 3441 5541 5298 
2400 1273 5419 1270 
2401 5139 5328 504 
2402 1054 4281 1110 
2403 2511 6454 4046 
2404 1526 4241 1478 
2405 353 6068 115 
2406 3791 5565 386 
2407 2679 3595 3594 
2408 1224 4121 1225 
2409 2311 5042 996 
2410 4262 5149 4279 
2411 914 4244 916 
2412 1521 5361 4056 
2413 5799 5984 298 
2414 572 5885 4648 
2415 4078 4205 4080 
2416 899 4304 870 
2417 1288 4486 1286 
2418 3597 5947 5839 
2419 4740 5903 831 
2420 4435 4993 2839 
2421 4247 5702 4246 
2422 3024 5245 4935 
2423 1842 4269 2169 
2424 4453 6229 5840 
2425 4388 5768 3637 
2426 842 4300 814 
2427 907 5909 3964 
2428 3365 5926 5563 
2429 2334 5187 2963 
2430 4152 6387 4151 
2431 5446 6075 3641 
2432 4260 4398 941 
2433 1183 5426 4417 
2434 4389 5769 5768 
2435 676 4532 678 
2436 4150 4170 4145 
2437 2193 2337 1953 
2438 4094 6082 287 
2439 2074 2403 2075 
2440 4458 4460 4459 
2441 383 6003 4011 
2442 4144 4145 1716 
2443 241 4293 402 
2444 2784 5698 4382 
2445 1381 4342 1382 
2446 3640 6026 4530 
2447 1691 4291 1692 
2448 320 3896 185 
2449 1612 1777 1775 
2450 4289 4334 2601 
2451 948 5312 1884 
2452 3507 4430 2927 
2453 2811 2812 2810 
2454 105 4703 104 
2455 2878 4532 4175 
2456 4217 4652 2379 
2457 1221 4651 1220 
2458 1189 4768 1247 
2459 1353 5352 4510 
2460 1738 4601 4112 
2461 5472 5767 3284 
2462 2802 4446 823 
2463 1858 4799 4505 
2464 4726 4814 4728 
2465 3641 6075 5079 
2466 5923 5959 3784 
2467 312 4049 4047 
2468 4682 4955 3446 
2469 5359 5949 4548 
2470 844 4289 2601 
2471 1793 4237 1672 
2472 1434 4340 1754 
2473 3248 5708 4928 
2474 4012 4224 4013 
2475 1247 4767 4766 
2476 4298 4299 3293 
2477 1809 4778 1782 
2478 2922 4515 3650 
2479 1619 5498 4909 
2480 3083 4292 4043 
2481 3622 6147 3621 
2482 3110 4677 4559 
2483 4552 5332 4553 
2484 5616 6479 2765 
2485 1278 4410 1277 
2486 3807 5569 3808 
2487 4826 6155 4825 
2488 4816 4817 2817 
2489 1734 5497 4556 
2490 3836 6431 1199 
2491 287 6080 4094 
2492 3696 4077 3694 
2493 103 378 102 
2494 4280 5131 1787 
2495 16 3790 15 
2496 4666 5215 3409 
2497 2094 4595 2622 
2498 982 4328 1025 
2499 1760 4445 4444 
2500 4240 5895 173 
2501 4331 4378 3114 
2502 2830 4365 532 
2503 4618 5806 4623 
2504 1650 4421 2140 
2505 172 6086 3452 
2506 3381 5993 4933 
2507 5699 5836 3553 
2508 2039 4213 2159 
2509 2813 4314 2851 
2510 3758 6317 171 
2511 4668 5939 3491 
2512 4469 4597 4470 
2513 5210 5236 3055 
2514 543 4816 550 
2515 4404 5069 1104 
2516 143 4041 376 
2517 5296 5849 3463 
2518 894 4398 2189 
2519 2159 2406 2264 
2520 1274 5641 1273 
2521 400 5586 3963 
2522 1892 4752 1890 
2523 2994 4407 4406 
2524 2582 4295 3023 
2525 4277 4990 4518 
2526 373 4791 291 
2527 4329 4331 3114 
2528 2395 4557 2248 
2529 5367 5696 3631 
2530 761 6453 4179 
2531 2994 4501 4407 
2532 3731 5112 2942 
2533 2769 3487 3424 
2534 4032 5583 1016 
2535 823 4446 868 
2536 1292 4482 1291 
2537 1044 4471 1042 
2538 3019 5463 4514 
2539 4904 5615 4527 
2540 999 5655 4553 
2541 4204 6059 3592 
2542 1923 6275 4201 
2543 313 6201 4197 
2544 930 4294 982 
2545 4348 4350 479 
2546 2496 4292 2495 
2547 1908 4937 1911 
2548 2108 6259 4160 
2549 280 4315 407 
2550 127 4307 323 
2551 4034 6047 2666 
2552 1222 1224 1223 
2553 4294 4328 982 
2554 4251 5454 3052 
2555 4564 4565 4562 
2556 2003 5225 2281 
2557 4599 5027 4517 
2558 952 5322 4585 
2559 2737 4262 2029 
2560 2245 5815 4054 
2561 314 4038 4037 
2562 3624 6336 4603 
2563 3655 3656 325 
2564 110 6380 109 
2565 654 4836 2285 
2566 2700 4600 2102 
2567 1785 4866 1002 
2568 3446 5099 5004 
2569 3749 3750 2719 
2570 4324 6522 2807 
2571 1724 2074 1723 
2572 2752 3356 3120 
2573 177 4223 176 
2574 1220 4651 2277 
2575 381 5496 4884 
2576 1886 4816 543 
2577 2194 6517 3898 
2578 4314 4988 2066 
2579 1755 4336 4335 
2580 4080 4205 4085 
2581 3492 5657 5269 
2582 4256 4258 1484 
2583 5666 6320 129 
2584 3759 3760 3758 
2585 3812 3813 3387 
2586 2598 4104 2337 
2587 1990 2154 2006 
2588 4023 6341 5203 
2589 4145 4403 1716 
2590 2004 5226 5225 
2591 3706 4238 4192 
2592 2801 4133 3678 
2593 949 5209 979 
2594 1628 5094 1467 
2595 4396 4494 3304 
2596 2944 5112 3834 
2597 2377 4893 2375 
2598 3838 6386 5872 
2599 3636 6042 4272 
2600 1225 1228 1227 
2601 984 4260 941 
2602 3508 4392 2707 
2603 959 6035 5945 
2604 3697 5418 4333 
2605 4026 4990 4277 
2606 4692 4693 2086 
2607 4349 5555 4350 
2608 2794 4406 3954 
2609 4153 5702 4154 
2610 780 4383 795 
2611 1791 5656 4516 
2612 4728 4814 1768 
2613 1204 4252 1399 
2614 4508 4799 811 
2615 4397 6263 5981 
2616 2066 4988 1608 
2617 1519 1723 1518 
2618 1361 1490 1436 
2619 314 4117 4038 
2620 1720 5717 4066 
2621 3760 6136 4195 
2622 4375 4376 1263 
2623 1183 4417 1194 
2624 3542 6194 4573 
2625 1104 5069 1040 
2626 4239 4244 914 
2627 1755 4335 727 
2628 2844 4615 4211 
2629 4284 4953 4282 
2630 1415 1612 1611 
2631 2123 5305 4879 
2632 4211 4523 3388 
2633 2074 2075 1723 
2634 2622 4595 3374 
2635 2416 5136 3619 
2636 1210 4343 1181 
2637 3800 5745 5168 
2638 2846 4748 1318 
2639 3955 6024 3431 
2640 1228 5307 1227 
2641 1715 2164 1224 
2642 4482 4485 1291 
2643 4958 6073 3506 
2644 2636 2801 2800 
2645 3448 5827 5826 
2646 3769 6311 5365 
2647 541 4444 2816 
2648 5004 5099 2979 
2649 4282 4953 4285 
2650 4412 4413 1177 
2651 349 4266 4265 
2652 2704 4246 2749 
2653 3702 4500 2554 
2654 3904 6173 1778 
2655 4221 5881 648 
2656 4287 6444 4597 
2657 2199 4695 4694 
2658 3523 5584 5239 
2659 2033 4385 4384 
2660 2165 3935 2164 
2661 2291 5821 3952 
2662 3789 4515 2922 
2663 2513 4781 98 
2664 5033 5282 4920 
2665 2007 5447 4222 
2666 2406 2831 2653 
2667 1490 1677 1491 
2668 3486 5619 4020 
2669 4737 4869 2011 
2670 5840 6229 1957 
2671 878 4695 2199 
2672 3552 4592 2642 
2673 4472 4473 4405 
2674 2798 4941 4372 
2675 3932 5790 3408 
2676 4410 6258 4194 
2677 4591 4834 3170 
2678 208 332 207 
2679 4299 4867 3293 
2680 1531 4352 1370 
2681 3326 6141 4105 
2682 1677 1990 1678 
2683 3474 3848 3473 
2684 1520 4432 2839 
2685 2476 4298 3293 
2686 5580 6521 4931 
2687 2878 4175 4142 
2688 1321 4428 1176 
2689 1307 4748 1305 
2690 67 4006 411 
2691 5227 5941 3515 
2692 960 4346 723 
2693 174 4240 173 
2694 4848 6038 1963 
2695 4861 6040 3035 
2696 3213 4905 3501 
2697 1754 1953 1691 
2698 3866 6164 409 
2699 4483 4485 4482 
2700 4313 5617 4312 
2701 4110 5067 4750 
2702 3472 3473 3471 
2703 4389 6464 5769 
2704 1420 4428 1321 
2705 3996 4600 2700 
2706 1101 4245 1133 
2707 515 4444 541 
2708 4173 5540 420 
2709 422 1674 424 
2710 2832 4886 4243 
2711 1979 4778 1809 
2712 1879 4181 2153 
2713 2620 3315 2815 
2714 2033 4384 1895 
2715 3642 6252 4640 
2716 4424 6273 5063 
2717 1877 5066 4870 
2718 2004 5225 2003 
2719 1719 4665 3693 
2720 3508 4393 4392 
2721 4458 4459 2315 
2722 2553 4562 4561 
2723 3790 6486 15 
2724 840 4303 842 
2725 3274 4199 4198 
2726 1224 1225 1223 
2727 3285 5525 3889 
2728 186 320 185 
2729 4296 6065 370 
2730 2104 4665 1719 
2731 2577 4427 4295 
2732 2720 3749 2719 
2733 433 1119 435 
2734 1130 1222 1221 
2735 3609 6145 3990 
2736 2154 2575 2155 
2737 4037 6196 3630 
2738 4208 6128 4207 
2739 83 4779 82 
2740 907 5615 4904 
2741 4388 4678 2420 
2742 2525 4329 3114 
2743 4526 4713 2467 
2744 4142 4143 4141 
2745 1631 4372 1629 
2746 4286 6444 4287 
2747 1017 4742 905 
2748 2749 4153 2752 
2749 3962 6219 3439 
2750 1081 4983 4434 
2751 2553 4561 2028 
2752 2653 3434 2654 
2753 475 4348 479 
2754 1511 5061 4601 
2755 700 4689 673 
2756 3877 4427 2919 
2757 391 5137 62 
2758 4311 5547 365 
2759 4361 4362 4357 
2760 2679 3594 2678 
2761 1475 1478 1477 
2762 4408 4409 1281 
2763 4555 4556 2872 
2764 5063 6273 3607 
2765 2079 6506 4579 
2766 1900 4752 1892 
2767 2842 4847 4499 
2768 3823 6362 3980 
2769 4354 4355 4353 
2770 2238 4256 1549 
2771 2635 2636 2470 
2772 2329 4443 2275 
2773 4111 6276 2924 
2774 486 5837 4607 
2775 236 365 235 
2776 4399 4853 2890 
2777 3516 5394 4428 
2778 5226 6103 3511 
2779 3722 6513 4411 
2780 1007 2734 1083 
2781 1384 4341 1387 
2782 222 4275 221 
2783 5184 5185 1651 
2784 4359 4860 4649 
2785 1361 1436 1356 
2786 2404 2719 2403 
2787 3047 5432 4958 
2788 2498 4406 2794 
2789 4879 5305 3974 
2790 6155 6205 4825 
2791 1712 2077 1690 
2792 2323 2753 2637 
2793 2054 4520 4367 
2794 758 5891 5696 
2795 4381 4998 4382 
2796 3713 6067 6058 
2797 4051 6310 318 
2798 4421 5346 4420 
2799 143 6364 4041 
2800 4474 6507 4468 
2801 4612 5451 936 
2802 401 4156 4117 
2803 2615 4502 2994 
2804 3908 5241 4182 
2805 2754 3471 2753 
2806 4935 5245 1989 
2807 1802 4615 1314 
2808 471 4379 2278 
2809 82 3783 81 
2810 2749 4246 4153 
2811 2379 4893 4215 
2812 464 4812 462 
2813 3356 3357 3120 
2814 4352 4353 3464 
2815 1169 4673 1243 
2816 2337 2769 2768 
2817 2447 4320 2895 
2818 4277 4518 1925 
2819 1456 4750 4608 
2820 1323 4183 1366 
2821 5794 6116 2817 
2822 825 851 850 
2823 4274 4514 2590 
2824 5223 5285 4746 
2825 4204 5855 3545 
2826 2583 4712 3555 
2827 3408 3905 3094 
2828 4250 5186 1930 
2829 684 4424 666 
2830 2924 2925 2531 
2831 874 6473 4116 
2832 814 4300 778 
2833 1759 4425 683 
2834 1754 2193 1953 
2835 24 4912 23 
2836 5654 5904 5796 
2837 1061 4451 2311 
2838 4183 5921 1366 
2839 1819 4964 1671 
2840 4499 4847 4771 
2841 1911 5301 1913 
2842 2907 4586 4570 
2843 920 930 929 
2844 4499 4771 2301 
2845 2403 2405 2075 
2846 3793 3794 3791 
2847 2164 4121 1224 
2848 4432 4433 2839 
2849 1503 1690 1461 
2850 2806 4534 3409 
2851 1712 4202 2077 
2852 1478 4241 1627 
2853 1247 4766 4765 
2854 4870 5066 4598 
2855 3876 6343 6104 
2856 4061 5778 4660 
2857 1490 1491 1436 
2858 5143 5186 4874 
2859 3608 4886 2833 
2860 3995 4214 3993 
2861 6362 6460 3980 
2862 5872 6386 2322 
2863 851 882 881 
2864 753 4440 693 
2865 912 4239 914 
2866 1362 4172 1361 
2867 1010 4418 1111 
2868 5507 6277 76 
2869 4712 4713 3555 
2870 882 920 919 
2871 1881 4212 4181 
2872 1606 4757 2066 
2873 4832 6463 364 
2874 1962 5953 3948 
2875 4575 4674 4673 
2876 156 420 155 
2877 74 4351 341 
2878 2131 4195 2288 
2879 2642 4592 2213 
2880 1346 4177 1492 
2881 756 4141 782 
2882 4651 4943 4247 
2883 4287 4715 4283 
2884 1510 4601 1738 
2885 2739 3966 3965 
2886 1357 1361 1356 
2887 2554 4500 2202 
2888 3518 4450 2955 
2889 4424 5063 1763 
2890 2048 4202 1712 
2891 2159 2264 2160 
2892 1474 1475 1360 
2893 1329 4682 3446 
2894 4269 5383 4270 
2895 1245 1323 1322 
2896 499 4415 503 
2897 3688 4541 2933 
2898 213 5000 212 
2899 243 4431 334 
2900 3274 4198 3982 
2901 1342 1550 1417 
2902 3581 4134 4133 
2903 1666 4479 2084 
2904 4451 6026 3639 
2905 4947 4948 380 
2906 3491 5908 4668 
2907 1990 2006 1678 
2908 1866 4519 1730 
2909 4087 6306 179 
2910 1553 4251 1555 
2911 5445 5682 3710 
2912 1762 5914 4239 
2913 1672 4237 1874 
2914 3485 5540 4173 
2915 492 6371 4028 
2916 883 4742 2304 
2917 888 4412 1177 
2918 4146 4150 4145 
2919 76 6277 412 
2920 3726 4456 2959 
2921 4293 5333 4027 
2922 1113 6411 5574 
2923 1882 1945 1881 
2924 930 982 981 
2925 4548 6499 3687 
2926 2832 4885 2062 
2927 4343 4477 1181 
2928 1192 4939 4495 
2929 1222 1223 1221 
2930 3651 4725 2934 
2931 4621 4625 658 
2932 2813 4988 4314 
2933 4277 4916 3364 
2934 3375 6432 4923 
2935 4329 5216 4331 
2936 4480 4481 1295 
2937 1482 1518 1364 
2938 1324 1325 1323 
2939 1768 4815 4728 
2940 1355 1356 1354 
2941 3580 3581 2801 
2942 1264 4375 1263 
2943 3092 3540 3090 
2944 4701 5060 2249 
2945 2033 5878 4128 
2946 2193 2598 2337 
2947 2802 4447 4446 
2948 2707 4392 2363 
2949 776 4422 1509 
2950 4018 6115 4017 
2951 982 1025 1024 
2952 782 825 824 
2953 1946 2131 1945 
2954 3642 4640 2593 
2955 1716 4403 882 
2956 2154 2155 2006 
2957 1880 1881 1879 
2958 2353 2679 2678 
2959 1359 1360 1325 
2960 2181 4571 1621 
2961 3125 6254 6157 
2962 1025 1091 1024 
2963 3826 6019 3551 
2964 1397 4432 1520 
2965 1525 1526 1478 
2966 2305 4633 4632 
2967 1709 4442 2324 
2968 3726 4457 4456 
2969 1025 1093 1091 
2970 982 1024 981 
2971 4310 4312 4311 
2972 1943 5236 5210 
2973 4021 4594 2855 
2974 4282 4283 1110 
2975 2206 4452 2205 
2976 2945 4827 2946 
2977 4394 4395 2829 
2978 4406 4407 3954 
2979 930 981 929 
2980 2469 2470 2266 
2981 402 4184 240 
2982 961 4512 1007 
2983 1245 4339 1324 
2984 1743 4692 2086 
2985 1244 1245 1150 
2986 1677 1678 1491 
2987 2335 4688 4687 
2988 979 5209 4798 
2989 1387 4340 1434 
2990 32 6048 31 
2991 966 1001 1000 
2992 202 5348 3775 
2993 1781 4573 4572 
2994 1070 4294 930 
2995 2405 2924 2531 
2996 4561 5465 4751 
2997 4093 5910 361 
2998 1200 4327 1378 
2999 2339 4933 4932 
3000 920 929 919 
3001 1787 5131 1216 
3002 1001 1063 1062 
3003 3967 3968 3966 
3004 1962 5802 4803 
3005 1858 4503 704 
3006 4550 6144 5889 
3007 4283 4715 1110 
3008 4151 6387 4170 
3009 1063 1101 1099 
3010 4721 6510 5749 
3011 4958 5432 4690 
3012 1858 4504 4503 
3013 2598 5735 4104 
3014 798 4702 801 
3015 2738 2739 2737 
3016 2054 4367 2223 
3017 2636 3580 2801 
3018 3083 3826 3551 
3019 876 4549 578 
3020 2335 4687 4686 
3021 321 4238 59 
3022 2575 4427 2577 
3023 1734 4555 1733 
3024 4200 4264 4263 
3025 6467 6503 4302 
3026 2022 4751 2020 
3027 3090 4138 3088 
3028 2534 2960 2791 
3029 4728 5238 4727 
3030 4564 5595 2532 
3031 2490 5388 4285 
3032 3729 6215 6135 
3033 2495 3083 2642 
3034 4338 5207 3861 
3035 1434 1754 1691 
3036 3679 5393 4994 
3037 2577 4295 2582 
3038 508 5045 4756 
3039 1561 4982 2045 
3040 5094 5340 1857 
3041 2140 4421 4419 
3042 1282 4408 1281 
3043 3205 3366 3244 
3044 3205 4834 3366 
3045 4144 4146 4145 
3046 2807 2809 2808 
3047 4527 4713 4526 
3048 4707 4708 4705 
3049 1635 1818 1636 
3050 4372 4941 1902 
3051 4782 5142 2941 
3052 2077 4248 2353 
3053 2316 4458 2315 
3054 4488 4489 1188 
3055 439 874 441 
3056 2739 4373 3967 
3057 2960 3432 2961 
3058 698 2878 756 
3059 2660 4352 3464 
3060 4392 4394 2829 
3061 3088 3916 3086 
3062 1399 1503 1461 
3063 2257 2323 2321 
3064 2266 2267 2048 
3065 1731 4423 1616 
3066 1943 5336 4509 
3067 1350 4524 1334 
3068 1149 1150 1095 
3069 461 4476 510 
3070 4003 6327 6292 
3071 1931 4520 1933 
3072 1551 1684 1553 
3073 1794 1879 1793 
3074 4160 6349 2108 
3075 1540 5052 4319 
3076 920 4403 1070 
3077 4711 6358 2603 
3078 4510 4511 4442 
3079 1083 4963 1130 
3080 1131 4252 1204 
3081 3908 5671 3942 
3082 4565 5465 4562 
3083 941 4398 894 
3084 3083 3551 2642 
3085 1779 4279 1474 
3086 1620 1672 1526 
3087 1550 1551 1417 
3088 2132 2209 2131 
3089 1453 4513 1444 
3090 1247 4768 4767 
3091 4387 4388 2420 
3092 1673 1793 1672 
3093 1715 4963 3941 
3094 1177 4630 4289 
3095 4616 4659 4619 
3096 677 2564 1984 
3097 1094 1095 1093 
3098 1101 1133 1099 
3099 1737 4284 4281 
3100 1255 4939 1192 
3101 3094 4288 3092 
3102 2564 6022 4102 
3103 2028 4561 2026 
3104 5748 5778 4061 
3105 3159 4591 3170 
3106 745 4689 700 
3107 1353 4510 1460 
3108 4570 4828 2907 
3109 678 4532 698 
3110 1745 4692 1743 
3111 4571 5543 1786 
3112 155 4655 154 
3113 1222 1715 1224 
3114 2719 4111 2403 
3115 1399 1461 1381 
3116 2827 3467 2828 
3117 4949 5963 3692 
3118 3643 6112 4502 
3119 239 345 238 
3120 4381 4382 779 
3121 2949 4529 4257 
3122 1387 1434 1388 
3123 5154 6330 360 
3124 3040 5360 3038 
3125 3434 3934 3435 
3126 916 966 965 
3127 4505 4799 4508 
3128 3453 4650 2458 
3129 4461 4462 4459 
3130 364 6463 6096 
3131 3730 6215 3729 
3132 2550 4204 2686 
3133 2305 4632 1369 
3134 1503 1712 1690 
3135 477 5585 478 
3136 832 5574 4362 
3137 4282 4285 4283 
3138 1103 4911 1196 
3139 1243 4673 3309 
3140 3954 5127 3953 
3141 2339 4932 1491 
3142 2189 4754 736 
3143 1881 4181 1879 
3144 3561 4538 2951 
3145 707 4799 1858 
3146 2582 3023 3022 
3147 1056 4281 1054 
3148 1478 1627 1477 
3149 2108 4866 1785 
3150 876 4550 4549 
3151 1331 4434 4432 
3152 3957 6320 5666 
3153 4444 4445 2816 
3154 1461 5355 4342 
3155 2575 2577 2155 
3156 1925 4916 4277 
3157 3360 4766 3240 
3158 2131 2288 1945 
3159 1557 1635 1559 
3160 4781 5950 5859 
3161 910 1762 912 
3162 1715 2165 2164 
3163 882 919 881 
3164 3240 4766 3261 
3165 3995 6043 4214 
3166 1684 4251 1553 
3167 5696 5891 3631 
3168 3348 4242 3347 
3169 2266 4994 2267 
3170 4461 4465 4462 
3171 1913 2190 1916 
3172 3053 3085 2535 
3173 374 3787 3701 
3174 1511 4601 1510 
3175 4433 4435 2839 
3176 851 881 850 
3177 1475 1477 1360 
3178 2948 2949 2238 
3179 4096 5789 3856 
3180 3581 4133 2801 
3181 2224 2534 1818 
3182 782 4141 825 
3183 1305 4492 1302 
3184 2790 4678 3637 
3185 4384 4386 1899 
3186 820 4724 804 
3187 2851 4314 3845 
3188 1816 4540 1168 
3189 1492 6239 3873 
3190 2161 4733 1497 
3191 1137 1138 1101 
3192 2739 3965 2737 
3193 237 4310 236 
3194 4262 4279 1779 
3195 2495 2642 2213 
3196 4964 5212 2055 
3197 5024 5258 1922 
3198 2154 2576 2575 
3199 1879 2153 1793 
3200 591 4629 588 
3201 1063 1099 1062 
3202 2209 4196 4195 
3203 1001 1062 1000 
3204 3335 4658 3339 
3205 1672 1874 1526 
3206 395 3994 3992 
3207 4001 6120 1231 
3208 4136 4137 3467 
3209 2029 4262 1779 
3210 2140 4419 2142 
3211 2476 3293 2604 
3212 1138 4245 1101 
3213 2515 4893 2377 
3214 3073 4119 4118 
3215 4249 5569 4836 
3216 3468 4130 3823 
3217 2207 2476 2255 
3218 1325 4913 4183 
3219 662 677 676 
3220 5749 6510 3703 
3221 31 6104 30 
3222 4254 6069 2446 
3223 3717 6224 4236 
3224 3829 6340 3828 
3225 2927 2928 2489 
3226 2493 2737 2029 
3227 2488 2927 2489 
3228 1346 1415 1414 
3229 3540 4138 3090 
3230 4460 4463 4461 
3231 712 4441 761 
3232 1031 2525 2231 
3233 2666 6352 4034 
3234 2947 2948 2238 
3235 4787 4788 375 
3236 4176 4911 1103 
3237 3574 4654 737 
3238 1204 1399 1381 
3239 2256 4913 1477 
3240 3084 4552 2779 
3241 4337 4338 4336 
3242 2540 3348 3347 
3243 2754 3472 3471 
3244 1222 4963 1715 
3245 1933 4520 2054 
3246 4066 5731 1720 
3247 1095 3041 1093 
3248 2323 2754 2753 
3249 4353 4360 3464 
3250 2525 3114 2526 
3251 4077 4078 315 
3252 1230 1346 1339 
3253 3475 4786 2631 
3254 1296 4480 1295 
3255 2791 4997 4218 
3256 2827 4417 4136 
3257 966 1000 965 
3258 2077 2353 2163 
3259 4938 5614 1838 
3260 849 4551 809 
3261 3688 4794 4541 
3262 2538 4292 2496 
3263 4467 4474 4468 
3264 2644 2917 2554 
3265 2274 2554 2202 
3266 1325 4183 1323 
3267 4704 4707 4705 
3268 1819 5262 4113 
3269 825 850 824 
3270 2039 2159 2158 
3271 4570 6051 4569 
3272 2588 4604 3383 
3273 237 4313 4310 
3274 2603 6342 4711 
3275 1644 4276 1646 
3276 4185 4187 4186 
3277 343 5421 4929 
3278 2853 4560 2184 
3279 3092 4288 3540 
3280 2833 4886 2832 
3281 3377 3958 2917 
3282 1334 4524 1430 
3283 668 4488 1188 
3284 1737 4281 1056 
3285 2193 4603 2598 
3286 2772 4298 2476 
3287 2323 2637 2321 
3288 35 3809 34 
3289 1997 2202 1869 
3290 2540 3347 2538 
3291 181 4429 348 
3292 1091 4253 1131 
3293 4356 4358 4355 
3294 1578 4599 4517 
3295 3647 6244 4122 
3296 3073 4118 2853 
3297 1638 2192 1640 
3298 4680 4934 4681 
3299 2679 4248 3596 
3300 3402 5147 4521 
3301 3115 4835 2231 
3302 4607 6422 486 
3303 1696 2827 1907 
3304 2928 4222 2930 
3305 3577 4460 4458 
3306 4561 4751 2026 
3307 1475 1525 1478 
3308 3472 3474 3473 
3309 5849 5924 3460 
3310 770 4836 681 
3311 1924 4995 4539 
3312 4211 4615 1802 
3313 3062 4509 3720 
3314 3246 4971 4889 
3315 994 1031 993 
3316 4023 4024 390 
3317 1477 4913 1360 
3318 1762 4239 912 
3319 4749 6137 4545 
3320 868 4446 910 
3321 3591 4576 2594 
3322 2488 2489 2181 
3323 851 1716 882 
3324 1733 4555 2111 
3325 1323 1366 1322 
3326 1597 4599 1576 
3327 3677 5200 3082 
3328 1142 1326 1140 
3329 1621 1786 1493 
3330 1707 4510 4442 
3331 759 4381 779 
3332 2636 2800 2470 
3333 1171 4936 1242 
3334 1545 5321 2411 
3335 1666 4981 4479 
3336 1491 4932 1436 
3337 1356 4185 1354 
3338 1139 1140 1138 
3339 1245 1322 1150 
3340 462 4812 2070 
3341 1895 4384 1893 
3342 1635 1636 1559 
3343 4303 6467 4302 
3344 642 2817 644 
3345 3114 4378 3827 
3346 4189 6204 373 
3347 1584 5005 1581 
3348 1642 1850 1644 
3349 314 4037 3630 
3350 485 4676 3054 
3351 2534 2791 1818 
3352 2932 3825 3688 
3353 3339 4761 4760 
3354 1460 4510 1707 
3355 4354 4356 4355 
3356 2375 4893 2379 
3357 4489 5516 1188 
3358 3442 4920 4581 
3359 2794 3953 2795 
3360 5346 5397 4420 
3361 3467 3468 2828 
3362 2447 2895 2798 
3363 578 4549 576 
3364 4955 5099 3446 
3365 3318 4309 4308 
3366 3516 5488 5394 
3367 2826 3318 3317 
3368 2960 2961 2791 
3369 2498 2794 2631 
3370 1194 4417 1696 
3371 2535 4209 2534 
3372 1734 4556 4555 
3373 2087 4402 2435 
3374 751 4670 2910 
3375 445 714 447 
3376 2511 3110 2509 
3377 1245 1324 1323 
3378 2708 4714 3465 
3379 2420 4678 2170 
3380 3219 4950 4589 
3381 566 4729 1814 
3382 2824 2826 2825 
3383 2895 3970 2896 
3384 1781 4572 853 
3385 2360 4678 2790 
3386 1263 4377 1252 
3387 2823 4329 2525 
3388 2323 4984 2754 
3389 1352 1354 1185 
3390 2860 4733 2161 
3391 4815 6455 3669 
3392 2955 4450 2953 
3393 194 3655 325 
3394 4285 4286 4283 
3395 3085 4209 2535 
3396 3889 6302 5640 
3397 626 4743 640 
3398 1646 2207 1954 
3399 3615 6067 3713 
3400 420 4655 155 
3401 2214 2495 2213 
3402 2631 4786 2112 
3403 1844 4269 1842 
3404 1168 4540 1097 
3405 4788 4790 375 
3406 1519 1724 1723 
3407 3644 5440 2443 
3408 4443 5061 2275 
3409 334 4293 242 
3410 4920 5282 1974 
3411 2231 4835 993 
3412 478 5585 4380 
3413 737 4654 733 
3414 1618 2230 1534 
3415 2573 3470 3376 
3416 3275 5477 4596 
3417 3432 3926 2961 
3418 2337 2768 1953 
3419 4689 5248 4688 
3420 422 6405 1674 
3421 1434 1691 1435 
3422 1347 4977 1470 
3423 1520 1661 1660 
3424 1978 4595 2094 
3425 1389 4391 4390 
3426 291 4791 290 
3427 2801 3678 2800 
3428 727 4335 725 
3429 2469 2635 2470 
3430 1661 1904 1903 
3431 1614 1688 1613 
3432 278 335 277 
3433 3065 5237 5018 
3434 2959 4456 2957 
3435 4529 5274 3483 
3436 3411 3413 3412 
3437 2698 6094 6056 
3438 2831 5579 4062 
3439 4436 4437 4435 
3440 2916 4936 1171 
3441 4098 5825 2503 
3442 683 4425 671 
3443 2800 4994 2470 
3444 2192 5178 1640 
3445 2242 2807 2722 
3446 1904 2121 2120 
3447 3366 3367 3244 
3448 1023 6013 4174 
3449 1677 1991 1990 
3450 3053 3086 3085 
3451 666 4424 653 
3452 2301 4771 1431 
3453 1578 4517 1580 
3454 693 4440 688 
3455 1864 5142 4782 
3456 2824 4479 4132 
3457 1868 1869 1866 
3458 2644 4641 3377 
3459 3301 4443 2329 
3460 2644 3377 2917 
3461 2209 4195 2131 
3462 1689 1699 1688 
3463 2274 2644 2554 
3464 1930 5186 5143 
3465 3460 3516 2663 
3466 2754 4984 3753 
3467 629 4625 630 
3468 2827 2828 1907 
3469 852 6448 5503 
3470 3456 5185 5184 
3471 4387 4389 4388 
3472 677 3486 2564 
3473 2706 4574 3841 
3474 3851 3852 3849 
3475 38 5075 37 
3476 241 402 240 
3477 4438 4439 4437 
3478 273 4749 330 
3479 4622 4625 4621 
3480 2304 4797 4796 
3481 2014 4807 522 
3482 2205 2606 2393 
3483 4533 6336 3624 
3484 3442 4581 4580 
3485 5530 5784 378 
3486 333 4779 83 
3487 2260 2363 2340 
3488 2363 4392 2829 
3489 1974 5271 4581 
3490 2122 2123 2121 
3491 1997 2274 2202 
3492 2606 3442 2664 
3493 1141 1142 1140 
3494 1798 2238 1549 
3495 3919 4525 404 
3496 3377 3959 3958 
3497 4439 5571 2219 
3498 2622 3373 2836 
3499 1244 4339 1245 
3500 864 4289 844 
3501 1086 1123 1060 
3502 1636 4218 1638 
3503 5118 6450 1509 
3504 1143 1144 1142 
3505 5945 6360 959 
3506 349 4315 281 
3507 1200 1378 1146 
3508 1314 4615 1311 
3509 3277 5102 4448 
3510 1642 5178 1850 
3511 2124 2125 2123 
3512 3750 6250 5522 
3513 1813 4639 3684 
3514 2829 4396 2340 
3515 335 6004 3778 
3516 2509 2992 2507 
3517 393 3695 3694 
3518 1324 1359 1325 
3519 2951 4538 2950 
3520 3383 4032 3384 
3521 1041 4991 1043 
3522 1058 1737 1056 
3523 2404 2720 2719 
3524 3624 4603 2193 
3525 865 4854 2890 
3526 4632 4960 4631 
3527 882 4403 920 
3528 2892 4578 4066 
3529 1808 1810 1809 
3530 4413 5403 4630 
3531 1688 2517 1613 
3532 4503 4917 753 
3533 1810 1978 1809 
3534 1116 4467 4466 
3535 3861 6373 4338 
3536 3993 4182 337 
3537 1046 4466 1044 
3538 2739 3967 3966 
3539 2617 4458 2316 
3540 3953 3955 2795 
3541 1850 4276 1644 
3542 342 4912 24 
3543 4113 5212 4964 
3544 4328 5682 5445 
3545 4356 4359 4358 
3546 1810 2100 1978 
3547 1281 4410 1278 
3548 1776 5830 4097 
3549 1698 4451 1061 
3550 2476 2604 2255 
3551 2759 4401 3631 
3552 1190 4583 1135 
3553 1031 2231 993 
3554 2335 4686 651 
3555 1808 1809 1782 
3556 3293 3294 2604 
3557 1145 1146 1144 
3558 1842 2169 1840 
3559 2525 2526 2231 
3560 4470 5774 4546 
3561 4316 4317 397 
3562 2794 2795 2631 
3563 1291 4486 1288 
3564 801 4898 4897 
3565 4529 4530 4257 
3566 2126 2205 2125 
3567 2102 4600 2100 
3568 1880 1882 1881 
3569 1883 4919 4918 
3570 1549 4256 1484 
3571 4076 5340 5094 
3572 1251 4327 1200 
3573 1359 1474 1360 
3574 2738 4373 2739 
3575 178 316 177 
3576 1925 4518 1634 
3577 3322 3867 2796 
3578 2762 4320 2447 
3579 2703 4651 4247 
3580 612 4680 609 
3581 1857 2260 2259 
3582 453 567 455 
3583 1061 2311 996 
3584 1846 2156 1844 
3585 1868 1997 1869 
3586 2019 2048 1712 
3587 4459 4464 2315 
3588 1886 4817 4816 
3589 3939 6402 6355 
3590 2960 4069 3432 
3591 2806 3409 2579 
3592 1269 1808 1782 
3593 3114 3827 2526 
3594 6081 6313 3311 
3595 2588 3383 2587 
3596 422 424 423 
3597 723 4346 721 
3598 2564 2565 1984 
3599 325 4371 193 
3600 4259 5535 4942 
3601 925 4412 888 
3602 2622 2836 2417 
3603 2933 4541 3112 
3604 41 5600 40 
3605 2708 3465 2707 
3606 3003 3577 2617 
3607 1007 4512 2734 
3608 37 3711 36 
3609 2113 2498 2112 
3610 2548 2824 2786 
3611 2207 2255 1954 
3612 677 1984 676 
3613 2385 2447 2134 
3614 842 4303 4302 
3615 2919 4427 2575 
3616 2246 4423 1731 
3617 2272 4707 4704 
3618 1397 1520 1517 
3619 2669 4684 2966 
3620 4466 4471 1044 
3621 2792 3329 2700 
3622 3054 4892 487 
3623 1149 1244 1150 
3624 4511 5446 4442 
3625 954 4614 897 
3626 2212 2213 2210 
3627 2353 4248 2679 
3628 2364 2707 2363 
3629 772 4249 770 
3630 2265 2266 2048 
3631 3112 4541 3764 
3632 2790 3636 3635 
3633 2660 3464 3463 
3634 2447 2798 2134 
3635 888 1177 864 
3636 4172 4233 4232 
3637 2660 3463 2661 
3638 550 4816 642 
3639 3995 6176 6043 
3640 4467 4468 4466 
3641 2966 4684 3868 
3642 2156 4269 1844 
3643 209 5542 3915 
3644 704 4503 702 
3645 5018 5237 2630 
3646 987 993 958 
3647 2493 2738 2737 
3648 3862 4602 2819 
3649 2527 2897 2759 
3650 2094 2622 2417 
3651 1963 4719 1463 
3652 2895 2896 2798 
3653 1493 4260 984 
3654 844 2601 829 
3655 4605 4606 4604 
3656 4952 5316 3173 
3657 1116 4466 1046 
3658 1305 4748 4492 
3659 2154 5071 2576 
3660 2272 4704 2090 
3661 5136 5453 3619 
3662 831 6066 4740 
3663 741 4659 4616 
3664 2790 3635 2667 
3665 1227 1230 1229 
3666 920 1070 930 
3667 808 4422 776 
3668 4898 4899 4897 
3669 1629 1902 1628 
3670 4134 4429 1952 
3671 3313 3507 2927 
3672 286 361 285 
3673 3385 3387 2479 
3674 776 1509 772 
3675 1054 1110 1052 
3676 1882 1946 1945 
3677 1883 4918 890 
3678 2901 3590 2899 
3679 3410 5461 4019 
3680 2382 5126 2384 
3681 2594 4576 2196 
3682 1794 1880 1879 
3683 1094 1149 1095 
3684 1049 5311 1051 
3685 6285 6367 3973 
3686 1002 4866 4659 
3687 3366 3890 3367 
3688 4726 4728 4727 
3689 1327 4682 1329 
3690 2498 2631 2112 
3691 1331 4432 1397 
3692 1893 1899 1892 
3693 4917 5833 753 
3694 1893 4384 1899 
3695 2468 4526 2467 
3696 673 4689 2335 
3697 4563 4564 4562 
3698 154 4655 311 
3699 4470 4474 4467 
3700 3841 4191 3314 
3701 2224 2535 2534 
3702 3970 3971 2896 
3703 1891 1892 1890 
3704 4380 5585 4101 
3705 1465 1857 1464 
3706 1891 1893 1892 
3707 5022 6404 5636 
3708 3403 4566 2148 
3709 1370 4352 1535 
3710 2576 3427 2919 
3711 2563 4849 2176 
3712 1365 4982 1561 
3713 2679 3596 3595 
3714 738 754 739 
3715 1295 4482 1292 
3716 1525 1620 1526 
3717 1177 4289 864 
3718 3072 3073 2853 
3719 3527 4374 4373 
3720 4047 4048 403 
3721 1622 2181 1621 
3722 1858 4505 4504 
3723 1551 5260 1684 
3724 1188 4887 679 
3725 1889 1891 1890 
3726 2182 2488 2181 
3727 1535 4352 2660 
3728 2084 4479 2548 
3729 280 407 279 
3730 2074 2404 2403 
3731 588 4629 586 
3732 4356 4718 4359 
3733 542 6512 5402 
3734 1269 1782 1267 
3735 1673 1794 1793 
3736 1150 5386 1095 
3737 3679 4994 2800 
3738 3990 6223 3609 
3739 3318 4308 3317 
3740 1991 5071 1990 
3741 1391 1613 1210 
3742 3317 4308 3874 
3743 3277 4448 2683 
3744 921 4361 988 
3745 4649 4860 4647 
3746 2425 4574 2706 
3747 1682 4631 2129 
3748 1620 1673 1672 
3749 4219 4782 3101 
3750 3035 6241 4861 
3751 2539 2540 2538 
3752 2826 3317 2825 
3753 795 1951 1950 
3754 1946 2132 2131 
3755 4212 5734 5510 
3756 2305 4634 4633 
3757 689 4887 4441 
3758 4453 4454 2914 
3759 658 4625 629 
3760 513 4444 515 
3761 1147 1200 1146 
3762 2298 2700 2102 
3763 3737 6325 4245 
3764 1052 4715 1050 
3765 271 4590 410 
3766 4185 4186 1354 
3767 4634 4635 4633 
3768 2928 2930 2929 
3769 3956 4371 325 
3770 2917 4347 3702 
3771 630 4625 2312 
3772 4869 5139 2011 
3773 2360 2790 2667 
3774 2897 4657 4401 
3775 3577 4458 2617 
3776 3474 3849 3848 
3777 1635 2224 1818 
3778 738 739 737 
3779 2746 3598 2246 
3780 3393 4785 2439 
3781 754 777 755 
3782 3592 6177 6107 
3783 2298 2792 2700 
3784 2533 3028 2709 
3785 2641 4784 3690 
3786 1039 2533 1796 
3787 4470 4546 4474 
3788 561 4729 566 
3789 3507 5311 4430 
3790 1534 4263 1527 
3791 777 814 778 
3792 2098 2420 2170 
3793 2220 2587 2206 
3794 1131 1204 1132 
3795 3733 5048 2887 
3796 2614 4662 3032 
3797 2827 4136 3467 
3798 2537 2538 2496 
3799 2706 3314 3013 
3800 1494 1621 1493 
3801 3877 6065 4427 
3802 1951 2632 1950 
3803 4058 6228 4542 
3804 1889 1890 1285 
3805 3305 4604 2588 
3806 1426 5060 1428 
3807 988 4361 1531 
3808 1509 4249 772 
3809 1696 4417 2827 
3810 4667 4668 762 
3811 2663 4428 1420 
3812 3809 6441 4296 
3813 2796 4665 2104 
3814 1661 1903 1660 
3815 4005 6015 2883 
3816 571 4743 626 
3817 735 738 737 
3818 2930 2932 2931 
3819 461 510 463 
3820 3427 3876 2919 
3821 2809 2810 2808 
3822 852 5503 562 
3823 2932 3688 2933 
3824 2824 2825 2786 
3825 3347 4292 2538 
3826 139 5054 138 
3827 2779 4552 2777 
3828 2648 3492 2945 
3829 712 761 759 
3830 1890 4752 4408 
3831 2012 4598 1543 
3832 2026 4751 2022 
3833 1091 1131 1092 
3834 1709 2324 1711 
3835 1904 2120 1903 
3836 2202 4500 2271 
3837 3235 4568 3722 
3838 2121 2527 2120 
3839 2007 5311 1049 
3840 2762 4322 4321 
3841 1713 2112 1700 
3842 4709 4710 2725 
3843 2121 4879 2527 
3844 4786 5129 1699 
3845 626 637 625 
3846 2210 4592 2209 
3847 571 625 570 
3848 3403 4567 4566 
3849 3548 6015 4327 
3850 566 570 565 
3851 1596 4793 1590 
3852 4151 4170 4150 
3853 497 4415 499 
3854 3452 3761 3759 
3855 3903 5342 2771 
3856 561 565 560 
3857 2207 2772 2476 
3858 754 755 739 
3859 1707 4442 1709 
3860 2918 3634 3591 
3861 1172 6484 5028 
3862 4433 4436 4435 
3863 744 4667 762 
3864 5238 5638 4727 
3865 2325 2899 2898 
3866 653 4424 1763 
3867 735 737 733 
3868 4469 4470 4467 
3869 284 408 283 
3870 4601 5061 4443 
3871 4236 6224 714 
3872 1520 1660 1517 
3873 1456 4608 1452 
3874 1135 4583 1136 
3875 3205 3244 3206 
3876 1444 4513 1442 
3877 3465 3508 2707 
3878 2907 4828 1854 
3879 4481 4484 4483 
3880 276 405 275 
3881 4034 4671 2885 
3882 4119 6123 1260 
3883 459 4476 461 
3884 698 4532 2878 
3885 689 4441 712 
3886 3598 4423 2246 
3887 1187 4673 1169 
3888 1482 1519 1518 
3889 966 2841 1001 
3890 2508 2511 2509 
3891 1063 1137 1101 
3892 4953 4954 2490 
3893 2897 4401 2759 
3894 1782 4778 4375 
3895 3845 4314 4273 
3896 2573 3376 2838 
3897 5402 6512 5651 
3898 1897 2033 1895 
3899 1384 1387 1386 
3900 1357 1362 1361 
3901 671 4425 684 
3902 1530 4698 1567 
3903 853 4572 846 
3904 4652 4653 3525 
3905 4360 5783 3464 
3906 910 4446 1762 
3907 729 1755 727 
3908 761 4381 759 
3909 2994 4406 2499 
3910 549 560 548 
3911 30 6104 310 
3912 3708 4339 1244 
3913 777 778 755 
3914 1638 4218 2192 
3915 2363 2829 2340 
3916 541 546 545 
3917 579 580 578 
3918 809 4551 784 
3919 5383 6115 4018 
3920 1201 1251 1200 
3921 2576 5071 3428 
3922 2405 2531 2530 
3923 2277 4651 2703 
3924 483 4676 485 
3925 1502 4773 4135 
3926 4423 4696 1616 
3927 1871 6052 4457 
3928 289 4787 375 
3929 4536 6152 4093 
3930 2606 2664 2393 
3931 4726 4727 2014 
3932 3442 4580 2664 
3933 4095 4525 3919 
3934 2890 4854 4846 
3935 2087 2435 1960 
3936 2872 2874 2873 
3937 4374 5756 1000 
3938 2205 2393 2125 
3939 2278 4349 4348 
3940 668 1188 679 
3941 1301 2284 1811 
3942 660 4488 668 
3943 2874 2951 2950 
3944 2781 4593 3298 
3945 2305 4936 4634 
3946 2901 4475 3590 
3947 4425 4426 684 
3948 688 4440 1759 
3949 4390 4679 3351 
3950 26 4449 25 
3951 577 578 576 
3952 549 561 560 
3953 561 566 565 
3954 2325 4911 2901 
3955 2249 5020 4701 
3956 546 549 548 
3957 576 4549 1758 
3958 566 571 570 
3959 1576 4599 1578 
3960 3527 4373 2738 
3961 1627 4984 2257 
3962 1732 4775 1656 
3963 571 626 625 
3964 546 548 545 
3965 2260 2340 2259 
3966 626 639 637 
3967 3305 4656 4605 
3968 5144 5246 1929 
3969 2813 2850 2468 
3970 2761 4672 2269 
3971 1025 1094 1093 
3972 2499 4406 2498 
3973 3229 4753 3647 
3974 2664 4580 3648 
3975 3648 6278 3649 
3976 240 4184 239 
3977 2851 3556 2850 
3978 4662 4663 3032 
3979 511 1760 513 
3980 475 479 477 
3981 4903 4971 3246 
3982 4355 4360 4353 
3983 2110 2134 1631 
3984 854 5239 4695 
3985 1836 2171 1834 
3986 725 960 723 
3987 1362 4235 4172 
3988 1535 2660 2239 
3989 3876 3877 2919 
3990 473 4348 475 
3991 2086 5693 4723 
3992 1208 1342 1341 
3993 1621 4571 1786 
3994 4977 5314 5044 
3995 1947 4818 1949 
3996 2850 4453 2914 
3997 2953 4450 3561 
3998 609 4680 607 
3999 4101 5585 5294 
4000 4699 4700 2727 
4001 2743 3511 3510 
4002 4436 4438 4437 
4003 871 899 870 
4004 3298 5287 3991 
4005 515 541 540 
4006 4790 5742 3017 
4007 990 1039 989 
4008 2228 2468 2467 
4009 950 989 949 
4010 4379 5807 2278 
4011 900 949 899 
4012 3062 3720 3719 
4013 1342 1417 1416 
4014 3060 4509 3062 
4015 3620 3748 3622 
4016 1505 1628 1467 
4017 1395 1464 1255 
4018 3573 3576 3571 
4019 2930 4543 2932 
4020 518 4814 4726 
4021 1581 5005 1579 
4022 2890 4853 834 
4023 958 4835 925 
4024 5168 5745 1662 
4025 1137 1139 1138 
4026 1768 4839 4815 
4027 2615 2994 2499 
4028 3383 3384 2587 
4029 841 870 840 
4030 479 481 480 
4031 988 1531 1370 
4032 4787 4789 4788 
4033 1669 2055 1668 
4034 3133 4753 3229 
4035 3322 5647 3867 
4036 3862 6310 4602 
4037 3109 4534 2806 
4038 1551 1553 1552 
4039 3602 6219 3962 
4040 6118 6403 4228 
4041 577 579 578 
4042 4627 5411 3444 
4043 1939 4690 1937 
4044 2807 5017 2809 
4045 6292 6327 4493 
4046 1133 4548 4547 
4047 3003 3859 3577 
4048 2957 4456 3518 
4049 674 4621 658 
4050 4273 4314 2066 
4051 2593 4640 2694 
4052 4505 4506 4504 
4053 2927 4430 2928 
4054 4771 4847 611 
4055 5036 5037 852 
4056 2824 4132 2826 
4057 622 4980 2194 
4058 1031 2823 2525 
4059 840 842 814 
4060 469 4379 471 
4061 2611 3568 2610 
4062 2325 2901 2899 
4063 4413 4630 1177 
4064 3029 4230 3028 
4065 1520 2839 1661 
4066 1857 2259 1464 
4067 2591 4650 3642 
4068 2122 2124 2123 
4069 4124 4125 4123 
4070 3170 3205 3171 
4071 243 334 242 
4072 1355 1357 1356 
4073 1039 1796 989 
4074 4741 5746 3727 
4075 4673 4674 3309 
4076 2533 2709 1796 
4077 702 4503 753 
4078 1048 1116 1046 
4079 82 4779 3783 
4080 1930 5266 4250 
4081 282 349 281 
4082 579 581 580 
4083 3725 3727 3726 
4084 2741 5203 4684 
4085 1904 2122 2121 
4086 815 840 814 
4087 4635 4637 4636 
4088 2159 4213 2406 
4089 2601 5255 829 
4090 2416 3619 2788 
4091 2045 4982 4762 
4092 467 1023 469 
4093 23 4912 413 
4094 3997 4345 3998 
4095 541 545 540 
4096 2950 4538 3829 
4097 1805 1806 1804 
4098 2626 3079 2563 
4099 2034 2175 1806 
4100 2055 2328 2275 
4101 3580 6228 4058 
4102 3505 3632 3504 
4103 1301 1811 1299 
4104 2694 4640 3912 
4105 4039 6016 4037 
4106 406 4431 244 
4107 2304 4796 861 
4108 1803 1804 1802 
4109 339 3977 3976 
4110 2302 4402 2087 
4111 746 4670 751 
4112 1773 2962 2272 
4113 2625 4858 2354 
4114 4913 5576 4183 
4115 3613 4967 2825 
4116 948 1884 976 
4117 987 994 993 
4118 1310 2844 1318 
4119 2934 4747 2250 
4120 653 1763 641 
4121 2548 4479 2824 
4122 4659 4866 4619 
4123 3659 4216 4215 
4124 4505 4507 4506 
4125 2351 2872 2871 
4126 2874 2950 2873 
4127 1268 1269 1267 
4128 3851 3853 3852 
4129 3376 4050 3686 
4130 581 582 580 
4131 2606 4074 3442 
4132 2132 2210 2209 
4133 2124 2126 2125 
4134 3337 4658 3335 
4135 3170 4834 3205 
4136 1680 1819 1671 
4137 471 2278 473 
4138 2542 3505 3504 
4139 2823 4330 4329 
4140 808 5255 4422 
4141 1822 2245 1820 
4142 573 574 492 
4143 3579 4658 3337 
4144 3910 5062 3909 
4145 5503 6448 3902 
4146 2458 4650 2591 
4147 3335 3339 3334 
4148 499 503 501 
4149 2220 2588 2587 
4150 575 576 574 
4151 725 4335 960 
4152 1826 2291 1824 
4153 3112 3764 3682 
4154 1830 2243 1828 
4155 721 1735 719 
4156 2993 5258 5024 
4157 489 490 488 
4158 2126 2206 2205 
4159 350 4664 246 
4160 1310 1318 1307 
4161 2825 4967 2786 
4162 1635 5031 2224 
4163 1764 4840 2200 
4164 949 979 899 
4165 487 488 486 
4166 651 4686 636 
4167 1453 4516 4515 
4168 2872 2873 2871 
4169 4006 5926 411 
4170 485 486 484 
4171 2852 2853 2184 
4172 671 684 666 
4173 479 480 477 
4174 2202 2271 1869 
4175 4409 6258 4410 
4176 481 483 482 
4177 1463 4719 1376 
4178 583 4744 585 
4179 3305 4605 4604 
4180 640 641 639 
4181 3290 4714 2708 
4182 292 4792 373 
4183 2583 3555 3554 
4184 3658 3659 3420 
4185 2917 3702 2554 
4186 2333 2355 2354 
4187 2068 4639 1813 
4188 330 4596 4590 
4189 2312 4810 632 
4190 575 577 576 
4191 2328 2610 2329 
4192 802 4897 820 
4193 3766 3768 3765 
4194 1894 1895 1893 
4195 589 590 588 
4196 587 588 586 
4197 1905 4981 1660 
4198 3780 4777 4180 
4199 583 584 582 
4200 585 586 584 
4201 483 484 482 
4202 2516 6335 6258 
4203 1978 2094 1979 
4204 2200 4840 2909 
4205 587 589 588 
4206 1479 2325 1602 
4207 2626 4885 4243 
4208 585 587 586 
4209 1595 4820 4819 
4210 1473 4632 4631 
4211 4341 4533 4340 
4212 2952 2953 2951 
4213 1553 1555 1554 
4214 1614 1689 1688 
4215 583 585 584 
4216 2100 4595 1978 
4217 688 1759 683 
4218 2094 2417 2095 
4219 1766 4416 4415 
4220 2953 3561 2951 
4221 2409 4598 2012 
4222 3958 4347 2917 
4223 4616 4617 1657 
4224 1756 2228 2225 
4225 1942 4690 1939 
4226 1111 4418 1208 
4227 2260 2364 2363 
4228 3546 5126 2382 
4229 1319 1803 1802 
4230 1563 4848 1963 
4231 1369 4632 1473 
4232 1408 1510 1407 
4233 481 482 480 
4234 581 583 582 
4235 1262 1263 1252 
4236 3598 5570 4423 
4237 1510 1738 1537 
4238 1515 1668 1513 
4239 1660 4981 1517 
4240 4554 4857 2782 
4241 483 485 484 
4242 2685 5233 3544 
4243 2418 2503 2502 
4244 702 753 693 
4245 1606 2066 1608 
4246 495 1766 497 
4247 4300 4301 2962 
4248 1391 1614 1613 
4249 2839 4993 1661 
4250 1761 5818 4131 
4251 2355 2624 2623 
4252 2954 2955 2953 
4253 1899 2098 1900 
4254 1319 1802 1314 
4255 2101 2102 2100 
4256 4575 4673 1187 
4257 3049 3436 3048 
4258 2504 2573 2506 
4259 2947 4063 2948 
4260 2170 2360 2287 
4261 1406 1407 1405 
4262 912 914 913 
4263 2512 5417 4674 
4264 1896 1897 1895 
4265 1803 1805 1804 
4266 3580 3838 3581 
4267 2957 3518 2955 
4268 2765 4822 2487 
4269 1266 1267 1264 
4270 4704 4705 2835 
4271 779 4383 780 
4272 3362 5100 3951 
4273 2866 4720 3457 
4274 3042 5531 4171 
4275 2769 3424 2770 
4276 4048 4528 403 
4277 2956 2957 2955 
4278 485 487 486 
4279 2758 3706 2757 
4280 2360 2667 2666 
4281 1225 1227 1226 
4282 2249 5060 1426 
4283 508 4756 511 
4284 3725 6000 3727 
4285 2364 2708 2707 
4286 2354 4858 2331 
4287 1231 6242 4016 
4288 503 5045 501 
4289 3484 3485 2792 
4290 3725 3726 2959 
4291 2098 2170 2099 
4292 4462 5797 5011 
4293 3038 5074 1714 
4294 2611 3569 3568 
4295 1385 5202 1383 
4296 652 653 641 
4297 4468 4472 4471 
4298 3470 5829 5586 
4299 1595 4819 1570 
4300 2146 4699 2727 
4301 3730 6284 4653 
4302 487 489 488 
4303 897 4614 877 
4304 4634 4638 4635 
4305 1286 1889 1285 
4306 2223 4367 2648 
4307 1029 5322 978 
4308 2793 4690 1942 
4309 2265 2469 2266 
4310 721 4346 1735 
4311 4481 4483 4482 
4312 1042 1104 1040 
4313 2920 4598 2409 
4314 489 492 490 
4315 2488 4560 3313 
4316 1204 1381 1205 
4317 604 4755 606 
4318 1497 4733 1495 
4319 4257 4258 4256 
4320 6340 6458 3828 
4321 4605 4607 4606 
4322 2230 4263 1534 
4323 1760 4444 513 
4324 1805 2034 1806 
4325 1600 2333 2331 
4326 2077 2163 1690 
4327 1555 1557 1556 
4328 2290 4709 2725 
4329 2294 2295 1791 
4330 2626 3439 3079 
4331 1555 5031 1557 
4332 1991 5072 5071 
4333 2958 2959 2957 
4334 914 916 915 
4335 394 6118 4925 
4336 2946 4827 3071 
4337 4375 4778 4376 
4338 1840 4938 1838 
4339 1742 4723 1753 
4340 2851 3668 3556 
4341 2175 2626 2563 
4342 733 4654 731 
4343 1250 4575 1187 
4344 568 5036 852 
4345 1131 4253 4252 
4346 1898 1960 1897 
4347 3449 5956 4033 
4348 1713 2113 2112 
4349 2213 4592 2210 
4350 1689 1700 1699 
4351 2355 2623 2354 
4352 1442 4513 2590 
4353 1391 4696 1614 
4354 2353 2678 2596 
4355 1116 4577 4469 
4356 3451 3460 2663 
4357 1738 2151 1739 
4358 3419 3420 2515 
4359 1139 1141 1140 
4360 2912 5177 4898 
4361 4431 5804 334 
4362 2253 2832 2062 
4363 3139 4950 3219 
4364 590 592 591 
4365 1366 3674 2716 
4366 520 4726 2014 
4367 4699 4701 4700 
4368 3724 3725 2959 
4369 2634 2920 2409 
4370 2333 2354 2331 
4371 3235 3722 3236 
4372 1373 4987 1522 
4373 2151 2422 2152 
4374 3097 4849 2563 
4375 3865 5984 5799 
4376 2511 4677 3110 
4377 358 3767 3766 
4378 943 6460 6362 
4379 1798 2947 2238 
4380 4408 4752 4409 
4381 1557 1559 1558 
4382 2813 2851 2850 
4383 1333 4765 4764 
4384 2175 4885 2626 
4385 784 4551 1772 
4386 3224 5671 4214 
4387 665 666 653 
4388 4349 4350 4348 
4389 2777 4552 2782 
4390 2910 4806 4805 
4391 1019 4731 1089 
4392 242 4293 241 
4393 1636 1638 1637 
4394 2119 2553 2028 
4395 1961 2087 1960 
4396 2088 2302 2087 
4397 2278 4348 473 
4398 670 671 666 
4399 701 702 693 
4400 692 693 688 
4401 682 683 671 
4402 687 688 683 
4403 2228 2813 2468 
4404 2844 3388 2845 
4405 3083 4043 3826 
4406 2841 5104 1001 
4407 3333 3334 2940 
4408 2103 2298 2102 
4409 4521 5371 3402 
4410 3988 4703 3880 
4411 2794 3954 3953 
4412 804 4724 806 
4413 4128 6316 2033 
4414 2324 6478 4031 
4415 606 607 605 
4416 1243 1817 1816 
4417 2624 3559 2623 
4418 1023 4379 469 
4419 605 4588 2343 
4420 6157 6254 3787 
4421 2577 2582 2581 
4422 2019 2265 2048 
4423 2948 5274 2949 
4424 4733 5265 2301 
4425 916 965 917 
4426 1528 1534 1527 
4427 132 1962 131 
4428 2568 4609 2889 
4429 2175 2563 2176 
4430 604 605 602 
4431 5380 5584 3523 
4432 4895 5214 4896 
4433 2113 2499 2498 
4434 694 4616 1657 
4435 573 575 574 
4436 1904 4993 2122 
4437 1367 2305 1369 
4438 707 1858 704 
4439 1267 4375 1264 
4440 2624 4857 3559 
4441 1752 5087 5013 
4442 1111 1208 1206 
4443 608 609 607 
4444 935 4721 934 
4445 3627 4935 4096 
4446 3351 4679 2804 
4447 115 6068 3672 
4448 1442 2590 1440 
4449 2782 4857 2775 
4450 1949 4818 2456 
4451 4298 5462 4299 
4452 2875 3438 2876 
4453 2335 4689 4688 
4454 2763 4738 3978 
4455 2252 4662 2614 
4456 4385 4386 4384 
4457 5563 5926 4006 
4458 3780 4180 3843 
4459 3071 4825 4824 
4460 2269 4672 2116 
4461 1096 2875 2133 
4462 1617 1618 1534 
4463 1141 1143 1142 
4464 668 679 669 
4465 2385 2762 2447 
4466 910 912 911 
4467 3438 4579 4578 
4468 2850 2914 2468 
4469 1748 4692 1745 
4470 576 1758 574 
4471 2296 2297 2295 
4472 2781 3298 3084 
4473 1700 4786 1699 
4474 3659 4215 3420 
4475 660 668 661 
4476 4249 4836 770 
4477 4234 6001 3430 
4478 2237 4841 2797 
4479 3209 3222 3197 
4480 1143 1145 1144 
4481 734 735 733 
4482 1195 4966 1102 
4483 1395 1465 1464 
4484 2214 2496 2495 
4485 2283 4776 3103 
4486 2090 4704 2178 
4487 1043 4991 1202 
4488 3388 4045 3389 
4489 176 5544 175 
4490 268 4831 343 
4491 2509 4036 2992 
4492 2487 4822 2179 
4493 2076 2935 2562 
4494 1729 1730 1618 
4495 3556 4453 2850 
4496 1066 4685 1546 
4497 1692 2038 1852 
4498 2328 2611 2610 
4499 1766 4415 497 
4500 3516 4428 2663 
4501 2111 4555 2351 
4502 712 759 713 
4503 1784 4853 4399 
4504 2464 2465 2297 
4505 689 712 690 
4506 3827 6227 4414 
4507 2422 2757 2423 
4508 1300 1301 1299 
4509 2063 4747 2253 
4510 1437 4661 1685 
4511 2122 4993 2352 
4512 3627 3856 3855 
4513 1306 1307 1305 
4514 778 4300 1773 
4515 759 779 760 
4516 604 606 605 
4517 4216 4217 4215 
4518 1403 1405 1250 
4519 2162 2544 2161 
4520 4842 4844 4841 
4521 1272 1273 1270 
4522 1285 4408 1282 
4523 2653 2654 2264 
4524 601 602 600 
4525 1276 1277 1274 
4526 4419 4420 3505 
4527 801 4897 802 
4528 2758 3866 3706 
4529 2178 4704 2835 
4530 2632 3712 2912 
4531 1169 1243 1168 
4532 1308 1310 1307 
4533 586 4629 1799 
4534 1451 2294 1791 
4535 2224 5031 3052 
4536 606 608 607 
4537 1280 1281 1278 
4538 1294 1295 1292 
4539 3147 4772 3148 
4540 1408 1511 1510 
4541 3627 4096 3856 
4542 3555 3964 3554 
4543 4552 4553 2782 
4544 2844 2845 1318 
4545 763 811 747 
4546 679 689 680 
4547 2899 2900 2898 
4548 3229 3646 3247 
4549 743 4667 744 
4550 2212 2214 2213 
4551 703 704 702 
4552 2648 2945 2649 
4553 608 610 609 
4554 2250 4747 2063 
4555 4492 4493 2284 
4556 2228 2467 2225 
4557 3071 4826 4825 
4558 2228 4988 2813 
4559 1446 1453 1444 
4560 2517 4344 4343 
4561 1865 1866 1730 
4562 1599 4780 1734 
4563 274 4749 273 
4564 3468 3823 3469 
4565 2582 3022 3021 
4566 3478 3579 3337 
4567 732 733 731 
4568 601 604 602 
4569 281 4315 280 
4570 3022 3489 3488 
4571 610 611 609 
4572 5789 5861 3856 
4573 2372 3524 2370 
4574 2519 3361 2520 
4575 795 1950 796 
4576 2055 2275 1668 
4577 1405 4575 1250 
4578 1505 1629 1628 
4579 861 4796 859 
4580 3298 3991 3084 
4581 1290 1291 1288 
4582 2142 4419 2542 
4583 1507 5053 1728 
4584 2774 2775 2624 
4585 4376 4377 1263 
4586 2162 3990 2544 
4587 1145 1147 1146 
4588 1178 1327 1179 
4589 1405 4961 4575 
4590 1515 1669 1668 
4591 1638 1640 1639 
4592 607 4680 4588 
4593 4698 5554 1567 
4594 1473 4631 1682 
4595 1033 1096 1032 
4596 399 3908 3907 
4597 806 4724 2802 
4598 1110 4715 1052 
4599 3593 4034 2885 
4600 4934 5170 4681 
4601 1656 4775 1694 
4602 2876 4578 2892 
4603 3060 5236 4509 
4604 1451 1791 1449 
4605 778 1773 869 
4606 1352 1355 1354 
4607 2777 2782 2775 
4608 1031 5042 2823 
4609 784 1772 773 
4610 1711 5639 2473 
4611 2826 5490 3318 
4612 1680 1820 1819 
4613 1193 5070 1182 
4614 4207 5886 4208 
4615 4371 6212 387 
4616 4884 5495 381 
4617 637 660 638 
4618 845 2888 985 
4619 1601 2162 2161 
4620 1392 1400 1393 
4621 1633 1971 1801 
4622 2110 2385 2134 
4623 3299 4803 3862 
4624 2422 2758 2757 
4625 2170 4678 2360 
4626 1539 5052 1540 
4627 1431 4771 610 
4628 580 876 578 
4629 1601 2161 1497 
4630 3480 4219 3101 
4631 2325 2898 1602 
4632 1754 3624 2193 
4633 2052 2793 1942 
4634 1580 4517 1600 
4635 789 4853 1784 
4636 2226 4712 2583 
4637 3867 4665 2796 
4638 330 4590 272 
4639 2888 3673 985 
4640 3719 4178 3721 
4641 2910 4805 769 
4642 2776 2777 2775 
4643 1759 5944 4425 
4644 6222 6276 3878 
4645 1372 4676 483 
4646 2062 4885 2034 
4647 3062 3719 3063 
4648 4668 4669 762 
4649 2328 2329 2275 
4650 2294 2296 2295 
4651 1867 1868 1866 
4652 1773 2272 2090 
4653 2134 4372 1631 
4654 3011 4271 3839 
4655 1284 1285 1282 
4656 2550 2686 2551 
4657 991 1064 992 
4658 1064 1114 1065 
4659 951 991 953 
4660 1114 1178 1115 
4661 2660 2661 2239 
4662 1971 2195 1972 
4663 1510 1537 1407 
4664 1097 4540 1096 
4665 2778 2779 2777 
4666 2781 3084 2779 
4667 1627 2257 2256 
4668 3060 3062 3061 
4669 1913 1916 1914 
4670 1495 2301 1431 
4671 2195 2594 2196 
4672 1406 1408 1407 
4673 2595 2918 2594 
4674 2234 4841 2237 
4675 2542 3504 2543 
4676 4616 4619 4617 
4677 4860 4861 4647 
4678 4409 4410 1281 
4679 1298 1299 1296 
4680 2100 4600 4595 
4681 4112 4443 3301 
4682 1387 4341 4340 
4683 1640 1642 1641 
4684 1464 4939 1255 
4685 3362 3951 3361 
4686 812 849 809 
4687 600 603 599 
4688 728 729 727 
4689 2545 2764 2487 
4690 4642 4648 4641 
4691 4762 4763 3308 
4692 592 594 593 
4693 3926 3928 3927 
4694 1400 1437 1429 
4695 2248 2519 2247 
4696 3438 4578 2876 
4697 1916 2550 2128 
4698 598 599 597 
4699 2160 4324 2242 
4700 590 591 588 
4701 2463 2510 2508 
4702 2892 4066 3999 
4703 2200 2487 2179 
4704 1786 4260 1493 
4705 2425 2706 2427 
4706 2875 2876 2133 
4707 726 727 725 
4708 1218 1392 1237 
4709 3026 3627 3626 
4710 2257 2321 2258 
4711 596 597 595 
4712 1404 4895 1610 
4713 2780 2781 2779 
4714 592 593 591 
4715 730 731 729 
4716 3641 5079 3073 
4717 3133 3229 3135 
4718 3651 6199 4628 
4719 169 4995 168 
4720 5544 6392 3848 
4721 1063 5104 1137 
4722 4610 4612 4611 
4723 2512 4961 1537 
4724 2572 4610 4609 
4725 705 707 704 
4726 2772 5712 4298 
4727 3619 5068 3620 
4728 2410 4774 4773 
4729 3019 5105 1803 
4730 2591 3642 2593 
4731 1315 1319 1314 
4732 594 595 593 
4733 273 330 272 
4734 201 3775 331 
4735 3379 5833 4917 
4736 4584 5319 1136 
4737 3785 3911 328 
4738 1911 1913 1912 
4739 2882 4593 2781 
4740 2362 4684 2669 
4741 616 617 615 
4742 708 747 707 
4743 2683 5110 2050 
4744 748 763 747 
4745 810 812 809 
4746 764 773 763 
4747 785 809 784 
4748 774 784 773 
4749 2045 4762 2150 
4750 865 2890 834 
4751 1196 4911 1479 
4752 1243 1816 1168 
4753 2816 4783 546 
4754 841 871 870 
4755 594 596 595 
4756 1613 4343 1210 
4757 1239 4683 1401 
4758 2374 4956 2376 
4759 1304 1305 1302 
4760 5398 5534 3833 
4761 1096 2133 1032 
4762 4635 4636 4633 
4763 1642 1644 1643 
4764 1030 1032 1029 
4765 1419 1633 1418 
4766 616 619 617 
4767 3364 4916 2520 
4768 877 4614 1781 
4769 1178 1179 1115 
4770 1392 1393 1237 
4771 2819 4602 2464 
4772 3711 3786 3785 
4773 3419 3658 3420 
4774 245 406 244 
4775 2488 3313 2927 
4776 2200 2545 2487 
4777 871 900 899 
4778 1738 1739 1537 
4779 596 598 597 
4780 2464 4602 2465 
4781 2545 2911 2764 
4782 1764 2200 2179 
4783 2928 4430 4222 
4784 1400 1429 1393 
4785 1327 1329 1179 
4786 2296 2464 2297 
4787 2031 2663 1420 
4788 724 725 723 
4789 1083 1130 1129 
4790 3245 4568 3235 
4791 1537 4961 1407 
4792 2473 5221 1718 
4793 2533 3029 3028 
4794 4326 6492 6106 
4795 2006 5429 4582 
4796 4610 4611 4609 
4797 1329 3446 2640 
4798 2456 3453 2458 
4799 4224 4225 4013 
4800 900 950 949 
4801 598 600 599 
4802 621 623 622 
4803 2520 4916 2247 
4804 2035 2062 2034 
4805 845 985 838 
4806 2456 4818 3453 
4807 1441 1442 1440 
4808 3489 4017 3893 
4809 3971 3973 3972 
4810 951 953 895 
4811 1130 1221 1220 
4812 4067 4068 3815 
4813 1682 2129 2016 
4814 2694 3912 3567 
4815 623 629 624 
4816 950 990 989 
4817 3928 4163 3929 
4818 1742 1753 1532 
4819 619 621 620 
4820 1545 2411 1702 
4821 1231 6211 4001 
4822 619 620 617 
4823 493 495 494 
4824 1127 1168 1097 
4825 1328 1418 1327 
4826 802 820 804 
4827 2918 4717 3634 
4828 1214 1787 1216 
4829 990 1040 1039 
4830 541 2816 546 
4831 1624 4773 1502 
4832 1007 1083 1082 
4833 1443 1444 1442 
4834 1503 2019 1712 
4835 293 4833 4792 
4836 815 841 840 
4837 5393 6459 4203 
4838 1644 1646 1645 
4839 2234 2237 2236 
4840 2821 5535 4259 
4841 245 4664 406 
4842 2946 3071 3070 
4843 2572 4609 2568 
4844 2237 2763 2618 
4845 3214 4772 3245 
4846 777 815 814 
4847 1764 2179 1750 
4848 2544 3011 2860 
4849 2763 3978 3280 
4850 2610 2612 2329 
4851 2966 3860 2967 
4852 5093 6340 3829 
4853 3714 6025 4800 
4854 1853 2572 2568 
4855 1437 1685 1429 
4856 699 743 700 
4857 2232 2234 2233 
4858 2706 3841 3314 
4859 4609 4694 2889 
4860 2576 2919 2575 
4861 579 4904 581 
4862 4699 5060 4701 
4863 2439 4785 2522 
4864 489 573 492 
4865 1299 4480 1296 
4866 621 622 620 
4867 672 699 673 
4868 2932 4543 3825 
4869 1203 1527 1107 
4870 2178 2835 2290 
4871 1403 1406 1405 
4872 1646 1954 1647 
4873 813 817 812 
4874 1116 4469 4467 
4875 522 4807 524 
4876 991 992 953 
4877 2063 2253 2062 
4878 3229 3247 3135 
4879 2706 3013 2427 
4880 490 493 491 
4881 2198 2741 2362 
4882 2410 4773 1624 
4883 623 624 622 
4884 629 630 624 
4885 1028 1029 978 
4886 4766 4767 3261 
4887 862 4813 884 
4888 611 613 612 
4889 3148 4772 3151 
4890 2106 2232 2107 
4891 3213 3501 3232 
4892 1634 4518 1633 
4893 1784 2106 1785 
4894 1147 1201 1200 
4895 4841 4844 2797 
4896 5596 6103 5226 
4897 3361 3363 2520 
4898 4752 5482 4409 
4899 1574 4801 1597 
4900 3941 4161 2165 
4901 1633 1801 1418 
4902 1037 1493 984 
4903 2519 2520 2247 
4904 2080 2247 1926 
4905 4735 4869 4737 
4906 798 801 800 
4907 2076 4915 2935 
4908 428 431 430 
4909 2874 2952 2951 
4910 1971 1972 1801 
4911 524 4807 542 
4912 1349 4764 1687 
4913 2834 3526 3321 
4914 3646 3742 3247 
4915 2950 3829 3828 
4916 4163 4165 4164 
4917 2537 2539 2538 
4918 3011 3839 3012 
4919 244 4431 243 
4920 1064 1065 992 
4921 3029 4231 4230 
4922 2151 2152 1739 
4923 3750 4111 2719 
4924 2086 4723 1742 
4925 3123 3835 3125 
4926 743 744 700 
4927 1998 4851 2000 
4928 699 700 673 
4929 2298 4671 3484 
4930 2928 2929 2489 
4931 618 5534 1214 
4932 4481 4482 1295 
4933 789 1784 1002 
4934 789 1002 765 
4935 2351 4555 2872 
4936 2234 2236 2233 
4937 2237 2618 2236 
4938 3329 3996 2700 
4939 481 1372 483 
4940 3388 3389 2845 
4941 1721 1925 1634 
4942 1114 1115 1065 
4943 1123 5564 1060 
4944 4718 4860 4359 
4945 607 4588 605 
4946 1854 4828 1067 
4947 1470 4977 1722 
4948 3388 4523 4045 
4949 672 673 651 
4950 650 672 651 
4951 485 3054 487 
4952 2763 3280 2618 
4953 3978 3979 3280 
4954 290 4787 289 
4955 2918 3591 2594 
4956 3793 3797 3794 
4957 1696 1907 1697 
4958 2106 2107 1785 
4959 2232 2233 2107 
4960 2925 3430 2531 
4961 2195 2196 1972 
4962 1784 1785 1002 
4963 1302 4492 1301 
4964 896 951 895 
4965 495 497 496 
4966 694 1657 674 
4967 2092 4661 1437 
4968 2669 2966 2965 
4969 2041 2092 1437 
4970 1590 4793 1594 
4971 780 795 794 
4972 1050 4577 1048 
4973 4937 5301 1911 
4974 2372 3525 3524 
4975 3772 5567 2359 
4976 586 1799 584 
4977 4165 4168 4166 
4978 922 954 897 
4979 2422 2423 2152 
4980 640 652 641 
4981 4680 4681 4588 
4982 549 4783 1034 
4983 5013 5087 2995 
4984 4572 4573 2888 
4985 2823 5042 4332 
4986 410 4830 270 
4987 1691 1692 1435 
4988 818 838 817 
4989 3317 3874 3613 
4990 4717 5898 3634 
4991 971 4569 2168 
4992 2718 4837 2314 
4993 839 845 838 
4994 3089 3090 3088 
4995 3072 3641 3073 
4996 2389 2655 2092 
4997 877 1781 853 
4998 1495 4733 2301 
4999 3655 3657 3656 
5000 1242 4936 1367 
5001 1603 4757 1606 
5002 777 4716 815 
5003 722 723 721 
5004 1539 1540 1398 
5005 2557 4855 2556 
5006 2182 4560 2488 
5007 2223 2648 2445 
5008 1812 4667 743 
5009 2645 4641 2644 
5010 1816 5707 4540 
5011 373 6204 4791 
5012 605 2343 602 
5013 2527 2759 2528 
5014 1313 1314 1311 
5015 695 741 694 
5016 3299 3862 2819 
5017 894 2189 736 
5018 437 5793 5775 
5019 5036 5038 5037 
5020 2741 4684 2362 
5021 2952 2954 2953 
5022 2807 6522 5017 
5023 613 615 614 
5024 4846 4854 2518 
5025 3396 5191 2486 
5026 1201 1252 1251 
5027 3551 3552 2642 
5028 1439 1440 1338 
5029 5015 5670 826 
5030 4126 5780 3210 
5031 4184 6089 345 
5032 741 4616 694 
5033 1034 4729 561 
5034 675 694 674 
5035 4008 4717 2918 
5036 650 651 636 
5037 866 895 865 
5038 4719 4966 1376 
5039 4486 5141 1889 
5040 2522 4785 3550 
5041 247 4823 350 
5042 1608 4988 1756 
5043 3057 3060 3059 
5044 2614 3032 3031 
5045 3515 6154 5227 
5046 592 1231 594 
5047 1594 4793 4780 
5048 4097 5830 2216 
5049 932 4795 1807 
5050 1243 3309 1817 
5051 2757 4574 2423 
5052 2648 4367 3492 
5053 3696 5229 4205 
5054 895 4854 865 
5055 1256 2300 1165 
5056 1457 1532 1456 
5057 2954 2956 2955 
5058 4974 6321 1952 
5059 3087 3088 3086 
5060 376 4559 4558 
5061 4880 4881 414 
5062 4725 4747 2934 
5063 2807 2808 2722 
5064 659 674 658 
5065 2142 2542 2401 
5066 3513 3824 2736 
5067 2368 4662 2252 
5068 1445 1446 1444 
5069 20 5003 19 
5070 2769 2770 2768 
5071 667 4685 1066 
5072 289 375 288 
5073 292 373 291 
5074 615 618 614 
5075 2709 2862 2861 
5076 560 4811 1105 
5077 1533 1742 1532 
5078 3559 4740 4739 
5079 3151 3214 3153 
5080 1434 1435 1388 
5081 3650 3651 2934 
5082 5239 5584 4695 
5083 4848 6247 6038 
5084 3946 3947 3944 
5085 2902 3644 2443 
5086 1033 1097 1096 
5087 3457 5893 3842 
5088 5131 5151 1392 
5089 2622 3374 3373 
5090 1016 5282 5033 
5091 4187 4188 4186 
5092 835 865 834 
5093 1622 2182 2181 
5094 2983 4250 2986 
5095 610 4771 611 
5096 2820 6332 5799 
5097 2664 3648 2665 
5098 581 4904 1859 
5099 2275 5061 1668 
5100 549 1034 561 
5101 1563 1963 1463 
5102 4135 4808 1500 
5103 2759 3631 3349 
5104 1246 4765 1333 
5105 1547 4699 2146 
5106 2966 2967 2965 
5107 1436 4185 1356 
5108 2146 2727 2726 
5109 1814 4743 571 
5110 598 601 600 
5111 2956 2958 2957 
5112 860 862 861 
5113 3845 3846 3668 
5114 630 2312 632 
5115 4691 4693 4692 
5116 923 934 922 
5117 898 922 897 
5118 878 897 877 
5119 1066 1546 1239 
5120 1199 4872 4871 
5121 3423 6124 4792 
5122 3376 3686 2838 
5123 2969 3633 3121 
5124 4686 4687 4685 
5125 4573 6162 3542 
5126 652 665 653 
5127 1600 4517 2333 
5128 854 877 853 
5129 2849 4720 2866 
5130 701 703 702 
5131 692 701 693 
5132 687 692 688 
5133 682 687 683 
5134 670 682 671 
5135 1494 1622 1621 
5136 665 670 666 
5137 3130 4753 3133 
5138 3898 3899 2999 
5139 1773 4300 2962 
5140 2150 4762 2450 
5141 1048 4577 1116 
5142 642 4816 2817 
5143 1610 4895 2042 
5144 613 614 612 
5145 1119 5621 5133 
5146 1096 4540 2875 
5147 2935 2936 2562 
5148 980 4731 1019 
5149 971 2168 938 
5150 2866 3457 2868 
5151 2423 4574 2425 
5152 2351 2871 2870 
5153 2297 4626 2356 
5154 630 632 631 
5155 2988 4056 3461 
5156 497 499 498 
5157 1137 5104 1885 
5158 613 616 615 
5159 1743 2086 1742 
5160 4056 4057 3461 
5161 2908 4586 2907 
5162 1462 5073 1562 
5163 744 762 746 
5164 566 1814 571 
5165 1810 2101 2100 
5166 2797 4738 2763 
5167 2574 4061 4060 
5168 2958 3724 2959 
5169 1541 1736 1539 
5170 3725 6131 6000 
5171 2862 2864 2863 
5172 2579 5215 2127 
5173 2196 4576 2198 
5174 626 640 639 
5175 4490 5062 3910 
5176 3156 4591 3159 
5177 2115 2908 2907 
5178 5581 5845 4749 
5179 501 508 502 
5180 5834 6410 3372 
5181 3723 6304 4738 
5182 2997 3733 2887 
5183 3103 3806 3104 
5184 508 511 509 
5185 2864 4171 3784 
5186 657 658 629 
5187 3588 5316 4952 
5188 3214 3245 3235 
5189 1676 5437 5270 
5190 860 861 859 
5191 4185 4932 4187 
5192 3285 3889 3888 
5193 5649 6368 3557 
5194 2450 4762 3308 
5195 511 513 512 
5196 3247 4950 3135 
5197 1397 1517 1516 
5198 4061 4660 4060 
5199 1891 1894 1893 
5200 513 515 514 
5201 2519 3362 3361 
5202 806 2802 823 
5203 515 540 516 
5204 1078 1124 1077 
5205 2175 2176 1806 
5206 3024 4935 3026 
5207 1498 1601 1497 
5208 4295 6065 4296 
5209 4840 5472 2909 
5210 2548 2786 2659 
5211 1749 1750 1748 
5212 1600 2331 2330 
5213 2595 4008 2918 
5214 1127 1169 1168 
5215 3367 3831 3244 
5216 906 927 926 
5217 4422 5118 1509 
5218 4485 4486 1291 
5219 2790 3637 3636 
5220 2930 2931 2929 
5221 1496 1497 1495 
5222 499 501 500 
5223 3293 4867 3294 
5224 3031 3285 3284 
5225 1331 1397 1396 
5226 4063 5887 5620 
5227 3091 3092 3090 
5228 2932 2933 2931 
5229 890 4918 945 
5230 3627 3855 3626 
5231 1570 4819 1572 
5232 4768 4769 4767 
5233 3033 4368 3779 
5234 1694 4775 1788 
5235 2083 2368 2252 
5236 3116 3763 2936 
5237 2680 4855 2557 
5238 4598 5066 1543 
5239 2614 3031 3030 
5240 2760 3033 2761 
5241 2355 2774 2624 
5242 3228 3407 3218 
5243 611 612 609 
5244 3139 3219 3141 
5245 511 4756 1760 
5246 1335 1812 743 
5247 3697 4333 3699 
5248 3151 4772 3214 
5249 2252 2614 2613 
5250 1409 1539 1398 
5251 1413 4874 2008 
5252 1040 5069 1039 
5253 1546 4683 1239 
5254 1447 1449 1446 
5255 4900 4901 2724 
5256 3006 5246 5144 
5257 1751 1764 1750 
5258 1257 1398 1256 
5259 30 310 29 
5260 3123 3125 3124 
5261 1450 1451 1449 
5262 2083 2252 2251 
5263 4382 4383 779 
5264 2112 4786 1700 
5265 538 4992 1886 
5266 739 3574 737 
5267 1432 1495 1431 
5268 765 4659 741 
5269 4778 5506 4376 
5270 1788 2083 1789 
5271 3064 5480 964 
5272 2080 2248 2247 
5273 4589 4950 3247 
5274 2922 2934 2250 
5275 1266 1268 1267 
5276 4357 4718 4356 
5277 1522 4987 1771 
5278 1301 4492 2284 
5279 744 746 745 
5280 884 906 905 
5281 2195 2595 2594 
5282 1572 4819 4801 
5283 3670 3671 3513 
5284 3470 5586 3376 
5285 1030 1033 1032 
5286 1747 1748 1745 
5287 1698 6026 4451 
5288 2450 3308 2452 
5289 766 789 765 
5290 28 3780 27 
5291 1978 1979 1809 
5292 3879 3903 2771 
5293 3079 4558 3097 
5294 1899 1900 1892 
5295 1015 1077 1014 
5296 4098 4099 4048 
5297 3193 4829 3196 
5298 3101 4782 2943 
5299 1813 3684 1812 
5300 1166 1256 1165 
5301 848 853 846 
5302 1633 4518 1971 
5303 2465 4626 2297 
5304 3196 4829 3256 
5305 1262 1264 1263 
5306 2840 3513 2736 
5307 2115 2907 1854 
5308 993 4835 958 
5309 1419 1634 1633 
5310 973 1014 972 
5311 3214 3235 3215 
5312 4932 4933 4187 
5313 3059 5516 4489 
5314 1455 1456 1452 
5315 1290 1292 1291 
5316 403 3499 159 
5317 3225 4859 3209 
5318 1655 1732 1656 
5319 3033 3779 2761 
5320 862 884 883 
5321 1294 1296 1295 
5322 2417 2418 2095 
5323 4746 5285 2368 
5324 632 634 633 
5325 2855 3322 2796 
5326 4895 4896 2650 
5327 2774 2776 2775 
5328 4608 5067 2294 
5329 3741 5206 1320 
5330 3235 3236 3215 
5331 1513 5061 1511 
5332 2941 5142 2391 
5333 2573 2838 2506 
5334 1890 4408 1285 
5335 2370 5005 1584 
5336 3133 3135 3134 
5337 271 410 270 
5338 126 5213 125 
5339 2776 2778 2777 
5340 868 910 909 
5341 2503 2504 2502 
5342 846 4572 845 
5343 2297 2356 2295 
5344 4872 4873 4871 
5345 1268 1270 1269 
5346 2587 4452 2206 
5347 636 667 635 
5348 1349 1687 1468 
5349 1328 1419 1418 
5350 2640 5004 3700 
5351 293 4792 292 
5352 2376 4956 2433 
5353 3570 3571 3569 
5354 4504 4917 4503 
5355 1064 2326 1114 
5356 591 4959 4629 
5357 703 705 704 
5358 1721 1926 1925 
5359 1894 1896 1895 
5360 834 4853 790 
5361 413 3983 22 
5362 2542 4419 3505 
5363 1199 4871 1125 
5364 2778 2780 2779 
5365 5150 5174 1586 
5366 2760 2761 2269 
5367 698 756 711 
5368 524 542 526 
5369 2568 2889 2569 
5370 720 721 719 
5371 1655 4915 2076 
5372 168 1924 167 
5373 2059 2410 1624 
5374 634 636 635 
5375 4468 4471 4466 
5376 2818 2819 2464 
5377 634 650 636 
5378 928 972 927 
5379 5002 5181 1792 
5380 1532 4750 1456 
5381 4905 5401 3501 
5382 1158 1172 1156 
5383 1218 1237 1219 
5384 2281 5225 2743 
5385 1655 2076 1732 
5386 756 782 757 
5387 782 824 783 
5388 1853 2568 1917 
5389 1333 4764 1349 
5390 3368 4400 2432 
5391 2876 2892 2877 
5392 2298 3484 2792 
5393 1376 4966 1195 
5394 1022 1431 610 
5395 2198 4576 2741 
5396 2852 3072 2853 
5397 4130 5665 943 
5398 3459 3960 3351 
5399 1787 5398 4280 
5400 2052 3543 2793 
5401 1152 1199 1125 
5402 634 635 633 
5403 792 834 790 
5404 2892 3999 3997 
5405 4345 4585 3998 
5406 1468 1651 1469 
5407 862 883 861 
5408 1782 4375 1267 
5409 970 971 938 
5410 1178 1328 1327 
5411 2129 2130 2016 
5412 2937 3116 2936 
5413 785 810 809 
5414 774 785 784 
5415 764 774 773 
5416 748 764 763 
5417 708 748 747 
5418 1194 1696 1380 
5419 810 813 812 
5420 3143 3224 3145 
5421 922 5083 954 
5422 4016 6211 1231 
5423 2966 3868 3860 
5424 932 1807 980 
5425 705 708 707 
5426 3786 5197 4018 
5427 2822 3403 2148 
5428 1896 1898 1897 
5429 3652 4855 2680 
5430 762 4670 746 
5431 2780 2882 2781 
5432 2270 2760 2269 
5433 4109 5301 3469 
5434 1091 1092 1024 
5435 1750 4691 1748 
5436 4807 6020 542 
5437 2353 2596 2163 
5438 747 4799 707 
5439 2903 3652 2680 
5440 2299 4755 604 
5441 3511 3704 3510 
5442 1077 1079 1014 
5443 2920 4870 4598 
5444 1058 5564 1737 
5445 742 765 741 
5446 1360 4913 1325 
5447 1588 1596 1590 
5448 3918 3919 404 
5449 1804 4211 1802 
5450 4796 4797 4795 
5451 2008 4874 2308 
5452 2042 2650 2485 
5453 1499 5039 1501 
5454 3052 3053 2535 
5455 4581 5927 4580 
5456 1280 1282 1281 
5457 1855 2115 1854 
5458 1694 1788 1741 
5459 1502 4135 1500 
5460 475 477 476 
5461 4628 6178 3651 
5462 1276 1278 1277 
5463 1908 1911 1910 
5464 1808 5419 5196 
5465 2981 2983 2982 
5466 632 633 631 
5467 3282 3351 2804 
5468 3126 3129 3128 
5469 3182 4890 3185 
5470 520 2014 522 
5471 4830 4831 269 
5472 3121 3123 3122 
5473 1329 2640 1849 
5474 1311 4615 1310 
5475 463 465 464 
5476 3242 3251 3248 
5477 465 467 466 
5478 622 2194 620 
5479 2983 2986 2984 
5480 4705 4706 2835 
5481 3209 4859 3223 
5482 1998 2000 1765 
5483 1272 1274 1273 
5484 1164 1165 1162 
5485 3129 4753 3130 
5486 3408 5436 3905 
5487 3109 4535 4534 
5488 2259 4939 1464 
5489 1685 1853 1686 
5490 1599 1734 1733 
5491 1300 1302 1301 
5492 2522 3550 2524 
5493 4813 4986 884 
5494 4691 4822 4693 
5495 1594 4780 1599 
5496 1125 4871 1124 
5497 467 469 468 
5498 3130 3133 3132 
5499 2589 3305 2588 
5500 675 695 694 
5501 2472 2736 2068 
5502 473 475 474 
5503 1671 4964 1669 
5504 469 471 470 
5505 1400 2041 1437 
5506 2640 3700 2643 
5507 471 473 472 
5508 1807 4731 980 
5509 1489 1854 1067 
5510 3325 3527 2738 
5511 2986 2988 2987 
5512 1306 1308 1307 
5513 738 2881 754 
5514 746 751 750 
5515 2253 4747 2834 
5516 4505 4508 4507 
5517 2369 5275 1560 
5518 3943 4803 3299 
5519 2685 3544 2854 
5520 630 631 624 
5521 1815 4813 862 
5522 4419 4421 4420 
5523 1216 1218 1217 
5524 518 4726 520 
5525 686 5341 3035 
5526 5117 5379 1975 
5527 3582 5545 3264 
5528 3804 3805 3795 
5529 3202 3218 3192 
5530 1807 4732 4731 
5531 1926 4916 1925 
5532 2433 3393 2439 
5533 4867 4868 3294 
5534 455 457 456 
5535 906 926 905 
5536 4566 4567 4563 
5537 2576 3428 3427 
5538 884 905 883 
5539 1898 1961 1960 
5540 453 455 454 
5541 4956 5183 4957 
5542 1580 1600 1582 
5543 534 547 536 
5544 3228 3449 3407 
5545 1615 3708 1244 
5546 1765 4840 1764 
5547 2544 2860 2161 
5548 4393 4394 4392 
5549 6296 6436 3700 
5550 1349 1468 1350 
5551 3229 3647 3646 
5552 1298 1300 1299 
5553 1247 4765 1246 
5554 4713 5615 3555 
5555 659 675 674 
5556 3189 4903 3202 
5557 457 459 458 
5558 3398 3705 3397 
5559 3440 5174 5150 
5560 636 4686 667 
5561 751 2910 769 
5562 646 648 647 
5563 1771 4776 2283 
5564 459 461 460 
5565 4179 6453 3721 
5566 3973 6367 3972 
5567 2736 4639 2068 
5568 644 646 645 
5569 2103 4671 2298 
5570 461 463 462 
5571 2094 2095 1979 
5572 1028 1030 1029 
5573 3333 3335 3334 
5574 290 4791 4787 
5575 4517 5027 2333 
5576 673 2335 651 
5577 2111 2351 2350 
5578 2283 3103 2858 
5579 2098 2099 1900 
5580 2219 2220 2206 
5581 903 4795 932 
5582 1304 1306 1305 
5583 2041 2389 2092 
5584 1961 2088 2087 
5585 2088 2303 2302 
5586 2101 2103 2102 
5587 4101 4656 3306 
5588 4618 4623 4622 
5589 1811 4480 1299 
5590 2170 2287 2099 
5591 4798 6300 979 
5592 896 952 951 
5593 1189 1247 1246 
5594 4805 4806 1815 
5595 4286 4287 4283 
5596 3278 3980 3277 
5597 648 662 649 
5598 937 938 935 
5599 2988 3461 2989 
5600 3016 5517 4092 
5601 819 860 859 
5602 716 717 589 
5603 2478 2718 2314 
5604 4691 4692 1748 
5605 642 644 643 
5606 4709 4838 4710 
5607 2752 3120 3119 
5608 1476 1779 1474 
5609 662 676 663 
5610 813 818 817 
5611 746 750 745 
5612 2188 2269 2116 
5613 744 745 700 
5614 4518 4990 1971 
5615 3282 4865 3459 
5616 2360 2666 2287 
5617 1019 1089 1088 
5618 1078 1125 1124 
5619 751 768 750 
5620 1574 1597 1576 
5621 1066 1239 1080 
5622 570 2938 565 
5623 1251 5852 4327 
5624 1239 1401 1240 
5625 5536 5624 4649 
5626 3428 3429 3427 
5627 3960 4390 3351 
5628 1568 1595 1570 
5629 3572 3573 3571 
5630 2196 2198 2197 
5631 3084 5332 4552 
5632 971 4828 4570 
5633 953 4854 895 
5634 818 839 838 
5635 839 846 845 
5636 4376 4802 4377 
5637 451 453 452 
5638 679 4887 689 
5639 4430 5311 2007 
5640 667 4686 4685 
5641 3202 4903 3246 
5642 1015 1078 1077 
5643 2308 4874 2981 
5644 399 5241 3908 
5645 637 638 625 
5646 2042 4895 2650 
5647 2065 5820 5500 
5648 845 4572 2888 
5649 1652 1655 1654 
5650 4800 6009 3714 
5651 1333 1349 1334 
5652 751 769 768 
5653 2760 4837 3914 
5654 1530 1567 1566 
5655 2195 4990 2595 
5656 3445 5877 4797 
5657 2764 2765 2487 
5658 4137 5704 3467 
5659 612 4934 4680 
5660 3946 3949 3947 
5661 1572 4801 1574 
5662 4074 4920 3442 
5663 2308 2981 2699 
5664 778 869 755 
5665 3276 3277 2683 
5666 973 1015 1014 
5667 938 4721 935 
5668 1130 4963 1222 
5669 29 4777 28 
5670 3202 3228 3218 
5671 2000 4840 1765 
5672 270 4830 269 
5673 3117 3450 3116 
5674 3013 3328 3327 
5675 3306 4656 3305 
5676 2198 2362 2361 
5677 3459 3961 3960 
5678 25 4449 342 
5679 1284 1286 1285 
5680 3159 3170 3166 
5681 769 816 768 
5682 1319 3019 1803 
5683 650 4810 2991 
5684 3093 3094 3092 
5685 754 4716 777 
5686 272 4590 271 
5687 1418 4682 1327 
5688 546 4783 549 
5689 1310 4615 2844 
5690 2084 2548 2547 
5691 1148 1331 1330 
5692 1452 4608 1451 
5693 3011 3012 2860 
5694 1133 4547 1099 
5695 2553 4566 4563 
5696 4956 4957 3393 
5697 3223 3242 3241 
5698 657 659 658 
5699 2533 5069 3029 
5700 2123 4879 2121 
5701 3420 4893 2515 
5702 2881 4716 754 
5703 433 435 434 
5704 2556 4851 1998 
5705 435 437 436 
5706 3249 4906 3191 
5707 2669 2965 2964 
5708 2362 2669 2668 
5709 431 433 432 
5710 859 903 855 
5711 819 855 816 
5712 2775 4857 2624 
5713 898 923 922 
5714 878 898 897 
5715 2574 4060 2837 
5716 1214 1216 1215 
5717 2969 3121 2970 
5718 854 878 877 
5719 2236 4900 2724 
5720 1034 4730 4729 
5721 4603 5928 3447 
5722 2116 4672 2115 
5723 3282 3459 3351 
5724 1401 2574 1704 
5725 1037 1494 1493 
5726 1441 1443 1442 
5727 2237 2797 2763 
5728 530 2830 532 
5729 2425 2427 2426 
5730 2727 3565 2726 
5731 3596 5636 3595 
5732 3839 4496 3012 
5733 860 4805 1815 
5734 1506 5070 1193 
5735 3378 6306 4087 
5736 3363 3365 3364 
5737 903 4796 4795 
5738 3328 4015 3938 
5739 906 928 927 
5740 2834 4725 3526 
5741 2240 4804 2783 
5742 1443 1445 1444 
5743 1308 1311 1310 
5744 2179 4822 4691 
5745 769 819 816 
5746 2034 4885 2175 
5747 668 669 661 
5748 2967 2969 2968 
5749 3413 3415 3414 
5750 2030 2493 2029 
5751 928 973 972 
5752 1313 1315 1314 
5753 848 854 853 
5754 341 6341 4023 
5755 819 859 855 
5756 3249 4907 4906 
5757 247 350 246 
5758 490 491 488 
5759 623 657 629 
5760 859 4796 903 
5761 4333 5418 338 
5762 1568 4923 1595 
5763 2467 4713 4712 
5764 2423 2425 2424 
5765 667 1066 1035 
5766 945 1106 998 
5767 4596 5477 4590 
5768 560 1105 548 
5769 441 5597 443 
5770 3889 4190 3888 
5771 718 719 717 
5772 3185 4971 4903 
5773 1246 1333 1248 
5774 2804 4679 2478 
5775 1028 4875 1030 
5776 4009 6171 1968 
5777 4206 4207 3450 
5778 414 4823 248 
5779 1728 5053 2136 
5780 2232 2785 2234 
5781 1128 1189 1135 
5782 1088 1128 1109 
5783 1189 1246 1190 
5784 2632 2912 1950 
5785 618 1214 1213 
5786 2817 6445 644 
5787 923 935 934 
5788 699 1335 743 
5789 1439 1441 1440 
5790 4661 5457 1685 
5791 3300 3944 3943 
5792 1780 2029 1779 
5793 4191 5137 3314 
5794 1409 1541 1539 
5795 1651 1652 1469 
5796 980 1019 1005 
5797 1019 1088 1084 
5798 4492 4748 4493 
5799 2179 4691 1750 
5800 1457 1533 1532 
5801 1651 4915 1652 
5802 2785 4841 2234 
5803 945 4918 1106 
5804 1859 4744 583 
5805 269 4831 268 
5806 1773 2090 869 
5807 4889 4971 4888 
5808 3145 3147 3146 
5809 125 1967 124 
5810 996 5042 994 
5811 2035 2063 2062 
5812 4192 4238 321 
5813 1451 4608 2294 
5814 1257 1409 1398 
5815 650 2991 672 
5816 3189 3192 3190 
5817 3285 3888 3284 
5818 437 439 438 
5819 372 4880 250 
5820 2843 3003 2617 
5821 971 4570 4569 
5822 4617 4618 1657 
5823 4382 6391 4383 
5824 1805 2035 2034 
5825 3479 3480 3101 
5826 254 4891 394 
5827 2470 4994 2266 
5828 1387 1388 1386 
5829 679 680 669 
5830 3466 4970 4907 
5831 3189 3202 3192 
5832 2760 3914 3033 
5833 3525 4909 3524 
5834 2595 4990 4026 
5835 3180 4890 3182 
5836 2006 4582 1678 
5837 866 896 895 
5838 1512 1513 1511 
5839 3673 4531 985 
5840 3031 3284 3030 
5841 1166 1257 1256 
5842 545 4839 1768 
5843 2355 5027 2774 
5844 1784 4399 2106 
5845 1455 1457 1456 
5846 2583 3554 2584 
5847 927 959 926 
5848 3308 4852 2452 
5849 2614 3030 2613 
5850 2555 2746 2246 
5851 2541 2796 2104 
5852 3209 3223 3222 
5853 4735 4737 4736 
5854 2136 3707 2561 
5855 4354 4357 4356 
5856 3186 3189 3188 
5857 5431 5846 5800 
5858 1747 1749 1748 
5859 2083 4746 2368 
5860 660 661 638 
5861 2252 2613 2251 
5862 970 4828 971 
5863 246 4664 245 
5864 3095 3408 3094 
5865 2083 2251 1789 
5866 2478 4679 2718 
5867 1756 2225 1757 
5868 4907 4970 3175 
5869 835 866 865 
5870 2115 4672 2908 
5871 3125 3126 3124 
5872 2943 4782 2941 
5873 3214 3215 3153 
5874 843 844 829 
5875 1608 1756 1609 
5876 1479 4911 2325 
5877 1753 4750 1532 
5878 3670 4160 3671 
5879 4669 4670 762 
5880 379 4833 294 
5881 932 980 933 
5882 3216 3249 3191 
5883 2903 5101 3652 
5884 2270 4837 2760 
5885 1335 1813 1812 
5886 294 4833 293 
5887 1533 1743 1742 
5888 2840 3670 3513 
5889 599 715 597 
5890 957 958 925 
5891 736 4754 735 
5892 1670 1671 1669 
5893 2940 5738 2745 
5894 883 2304 861 
5895 2200 2909 2545 
5896 1468 1469 1350 
5897 828 829 808 
5898 3504 3506 2543 
5899 1855 2116 2115 
5900 4068 5856 3815 
5901 1788 1789 1741 
5902 2795 3475 2631 
5903 334 5333 4293 
5904 3719 3721 3063 
5905 1751 1765 1764 
5906 1428 5060 1547 
5907 981 4491 929 
5908 4100 4101 3306 
5909 1841 1842 1840 
5910 1843 1844 1842 
5911 3071 4827 4826 
5912 1749 1751 1750 
5913 807 808 776 
5914 1601 4808 3897 
5915 858 1883 890 
5916 738 4754 2881 
5917 689 690 680 
5918 3062 3063 3061 
5919 1002 4659 765 
5920 1489 1855 1854 
5921 4280 5151 5131 
5922 1164 1166 1165 
5923 2188 2270 2269 
5924 4059 5661 454 
5925 712 713 690 
5926 3179 3198 3180 
5927 439 441 440 
5928 4045 4046 3389 
5929 1719 3693 1506 
5930 3475 5129 4786 
5931 2078 4848 1563 
5932 3559 4739 2623 
5933 2623 2625 2354 
5934 2433 4956 3393 
5935 775 776 772 
5936 860 1815 862 
5937 2945 2946 2649 
5938 678 698 696 
5939 3242 3248 3241 
5940 2935 2937 2936 
5941 1606 1608 1607 
5942 3457 3842 2868 
5943 2168 4721 938 
5944 1601 3897 2162 
5945 5096 5122 1653 
5946 1551 1552 1417 
5947 2472 2840 2736 
5948 3100 3101 2943 
5949 1655 1656 1654 
5950 924 925 888 
5951 233 5501 397 
5952 3143 3145 3144 
5953 790 4853 789 
5954 1099 1100 1062 
5955 4553 4554 2782 
5956 3218 4829 3192 
5957 3223 4859 3242 
5958 3136 3139 3138 
5959 394 4925 253 
5960 1834 5729 1832 
5961 2107 2108 1785 
5962 2164 6166 4121 
5963 2983 5186 4250 
5964 2216 5904 4097 
5965 3289 3290 2708 
5966 937 970 938 
5967 1445 1447 1446 
5968 771 772 770 
5969 3071 4824 3070 
5970 374 4122 3787 
5971 556 1259 554 
5972 759 760 713 
5973 4611 4694 4609 
5974 887 888 864 
5975 2169 4938 1840 
5976 1514 1515 1513 
5977 3824 4639 2736 
5978 6256 6321 3896 
5979 863 864 844 
5980 4020 6022 3486 
5981 1466 1467 1465 
5982 5365 5743 3768 
5983 3193 3196 3195 
5984 2236 2724 2233 
5985 2542 2543 2401 
5986 249 414 248 
5987 616 2842 619 
5988 616 4847 2842 
5989 1450 1452 1451 
5990 735 4754 738 
5991 2950 3828 2873 
5992 792 835 834 
5993 3903 6313 6081 
5994 2518 4854 953 
5995 3123 3124 3122 
5996 811 4799 747 
5997 1447 1450 1449 
5998 2798 4372 2134 
5999 2963 5009 2114 
6000 611 4847 613 
6001 2626 4243 3439 
6002 1216 5131 1218 
6003 3060 3061 3059 
6004 3280 3685 2618 
6005 3186 4903 3189 
6006 249 4880 414 
6007 4755 5132 606 
6008 2749 2752 2750 
6009 961 1007 1006 
6010 1156 5028 1154 
6011 1678 2339 1491 
6012 248 4823 247 
6013 2612 4010 3301 
6014 3263 3264 3262 
6015 2773 3419 2515 
6016 3495 4131 3400 
6017 2648 2649 2445 
6018 4657 5115 1982 
6019 1701 1713 1700 
6020 929 931 919 
6021 1367 4936 2305 
6022 1839 1840 1838 
6023 634 4810 650 
6024 779 780 760 
6025 1342 1416 1341 
6026 4224 4226 4225 
6027 2247 4916 1926 
6028 2274 2645 2644 
6029 2384 5126 2849 
6030 3216 3250 3249 
6031 906 4986 928 
6032 2500 2615 2499 
6033 1652 4915 1655 
6034 695 742 741 
6035 1679 1680 1671 
6036 1588 5174 1596 
6037 819 4805 860 
6038 4888 4971 4890 
6039 3436 5285 3048 
6040 3199 3220 3198 
6041 992 2518 953 
6042 1393 4926 4697 
6043 2793 4958 4690 
6044 3441 4891 255 
6045 1868 2040 1997 
6046 4339 5140 1324 
6047 2031 3451 2663 
6048 4906 4907 3175 
6049 2969 5204 3633 
6050 2623 4739 2625 
6051 3189 3190 3188 
6052 1722 2616 2191 
6053 3711 5075 3786 
6054 1349 1350 1334 
6055 3133 3134 3132 
6056 1390 1391 1210 
6057 5055 6133 6052 
6058 2619 2620 2293 
6059 632 4810 634 
6060 3860 5204 2967 
6061 2922 3650 2934 
6062 1496 1498 1497 
6063 3239 3243 3220 
6064 4697 4698 1238 
6065 1209 1210 1181 
6066 3501 3502 3232 
6067 2845 2846 1318 
6068 256 3441 255 
6069 1254 1255 1192 
6070 1237 4697 1238 
6071 1869 4519 1866 
6072 253 4925 252 
6073 2983 2984 2982 
6074 493 494 491 
6075 2879 3299 2819 
6076 1953 4291 1691 
6077 3179 3180 3178 
6078 3129 3130 3128 
6079 3139 3141 3140 
6080 2986 2987 2984 
6081 2774 5027 4014 
6082 3039 3040 3038 
6083 1553 1554 1552 
6084 441 443 442 
6085 2553 4563 4562 
6086 3168 4906 3175 
6087 1432 1496 1495 
6088 1845 1846 1844 
6089 766 790 789 
6090 989 5209 949 
6091 2296 2818 2464 
6092 1394 1395 1255 
6093 3176 3179 3178 
6094 2621 3643 2615 
6095 903 932 904 
6096 2047 3654 2442 
6097 4874 5186 2981 
6098 4623 4624 4622 
6099 4131 6101 1761 
6100 1118 5251 2916 
6101 2981 2982 2699 
6102 2988 2989 2987 
6103 3026 4935 3627 
6104 986 987 958 
6105 3492 5894 2945 
6106 608 1022 610 
6107 1393 4697 1237 
6108 1329 1849 1179 
6109 2568 2569 1917 
6110 1837 1838 1836 
6111 601 2299 604 
6112 445 447 446 
6113 1468 5184 1651 
6114 3191 4906 3167 
6115 37 5075 3711 
6116 447 449 448 
6117 154 311 153 
6118 1761 6101 5015 
6119 1008 5280 1021 
6120 1038 5370 4176 
6121 2226 2583 2396 
6122 1685 1686 1429 
6123 3168 3175 3174 
6124 5225 5226 3511 
6125 3029 5069 4404 
6126 2682 2683 2050 
6127 3300 3943 3299 
6128 3192 4829 3193 
6129 1238 4698 1530 
6130 3040 5515 5360 
6131 1467 5094 1465 
6132 1907 4937 1908 
6133 449 451 450 
6134 995 996 994 
6135 2394 2395 2248 
6136 1032 5111 1029 
6137 484 1253 482 
6138 1821 1822 1820 
6139 1115 1258 1065 
6140 926 1017 905 
6141 796 4702 798 
6142 1498 4808 1601 
6143 3141 3143 3142 
6144 4640 4878 3912 
6145 3185 4903 3186 
6146 343 4929 267 
6147 2405 2530 2075 
6148 106 344 105 
6149 1562 5073 2047 
6150 4432 4434 4433 
6151 1948 5002 1792 
6152 5004 6296 3700 
6153 3175 3176 3174 
6154 3461 3462 2989 
6155 1067 4828 970 
6156 4441 6453 761 
6157 3681 4123 3254 
6158 2368 5290 4662 
6159 3179 3199 3198 
6160 2314 4837 2270 
6161 2318 2617 2316 
6162 2876 2877 2133 
6163 1636 1637 1559 
6164 1501 5039 1989 
6165 2371 2372 2370 
6166 3167 3168 3165 
6167 742 766 765 
6168 3250 4908 3249 
6169 2257 4984 2323 
6170 361 6082 4091 
6171 2710 4007 2395 
6172 2709 2861 1796 
6173 4462 4464 4459 
6174 2079 2080 1926 
6175 613 4847 616 
6176 254 394 253 
6177 1528 1617 1534 
6178 1771 4987 4776 
6179 3656 3956 325 
6180 1407 4961 1405 
6181 3167 4906 3168 
6182 928 4986 2327 
6183 1333 1334 1248 
6184 1014 4800 972 
6185 1853 1917 1686 
6186 3196 3197 3195 
6187 4739 4741 2625 
6188 3198 4890 3180 
6189 3192 3193 3190 
6190 2452 4852 2455 
6191 2331 4858 2332 
6192 3281 3282 2804 
6193 3121 3122 2970 
6194 1847 1848 1846 
6195 2517 4343 1613 
6196 1402 1403 1250 
6197 3168 3174 3173 
6198 3182 3185 3184 
6199 4648 5687 4641 
6200 2937 3117 3116 
6201 3136 4950 3139 
6202 3832 3898 2999 
6203 4328 5445 1094 
6204 2221 2246 1731 
6205 10 4931 416 
6206 3254 5090 3252 
6207 739 5145 3574 
6208 3164 3167 3165 
6209 5543 5667 1786 
6210 1669 4964 2055 
6211 3135 3136 3134 
6212 4994 5393 2267 
6213 251 372 250 
6214 1801 4682 1418 
6215 856 2357 901 
6216 595 4864 1800 
6217 3242 3266 3251 
6218 495 496 494 
6219 795 796 794 
6220 1249 1250 1187 
6221 3700 3723 2643 
6222 443 445 444 
6223 3179 4970 3199 
6224 3199 3221 3220 
6225 1617 1729 1618 
6226 734 736 735 
6227 2180 5202 1385 
6228 1246 1248 1190 
6229 4890 4971 3185 
6230 164 3448 400 
6231 587 716 589 
6232 1189 1190 1135 
6233 1657 4621 674 
6234 1128 1135 1109 
6235 3383 5643 4032 
6236 581 1859 583 
6237 255 4891 254 
6238 2998 2999 2997 
6239 1787 5534 5398 
6240 3221 3239 3220 
6241 2640 2643 1849 
6242 2713 6483 4761 
6243 1088 1109 1084 
6244 732 734 733 
6245 769 4805 819 
6246 1479 1602 1480 
6247 250 4880 249 
6248 1720 1721 1634 
6249 2159 2160 2158 
6250 416 4942 9 
6251 268 343 267 
6252 3971 3972 2896 
6253 1208 1341 1206 
6254 4606 5643 4604 
6255 2331 2332 2330 
6256 1019 1084 1005 
6257 2196 2197 1972 
6258 980 1005 933 
6259 1022 1432 1431 
6260 2991 5026 672 
6261 577 907 579 
6262 787 4261 2971 
6263 1180 1181 1075 
6264 1788 4746 2083 
6265 1729 1865 1730 
6266 3163 4922 3172 
6267 4250 5304 2986 
6268 2857 2941 2391 
6269 1616 4696 1391 
6270 1801 4955 4682 
6271 2967 2968 2965 
6272 3253 3254 3252 
6273 2040 5624 5536 
6274 3157 3262 3155 
6275 1203 1528 1527 
6276 601 4850 2299 
6277 3151 3153 3152 
6278 2892 3997 2877 
6279 12 377 11 
6280 1630 1631 1629 
6281 955 2728 891 
6282 1795 2315 1523 
6283 377 4931 11 
6284 1237 1238 1219 
6285 2785 4842 4841 
6286 3220 4888 3198 
6287 2869 3629 2634 
6288 1186 1187 1169 
6289 9 4942 8 
6290 266 4929 415 
6291 3453 5888 4650 
6292 4868 5139 4869 
6293 366 3790 16 
6294 3483 5274 3482 
6295 1504 1505 1467 
6296 1835 1836 1834 
6297 2514 2515 2377 
6298 3156 3159 3158 
6299 623 5025 657 
6300 2818 2879 2819 
6301 6258 6335 4194 
6302 1555 1556 1554 
6303 801 802 800 
6304 1567 1568 1566 
6305 2415 3397 2180 
6306 3117 4206 3450 
6307 667 1035 635 
6308 2184 4560 2182 
6309 267 4929 266 
6310 3055 5236 3057 
6311 1603 1606 1605 
6312 1239 1240 1080 
6313 3620 5068 3748 
6314 3506 6192 4958 
6315 699 5026 1335 
6316 3544 4856 2854 
6317 3749 6250 3750 
6318 226 5494 225 
6319 4876 5014 4875 
6320 4564 5954 5595 
6321 556 5034 1259 
6322 1218 1219 1217 
6323 3243 4888 3220 
6324 1003 3064 964 
6325 1557 1558 1556 
6326 2803 2804 2478 
6327 2633 2634 2409 
6328 1823 1824 1822 
6329 618 1213 614 
6330 903 904 855 
6331 3172 4975 3161 
6332 266 415 265 
6333 10 416 9 
6334 3148 3151 3150 
6335 4907 4908 3466 
6336 3243 4889 4888 
6337 2253 2834 2833 
6338 2232 5029 2785 
6339 2526 3115 2231 
6340 3200 5006 3255 
6341 1401 1704 1240 
6342 3168 3173 3165 
6343 3328 5714 4015 
6344 11 4931 10 
6345 2988 5304 4056 
6346 3468 3469 2828 
6347 3283 4865 3282 
6348 2851 3845 3668 
6349 1066 1080 1035 
6350 4399 5029 2106 
6351 726 728 727 
6352 1722 4977 2616 
6353 3945 3946 3944 
6354 3026 3626 3625 
6355 1891 5141 1894 
6356 2969 2970 2968 
6357 550 642 564 
6358 307 4945 418 
6359 5898 6083 3634 
6360 3175 4970 3176 
6361 295 4949 379 
6362 2574 2837 1704 
6363 305 4946 380 
6364 3165 4922 3163 
6365 2198 2361 2197 
6366 2821 4945 308 
6367 295 379 294 
6368 418 4946 306 
6369 307 418 306 
6370 3024 3026 3025 
6371 417 4949 296 
6372 309 2821 308 
6373 3363 3364 2520 
6374 2362 2668 2361 
6375 308 4945 307 
6376 296 4949 295 
6377 305 380 304 
6378 419 4951 302 
6379 306 4946 305 
6380 297 417 296 
6381 3227 3252 3201 
6382 303 419 302 
6383 728 730 729 
6384 2375 2379 2373 
6385 301 4951 2820 
6386 302 4951 301 
6387 301 2820 300 
6388 3199 4970 3466 
6389 2125 5305 2123 
6390 1788 4775 4746 
6391 3013 3327 2427 
6392 2669 2964 2668 
6393 4762 4982 4763 
6394 3145 3146 3144 
6395 3284 5767 3030 
6396 724 726 725 
6397 686 3035 710 
6398 2074 5407 2404 
6399 3176 4970 3179 
6400 4942 6298 4259 
6401 3550 4894 2524 
6402 3185 3186 3184 
6403 2996 2997 2887 
6404 3173 4922 3165 
6405 545 1768 540 
6406 4454 4455 2914 
6407 3164 3165 3163 
6408 1099 4547 1100 
6409 1126 1127 1097 
6410 1865 1867 1866 
6411 2450 2452 2451 
6412 2577 2581 2155 
6413 730 732 731 
6414 1018 1061 996 
6415 3202 3246 3228 
6416 1825 1826 1824 
6417 921 988 969 
6418 584 4758 582 
6419 2886 2887 2389 
6420 3645 5267 2349 
6421 2167 5002 1948 
6422 264 364 263 
6423 1600 2330 1582 
6424 1448 5346 4421 
6425 568 852 562 
6426 3286 3880 3250 
6427 2604 2605 2255 
6428 3619 3620 2788 
6429 1661 4993 1904 
6430 1131 1132 1092 
6431 1151 1152 1125 
6432 2527 2528 2120 
6433 1987 2369 1560 
6434 2609 3038 1714 
6435 1370 1535 1371 
6436 3073 5079 4119 
6437 3248 4928 4927 
6438 3004 5122 5096 
6439 3176 3178 3177 
6440 595 1800 593 
6441 598 4850 601 
6442 3264 5487 3262 
6443 3180 3182 3181 
6444 988 1370 1012 
6445 4720 5759 3457 
6446 768 1769 750 
6447 1638 1639 1637 
6448 2076 2562 2204 
6449 3389 4910 2845 
6450 1196 1479 1377 
6451 4696 5349 1614 
6452 3294 4735 2604 
6453 932 933 904 
6454 847 848 846 
6455 4364 4365 2830 
6456 3180 3181 3178 
6457 3850 3851 3849 
6458 596 4850 598 
6459 573 1783 575 
6460 5104 5505 1885 
6461 1242 1367 1345 
6462 3174 4952 3173 
6463 1756 4988 2228 
6464 1367 1369 1368 
6465 1567 4923 1568 
6466 4054 5663 3573 
6467 3176 3177 3174 
6468 2150 2450 2449 
6469 336 6523 4019 
6470 2313 2314 2270 
6471 1675 1676 1541 
6472 3370 4029 3437 
6473 3223 3241 3240 
6474 2611 3570 3569 
6475 1191 1192 1090 
6476 3563 5155 2730 
6477 3815 5856 320 
6478 2477 2478 2314 
6479 2351 2870 2350 
6480 2187 2188 2116 
6481 538 1886 543 
6482 2398 3728 1676 
6483 422 423 421 
6484 2664 2665 2393 
6485 2862 2863 2861 
6486 1833 1834 1832 
6487 3742 4589 3247 
6488 3926 3927 2961 
6489 3265 3582 3264 
6490 51 319 50 
6491 3169 3191 3167 
6492 974 1067 970 
6493 3302 4940 2344 
6494 3317 3613 2825 
6495 2658 3772 2359 
6496 1827 1828 1826 
6497 740 770 681 
6498 261 383 260 
6499 1038 4176 1103 
6500 1829 1830 1828 
6501 3157 3263 3262 
6502 3370 5904 4029 
6503 1216 1217 1215 
6504 2277 2703 2689 
6505 2879 3300 3299 
6506 752 1113 781 
6507 3255 5113 3355 
6508 3253 3681 3254 
6509 3588 3589 3587 
6510 3463 5849 2661 
6511 3840 5491 4278 
6512 2864 3784 2863 
6513 4067 5022 4068 
6514 3163 3172 3161 
6515 624 4980 622 
6516 1678 4582 2339 
6517 627 5036 568 
6518 2340 3304 2259 
6519 4404 4405 4231 
6520 1632 2110 1631 
6521 1204 1205 1132 
6522 1652 1654 1653 
6523 722 724 723 
6524 4888 4890 3198 
6525 1831 1832 1830 
6526 2055 5212 2328 
6527 3204 3216 3191 
6528 1903 1905 1660 
6529 497 498 496 
6530 5285 5290 2368 
6531 1656 1694 1693 
6532 3135 4950 3136 
6533 4475 6420 3590 
6534 2211 2212 2210 
6535 1118 2916 1171 
6536 654 2285 627 
6537 1079 4800 1014 
6538 1739 2512 1537 
6539 3468 5704 4130 
6540 1366 2716 1322 
6541 1591 2370 1584 
6542 3139 3140 3138 
6543 2885 4671 2103 
6544 3844 5276 2891 
6545 884 4986 906 
6546 393 3697 3695 
6547 2835 4709 2290 
6548 2383 5008 2381 
6549 3586 3588 3587 
6550 3864 3933 3520 
6551 3193 3195 3194 
6552 4775 5223 4746 
6553 4078 4079 315 
6554 2845 4910 2846 
6555 633 2923 631 
6556 1488 1489 1067 
6557 3921 4095 3919 
6558 2463 5084 2510 
6559 1153 1154 1152 
6560 4768 4770 4769 
6561 1369 1473 1472 
6562 3328 3938 3327 
6563 1363 1364 1362 
6564 3147 3148 3146 
6565 1971 4990 2195 
6566 2253 2833 2832 
6567 84 333 83 
6568 4344 4477 4343 
6569 936 937 935 
6570 1227 5307 1230 
6571 1535 2239 1536 
6572 4005 6505 2697 
6573 3300 3945 3944 
6574 1990 5071 2154 
6575 1214 1215 1213 
6576 1157 1158 1156 
6577 4414 6227 2843 
6578 1335 5026 2067 
6579 3384 4452 2587 
6580 259 2273 258 
6581 3344 5800 4899 
6582 3143 3144 3142 
6583 1436 4932 4185 
6584 2915 3645 2349 
6585 1694 1741 1740 
6586 3177 4952 3174 
6587 2425 2426 2424 
6588 1027 1028 978 
6589 4751 5529 2020 
6590 3814 4201 3813 
6591 1640 1641 1639 
6592 657 5025 1870 
6593 5019 5023 1425 
6594 1159 1160 1158 
6595 2334 2963 2114 
6596 1155 1156 1154 
6597 4296 6441 3023 
6598 4366 5647 3322 
6599 3304 4939 2259 
6600 929 4491 931 
6601 3227 3253 3252 
6602 4582 5853 5302 
6603 4928 5708 3456 
6604 3446 5004 2640 
6605 977 978 952 
6606 391 5273 5137 
6607 5068 6149 3748 
6608 1161 1162 1160 
6609 3186 3188 3187 
6610 4312 6246 5546 
6611 1473 1682 1681 
6612 2067 2068 1813 
6613 633 4930 2923 
6614 1163 1164 1162 
6615 3255 3355 3354 
6616 1427 5019 1425 
6617 3454 3455 3045 
6618 3199 3466 3221 
6619 2431 3024 2733 
6620 2905 2906 2903 
6621 2681 2903 2680 
6622 2423 2424 2152 
6623 914 915 913 
6624 2942 2943 2941 
6625 2785 5029 4843 
6626 2306 3310 2546 
6627 501 5045 508 
6628 183 1952 182 
6629 198 5508 197 
6630 219 2137 218 
6631 148 401 147 
6632 162 312 161 
6633 191 5635 190 
6634 205 5679 204 
6635 212 5817 211 
6636 140 322 139 
6637 112 5357 111 
6638 119 5117 118 
6639 5137 5273 3314 
6640 3524 5005 2370 
6641 4706 4838 4709 
6642 4496 4498 4497 
6643 3899 5405 2999 
6644 2292 2293 2215 
6645 2408 2409 2012 
6646 3200 3255 3226 
6647 3252 4985 3201 
6648 2119 4566 2553 
6649 4843 4845 4842 
6650 720 722 721 
6651 3162 3164 3163 
6652 872 921 918 
6653 2914 4526 2468 
6654 1071 1698 1061 
6655 4199 4200 4198 
6656 3674 3675 2716 
6657 2431 5245 3024 
6658 3100 3479 3101 
6659 3450 5379 3116 
6660 2471 2472 2068 
6661 3036 3037 2995 
6662 1626 2004 2003 
6663 3141 3142 3140 
6664 3154 4591 3156 
6665 912 913 911 
6666 1487 5019 1427 
6667 1888 1998 1765 
6668 3562 3563 2730 
6669 3016 4092 4091 
6670 2254 2359 1965 
6671 1642 1643 1641 
6672 1929 5247 5144 
6673 1293 1294 1292 
6674 3182 3184 3183 
6675 3279 5008 2383 
6676 3517 3523 885 
6677 4131 4976 3400 
6678 3070 4824 4090 
6679 4215 4893 3420 
6680 1857 5340 2260 
6681 5055 6052 1871 
6682 2146 2726 2497 
6683 3527 5822 5756 
6684 2638 2880 2069 
6685 414 5335 4823 
6686 1297 1298 1296 
6687 2997 5405 3733 
6688 2136 5053 3707 
6689 570 5166 2938 
6690 1557 5031 1635 
6691 994 5042 1031 
6692 928 2327 973 
6693 3164 3169 3167 
6694 499 500 498 
6695 2887 5048 2389 
6696 3585 3714 3583 
6697 2290 2725 2392 
6698 1746 1747 1745 
6699 1999 2556 1998 
6700 1836 5614 2171 
6701 4755 6060 5861 
6702 4968 4969 3312 
6703 4013 5809 383 
6704 1547 2146 2145 
6705 455 456 454 
6706 4359 5624 4358 
6707 4650 6099 3642 
6708 2536 2537 2496 
6709 2704 2749 2748 
6710 3126 3128 3127 
6711 4633 4960 4632 
6712 487 4892 489 
6713 2190 5855 1916 
6714 3963 5829 312 
6715 3079 3097 2563 
6716 2009 2990 1876 
6717 1408 1512 1511 
6718 1644 1645 1643 
6719 2339 5302 4933 
6720 3223 3240 3222 
6721 3521 3522 3279 
6722 2854 4856 3604 
6723 4703 6419 3880 
6724 3105 3106 3004 
6725 3249 4908 4907 
6726 453 454 452 
6727 2759 3349 2528 
6728 1954 2010 1647 
6729 3183 3210 3181 
6730 1762 6400 5914 
6731 916 917 915 
6732 3242 4859 3266 
6733 1172 5028 1156 
6734 3558 3844 2891 
6735 869 5145 755 
6736 2985 5078 821 
6737 1057 1058 1056 
6738 2994 4502 4501 
6739 1646 1647 1645 
6740 1853 5457 2572 
6741 5698 6391 4382 
6742 1303 1304 1302 
6743 965 967 917 
6744 1739 5138 2512 
6745 1627 2256 1477 
6746 15 6486 386 
6747 2627 4129 3600 
6748 3173 5316 4922 
6749 2387 3549 2756 
6750 1744 1745 1743 
6751 501 502 500 
6752 457 458 456 
6753 2467 4712 2225 
6754 1799 4758 584 
6755 3648 3649 2665 
6756 3884 3989 3237 
6757 508 509 502 
6758 1316 1317 1315 
6759 3489 3893 3488 
6760 1078 1151 1125 
6761 2018 5834 1234 
6762 3248 4927 3241 
6763 2178 2290 2289 
6764 729 5622 1755 
6765 1261 1262 1252 
6766 2051 2052 1942 
6767 2559 2680 2557 
6768 1781 5996 4573 
6769 459 460 458 
6770 3157 4975 3263 
6771 3193 3194 3190 
6772 2582 3021 2581 
6773 3022 3488 3021 
6774 2308 2699 2698 
6775 461 462 460 
6776 3263 3265 3264 
6777 3182 3183 3181 
6778 3159 3160 3158 
6779 2595 4026 4008 
6780 465 466 464 
6781 3186 3187 3184 
6782 2240 2783 2342 
6783 2080 2394 2248 
6784 1438 1439 1338 
6785 3208 3209 3197 
6786 463 464 462 
6787 4118 5781 3313 
6788 2612 3301 2329 
6789 1849 5092 1179 
6790 1059 1060 1058 
6791 2857 2942 2941 
6792 2618 4900 2236 
6793 1270 5419 1269 
6794 65 340 64 
6795 92 352 91 
6796 97 398 96 
6797 74 341 73 
6798 88 337 87 
6799 25 342 24 
6800 47 338 46 
6801 56 339 55 
6802 2803 3281 2804 
6803 2426 4863 3027 
6804 3281 3283 3282 
6805 2220 2589 2588 
6806 1454 1455 1452 
6807 4302 6503 3065 
6808 1337 1338 1317 
6809 511 512 509 
6810 2163 5355 1690 
6811 4521 5147 4522 
6812 1049 1050 1048 
6813 1423 2347 1098 
6814 2428 2995 2366 
6815 3586 3587 3585 
6816 2673 3330 2262 
6817 3013 5273 3328 
6818 3928 3929 3927 
6819 2082 4968 3312 
6820 332 6322 3934 
6821 513 514 512 
6822 3371 3379 2646 
6823 1855 2187 2116 
6824 2491 3431 1958 
6825 2452 2455 2454 
6826 573 4892 1783 
6827 1275 1276 1274 
6828 1115 5092 1258 
6829 3823 4109 3469 
6830 2834 3321 2833 
6831 515 516 514 
6832 2090 2178 2091 
6833 2188 2313 2270 
6834 2430 5207 2603 
6835 2073 2215 2072 
6836 1392 5151 1400 
6837 1652 1653 1469 
6838 1419 1720 1634 
6839 2413 3402 1969 
6840 467 468 466 
6841 4226 4228 4227 
6842 4060 5187 2837 
6843 2645 4642 4641 
6844 1732 5223 4775 
6845 1894 5141 2904 
6846 2333 5027 2355 
6847 1265 1266 1264 
6848 1548 1549 1484 
6849 1668 5061 1513 
6850 3352 5777 3883 
6851 2438 5362 3653 
6852 1279 1280 1278 
6853 1381 1382 1205 
6854 2628 3004 2060 
6855 4618 4622 4621 
6856 638 5166 625 
6857 3188 3200 3187 
6858 2965 4862 2964 
6859 1428 1547 1486 
6860 1721 2079 1926 
6861 2347 4876 4875 
6862 469 470 468 
6863 4163 4164 3929 
6864 1711 2473 1718 
6865 2550 5855 4204 
6866 2126 2219 2206 
6867 3184 4985 3183 
6868 2122 2352 2124 
6869 1055 1056 1054 
6870 3216 3286 3250 
6871 937 974 970 
6872 635 4930 633 
6873 1797 1798 1549 
6874 3226 3227 3201 
6875 3195 3211 3194 
6876 1225 1226 1223 
6877 3130 3132 3131 
6878 3218 5108 4829 
6879 471 472 470 
6880 2008 2308 2307 
6881 3200 3201 3187 
6882 4701 5943 4700 
6883 5799 6332 3865 
6884 3255 3354 3226 
6885 4710 4711 2725 
6886 1515 1670 1669 
6887 3407 5108 3218 
6888 5012 5020 2249 
6889 1312 1313 1311 
6890 349 6182 4266 
6891 3806 3807 3104 
6892 3357 3370 3358 
6893 1289 1290 1288 
6894 489 4892 573 
6895 2786 3503 2659 
6896 2285 5036 627 
6897 1424 2249 1426 
6898 2177 2250 2063 
6899 3241 3360 3240 
6900 1043 1044 1042 
6901 2847 3279 2383 
6902 3048 5285 5223 
6903 1656 1693 1654 
6904 621 5025 623 
6905 3296 3396 2486 
6906 2998 3832 2999 
6907 2038 2039 1852 
6908 672 5026 699 
6909 1409 1675 1541 
6910 2944 3100 2943 
6911 1271 1272 1270 
6912 1047 1048 1046 
6913 1403 1877 1406 
6914 3570 3572 3571 
6915 3584 3586 3585 
6916 1397 1516 1396 
6917 2106 5029 2232 
6918 4787 4791 4789 
6919 3693 5070 1506 
6920 1500 4808 1498 
6921 4165 4166 4164 
6922 791 792 790 
6923 1682 2016 2015 
6924 1517 1666 1516 
6925 2041 2886 2389 
6926 2257 2258 2256 
6927 3227 3445 3253 
6928 4379 5938 5807 
6929 1085 1086 1060 
6930 2450 2451 2449 
6931 4321 6206 3887 
6932 3863 3865 3864 
6933 4802 5852 4377 
6934 2380 3546 2382 
6935 1039 5069 2533 
6936 3861 6497 6373 
6937 1283 1284 1282 
6938 2766 3302 2344 
6939 473 474 472 
6940 1424 5012 2249 
6941 3102 4012 4011 
6942 1041 1042 1040 
6943 2656 2697 2539 
6944 2477 2803 2478 
6945 597 4864 595 
6946 1709 1711 1710 
6947 3172 5089 4975 
6948 2313 2477 2314 
6949 3103 3104 2858 
6950 3162 3163 3161 
6951 1287 1288 1286 
6952 1736 5052 1539 
6953 839 847 846 
6954 3550 6117 4894 
6955 2183 2184 2182 
6956 1552 5258 1417 
6957 1045 1046 1044 
6958 716 718 717 
6959 718 720 719 
6960 2877 5111 2133 
6961 2365 3538 2367 
6962 3791 6486 3790 
6963 881 1761 850 
6964 1718 5221 2306 
6965 1941 1942 1939 
6966 1098 4875 1028 
6967 2686 2687 2551 
6968 878 2199 898 
6969 4226 4227 4225 
6970 2921 2922 2250 
6971 2849 2866 2865 
6972 2524 4894 2652 
6973 3200 3226 3201 
6974 2138 3014 1649 
6975 4868 4869 3294 
6976 475 476 474 
6977 1485 1487 1427 
6978 2996 2998 2997 
6979 3690 6057 5582 
6980 3136 3138 3137 
6981 1053 1054 1052 
6982 6116 6445 2817 
6983 3112 3682 3578 
6984 923 936 935 
6985 2455 3369 3319 
6986 2778 3107 2780 
6987 2548 2659 2547 
6988 2558 3268 2560 
6989 2569 2571 2570 
6990 1916 2128 1914 
6991 657 1870 659 
6992 2460 2461 2303 
6993 1334 1430 1248 
6994 3187 4985 3184 
6995 2604 4735 2605 
6996 1547 5060 4699 
6997 565 4811 560 
6998 1913 1914 1912 
6999 2394 2710 2395 
7000 3265 3583 3582 
7001 1429 4926 1393 
7002 1422 5012 1424 
7003 3241 4927 3360 
7004 3734 4005 2697 
7005 4330 5727 5247 
7006 2630 5468 5018 
7007 1331 1396 1330 
7008 2390 2391 2097 
7009 1033 1126 1097 
7010 2347 4875 1098 
7011 1707 1709 1708 
7012 1934 3323 1932 
7013 3855 4001 3626 
7014 3037 5013 2995 
7015 451 452 450 
7016 1164 1167 1166 
7017 1001 5104 1063 
7018 3874 3875 3613 
7019 1135 1136 1109 
7020 4679 5610 2718 
7021 748 831 764 
7022 4100 4380 4101 
7023 3230 3660 3260 
7024 2225 4712 2226 
7025 2166 2167 1948 
7026 4684 5203 3868 
7027 2898 4757 1602 
7028 1789 1790 1741 
7029 547 4992 536 
7030 477 478 476 
7031 910 911 909 
7032 2189 6301 6021 
7033 2613 3433 2251 
7034 2438 3653 3494 
7035 2837 4973 3560 
7036 3161 4975 3158 
7037 5401 5859 3501 
7038 2550 2551 2128 
7039 2388 2985 821 
7040 1335 2067 1813 
7041 3863 3864 3520 
7042 1051 1052 1050 
7043 2942 2944 2943 
7044 372 5277 4880 
7045 2866 2868 2867 
7046 103 5964 378 
7047 2472 2893 2840 
7048 813 1901 818 
7049 1127 1186 1169 
7050 2774 4014 2776 
7051 1005 1389 933 
7052 3169 3204 3191 
7053 3158 4975 3157 
7054 4982 5464 4763 
7055 608 5132 1022 
7056 3379 5284 2646 
7057 785 999 810 
7058 4038 4040 4039 
7059 848 5239 854 
7060 3160 3162 3161 
7061 2047 5073 3654 
7062 1151 1153 1152 
7063 3572 4054 3573 
7064 1651 5185 4915 
7065 3554 4114 2584 
7066 1120 1121 1086 
7067 3946 3950 3949 
7068 3469 5301 4937 
7069 2933 3112 3111 
7070 3908 3942 3907 
7071 3336 3337 3335 
7072 701 706 703 
7073 1488 2114 1489 
7074 3797 3857 3798 
7075 3294 4869 4735 
7076 5196 5419 4229 
7077 5390 5499 3113 
7078 3151 3152 3150 
7079 2218 3009 2657 
7080 3240 3261 3222 
7081 3604 4306 4305 
7082 4922 5310 3172 
7083 2884 2885 2103 
7084 1715 3941 2165 
7085 3584 3585 3583 
7086 1106 4983 998 
7087 2571 2586 2585 
7088 2886 2996 2887 
7089 2225 2226 1757 
7090 1413 5143 4874 
7091 4279 5149 1525 
7092 3849 5685 3848 
7093 1675 2398 1676 
7094 1756 1757 1609 
7095 3236 3925 3215 
7096 1568 1570 1569 
7097 4193 4194 3593 
7098 2384 2849 2848 
7099 2091 5145 869 
7100 1915 5499 5390 
7101 5312 6498 1884 
7102 934 5083 922 
7103 2989 3458 2987 
7104 1972 4955 1801 
7105 2879 5050 3300 
7106 614 4934 612 
7107 1608 1609 1607 
7108 2037 5162 2036 
7109 2418 2502 2501 
7110 3126 3127 3124 
7111 3288 3593 2885 
7112 1751 1888 1765 
7113 4962 5534 618 
7114 705 1872 708 
7115 28 4777 3780 
7116 2364 3289 2708 
7117 1907 1908 1697 
7118 4214 6043 3224 
7119 1499 1500 1498 
7120 3338 3478 3337 
7121 3265 3584 3583 
7122 1694 1740 1693 
7123 3160 3161 3158 
7124 3834 4259 3353 
7125 2583 2584 2396 
7126 3190 5006 3188 
7127 3933 5095 3520 
7128 3757 5092 1849 
7129 2589 3306 3305 
7130 687 1871 692 
7131 2321 2322 2258 
7132 1747 1752 1749 
7133 2982 3491 2699 
7134 3286 3988 3880 
7135 1153 1155 1154 
7136 1465 5094 1857 
7137 3222 5146 3197 
7138 1395 1466 1465 
7139 2427 4863 2426 
7140 2371 2373 2372 
7141 3188 5006 3200 
7142 847 885 848 
7143 974 1488 1067 
7144 3162 5081 3164 
7145 907 4904 579 
7146 5298 6520 3441 
7147 1680 1821 1820 
7148 3895 5561 4140 
7149 3258 3391 3257 
7150 2937 3456 3117 
7151 1157 1159 1158 
7152 4091 6493 361 
7153 1570 1572 1571 
7154 2389 5048 2655 
7155 2786 4967 3503 
7156 3980 5102 3277 
7157 2672 3477 3476 
7158 1911 1912 1910 
7159 2805 2806 2579 
7160 2140 2142 2141 
7161 398 4734 96 
7162 1155 1157 1156 
7163 1238 1530 1529 
7164 2785 4843 4842 
7165 3402 5164 1969 
7166 3201 4985 3187 
7167 745 5248 4689 
7168 1696 1697 1380 
7169 2678 3447 2596 
7170 3053 3087 3086 
7171 1483 1484 1332 
7172 3685 4900 2618 
7173 1683 5623 5552 
7174 2905 3703 2906 
7175 4496 4497 3012 
7176 2944 3353 3100 
7177 2681 2905 2903 
7178 857 5106 827 
7179 675 1174 695 
7180 1159 1161 1160 
7181 670 886 682 
7182 2504 2506 2505 
7183 1161 1163 1162 
7184 1530 1566 1565 
7185 3122 3870 2970 
7186 4093 6493 4092 
7187 3708 5915 4339 
7188 1175 3741 1320 
7189 2954 3118 2956 
7190 4580 6079 3648 
7191 2856 2857 2391 
7192 1460 1707 1706 
7193 2822 4325 3403 
7194 2944 3834 3353 
7195 2958 3940 3724 
7196 1637 5246 1559 
7197 3979 5470 3280 
7198 5538 5582 121 
7199 2067 2471 2068 
7200 3203 3257 3149 
7201 424 426 425 
7202 2541 2855 2796 
7203 2641 3690 3049 
7204 3531 3533 3532 
7205 396 4883 4882 
7206 3144 3212 3142 
7207 1512 1514 1513 
7208 4618 4621 1657 
7209 2113 2500 2499 
7210 933 5016 904 
7211 3663 3664 3234 
7212 2628 3105 3004 
7213 4310 4313 4312 
7214 1517 4981 1666 
7215 2514 2773 2515 
7216 3233 3662 3661 
7217 2559 2681 2680 
7218 6056 6094 3824 
7219 2142 2401 2143 
7220 3654 4996 2442 
7221 3194 5006 3190 
7222 3983 3986 3984 
7223 4462 5011 4464 
7224 2430 2603 2059 
7225 4922 5316 5310 
7226 1184 1185 1121 
7227 3156 3158 3157 
7228 5238 5515 3040 
7229 5075 5197 3786 
7230 4011 4921 3562 
7231 431 432 430 
7232 2571 5548 2586 
7233 2854 3604 3603 
7234 1606 1607 1605 
7235 3010 3074 2975 
7236 4296 6287 3809 
7237 4743 5093 640 
7238 2261 4979 2672 
7239 2451 2453 2449 
7240 1650 2140 2139 
7241 4655 5675 311 
7242 1741 5058 1740 
7243 2990 5057 1876 
7244 2818 4110 2879 
7245 3074 5442 2975 
7246 2558 5180 3268 
7247 2114 5009 1489 
7248 3130 3131 3128 
7249 1533 1744 1743 
7250 3026 3625 3025 
7251 170 313 169 
7252 1670 1679 1671 
7253 3332 3333 2940 
7254 4959 5795 4629 
7255 1163 5057 1164 
7256 548 4839 545 
7257 3881 4908 3250 
7258 2939 2940 2745 
7259 631 4980 624 
7260 896 977 952 
7261 2279 2729 2580 
7262 1612 1775 1611 
7263 1888 1999 1998 
7264 2058 2059 1624 
7265 2968 4862 2965 
7266 1422 5261 5012 
7267 1689 1701 1700 
7268 1591 2371 2370 
7269 1035 4930 635 
7270 3044 5059 3046 
7271 2856 5589 4947 
7272 5893 5987 3842 
7273 3330 5234 2262 
7274 3046 3531 3530 
7275 5644 5932 3382 
7276 4735 4736 2605 
7277 2485 3346 2629 
7278 1999 2557 2556 
7279 3519 3520 2580 
7280 4494 4495 3304 
7281 4161 6496 4162 
7282 2627 5058 4129 
7283 2036 5162 2279 
7284 1524 5466 5420 
7285 2294 5067 2296 
7286 763 5588 811 
7287 1501 1502 1500 
7288 787 2971 837 
7289 1623 1624 1502 
7290 652 1873 665 
7291 437 438 436 
7292 3905 6421 4288 
7293 2452 2454 2451 
7294 1489 5009 1855 
7295 2643 3757 1849 
7296 4636 4960 4633 
7297 3164 5081 3169 
7298 2849 5126 4720 
7299 3369 5812 5741 
7300 2308 2698 2307 
7301 1179 5092 1115 
7302 3998 5111 2877 
7303 435 436 434 
7304 593 4959 591 
7305 1221 4943 4651 
7306 2744 2745 2282 
7307 4697 5452 4698 
7308 2477 3497 2803 
7309 3057 3059 3058 
7310 3036 3542 3037 
7311 835 2639 866 
7312 2729 3692 3519 
7313 406 6125 4431 
7314 3055 3057 3056 
7315 2754 3753 3472 
7316 2837 3560 1704 
7317 3148 3149 3146 
7318 3136 3137 3134 
7319 2261 2672 2671 
7320 1249 1402 1250 
7321 2054 2223 2222 
7322 1410 1626 1625 
7323 1450 1454 1452 
7324 4129 5049 3600 
7325 1443 1458 1445 
7326 1950 4702 796 
7327 3024 3025 2733 
7328 2031 5010 3451 
7329 3140 5001 3138 
7330 4706 4709 2835 
7331 3258 3771 3391 
7332 2710 5046 4007 
7333 1572 1574 1573 
7334 2426 3027 3008 
7335 1576 1578 1577 
7336 2042 2485 2144 
7337 2082 3312 2599 
7338 21 317 20 
7339 1933 2054 2053 
7340 1505 1630 1629 
7341 2946 3070 2980 
7342 1149 1615 1244 
7343 4002 4003 2913 
7344 4654 5622 731 
7345 2569 2570 1917 
7346 1578 1580 1579 
7347 1574 1576 1575 
7348 2428 3036 2995 
7349 1240 1538 1080 
7350 1602 4757 1603 
7351 2493 3325 2738 
7352 3183 5090 3210 
7353 3549 3609 2756 
7354 3075 3076 2720 
7355 766 791 790 
7356 3707 4020 2561 
7357 3533 3535 3534 
7358 3195 5146 3211 
7359 1686 4926 1429 
7360 1884 6498 3932 
7361 2668 2979 2361 
7362 6228 6425 4542 
7363 2271 4519 1869 
7364 1186 1249 1187 
7365 3029 4404 4231 
7366 3521 3689 3522 
7367 433 434 432 
7368 2197 4955 1972 
7369 1602 1603 1480 
7370 2857 3731 2942 
7371 6356 6426 3000 
7372 1803 5105 1805 
7373 2150 2449 2448 
7374 2387 5098 3549 
7375 2995 5087 2366 
7376 1367 1368 1345 
7377 2280 2852 2184 
7378 2402 3736 2647 
7379 3300 5050 3945 
7380 2633 2869 2634 
7381 4875 5014 1030 
7382 3352 3883 3359 
7383 1744 1746 1745 
7384 1676 5270 1541 
7385 5555 6037 1372 
7386 3795 5526 3793 
7387 1580 1582 1581 
7388 3230 5001 3660 
7389 1191 1254 1192 
7390 439 440 438 
7391 1550 5260 1551 
7392 3132 3217 3131 
7393 2823 4332 4330 
7394 1936 5076 1938 
7395 3732 3861 2732 
7396 4358 5736 4355 
7397 3519 3863 3520 
7398 1938 2696 1940 
7399 2448 2730 2149 
7400 3997 3998 2877 
7401 441 442 440 
7402 1920 5166 638 
7403 3447 6374 4603 
7404 4265 5930 349 
7405 2045 2150 2149 
7406 4985 5090 3183 
7407 2223 2445 2444 
7408 1586 1588 1587 
7409 1313 1316 1315 
7410 1693 5096 1654 
7411 3148 3150 3149 
7412 2224 3052 2535 
7413 310 4777 29 
7414 716 6359 4745 
7415 4975 5089 3263 
7416 2915 3901 3645 
7417 2726 2972 2497 
7418 4364 4366 4365 
7419 2578 2579 2127 
7420 3046 5059 3531 
7421 2461 5084 2463 
7422 606 5132 608 
7423 2345 3055 2767 
7424 2035 2177 2063 
7425 1640 5178 1642 
7426 2555 3331 2746 
7427 447 448 446 
7428 3319 3553 3320 
7429 3252 5090 4985 
7430 1746 5087 1747 
7431 1588 1590 1589 
7432 1454 1524 1455 
7433 2390 2856 2391 
7434 5448 6337 2799 
7435 2906 5101 2903 
7436 1359 1476 1474 
7437 1218 5131 1392 
7438 3156 3157 3155 
7439 449 450 448 
7440 3660 3836 3260 
7441 3070 4090 4088 
7442 2133 5111 1032 
7443 2685 2854 2740 
7444 5951 6213 3367 
7445 1153 1521 1155 
7446 3385 3812 3387 
7447 3138 3230 3137 
7448 1610 2042 2013 
7449 4133 6321 3678 
7450 1479 1480 1377 
7451 1855 5009 2187 
7452 2146 2497 2145 
7453 4402 5365 2435 
7454 1423 5023 2347 
7455 5071 5072 3428 
7456 898 5021 923 
7457 2408 2633 2409 
7458 1300 1303 1302 
7459 2524 2652 2651 
7460 5318 5532 2602 
7461 1164 5057 1167 
7462 1790 5058 1741 
7463 2500 2621 2615 
7464 3203 3258 3257 
7465 3676 3677 3082 
7466 1794 2286 1880 
7467 1654 5096 1653 
7468 3289 4075 3290 
7469 1889 5141 1891 
7470 1439 1878 1441 
7471 1740 2060 1693 
7472 3838 5686 3581 
7473 1583 1586 1585 
7474 3009 3493 2657 
7475 2522 2524 2523 
7476 855 5323 816 
7477 4536 4537 4535 
7478 2347 4877 4876 
7479 1808 5196 1810 
7480 2729 3519 2580 
7481 1777 2072 1775 
7482 2052 4940 3543 
7483 1390 1616 1391 
7484 1254 1394 1255 
7485 3233 5081 3662 
7486 1022 5132 1944 
7487 1157 1930 1159 
7488 2621 3669 3643 
7489 5006 5113 3255 
7490 1000 5756 965 
7491 1590 1594 1592 
7492 1938 5076 2696 
7493 1740 2627 2060 
7494 277 5376 276 
7495 1161 1413 1163 
7496 2218 2334 2114 
7497 5026 5211 2067 
7498 3268 3425 2560 
7499 2743 3510 3509 
7500 3989 5107 3237 
7501 1389 5016 933 
7502 987 995 994 
7503 1209 1390 1210 
7504 3524 5498 5005 
7505 33 370 32 
7506 3695 3696 3694 
7507 2923 4980 631 
7508 1568 1569 1566 
7509 1583 5150 1586 
7510 625 5166 570 
7511 2221 2555 2246 
7512 1294 1297 1296 
7513 2870 4035 3297 
7514 1701 1714 1713 
7515 1413 1876 1163 
7516 2402 4989 3736 
7517 3108 3109 2806 
7518 2627 3600 2628 
7519 715 4864 597 
7520 659 5041 675 
7521 2661 4804 2239 
7522 2251 5035 1789 
7523 1675 2399 2398 
7524 5024 5995 3483 
7525 1022 1944 1432 
7526 4112 4601 4443 
7527 2130 4979 2016 
7528 445 446 444 
7529 1594 1599 1598 
7530 1290 1293 1292 
7531 1496 1499 1498 
7532 3102 4011 3562 
7533 1821 1823 1822 
7534 2110 2386 2385 
7535 3102 3562 2730 
7536 1599 1733 1717 
7537 1547 2145 1486 
7538 4330 5247 5216 
7539 1733 2111 2017 
7540 1561 2045 2044 
7541 2847 3521 3279 
7542 4664 6361 406 
7543 1021 5280 1175 
7544 2861 5209 1796 
7545 1369 1472 1368 
7546 750 5248 745 
7547 3424 3611 2770 
7548 2657 3858 2334 
7549 2111 2350 2348 
7550 4825 6205 5002 
7551 3319 3320 2454 
7552 2008 2009 1876 
7553 3377 5687 3959 
7554 2040 5320 1997 
7555 2307 2309 2009 
7556 2939 5333 3332 
7557 656 4261 787 
7558 1027 1098 1028 
7559 2910 5811 4806 
7560 2318 2843 2617 
7561 2150 2448 2149 
7562 3274 5568 4199 
7563 1238 1529 1219 
7564 516 4814 518 
7565 1795 2316 2315 
7566 4306 4832 4305 
7567 2627 2628 2060 
7568 3608 6363 4886 
7569 2834 4747 4725 
7570 755 5145 739 
7571 1217 1935 1215 
7572 1488 2218 2114 
7573 3230 3259 3137 
7574 4732 5841 3354 
7575 1319 5463 3019 
7576 3146 5065 3144 
7577 2285 5038 5036 
7578 1030 5014 1033 
7579 2681 3605 2905 
7580 1213 4934 614 
7581 791 821 792 
7582 1413 2008 1876 
7583 1473 1681 1472 
7584 370 6065 6048 
7585 2455 3319 2454 
7586 977 1027 978 
7587 2573 5825 3470 
7588 2008 2307 2009 
7589 3217 3237 3131 
7590 3128 5107 3127 
7591 2712 3082 2341 
7592 3205 3206 3171 
7593 3842 4972 2868 
7594 443 444 442 
7595 2439 2522 2440 
7596 4933 6280 3381 
7597 1682 2015 1681 
7598 3843 3878 388 
7599 2607 3667 3666 
7600 2279 2580 2390 
7601 1466 1504 1467 
7602 2279 2390 2097 
7603 828 843 829 
7604 1999 2558 2557 
7605 1180 1209 1181 
7606 2998 3833 3832 
7607 1663 5168 1662 
7608 3434 3435 2654 
7609 2090 2091 869 
7610 3327 4863 2427 
7611 4915 5185 2935 
7612 2448 3102 2730 
7613 775 807 776 
7614 1320 5206 1410 
7615 3260 3830 3259 
7616 3087 3089 3088 
7617 2860 5265 4733 
7618 1620 1985 1673 
7619 807 828 808 
7620 740 771 770 
7621 1862 2037 2036 
7622 3425 3528 2560 
7623 1772 5588 773 
7624 1308 1312 1311 
7625 2203 2685 2684 
7626 2609 3039 3038 
7627 4110 5050 2879 
7628 4514 5706 2590 
7629 2019 2446 2265 
7630 2571 2585 2570 
7631 3276 3278 3277 
7632 5242 6087 4628 
7633 2380 5086 3546 
7634 1141 1433 1143 
7635 771 775 772 
7636 2970 5051 2968 
7637 3313 5781 3507 
7638 3004 5096 2060 
7639 3263 5089 3265 
7640 3170 3171 3166 
7641 1749 5047 1751 
7642 1727 4968 2082 
7643 3921 4267 4095 
7644 1138 6062 4245 
7645 2558 2559 2557 
7646 3150 3203 3149 
7647 4104 5934 3487 
7648 5345 5754 4159 
7649 2067 5211 2471 
7650 3261 5146 3222 
7651 2290 2392 2289 
7652 780 794 793 
7653 3106 5122 3004 
7654 1823 1825 1824 
7655 482 5294 480 
7656 4395 4396 2829 
7657 3211 5113 3194 
7658 3238 3884 3237 
7659 1659 1662 1471 
7660 2426 3008 2424 
7661 1316 1337 1317 
7662 2711 3781 2710 
7663 2456 2458 2457 
7664 3775 5579 3924 
7665 2433 2439 2434 
7666 2281 2743 2742 
7667 3142 5088 3140 
7668 2886 4280 2996 
7669 1411 1420 1321 
7670 838 5512 817 
7671 5214 5456 4896 
7672 2254 2658 2359 
7673 2263 3352 2731 
7674 1337 1438 1338 
7675 2921 3789 2922 
7676 3102 5125 4012 
7677 3000 5468 2630 
7678 3197 5146 3195 
7679 841 1508 871 
7680 1747 5087 1752 
7681 3880 3881 3250 
7682 3138 5001 3230 
7683 843 863 844 
7684 1137 1885 1139 
7685 1008 1020 962 
7686 1882 2529 1946 
7687 2218 2657 2334 
7688 2177 2921 2250 
7689 1508 6474 4794 
7690 810 5043 813 
7691 1850 5263 4276 
7692 2776 5040 2778 
7693 824 5015 826 
7694 4759 4760 2032 
7695 1705 5195 1459 
7696 3230 3260 3259 
7697 1273 5641 4229 
7698 3610 5970 4758 
7699 1280 1283 1282 
7700 1570 1571 1569 
7701 2732 5207 2430 
7702 957 986 958 
7703 1276 1279 1278 
7704 3217 3238 3237 
7705 1615 3709 3708 
7706 923 5021 936 
7707 2743 5225 3511 
7708 3238 3895 3884 
7709 190 5634 189 
7710 1863 1864 1861 
7711 796 798 797 
7712 1898 2400 1961 
7713 3941 6496 4161 
7714 3204 5175 3216 
7715 847 3020 885 
7716 1980 6171 4009 
7717 1400 5151 2041 
7718 2585 2894 2570 
7719 2199 5021 898 
7720 2558 2560 2559 
7721 2461 2463 2462 
7722 4330 5216 4329 
7723 4385 6316 5460 
7724 3131 5107 3128 
7725 4889 5956 3246 
7726 3397 5202 2180 
7727 924 957 925 
7728 3523 5239 885 
7729 3020 3517 885 
7730 1412 2695 1919 
7731 1425 5023 1423 
7732 1894 2904 1896 
7733 2658 3773 3772 
7734 3664 5175 3234 
7735 1272 1275 1274 
7736 2849 2865 2848 
7737 437 5775 439 
7738 1303 1309 1304 
7739 3265 5089 3584 
7740 1789 5035 1790 
7741 2138 3015 3014 
7742 4703 5964 104 
7743 234 5501 233 
7744 818 5153 839 
7745 2088 2460 2303 
7746 2178 2289 2091 
7747 3089 3091 3090 
7748 3697 3699 3698 
7749 887 924 888 
7750 4815 5238 4728 
7751 1530 1565 1529 
7752 2045 2149 2044 
7753 863 887 864 
7754 900 2412 950 
7755 2809 5017 3913 
7756 3423 3443 3422 
7757 791 2387 821 
7758 1687 5184 1468 
7759 1825 1827 1826 
7760 1399 5082 1503 
7761 1565 3043 1529 
7762 3531 3532 3530 
7763 921 969 918 
7764 3323 5156 1932 
7765 2935 5185 2937 
7766 1837 1839 1838 
7767 3433 5035 2251 
7768 2977 4521 2978 
7769 2376 2433 2378 
7770 5108 5109 3256 
7771 1744 2365 1746 
7772 4442 5446 2324 
7773 1454 2380 1524 
7774 1284 1287 1286 
7775 3918 3922 3920 
7776 2611 5212 3570 
7777 2046 2078 1563 
7778 2152 5138 1739 
7779 2466 5106 857 
7780 1268 1271 1270 
7781 1841 1843 1842 
7782 2682 3276 2683 
7783 2296 5067 2818 
7784 3425 3529 3528 
7785 2866 2867 2865 
7786 3194 5113 5006 
7787 6285 6291 6076 
7788 1402 5066 1403 
7789 642 643 564 
7790 1949 2456 2229 
7791 1835 1837 1836 
7792 2051 2344 2052 
7793 1740 5058 2627 
7794 4646 5253 4644 
7795 1839 1841 1840 
7796 46 5418 45 
7797 1876 5057 1163 
7798 4738 6304 3978 
7799 2981 5186 2983 
7800 3262 5121 3155 
7801 1365 1560 1344 
7802 2365 5167 3538 
7803 195 4924 3655 
7804 893 894 736 
7805 1457 5167 1533 
7806 1870 5041 659 
7807 2332 3440 2330 
7808 1931 5259 4520 
7809 3604 4305 3603 
7810 1201 1261 1252 
7811 988 1012 969 
7812 2394 2711 2710 
7813 2218 5128 3009 
7814 2185 2755 2674 
7815 4457 5966 1871 
7816 1297 1875 1298 
7817 1827 1829 1828 
7818 802 804 803 
7819 2458 2591 2459 
7820 371 5075 38 
7821 4829 5108 3256 
7822 2274 5320 2645 
7823 4797 5946 3445 
7824 1421 2031 1420 
7825 3534 3729 3532 
7826 703 5056 705 
7827 2365 2366 1746 
7828 540 4814 516 
7829 2868 3345 2867 
7830 1515 5205 1670 
7831 2543 4989 2401 
7832 2993 5024 3483 
7833 1561 1987 1560 
7834 1702 2973 1887 
7835 2044 2320 1987 
7836 990 1041 1040 
7837 2041 5151 2886 
7838 1438 5157 1439 
7839 1370 1371 1012 
7840 2060 5096 1693 
7841 4716 5119 815 
7842 1941 2051 1942 
7843 2367 2428 2366 
7844 2387 2756 2388 
7845 1829 1831 1830 
7846 644 645 643 
7847 839 5153 847 
7848 661 1920 638 
7849 3533 3534 3532 
7850 3169 3233 3204 
7851 113 329 112 
7852 3044 3045 3043 
7853 1630 1632 1631 
7854 2380 2381 1524 
7855 2508 2509 2507 
7856 3027 5123 3008 
7857 646 647 645 
7858 5695 5919 319 
7859 2461 2462 2303 
7860 648 649 647 
7861 2365 2367 2366 
7862 1358 1545 1544 
7863 1780 2030 2029 
7864 3144 5065 3212 
7865 1447 5086 1450 
7866 1917 5080 1686 
7867 2386 5371 4323 
7868 1833 1835 1834 
7869 1262 1265 1264 
7870 1566 5169 1565 
7871 2453 5125 2449 
7872 2859 5625 4334 
7873 1476 1780 1779 
7874 662 663 649 
7875 3530 4613 3454 
7876 3046 3454 3045 
7877 1572 1573 1571 
7878 2101 2884 2103 
7879 3149 5065 3146 
7880 902 2466 857 
7881 2778 5040 3107 
7882 4374 6375 4373 
7883 2974 2977 2976 
7884 5531 5923 4171 
7885 798 800 799 
7886 4027 5333 2939 
7887 4690 5432 1937 
7888 1481 1482 1364 
7889 4326 5929 4325 
7890 3257 5065 3149 
7891 4721 5749 934 
7892 3206 4905 3213 
7893 1934 5158 3323 
7894 3063 3340 3061 
7895 4954 5932 5644 
7896 1751 5047 1888 
7897 1752 5047 1749 
7898 3134 5091 3132 
7899 2361 5099 2197 
7900 5586 5829 3963 
7901 2436 5195 1705 
7902 1535 1536 1371 
7903 3794 5565 3791 
7904 2367 2429 2428 
7905 1145 1906 1147 
7906 2585 3375 2894 
7907 4074 5033 4920 
7908 682 5055 687 
7909 3372 5566 1197 
7910 2287 2516 2099 
7911 2387 2388 821 
7912 981 5413 4491 
7913 1350 5363 4524 
7914 1573 1981 1571 
7915 974 5128 1488 
7916 1577 1619 1575 
7917 4014 5040 2776 
7918 1021 1107 1020 
7919 866 5077 896 
7920 2132 2211 2210 
7921 1499 1501 1500 
7922 2166 5171 2167 
7923 5970 6061 876 
7924 1831 1833 1832 
7925 1033 5014 1126 
7926 4687 5648 4685 
7927 1901 5153 818 
7928 792 5078 835 
7929 5595 5954 1336 
7930 4677 6264 3097 
7931 4455 4527 4526 
7932 3870 5051 2970 
7933 3014 5157 1649 
7934 3625 4016 3628 
7935 4080 4081 4079 
7936 1843 1845 1844 
7937 1545 1702 1648 
7938 3314 5273 3013 
7939 1922 5258 1552 
7940 190 5635 5634 
7941 39 371 38 
7942 1287 1289 1288 
7943 2586 5991 5773 
7944 567 5873 455 
7945 2756 3500 2388 
7946 813 5043 1901 
7947 999 5043 810 
7948 804 806 805 
7949 2344 4940 2052 
7950 3020 4086 3517 
7951 5247 5727 5144 
7952 2239 2240 1536 
7953 3212 5088 3142 
7954 3132 5091 3217 
7955 2418 2501 2095 
7956 2380 2382 2381 
7957 3767 3769 3766 
7958 1351 1352 1185 
7959 2016 2261 2015 
7960 5905 6146 5967 
7961 2870 3297 2350 
7962 2036 2279 2097 
7963 2967 5204 2969 
7964 2124 5030 2126 
7965 2374 2375 2373 
7966 2854 3603 2740 
7967 2711 3782 3781 
7968 1561 2044 1987 
7969 3081 4189 3342 
7970 1426 1428 1427 
7971 2818 5067 4110 
7972 3264 5545 5487 
7973 1108 1203 1107 
7974 4107 4108 4106 
7975 361 5910 285 
7976 2991 5211 5026 
7977 4139 5711 440 
7978 1428 1486 1485 
7979 1289 5156 1290 
7980 3310 3311 2546 
7981 2214 2536 2496 
7982 1800 4959 593 
7983 2140 2141 2139 
7984 1927 5444 5220 
7985 5233 5467 3544 
7986 4683 5718 1401 
7987 698 711 696 
7988 1007 1082 1006 
7989 3333 3336 3335 
7990 2938 4811 565 
7991 3216 5175 3286 
7992 3172 5310 5089 
7993 1565 3044 3043 
7994 2921 4274 3789 
7995 2359 5425 1965 
7996 665 5064 670 
7997 1903 5317 1905 
7998 648 5881 662 
7999 2382 2383 2381 
8000 742 5098 766 
8001 3057 5236 3060 
8002 2058 2430 2059 
8003 1623 2058 1624 
8004 4495 4939 3304 
8005 2442 4996 3394 
8006 3219 5572 3141 
8007 1026 1118 1117 
8008 1501 1623 1502 
8009 168 4995 1924 
8010 2142 2143 2141 
8011 3378 3421 2637 
8012 1680 5218 1821 
8013 1501 1989 1623 
8014 1583 1584 1581 
8015 1275 4999 1276 
8016 2485 2629 2144 
8017 3019 5254 5105 
8018 2865 3606 2848 
8019 1072 3343 1173 
8020 2239 4804 2240 
8021 2968 5051 4862 
8022 2672 3476 2671 
8023 2460 2913 2461 
8024 1576 1577 1575 
8025 5221 5222 3310 
8026 940 941 894 
8027 2391 5142 2097 
8028 2413 5147 3402 
8029 1574 1575 1573 
8030 2243 5785 1828 
8031 2261 2262 2015 
8032 1424 1426 1425 
8033 4081 4084 4083 
8034 2497 2799 2145 
8035 2397 3098 2227 
8036 1578 1579 1577 
8037 2384 2847 2383 
8038 3140 5088 5001 
8039 998 4983 1081 
8040 1562 1563 1463 
8041 2352 5030 2124 
8042 4042 5714 391 
8043 1027 1422 1098 
8044 3044 3046 3045 
8045 3398 4976 3705 
8046 675 5041 1174 
8047 706 5056 703 
8048 3455 5422 3045 
8049 6140 6423 431 
8050 3046 3530 3454 
8051 3099 3405 3098 
8052 2665 5305 2393 
8053 4662 5290 4663 
8054 1845 1847 1846 
8055 3481 3610 2773 
8056 1714 5074 1713 
8057 2946 2980 2649 
8058 1426 1427 1425 
8059 1092 5413 1024 
8060 3431 5299 1958 
8061 4204 6107 2686 
8062 1796 5209 989 
8063 4510 5352 4511 
8064 558 5034 556 
8065 5473 6507 2235 
8066 2226 2396 2227 
8067 4506 5594 4504 
8068 2537 2656 2539 
8069 1422 1423 1098 
8070 1428 1485 1427 
8071 3553 5836 4925 
8072 3781 5046 2710 
8073 520 522 521 
8074 4556 5497 2952 
8075 1877 5240 1406 
8076 2868 4972 3345 
8077 4457 6052 4456 
8078 3345 3754 2867 
8079 821 5078 792 
8080 2449 5125 2448 
8081 2328 5212 2611 
8082 3625 3628 3025 
8083 1486 1542 1485 
8084 1395 5243 1466 
8085 522 524 523 
8086 2348 2349 2017 
8087 2366 5087 1746 
8088 2058 2431 2430 
8089 1462 1463 1376 
8090 4336 6373 4335 
8091 1585 1591 1584 
8092 2382 2384 2383 
8093 3534 3730 3729 
8094 1580 1581 1579 
8095 1875 5432 5250 
8096 1767 2691 1604 
8097 983 984 941 
8098 2528 5317 2120 
8099 2036 2097 1863 
8100 1622 2183 2182 
8101 2042 2144 2013 
8102 3686 3837 2838 
8103 2401 2402 2143 
8104 3069 3536 3067 
8105 2376 2377 2375 
8106 2390 5095 2856 
8107 880 948 947 
8108 1959 3614 2492 
8109 1592 1593 1589 
8110 2397 3395 3099 
8111 1265 1792 1266 
8112 1717 1966 1598 
8113 4643 4644 4642 
8114 2753 3378 2637 
8115 316 4223 177 
8116 1241 3292 1170 
8117 1586 1587 1585 
8118 1441 5097 1443 
8119 680 942 669 
8120 1543 5066 1402 
8121 1681 1683 1472 
8122 2431 2733 2732 
8123 426 428 427 
8124 3406 3498 3405 
8125 749 5193 709 
8126 2591 2593 2592 
8127 3520 5095 2580 
8128 5220 5444 3066 
8129 1929 5246 1637 
8130 4172 4235 4233 
8131 1365 1561 1560 
8132 4350 5555 1372 
8133 1665 1862 1861 
8134 1015 5404 1078 
8135 2580 5095 2390 
8136 2371 2374 2373 
8137 2451 5135 2453 
8138 1219 5120 1217 
8139 3724 6131 3725 
8140 1036 1037 984 
8141 1582 1583 1581 
8142 1665 1860 1663 
8143 3266 5201 3251 
8144 705 5056 1872 
8145 4954 5644 1845 
8146 2126 5030 2219 
8147 2384 2848 2847 
8148 2347 5023 4877 
8149 4455 4526 2914 
8150 1533 5167 1744 
8151 1375 1376 1195 
8152 5109 5189 3256 
8153 3336 3338 3337 
8154 2291 5798 1824 
8155 3237 5107 3131 
8156 2189 6021 4754 
8157 3015 6418 4507 
8158 1408 5240 1512 
8159 278 6004 335 
8160 2607 2915 2349 
8161 4338 6373 4336 
8162 1422 1424 1423 
8163 1588 1589 1587 
8164 3123 5608 3835 
8165 4465 6214 4736 
8166 1242 1345 1344 
8167 995 1018 996 
8168 4531 5512 985 
8169 3633 5608 3121 
8170 2671 2673 2262 
8171 1230 1339 1229 
8172 1659 1663 1662 
8173 2440 2714 2434 
8174 2054 2222 2053 
8175 5183 5478 4957 
8176 2524 2651 2523 
8177 1590 1592 1589 
8178 18 5154 17 
8179 1994 3716 2676 
8180 3143 5572 3224 
8181 2504 2505 2502 
8182 1416 2993 1921 
8183 2677 2902 2443 
8184 1847 2069 1848 
8185 2448 5125 3102 
8186 829 5255 808 
8187 4645 4646 4644 
8188 3012 5265 2860 
8189 2378 2514 2377 
8190 4977 5044 2616 
8191 718 1957 720 
8192 2569 5380 2571 
8193 2306 5221 3310 
8194 3137 5091 3134 
8195 3169 5081 3233 
8196 2593 2694 2693 
8197 3342 3422 3341 
8198 873 891 833 
8199 1404 1543 1402 
8200 1805 5105 2035 
8201 2629 2630 2144 
8202 1690 5355 1461 
8203 2837 5187 4973 
8204 892 3077 963 
8205 3288 4193 3593 
8206 2076 2204 1732 
8207 3042 4053 1514 
8208 1424 1425 1423 
8209 2884 3288 2885 
8210 5091 5364 3217 
8211 4016 4025 3628 
8212 640 5093 652 
8213 1610 2012 1543 
8214 3678 3679 2800 
8215 3982 4071 3273 
8216 1594 1598 1592 
8217 1599 1717 1598 
8218 1733 2017 1717 
8219 687 5055 1871 
8220 2936 4784 2562 
8221 3057 3058 3056 
8222 2111 2348 2017 
8223 4038 4039 4037 
8224 676 678 663 
8225 2863 4798 2861 
8226 1439 5157 1878 
8227 1037 2602 1494 
8228 2279 5162 2729 
8229 2651 2891 2523 
8230 4257 5224 4258 
8231 1105 4839 548 
8232 886 5055 682 
8233 1317 5463 1315 
8234 3767 3770 3769 
8235 2141 2482 2139 
8236 5906 6420 4475 
8237 78 327 77 
8238 3044 5169 5059 
8239 1279 5269 1280 
8240 3069 4174 3599 
8241 2559 5114 2681 
8242 2933 3111 2931 
8243 4696 5570 5349 
8244 496 1970 494 
8245 4798 5209 2861 
8246 1337 1448 1438 
8247 3055 3056 2767 
8248 2522 2523 2440 
8249 284 5910 408 
8250 2415 3398 3397 
8251 3291 5740 4337 
8252 2937 5185 3456 
8253 1215 5170 1213 
8254 713 1955 690 
8255 1586 5174 1588 
8256 5012 5539 5020 
8257 1558 3006 2319 
8258 4943 5590 4247 
8259 2912 4702 1950 
8260 1406 5240 1408 
8261 2424 5138 2152 
8262 3066 3068 3067 
8263 756 757 711 
8264 1659 1664 1663 
8265 526 528 527 
8266 3342 3423 3422 
8267 2570 5080 1917 
8268 5122 5363 1653 
8269 2223 2444 2222 
8270 835 5078 2639 
8271 2261 2671 2262 
8272 1276 4999 1279 
8273 3644 5528 5440 
8274 3321 3608 2833 
8275 4078 4080 4079 
8276 3091 3093 3092 
8277 2740 3810 2684 
8278 3514 3879 2771 
8279 2993 3483 3482 
8280 2639 5077 866 
8281 5302 5853 2880 
8282 2979 5099 2361 
8283 1448 1649 1438 
8284 2201 2436 1705 
8285 524 526 525 
8286 2392 3291 2705 
8287 4182 5671 3908 
8288 4420 5814 3505 
8289 1569 5169 1566 
8290 2590 5706 1440 
8291 1450 5086 1454 
8292 1767 3066 2692 
8293 3006 3426 3007 
8294 5054 6363 3608 
8295 1136 5319 1109 
8296 2186 3788 1679 
8297 2445 2784 2444 
8298 2402 2646 2143 
8299 2947 4666 4063 
8300 1653 5363 1469 
8301 2442 3394 2670 
8302 2694 3567 3566 
8303 1403 5066 1877 
8304 1713 5074 2113 
8305 2685 2740 2684 
8306 528 530 529 
8307 2392 2705 2289 
8308 3915 5449 332 
8309 2828 4937 1907 
8310 1603 1605 1604 
8311 1928 5992 4637 
8312 1118 1171 1170 
8313 1711 1718 1710 
8314 2021 2474 2023 
8315 892 955 891 
8316 3690 5582 5538 
8317 1826 5785 2291 
8318 1650 2138 1649 
8319 4127 5330 4364 
8320 782 783 757 
8321 1171 1242 1241 
8322 1083 1129 1082 
8323 2875 5707 3438 
8324 4849 6264 4046 
8325 2871 5549 2870 
8326 2197 5099 4955 
8327 2013 2408 2012 
8328 2670 2771 2268 
8329 824 826 783 
8330 3918 3920 3919 
8331 1410 5206 1626 
8332 3721 5268 3063 
8333 3797 3798 3794 
8334 2408 3065 2633 
8335 1345 1365 1344 
8336 5089 5310 3584 
8337 428 430 429 
8338 1862 2036 1863 
8339 3474 3850 3849 
8340 1666 2084 1667 
8341 2264 4324 2160 
8342 3712 5177 2912 
8343 516 518 517 
8344 2886 5151 4280 
8345 766 5098 791 
8346 1232 3372 1197 
8347 1632 5164 2110 
8348 3392 3558 2891 
8349 2431 2732 2430 
8350 670 5064 886 
8351 1664 1665 1663 
8352 726 1968 728 
8353 1583 1585 1584 
8354 2733 3732 2732 
8355 780 793 760 
8356 530 532 531 
8357 896 5077 977 
8358 217 4675 346 
8359 963 1013 955 
8360 2475 3382 3380 
8361 1771 2283 2174 
8362 2016 4979 2261 
8363 2283 2858 2567 
8364 536 4992 538 
8365 1699 6058 1688 
8366 3487 5823 3424 
8367 1294 5208 1297 
8368 2345 5210 3055 
8369 1249 1404 1402 
8370 3570 4113 3572 
8371 2439 2440 2434 
8372 4334 5901 2601 
8373 3528 5114 2560 
8374 1686 5080 4926 
8375 1159 5143 1161 
8376 3307 4100 3306 
8377 518 520 519 
8378 4268 5684 4267 
8379 4114 4115 2584 
8380 3070 4088 2980 
8381 5268 6453 4441 
8382 2656 3734 2697 
8383 2688 2715 2276 
8384 856 5670 2357 
8385 4520 5657 4367 
8386 4180 5752 3429 
8387 730 1980 732 
8388 847 5153 3020 
8389 1346 1414 1339 
8390 1404 1610 1543 
8391 1862 1863 1861 
8392 3154 5085 4591 
8393 1709 1710 1708 
8394 66 4978 65 
8395 1522 1771 1770 
8396 1303 3047 1309 
8397 1488 5128 2218 
8398 722 875 724 
8399 2514 3481 2773 
8400 4880 5277 4881 
8401 664 686 685 
8402 2521 3080 2109 
8403 1822 5798 2245 
8404 551 552 544 
8405 532 534 533 
8406 1196 1377 1375 
8407 2597 5355 2163 
8408 1448 1650 1649 
8409 2647 3371 2646 
8410 1026 1090 1013 
8411 2047 2442 2268 
8412 1514 5205 1515 
8413 2712 3676 3082 
8414 2084 2547 2085 
8415 4416 6134 4415 
8416 2226 2227 1757 
8417 806 823 822 
8418 1404 5214 4895 
8419 4669 5811 4670 
8420 1412 1918 1394 
8421 1306 5134 1308 
8422 2658 3774 3773 
8423 553 554 552 
8424 1505 5278 1630 
8425 3006 5144 3426 
8426 3112 3578 3111 
8427 4554 5903 4857 
8428 2350 5232 2348 
8429 3010 3776 3074 
8430 3196 3256 3208 
8431 1769 5248 750 
8432 2961 4997 2791 
8433 2433 2434 2378 
8434 2560 5114 2559 
8435 4886 5537 4243 
8436 4760 5010 2032 
8437 1650 2139 2138 
8438 1873 5064 665 
8439 445 5604 714 
8440 2211 2486 2212 
8441 734 893 736 
8442 1117 1191 1090 
8443 4562 5465 4561 
8444 5431 5800 3344 
8445 2156 5383 4269 
8446 1679 5218 1680 
8447 5008 5466 2381 
8448 1161 5143 1413 
8449 1290 5156 1293 
8450 2852 4031 3072 
8451 1018 1071 1061 
8452 555 556 554 
8453 1848 6074 5385 
8454 1130 1220 1129 
8455 2730 5155 2149 
8456 2444 2662 2222 
8457 2348 2607 2349 
8458 4968 5997 4969 
8459 4080 4085 4082 
8460 1512 3042 1514 
8461 1129 5450 1082 
8462 2681 5114 3605 
8463 3296 3737 3396 
8464 3058 3909 3056 
8465 2986 5304 2988 
8466 677 5881 3486 
8467 796 797 794 
8468 2607 3666 2915 
8469 523 956 521 
8470 3697 3698 3695 
8471 6020 6512 542 
8472 1930 5143 1159 
8473 3291 3981 2705 
8474 3597 4028 3558 
8475 2401 4989 2402 
8476 2454 5135 2451 
8477 1148 1330 1211 
8478 1041 1043 1042 
8479 3159 3166 3160 
8480 534 536 535 
8481 2913 5084 2461 
8482 1081 1148 1122 
8483 815 5119 841 
8484 5016 5323 904 
8485 1103 1196 1195 
8486 1609 1927 1607 
8487 2939 3332 2940 
8488 1897 5878 2033 
8489 998 1081 1073 
8490 1026 1117 1090 
8491 6042 6288 4272 
8492 3097 6264 4849 
8493 3920 3921 3919 
8494 1293 5208 1294 
8495 2374 2376 2375 
8496 2629 3000 2630 
8497 57 5373 56 
8498 2263 5471 3352 
8499 1443 5097 1458 
8500 3320 5135 2454 
8501 3259 5091 3137 
8502 3038 5360 5074 
8503 963 1026 1013 
8504 3570 5212 4113 
8505 1287 1931 1289 
8506 1665 1861 1860 
8507 1610 2013 2012 
8508 697 2443 691 
8509 1298 5250 1300 
8510 2744 2939 2745 
8511 1875 5250 1298 
8512 4529 5995 4530 
8513 1863 5142 1864 
8514 1111 1206 1112 
8515 5853 6074 2880 
8516 6117 6208 4894 
8517 1283 5259 1284 
8518 945 998 997 
8519 767 1343 749 
8520 1043 1045 1044 
8521 1312 5397 1313 
8522 315 5600 41 
8523 2345 2766 2344 
8524 4003 5084 2913 
8525 2051 2345 2344 
8526 118 1975 117 
8527 3392 3597 3558 
8528 2651 3392 2891 
8529 1470 1722 1658 
8530 1919 1965 1918 
8531 4033 5599 355 
8532 3763 4784 2936 
8533 1541 5270 1736 
8534 892 963 955 
8535 1565 5169 3044 
8536 2203 2254 1965 
8537 1931 1932 1289 
8538 536 538 537 
8539 533 758 531 
8540 2460 3078 2913 
8541 386 5668 14 
8542 2097 5142 1863 
8543 1670 2186 1679 
8544 2242 2722 2721 
8545 1010 1111 1068 
8546 5243 5425 3490 
8547 890 945 944 
8548 2113 5074 2500 
8549 1936 1937 1875 
8550 1297 1936 1875 
8551 5433 6189 3691 
8552 4370 5902 2908 
8553 569 1964 628 
8554 557 558 556 
8555 1157 5266 1930 
8556 1846 5955 2156 
8557 1521 5266 1155 
8558 858 890 889 
8559 2402 2647 2646 
8560 401 6476 4156 
8561 3082 5353 2341 
8562 1240 5297 1538 
8563 2767 3607 2766 
8564 1217 5120 1935 
8565 1704 5297 1240 
8566 5120 5422 1935 
8567 2035 5105 2177 
8568 1938 1939 1937 
8569 3781 6170 5705 
8570 1242 1344 1241 
8571 1171 1241 1170 
8572 1559 5246 1558 
8573 3093 3095 3094 
8574 2024 2026 2022 
8575 1940 1941 1939 
8576 527 1982 525 
8577 936 5451 937 
8578 1529 5120 1219 
8579 2506 2883 2505 
8580 3560 5297 1704 
8581 3533 5680 3535 
8582 1175 5280 3741 
8583 1562 2047 2046 
8584 4088 4089 2980 
8585 3861 5207 2732 
8586 1878 5097 1441 
8587 3081 3341 3080 
8588 2330 5150 1582 
8589 1227 1229 1226 
8590 1695 2701 1774 
8591 478 858 504 
8592 1933 1934 1932 
8593 1038 1103 1102 
8594 2053 2061 1934 
8595 537 1973 535 
8596 1674 5892 424 
8597 1935 5170 1215 
8598 5927 6079 4580 
8599 652 5093 1873 
8600 500 1016 498 
8601 1047 1049 1048 
8602 2393 5305 2125 
8603 2376 2378 2377 
8604 1707 1708 1706 
8605 2647 3691 3371 
8606 1415 1611 1414 
8607 4881 5335 414 
8608 2148 4566 2119 
8609 4212 5510 4181 
8610 3287 4021 2855 
8611 2374 5183 4956 
8612 407 6004 279 
8613 1045 1047 1046 
8614 3233 3234 3204 
8615 1821 2117 1823 
8616 1417 5258 1416 
8617 1603 1604 1480 
8618 802 803 800 
8619 2894 5080 2570 
8620 2149 5155 2044 
8621 1155 5266 1157 
8622 1670 5205 2186 
8623 1997 5320 2274 
8624 1118 1170 1117 
8625 2240 2342 2341 
8626 3717 4236 3001 
8627 1729 2217 1865 
8628 4979 5755 2672 
8629 983 1038 1036 
8630 1528 1703 1617 
8631 1931 1933 1932 
8632 2342 2713 2712 
8633 893 3267 940 
8634 3805 6410 5834 
8635 2397 3099 3098 
8636 2755 3275 2674 
8637 1254 1412 1394 
8638 3078 4002 2913 
8639 976 1010 1009 
8640 3127 5389 3124 
8641 3122 5389 3870 
8642 3559 5903 4740 
8643 2120 5317 1903 
8644 3099 3406 3405 
8645 2203 2684 2254 
8646 2396 2397 2227 
8647 1373 5325 4987 
8648 519 2421 517 
8649 986 5179 987 
8650 3411 3412 2812 
8651 2511 6264 4677 
8652 1394 5243 1395 
8653 1483 1548 1484 
8654 3040 5638 5238 
8655 3346 5217 2629 
8656 1076 1183 1182 
8657 3078 4004 4002 
8658 873 892 891 
8659 3951 5744 3361 
8660 3586 5316 3588 
8661 3930 3931 3698 
8662 509 1974 502 
8663 4422 6190 5118 
8664 2032 5010 2031 
8665 1999 5180 2558 
8666 1591 5183 2371 
8667 1936 1938 1937 
8668 3490 3564 1504 
8669 1744 5167 2365 
8670 2345 2767 2766 
8671 1933 2053 1934 
8672 1626 2003 1625 
8673 8 5535 7 
8674 791 5098 2387 
8675 3058 3910 3909 
8676 4127 4363 3331 
8677 1253 5294 482 
8678 1888 5180 1999 
8679 3699 3930 3698 
8680 2183 2280 2184 
8681 3922 3952 3920 
8682 3154 3156 3155 
8683 1938 1940 1939 
8684 872 918 873 
8685 1280 5269 1283 
8686 2562 4784 2641 
8687 1692 1852 1851 
8688 1940 1943 1941 
8689 3324 3404 3039 
8690 2949 5274 4529 
8691 338 5418 46 
8692 1768 4814 540 
8693 944 2011 889 
8694 3649 3974 2665 
8695 459 5899 4476 
8696 3008 5138 2424 
8697 2924 6276 6222 
8698 3778 5875 5870 
8699 4066 5717 3999 
8700 3336 3755 3338 
8701 1919 2203 1965 
8702 1724 5407 2074 
8703 3333 5228 3336 
8704 3332 5228 3333 
8705 2085 2690 1667 
8706 1860 5168 1663 
8707 4933 5993 4187 
8708 1961 5160 2088 
8709 1722 2191 2109 
8710 2044 5155 2320 
8711 555 2002 557 
8712 4160 6259 2724 
8713 4079 5600 315 
8714 2645 5320 4643 
8715 3050 3051 2437 
8716 885 5239 848 
8717 2014 5851 4807 
8718 2608 2609 1714 
8719 559 572 563 
8720 1183 1194 1193 
8721 1524 5420 1455 
8722 1412 1919 1918 
8723 2030 5110 2493 
8724 2456 2457 2229 
8725 823 868 867 
8726 559 562 558 
8727 1126 5456 1127 
8728 1454 5086 2380 
8729 2160 2242 2241 
8730 3215 5085 3153 
8731 904 5323 855 
8732 1825 2483 1827 
8733 968 2419 1004 
8734 3755 3756 3338 
8735 3584 5310 3586 
8736 2404 5407 3075 
8737 1109 5319 1084 
8738 1073 1074 997 
8739 2135 2541 2104 
8740 3069 3599 3536 
8741 2338 2432 2081 
8742 1023 5938 4379 
8743 1499 5329 5039 
8744 1900 5482 4752 
8745 1664 5176 1665 
8746 3259 5364 5091 
8747 2789 3001 2358 
8748 1896 5159 1898 
8749 2186 4169 3788 
8750 3043 5120 1529 
8751 3308 5623 4852 
8752 1548 1797 1549 
8753 3921 4268 4267 
8754 5310 5316 3586 
8755 893 940 894 
8756 1728 2104 1719 
8757 4460 6148 4463 
8758 1767 2692 2691 
8759 3349 3811 2528 
8760 4102 6318 2564 
8761 1507 1719 1506 
8762 4761 6439 2713 
8763 2884 4229 3288 
8764 3678 6321 6256 
8765 14 5668 13 
8766 1503 5082 2019 
8767 3018 3623 2494 
8768 4521 4522 2978 
8769 1371 1988 1012 
8770 2428 5286 3036 
8771 1421 2032 2031 
8772 1936 5208 5076 
8773 480 5585 477 
8774 1797 2127 1798 
8775 1213 5170 4934 
8776 948 976 975 
8777 3081 3342 3341 
8778 1649 5157 1438 
8779 1300 5250 1303 
8780 3068 3069 3067 
8781 3537 4116 3051 
8782 1947 5281 4818 
8783 1262 5281 1265 
8784 1821 5218 2117 
8785 2589 3307 3306 
8786 2027 2028 2026 
8787 1194 1380 1379 
8788 1153 5361 1521 
8789 2317 2318 2316 
8790 1373 1374 1211 
8791 4497 5265 3012 
8792 563 568 562 
8793 3770 4128 3769 
8794 5111 5322 1029 
8795 2191 2600 2521 
8796 3256 5189 3208 
8797 1582 5150 1583 
8798 1049 1051 1050 
8799 2240 2341 1536 
8800 1605 1767 1604 
8801 3460 5924 3516 
8802 2847 5163 3521 
8803 940 983 941 
8804 5420 5466 3538 
8805 1308 5134 1312 
8806 69 324 68 
8807 569 627 568 
8808 4081 4083 4079 
8809 452 1983 450 
8810 3066 3067 2692 
8811 462 2070 460 
8812 1466 3490 1504 
8813 516 517 514 
8814 2322 4058 3002 
8815 1695 1731 1616 
8816 2429 5286 2428 
8817 1908 1910 1909 
8818 628 654 627 
8819 2342 2712 2341 
8820 2050 5110 2030 
8821 2145 5161 1486 
8822 6416 6524 2652 
8823 1774 2221 1731 
8824 664 681 654 
8825 710 752 749 
8826 276 5376 405 
8827 3991 5332 3084 
8828 3869 5933 5189 
8829 3801 3802 3799 
8830 685 740 681 
8831 2458 2459 2457 
8832 3289 4076 4075 
8833 458 506 456 
8834 522 523 521 
8835 3503 3902 2659 
8836 2567 3271 2174 
8837 2607 5232 3667 
8838 969 1928 918 
8839 1504 5278 1505 
8840 3807 3808 3104 
8841 4445 5719 3297 
8842 2203 5233 2685 
8843 4589 6427 3219 
8844 3801 3840 3803 
8845 1357 1363 1362 
8846 798 799 797 
8847 1375 1462 1376 
8848 120 326 119 
8849 1261 5281 1262 
8850 2915 5165 3901 
8851 1220 2277 2276 
8852 4530 5224 4257 
8853 1956 1969 1632 
8854 868 909 908 
8855 752 781 767 
8856 1432 5329 1496 
8857 468 505 466 
8858 1186 5214 1249 
8859 5775 5793 4065 
8860 1932 5156 1289 
8861 1666 1667 1516 
8862 1462 1562 1463 
8863 1728 2136 2135 
8864 1522 1523 1374 
8865 472 1977 470 
8866 2093 3113 3005 
8867 258 5541 257 
8868 781 832 788 
8869 2364 5340 3289 
8870 832 872 833 
8871 4590 5477 410 
8872 983 1036 984 
8873 1944 5329 1432 
8874 1057 1059 1058 
8875 1196 1375 1195 
8876 686 710 709 
8877 2977 2978 2976 
8878 4820 6432 4821 
8879 3153 3154 3152 
8880 3113 4103 4102 
8881 2841 5505 5104 
8882 553 555 554 
8883 2260 5340 2364 
8884 2185 2413 1969 
8885 3052 5454 3053 
8886 2674 3350 2413 
8887 1174 5415 695 
8888 1792 5181 1266 
8889 1770 1795 1523 
8890 4645 4649 4647 
8891 2645 4643 4642 
8892 1512 5240 3042 
8893 2459 3344 2457 
8894 2973 2974 1887 
8895 1036 5318 1037 
8896 1411 1421 1420 
8897 5552 5623 4763 
8898 2696 5336 1940 
8899 2397 5219 3395 
8900 1829 2235 1831 
8901 5047 5180 1888 
8902 1918 5425 5243 
8903 3043 5422 5120 
8904 3208 3225 3209 
8905 2229 2441 2166 
8906 1466 5243 3490 
8907 2743 3509 2742 
8908 1103 1195 1102 
8909 1379 1506 1193 
8910 1949 2166 1948 
8911 1658 5351 1659 
8912 1562 2046 1563 
8913 1727 5593 4968 
8914 4080 4082 4081 
8915 2136 2561 2494 
8916 2929 5543 4571 
8917 1055 1057 1056 
8918 804 805 803 
8919 5250 5432 3047 
8920 1076 1180 1075 
8921 3974 5305 2665 
8922 1702 1887 1648 
8923 794 5299 793 
8924 1416 5258 2993 
8925 669 5192 661 
8926 424 425 423 
8927 1924 3894 167 
8928 1979 5506 4778 
8929 664 685 681 
8930 4966 5318 1102 
8931 4325 5929 2616 
8932 1338 5706 1317 
8933 4030 6143 215 
8934 4522 4544 2978 
8935 1862 5176 2037 
8936 3109 4536 4535 
8937 2578 2805 2579 
8938 3096 4044 3752 
8939 1701 2608 1714 
8940 3152 5121 3150 
8941 3116 5379 3763 
8942 3352 3359 2731 
8943 628 664 654 
8944 1059 1085 1060 
8945 1947 1948 1792 
8946 3244 4905 3206 
8947 1469 5363 1350 
8948 2110 5164 2386 
8949 3831 5401 4905 
8950 1053 1055 1054 
8951 4630 5403 2859 
8952 872 873 833 
8953 4610 5867 4612 
8954 2641 3048 2204 
8955 524 525 523 
8956 1835 2346 1837 
8957 2609 3324 3039 
8958 1496 5329 1499 
8959 2061 5158 1934 
8960 555 557 556 
8961 1630 1956 1632 
8962 2566 2822 2148 
8963 569 628 627 
8964 1647 1856 1645 
8965 528 529 527 
8966 3297 5232 2350 
8967 1486 5161 1542 
8968 2276 5450 1129 
8969 1643 2173 1641 
8970 799 1958 797 
8971 2093 2702 1909 
8972 1051 1053 1052 
8973 1639 1929 1637 
8974 520 521 519 
8975 3018 4221 4220 
8976 4227 5298 4225 
8977 2435 5878 1960 
8978 4578 6506 4066 
8979 1077 5691 1079 
8980 2703 2704 2689 
8981 1564 2416 2414 
8982 2118 2119 2028 
8983 4089 6395 6391 
8984 2442 2670 2268 
8985 2649 5188 2445 
8986 1008 1021 1020 
8987 2521 3081 3080 
8988 2848 5163 2847 
8989 530 531 529 
8990 1558 5246 3006 
8991 3407 5412 5108 
8992 526 527 525 
8993 557 559 558 
8994 2555 4127 3331 
8995 1962 3948 131 
8996 510 5973 463 
8997 563 569 568 
8998 5464 5552 4763 
8999 2670 3514 2771 
9000 1673 5130 1794 
9001 4428 5394 1176 
9002 1266 5181 1268 
9003 1085 1120 1086 
9004 3606 5163 2848 
9005 2749 2750 2748 
9006 478 504 476 
9007 3811 5317 2528 
9008 2288 5734 4212 
9009 3150 5121 3203 
9010 2574 5718 4061 
9011 1265 1947 1792 
9012 5138 5417 2512 
9013 4275 5942 3822 
9014 1024 5413 981 
9015 2049 2717 2089 
9016 1347 5314 4977 
9017 495 5839 1766 
9018 532 533 531 
9019 1850 6235 5263 
9020 538 543 539 
9021 4473 6507 5473 
9022 1038 1102 1036 
9023 2974 2975 1887 
9024 1021 1108 1107 
9025 3440 5150 2330 
9026 5248 6092 4688 
9027 3980 6460 5102 
9028 1223 4943 1221 
9029 5479 5568 3272 
9030 1147 5172 1201 
9031 4730 6458 4729 
9032 1324 5140 1359 
9033 3615 3713 2492 
9034 534 535 533 
9035 2019 5082 2446 
9036 697 3272 2677 
9037 2764 5616 2765 
9038 1143 5182 1145 
9039 559 563 562 
9040 5296 5924 5849 
9041 4745 6359 4744 
9042 2695 5233 1919 
9043 1810 5196 2101 
9044 714 6224 447 
9045 3396 6129 5754 
9046 1558 2319 1556 
9047 1284 5259 1287 
9048 2348 5232 2607 
9049 3063 5268 3340 
9050 1969 5164 1632 
9051 1390 1695 1616 
9052 1343 5193 749 
9053 2191 2521 2109 
9054 551 553 552 
9055 1994 2675 986 
9056 1545 1648 1544 
9057 1382 1384 1383 
9058 1614 5349 1689 
9059 2693 3390 2592 
9060 1020 5279 962 
9061 3162 5408 5081 
9062 2805 3108 2806 
9063 1421 3541 2032 
9064 2889 5584 5380 
9065 2047 2268 2046 
9066 807 830 828 
9067 1316 5346 1337 
9068 1458 5427 1445 
9069 5108 5412 5109 
9070 536 537 535 
9071 2883 3548 2505 
9072 1297 5208 1936 
9073 2998 5398 3833 
9074 2400 5160 1961 
9075 2584 5219 2396 
9076 4645 4647 4646 
9077 2185 2674 2413 
9078 3312 5424 3871 
9079 2735 3368 2432 
9080 1233 1336 1235 
9081 6407 6465 3076 
9082 3010 3777 3776 
9083 2416 2788 2787 
9084 2529 5458 1946 
9085 1956 2185 1969 
9086 3177 5890 4952 
9087 771 1996 775 
9088 1607 5220 1605 
9089 4643 4645 4644 
9090 908 964 867 
9091 3272 3274 3273 
9092 2445 5188 2784 
9093 3982 4072 4071 
9094 3614 3615 2492 
9095 4902 5761 3979 
9096 538 539 537 
9097 2889 5380 2569 
9098 2441 5171 2166 
9099 2541 3287 2855 
9100 1554 1922 1552 
9101 968 1003 964 
9102 752 767 749 
9103 1004 1075 1003 
9104 2591 2592 2459 
9105 3620 3622 3621 
9106 2280 5344 2852 
9107 781 788 767 
9108 4179 6515 2662 
9109 3196 3208 3197 
9110 3213 3232 3231 
9111 832 833 788 
9112 4053 5205 1514 
9113 1412 5303 2695 
9114 3234 5175 3204 
9115 3124 5389 3122 
9116 1151 5361 1153 
9117 2088 5160 2460 
9118 1959 2491 1958 
9119 2676 3715 2675 
9120 2537 5345 2656 
9121 720 5231 722 
9122 1795 2317 2316 
9123 2084 2085 1667 
9124 1767 5220 3066 
9125 2810 2926 2808 
9126 2799 5161 2145 
9127 887 939 924 
9128 3859 6148 3577 
9129 3927 4997 2961 
9130 2904 5159 1896 
9131 2952 5497 2954 
9132 4164 4167 3929 
9133 1898 5159 2400 
9134 3324 3601 3404 
9135 710 749 709 
9136 4794 6474 4541 
9137 2547 2549 2085 
9138 3394 6146 5905 
9139 1525 5149 1620 
9140 2138 5190 3015 
9141 1947 1949 1948 
9142 2976 3010 2975 
9143 841 5119 1508 
9144 3901 6524 6416 
9145 3160 5408 3162 
9146 2147 2148 2119 
9147 1949 2229 2166 
9148 4280 5398 2996 
9149 2295 5656 1791 
9150 843 1993 863 
9151 3798 3800 3799 
9152 1416 1921 1341 
9153 4623 5806 2471 
9154 2789 3718 3717 
9155 2283 2567 2174 
9156 3788 5218 1679 
9157 4966 5532 5318 
9158 3666 5165 2915 
9159 3544 6132 4856 
9160 2406 6435 2831 
9161 1771 2174 1770 
9162 518 519 517 
9163 1326 6062 1140 
9164 6390 6475 3742 
9165 2091 5439 5145 
9166 2688 3515 2715 
9167 2371 5183 2374 
9168 2004 5941 5227 
9169 448 507 446 
9170 2744 4027 2939 
9171 550 564 551 
9172 1330 1373 1211 
9173 1072 5469 3343 
9174 5164 5371 2386 
9175 1148 1211 1122 
9176 314 3630 145 
9177 822 2096 805 
9178 1658 1659 1471 
9179 1619 5257 1575 
9180 1081 1122 1073 
9181 1457 5420 5167 
9182 998 1073 997 
9183 2752 3119 2750 
9184 3925 5085 3215 
9185 127 323 126 
9186 686 709 685 
9187 800 5377 799 
9188 3350 5147 2413 
9189 492 5876 490 
9190 2999 5405 2997 
9191 3469 4937 2828 
9192 2503 5825 2504 
9193 1778 5701 1777 
9194 1630 5278 1956 
9195 2289 5439 2091 
9196 1774 2336 2221 
9197 2695 5629 5467 
9198 1564 5136 2416 
9199 1880 5173 1882 
9200 2486 5191 2212 
9201 1665 5176 1862 
9202 945 997 944 
9203 1322 5386 1150 
9204 661 5192 1920 
9205 1480 5252 1377 
9206 1757 5244 1609 
9207 2742 2744 2282 
9208 2838 5194 2506 
9209 890 944 889 
9210 913 2208 911 
9211 2675 5179 986 
9212 3463 6501 5296 
9213 2039 2158 2157 
9214 806 822 805 
9215 60 321 59 
9216 3312 3871 2599 
9217 1841 2490 1843 
9218 2262 5234 2015 
9219 1560 5275 1344 
9220 2286 5173 1880 
9221 2254 5199 2658 
9222 4387 5460 4389 
9223 603 6012 4613 
9224 2482 5190 2139 
9225 1269 5419 1808 
9226 2109 5351 1658 
9227 2593 2693 2592 
9228 2536 5345 2537 
9229 3217 5364 3238 
9230 2049 2050 2030 
9231 3531 5587 3533 
9232 3522 5660 3279 
9233 1538 5485 1080 
9234 3541 4759 2032 
9235 957 1994 986 
9236 2694 3566 2693 
9237 1365 5464 4982 
9238 1410 1411 1321 
9239 4610 5912 5867 
9240 3675 4722 2716 
9241 2089 2682 2050 
9242 3269 3617 3270 
9243 858 889 504 
9244 1043 1202 1045 
9245 917 943 915 
9246 1384 1386 1385 
9247 5106 5489 827 
9248 880 5312 948 
9249 1358 5321 1545 
9250 1021 1175 1108 
9251 643 2407 564 
9252 2768 4291 1953 
9253 1433 5182 1143 
9254 1722 2109 1658 
9255 2974 2976 2975 
9256 1963 5980 4719 
9257 4585 5322 3998 
9258 3853 5674 5510 
9259 5558 5660 2429 
9260 4711 5740 2725 
9261 4522 4545 4544 
9262 697 2677 2443 
9263 3617 3618 3270 
9264 1236 2018 1234 
9265 1985 5130 1673 
9266 2139 5190 2138 
9267 3582 6009 5801 
9268 850 5015 824 
9269 3098 5244 2227 
9270 4121 6147 1228 
9271 5145 5439 3574 
9272 1908 1909 1697 
9273 1373 1522 1374 
9274 4161 6379 2165 
9275 4753 6244 3647 
9276 2656 3735 3734 
9277 1914 1915 1912 
9278 3402 5371 5164 
9279 2306 2546 2358 
9280 3810 5199 2684 
9281 3154 3155 3152 
9282 3233 3661 3234 
9283 1035 5485 4930 
9284 2567 3512 3271 
9285 4899 5800 4897 
9286 1447 5427 5086 
9287 1352 2484 1355 
9288 1027 5261 1422 
9289 2183 3269 2280 
9290 543 550 544 
9291 2015 5234 1681 
9292 1359 5140 1476 
9293 550 551 544 
9294 797 5299 794 
9295 4081 5560 4084 
9296 724 5235 726 
9297 3572 5262 4054 
9298 1573 5257 1981 
9299 1522 1770 1523 
9300 2822 4326 4325 
9301 3735 4157 3734 
9302 1794 5130 2286 
9303 4870 5923 5531 
9304 1268 5181 1271 
9305 3331 5651 2746 
9306 2212 5191 2214 
9307 2865 5230 3606 
9308 2506 5194 2883 
9309 3598 5672 5570 
9310 2277 2688 2276 
9311 512 5271 509 
9312 3393 5838 4785 
9313 3413 3414 3412 
9314 2317 2859 2318 
9315 974 5451 5128 
9316 2629 5217 3000 
9317 1320 1321 1176 
9318 799 1959 1958 
9319 3798 3799 3794 
9320 987 5179 995 
9321 3754 5230 2867 
9322 235 6160 234 
9323 2921 5254 4274 
9324 1006 1008 962 
9325 1695 1774 1731 
9326 1078 5404 1151 
9327 1313 5397 1316 
9328 1648 1976 1544 
9329 902 5279 2466 
9330 2281 2282 2005 
9331 4769 5504 4767 
9332 2996 5398 2998 
9333 313 4995 169 
9334 3336 5228 3755 
9335 2058 5245 2431 
9336 1989 5245 1623 
9337 3800 3801 3799 
9338 5126 5646 4720 
9339 2408 5237 3065 
9340 3007 3303 2319 
9341 1120 1184 1121 
9342 2867 5230 2865 
9343 1681 5234 1683 
9344 1337 5346 1448 
9345 5167 5420 3538 
9346 1959 2492 2491 
9347 1981 5438 1571 
9348 3382 3746 3380 
9349 2201 2437 2436 
9350 3048 5223 2204 
9351 1358 1544 1483 
9352 1047 2007 1049 
9353 1918 5243 1394 
9354 2003 2005 1625 
9355 435 5793 437 
9356 1941 5210 2051 
9357 2147 3016 2566 
9358 1249 5214 1404 
9359 1303 5250 3047 
9360 4926 5452 4697 
9361 1519 1725 1724 
9362 1191 5303 1254 
9363 2219 5571 2220 
9364 330 5845 4596 
9365 5629 5728 5467 
9366 5098 5415 3549 
9367 2396 5219 2397 
9368 3830 5364 3259 
9369 1994 2676 2675 
9370 695 5415 742 
9371 3272 3273 2677 
9372 961 962 902 
9373 4873 5683 4871 
9374 2281 2742 2282 
9375 1410 1625 1411 
9376 3006 3007 2319 
9377 977 5261 1027 
9378 5943 5978 4700 
9379 2349 5267 2017 
9380 3274 3982 3273 
9381 3310 5523 3311 
9382 1173 1332 1134 
9383 2177 5254 2921 
9384 2155 5429 2006 
9385 3110 4036 2509 
9386 3672 5933 3869 
9387 2980 5188 2649 
9388 2684 5199 2254 
9389 3397 5874 5202 
9390 4267 5684 3699 
9391 1173 1358 1332 
9392 2676 3887 3715 
9393 2630 5237 2144 
9394 2277 2689 2688 
9395 2691 5252 1604 
9396 5086 5427 3546 
9397 1320 1410 1321 
9398 3269 3270 2280 
9399 3743 6172 4400 
9400 1175 1176 1108 
9401 678 696 691 
9402 1175 1320 1176 
9403 2013 5237 2408 
9404 3493 5493 2657 
9405 1966 5272 1598 
9406 1183 1193 1182 
9407 3021 3739 2581 
9408 3955 5918 2795 
9409 444 1992 442 
9410 1692 1851 1435 
9411 4899 5713 3344 
9412 732 5256 734 
9413 1072 1134 1071 
9414 2093 5390 3113 
9415 4631 5999 2129 
9416 4582 5302 2339 
9417 1957 5231 720 
9418 719 5857 717 
9419 1102 5318 1036 
9420 742 5415 5098 
9421 1358 1483 1332 
9422 502 5282 500 
9423 2412 6393 4794 
9424 1037 5318 2602 
9425 1494 5395 1622 
9426 4852 5812 2455 
9427 3436 5290 5285 
9428 1507 1728 1719 
9429 408 6182 283 
9430 460 5283 458 
9431 1728 2135 2104 
9432 1201 5172 1261 
9433 1455 5420 1457 
9434 2562 2641 2204 
9435 3359 3616 2731 
9436 5080 5452 4926 
9437 2475 2638 2069 
9438 2481 5413 1092 
9439 464 5556 4812 
9440 3018 4220 3623 
9441 823 867 822 
9442 4236 6029 3001 
9443 3728 5437 1676 
9444 2993 3482 1921 
9445 1076 1182 1180 
9446 1685 5457 1853 
9447 467 6013 1023 
9448 4190 6377 2909 
9449 2099 5482 1900 
9450 3545 6059 4204 
9451 2551 2552 2128 
9452 1379 1507 1506 
9453 942 5192 669 
9454 4667 5939 4668 
9455 2101 5196 2884 
9456 3399 3680 3401 
9457 4838 5448 4710 
9458 2136 2494 2135 
9459 3357 3358 3120 
9460 42 315 41 
9461 1445 5427 1447 
9462 2514 5291 3481 
9463 3389 5626 4910 
9464 1717 5267 1966 
9465 4156 5743 4040 
9466 1605 5220 1767 
9467 2144 5237 2013 
9468 2714 5291 2434 
9469 5582 6057 326 
9470 4790 6080 375 
9471 1026 5251 1118 
9472 1184 1351 1185 
9473 1940 5336 1943 
9474 543 544 539 
9475 4147 5917 4148 
9476 1592 5272 1593 
9477 2003 2281 2005 
9478 1072 1173 1134 
9479 647 1212 645 
9480 1906 5172 1147 
9481 1882 5173 2529 
9482 3998 5322 5111 
9483 2891 5276 2523 
9484 901 902 857 
9485 5349 5570 2608 
9486 474 5306 472 
9487 3380 3381 2638 
9488 1623 5245 2058 
9489 1149 5445 1615 
9490 1575 5257 1573 
9491 3016 4091 3017 
9492 1815 5739 4813 
9493 1718 2306 2105 
9494 2127 5215 1798 
9495 5861 6060 3856 
9496 1620 5149 1985 
9497 438 655 436 
9498 1241 5275 3292 
9499 3343 5321 1173 
9500 2046 5342 2078 
9501 3295 3296 2486 
9502 2561 3018 2494 
9503 4125 5961 4123 
9504 2658 5199 3774 
9505 5070 5338 1182 
9506 1145 5182 1906 
9507 3639 6026 3640 
9508 3639 3640 3303 
9509 2440 5276 2714 
9510 2378 5291 2514 
9511 4785 5968 3550 
9512 4132 5490 2826 
9513 175 385 174 
9514 5077 5261 977 
9515 3799 5565 3794 
9516 1194 1379 1193 
9517 3289 5340 4076 
9518 405 6137 275 
9519 2204 5223 1732 
9520 3108 5406 3109 
9521 1018 1072 1071 
9522 470 5308 468 
9523 1659 5351 1664 
9524 4708 6249 4705 
9525 1994 5392 3716 
9526 3292 5264 1170 
9527 1718 2105 1710 
9528 2493 5110 3325 
9529 2602 5395 1494 
9530 1345 5464 1365 
9531 3113 4102 3005 
9532 3081 5331 4189 
9533 3061 5516 3059 
9534 886 6238 6133 
9535 2318 5403 2843 
9536 2634 5959 2920 
9537 2201 2438 2437 
9538 3735 4158 4157 
9539 1919 5233 2203 
9540 3651 6178 4725 
9541 4000 6312 3449 
9542 1943 5210 1941 
9543 3603 5421 2740 
9544 4115 5219 2584 
9545 961 1006 962 
9546 3391 5642 3257 
9547 17 360 2 
9548 1725 2056 1724 
9549 868 908 867 
9550 4576 6413 2741 
9551 1797 2263 2127 
9552 1287 5259 1931 
9553 1315 5463 1319 
9554 4298 5712 5462 
9555 901 961 902 
9556 1910 2093 1909 
9557 514 5315 512 
9558 3262 5487 5121 
9559 4397 5981 788 
9560 2646 5284 2143 
9561 2682 3545 3276 
9562 1798 5215 2947 
9563 1460 1706 1705 
9564 2771 5342 2268 
9565 722 5231 875 
9566 2852 5344 4031 
9567 2093 3005 2702 
9568 1041 5533 4991 
9569 4723 5693 3945 
9570 1847 2475 2069 
9571 2141 5284 2482 
9572 2789 3717 3001 
9573 1959 5377 3614 
9574 826 856 827 
9575 1265 5281 1947 
9576 3685 5628 4900 
9577 2463 2508 2507 
9578 1053 1260 1055 
9579 3801 3803 3802 
9580 1615 3710 3709 
9581 1617 5295 1729 
9582 4818 5689 3453 
9583 856 901 857 
9584 2596 2597 2163 
9585 6063 6368 101 
9586 2095 5506 1979 
9587 3353 5578 3100 
9588 4071 5381 3273 
9589 892 5289 3077 
9590 908 968 964 
9591 1094 5445 1149 
9592 968 1004 1003 
9593 1004 1076 1075 
9594 2043 5568 5479 
9595 2322 3002 2258 
9596 3077 5251 963 
9597 3155 5121 3152 
9598 4660 5778 2187 
9599 2572 5912 4610 
9600 282 6182 349 
9601 580 5970 876 
9602 1059 1087 1085 
9603 1927 5220 1607 
9604 963 5251 1026 
9605 2460 5160 3078 
9606 4099 4528 4048 
9607 2659 5313 2547 
9608 1569 5438 5169 
9609 1206 1207 1112 
9610 2011 5592 4737 
9611 2836 6095 2417 
9612 5105 5254 2177 
9613 2017 5267 1717 
9614 1151 5404 5361 
9615 3482 3575 1921 
9616 3466 5103 3221 
9617 3564 5278 1504 
9618 2263 2731 2578 
9619 2745 5613 2282 
9620 428 6140 431 
9621 1117 5264 1191 
9622 4823 5986 350 
9623 1598 5272 1592 
9624 3837 5194 2838 
9625 3008 5417 5138 
9626 5173 5359 2529 
9627 1214 5534 1787 
9628 1344 5275 1241 
9629 2263 2578 2127 
9630 5364 5474 3238 
9631 3809 6287 34 
9632 2033 6316 4385 
9633 426 427 425 
9634 125 5213 1967 
9635 2143 5284 2141 
9636 4162 6496 6434 
9637 3517 5548 3523 
9638 4546 5774 1833 
9639 1967 4107 4106 
9640 2051 5210 2345 
9641 1780 2049 2030 
9642 1462 5334 5073 
9643 3611 3612 2770 
9644 2211 3295 2486 
9645 2227 5244 1757 
9646 476 5328 474 
9647 1396 5325 1330 
9648 5777 5913 3883 
9649 5765 5947 3392 
9650 371 5197 5075 
9651 2153 5965 4237 
9652 1382 1383 1205 
9653 678 691 663 
9654 344 4703 105 
9655 4833 6202 3423 
9656 4113 5262 3572 
9657 1516 5324 1396 
9658 696 697 691 
9659 856 857 827 
9660 2221 5330 2555 
9661 4774 6451 4773 
9662 2894 5452 5080 
9663 2523 5276 2440 
9664 2214 5191 2536 
9665 3280 5470 3685 
9666 1689 5349 1701 
9667 5321 5925 2411 
9668 1388 5136 1386 
9669 937 5451 974 
9670 2831 6435 6122 
9671 726 5235 1968 
9672 5357 5900 1986 
9673 311 4272 153 
9674 1132 2481 1092 
9675 1609 5244 1927 
9676 6149 6369 3748 
9677 3311 5249 2546 
9678 2740 5421 3810 
9679 3940 6218 3724 
9680 875 5235 724 
9681 1470 1658 1471 
9682 3030 5697 2613 
9683 5046 5705 3027 
9684 3939 6355 5820 
9685 1209 5337 1390 
9686 1170 5264 1117 
9687 373 6124 4189 
9688 4089 5188 2980 
9689 3831 4905 3244 
9690 2546 2789 2358 
9691 1111 1112 1068 
9692 757 2043 711 
9693 3007 3639 3303 
9694 1257 5761 4902 
9695 5005 5498 1579 
9696 5452 5554 4698 
9697 2438 3494 3050 
9698 2717 3592 2089 
9699 134 318 133 
9700 3399 3400 3398 
9701 1980 5256 732 
9702 5195 5481 1459 
9703 4700 6032 2727 
9704 5675 5737 3635 
9705 3405 5677 3098 
9706 109 6380 4000 
9707 1010 1068 1009 
9708 4058 4542 3002 
9709 1180 5338 1209 
9710 2147 2566 2148 
9711 803 5377 800 
9712 4123 5961 3254 
9713 918 5289 873 
9714 344 6419 4703 
9715 3206 3213 3207 
9716 2027 2244 2118 
9717 2434 5291 2378 
9718 184 4974 183 
9719 873 5289 892 
9720 3881 5103 4908 
9721 2805 4265 3108 
9722 2024 2027 2026 
9723 2027 2118 2028 
9724 1604 5252 1480 
9725 221 4275 362 
9726 360 6405 422 
9727 5117 6526 5379 
9728 4910 6292 2846 
9729 1127 5456 1186 
9730 734 5256 893 
9731 2475 3380 2638 
9732 1823 5327 1825 
9733 740 5356 771 
9734 132 5802 1962 
9735 3898 6440 3899 
9736 1254 5303 1412 
9737 5013 5483 1752 
9738 2000 5472 4840 
9739 5123 5417 3008 
9740 3295 3687 3296 
9741 956 5387 521 
9742 3496 3683 3495 
9743 3721 6515 4179 
9744 1622 5395 2183 
9745 339 5373 3977 
9746 3830 5474 5364 
9747 1363 1481 1364 
9748 5298 5541 2273 
9749 3401 3495 3400 
9750 1353 1460 1459 
9751 3080 5351 2109 
9752 2713 5300 2712 
9753 1377 5334 1375 
9754 2049 2089 2050 
9755 428 429 427 
9756 826 827 783 
9757 4363 5402 3331 
9758 3053 5454 3087 
9759 4772 6176 3245 
9760 1591 5478 5183 
9761 976 1009 975 
9762 3045 5422 3043 
9763 3153 5085 3154 
9764 2677 5381 2902 
9765 1108 5394 1203 
9766 361 6493 4093 
9767 1928 5289 918 
9768 3724 6218 6131 
9769 4797 5877 4795 
9770 4758 5970 582 
9771 1571 5438 1569 
9772 1316 5397 5346 
9773 2418 6095 2503 
9774 3027 5705 5123 
9775 2185 5559 2755 
9776 4411 6513 352 
9777 4091 4094 3017 
9778 3986 6465 6407 
9779 1946 5458 2132 
9780 3016 3017 2566 
9781 1207 2020 1112 
9782 6087 6178 4628 
9783 2118 2147 2119 
9784 2172 6368 5649 
9785 1587 5478 1585 
9786 893 5256 3267 
9787 1564 2180 1385 
9788 4588 5854 2343 
9789 1645 5339 1643 
9790 2836 6027 4528 
9791 2056 5407 1724 
9792 4265 4266 3108 
9793 3803 3854 3802 
9794 4461 6214 4465 
9795 2306 2358 2105 
9796 2414 2415 2180 
9797 3050 3537 3051 
9798 2647 5433 3691 
9799 4658 6439 3339 
9800 1203 5488 1528 
9801 4908 5103 3466 
9802 56 5373 339 
9803 3208 5189 3225 
9804 2712 5300 3676 
9805 948 975 947 
9806 2547 5313 2549 
9807 3736 5433 2647 
9808 2600 5331 2521 
9809 4501 5788 1920 
9810 3488 5385 3021 
9811 3399 5518 3680 
9812 3096 3751 3095 
9813 4320 6456 2895 
9814 3594 6260 2678 
9815 1080 5485 1035 
9816 5910 6152 408 
9817 450 5368 448 
9818 5754 6129 4159 
9819 3772 5763 5567 
9820 6185 6314 939 
9821 434 1995 432 
9822 4197 6201 3760 
9823 3632 6044 3504 
9824 183 4974 1952 
9825 2438 3050 2437 
9826 3661 3663 3234 
9827 664 5341 686 
9828 837 880 879 
9829 1958 5299 797 
9830 5180 5483 3268 
9831 1811 6045 4480 
9832 509 5271 1974 
9833 2656 5345 3735 
9834 4447 6400 1762 
9835 2500 5360 2621 
9836 1579 5498 1577 
9837 5081 5408 3662 
9838 4671 6352 3484 
9839 500 5282 1016 
9840 5193 5369 709 
9841 2336 5330 2221 
9842 5169 5438 5059 
9843 3421 5872 2637 
9844 1330 5325 1373 
9845 1839 5388 1841 
9846 656 5455 4261 
9847 2695 5467 5233 
9848 409 6164 5373 
9849 562 5503 558 
9850 3089 3638 3091 
9851 1706 2201 1705 
9852 2421 5315 517 
9853 697 5479 3272 
9854 3684 5939 1812 
9855 2412 5533 950 
9856 1974 5282 502 
9857 1695 5337 2701 
9858 2404 3075 2720 
9859 880 947 946 
9860 5819 5914 3567 
9861 1954 5843 2010 
9862 2474 5409 2023 
9863 2039 2157 1852 
9864 4044 4155 3752 
9865 1973 5375 535 
9866 2884 5196 4229 
9867 962 5279 902 
9868 4019 5461 5000 
9869 3987 6407 3076 
9870 3732 6497 3861 
9871 985 5512 838 
9872 1460 1705 1459 
9873 4627 4628 4626 
9874 799 5377 1959 
9875 1220 2276 1129 
9876 2715 5450 2276 
9877 3620 3621 2788 
9878 1470 1471 1348 
9879 3490 5567 3564 
9880 3742 6305 4589 
9881 2117 5327 1823 
9882 2443 5440 691 
9883 1807 5877 4732 
9884 5252 5334 1377 
9885 3727 6159 3726 
9886 2704 2747 2689 
9887 4148 6203 4149 
9888 386 6486 3791 
9889 5314 6156 5044 
9890 1347 1470 1348 
9891 4925 5836 252 
9892 2521 5331 3081 
9893 4307 5640 323 
9894 51 5695 319 
9895 3812 3814 3813 
9896 3752 3891 3751 
9897 1507 5434 5053 
9898 2501 5722 4802 
9899 1825 5327 2483 
9900 1368 5464 1345 
9901 3109 5406 4536 
9902 2416 2787 2414 
9903 2947 5215 4666 
9904 983 5370 1038 
9905 274 6137 4749 
9906 3066 5444 3068 
9907 2636 6228 3580 
9908 5539 5681 5020 
9909 527 5367 1982 
9910 3339 6439 4761 
9911 600 6012 603 
9912 1186 5456 5214 
9913 2690 5324 1667 
9914 3945 5693 3946 
9915 2859 5403 2318 
9916 3929 5366 3927 
9917 1536 5353 1371 
9918 4767 5504 3261 
9919 817 6034 812 
9920 111 1986 110 
9921 1827 5473 1829 
9922 2931 5543 2929 
9923 3449 5900 3407 
9924 4987 5805 4776 
9925 2705 5439 2289 
9926 2256 5576 4913 
9927 1068 1069 1009 
9928 5264 5303 1191 
9929 1556 5350 1554 
9930 3166 5408 3160 
9931 5002 6415 4825 
9932 1937 5432 1875 
9933 4736 6214 2605 
9934 3947 5953 3944 
9935 3203 5487 3258 
9936 1965 5425 1918 
9937 4781 5859 398 
9938 5168 5491 3800 
9939 2641 3049 3048 
9940 1703 5295 1617 
9941 1235 1347 1236 
9942 3451 5848 3460 
9943 5323 5883 816 
9944 5474 5561 3895 
9945 3400 4976 3398 
9946 787 837 836 
9947 2021 2022 2020 
9948 1761 5015 850 
9949 2704 2748 2747 
9950 4649 5624 4359 
9951 1076 5426 1183 
9952 3866 6481 3706 
9953 1703 5296 5295 
9954 3374 5519 3373 
9955 1729 5295 2217 
9956 533 5375 758 
9957 775 5378 807 
9958 3270 5344 2280 
9959 1166 5761 1257 
9960 519 5387 2421 
9961 5121 5487 3203 
9962 2750 2751 2748 
9963 1585 5478 1591 
9964 2971 5312 837 
9965 39 5148 371 
9966 1737 5931 4284 
9967 3781 5705 5046 
9968 828 5374 843 
9969 5548 5650 2586 
9970 2023 2024 2022 
9971 1184 1353 1351 
9972 3568 6193 2610 
9973 3000 6426 5468 
9974 1832 5729 5637 
9975 3939 5820 3804 
9976 3709 6177 3708 
9977 2556 6030 4851 
9978 1975 4208 117 
9979 1070 6387 4294 
9980 3574 5688 4654 
9981 4438 6169 4439 
9982 1964 5341 628 
9983 4426 6273 684 
9984 221 362 220 
9985 2415 3399 3398 
9986 990 5533 1041 
9987 785 5655 999 
9988 2023 2025 2024 
9989 4321 6333 6206 
9990 1371 5353 1988 
9991 1207 2021 2020 
9992 6132 6197 4856 
9993 5146 5504 3211 
9994 2657 5493 3858 
9995 1182 5338 1180 
9996 1375 5334 1462 
9997 517 5315 514 
9998 2381 5466 1524 
9999 1683 5552 1472 
10000 3267 5370 940 
10001 3984 3985 317 
10002 537 5384 1973 
10003 466 5556 464 
10004 3527 5756 4374 
10005 3902 5313 2659 
10006 3894 5573 166 
10007 6357 6390 3646 
10008 4154 5631 3356 
10009 2716 5386 1322 
10010 1720 5731 1721 
10011 5759 5893 3457 
10012 1697 5391 1380 
10013 2341 5353 1536 
10014 685 5369 740 
10015 3178 5780 3177 
10016 251 5836 372 
10017 488 5837 486 
10018 3238 5474 3895 
10019 1173 5321 1358 
10020 4481 6045 4484 
10021 3093 3096 3095 
10022 446 5399 444 
10023 3836 6412 5028 
10024 4969 5424 3312 
10025 1912 5390 1910 
10026 5028 6412 1154 
10027 628 5341 664 
10028 1528 5488 1703 
10029 2021 2023 2022 
10030 3486 6022 2564 
10031 2483 5473 1827 
10032 430 656 429 
10033 1353 1459 1351 
10034 4738 6446 3723 
10035 1341 5354 1206 
10036 2954 5497 3118 
10037 5008 5660 5558 
10038 1667 5324 1516 
10039 3623 5423 2494 
10040 1384 1385 1383 
10041 6196 6364 144 
10042 2555 5330 4127 
10043 4602 5411 2465 
10044 472 5306 1977 
10045 5175 5530 3286 
10046 2070 5283 460 
10047 5311 5652 1051 
10048 2789 5249 3718 
10049 3271 5396 2174 
10050 1577 5498 1619 
10051 1829 5473 2235 
10052 2082 2599 2338 
10053 458 5283 506 
10054 2962 6426 2272 
10055 1351 5481 1352 
10056 3363 5926 3365 
10057 1126 5715 5456 
10058 2367 5558 2429 
10059 5074 5360 2500 
10060 4716 5831 5119 
10061 1977 5308 470 
10062 2321 5872 2322 
10063 468 5308 505 
10064 3738 6213 5951 
10065 4484 6023 2400 
10066 420 5540 4655 
10067 2049 5476 2717 
10068 383 5809 260 
10069 3210 5780 3181 
10070 2338 2735 2432 
10071 924 5392 957 
10072 2268 5342 2046 
10073 2079 5758 2080 
10074 3871 3872 2599 
10075 1386 1564 1385 
10076 781 5574 832 
10077 1752 5483 5047 
10078 6391 6395 1951 
10079 863 5400 887 
10080 5394 5488 1203 
10081 3318 6378 4309 
10082 3010 5372 3777 
10083 1701 5349 2608 
10084 5758 6253 2711 
10085 5047 5483 5180 
10086 1795 5396 2317 
10087 2516 5482 2099 
10088 5261 5539 5012 
10089 2735 4065 4064 
10090 3727 6000 4741 
10091 512 5315 5271 
10092 259 5809 2273 
10093 3456 5708 3117 
10094 3369 5699 3319 
10095 940 5370 983 
10096 950 5533 990 
10097 6099 6252 3642 
10098 1615 5445 3710 
10099 1770 5396 1795 
10100 3990 6145 2544 
10101 2419 5426 1004 
10102 2546 5249 2789 
10103 1595 6432 4820 
10104 4058 6386 3580 
10105 2187 5778 2188 
10106 2510 6454 2508 
10107 771 5356 1996 
10108 1355 5326 1357 
10109 3523 5548 5380 
10110 349 5930 4315 
10111 4870 5531 1877 
10112 2541 5423 3287 
10113 1708 5362 1706 
10114 529 5367 527 
10115 4544 5372 2978 
10116 3096 3752 3751 
10117 5425 5567 3490 
10118 2061 6350 4178 
10119 3049 3762 3436 
10120 4402 5743 5365 
10121 3743 5133 3744 
10122 2128 5410 1914 
10123 1347 1348 1236 
10124 1390 5337 1695 
10125 2976 5372 3010 
10126 5616 5666 359 
10127 1726 5776 5602 
10128 504 5328 476 
10129 234 6160 6153 
10130 3014 6183 5987 
10131 4181 5674 2153 
10132 521 5387 519 
10133 2242 2721 2241 
10134 1411 5358 1421 
10135 2702 5391 1909 
10136 3538 5558 2367 
10137 1336 5314 1235 
10138 5010 6078 6005 
10139 5113 5732 3355 
10140 1231 6120 594 
10141 3833 5534 4962 
10142 709 5369 685 
10143 449 6230 451 
10144 1481 1726 1482 
10145 1643 5339 2173 
10146 1856 5339 1645 
10147 1206 5354 1207 
10148 4942 5535 8 
10149 2343 6012 602 
10150 370 6287 4296 
10151 2135 5423 2541 
10152 454 5661 452 
10153 5174 6331 1596 
10154 2621 5515 3669 
10155 3401 3496 3495 
10156 881 5818 1761 
10157 436 5435 434 
10158 3096 5509 4044 
10159 535 5375 533 
10160 2480 3743 3386 
10161 1226 4943 1223 
10162 4243 5537 3439 
10163 3589 5890 4126 
10164 2978 5372 2976 
10165 3399 3401 3400 
10166 5122 5627 5363 
10167 2183 5395 3269 
10168 4836 5569 2285 
10169 1293 5521 5208 
10170 807 5378 830 
10171 3813 6088 3387 
10172 3232 3740 3231 
10173 4527 5615 4713 
10174 1564 2414 2180 
10175 2327 5977 5916 
10176 5352 5858 4511 
10177 5206 5941 1626 
10178 648 6433 4221 
10179 596 6120 4850 
10180 830 5374 828 
10181 4980 6517 2194 
10182 4205 5969 4085 
10183 1176 5394 1108 
10184 3762 5792 3436 
10185 3571 6347 3569 
10186 1996 5378 775 
10187 3793 5526 3797 
10188 4029 5904 5654 
10189 1625 5358 1411 
10190 539 5384 537 
10191 2021 5662 2474 
10192 1983 5368 450 
10193 663 5440 649 
10194 1841 5388 2490 
10195 406 6361 6125 
10196 2722 5513 2721 
10197 3286 5530 3988 
10198 3801 5491 3840 
10199 843 5374 1993 
10200 214 336 213 
10201 4800 6025 972 
10202 3206 3207 3171 
10203 1910 5390 2093 
10204 1380 5434 1379 
10205 3529 5835 3528 
10206 3669 6315 3643 
10207 3273 5381 2677 
10208 831 5772 764 
10209 2846 6292 4493 
10210 3898 6517 6440 
10211 3261 5504 5146 
10212 4573 6194 2888 
10213 331 5414 200 
10214 2793 6073 4958 
10215 1981 5587 5438 
10216 5324 5325 1396 
10217 2005 5358 1625 
10218 4020 5619 2561 
10219 4208 5886 116 
10220 2501 5506 2095 
10221 3708 6177 5915 
10222 1421 5358 3541 
10223 2132 5458 2211 
10224 5996 6162 4573 
10225 1727 2082 2081 
10226 2475 5644 3382 
10227 1060 5564 1058 
10228 887 5400 939 
10229 3390 5431 2592 
10230 3224 6043 3145 
10231 287 6082 286 
10232 4259 6298 3353 
10233 2160 2241 2158 
10234 5756 5822 967 
10235 1976 5382 1544 
10236 1008 5551 5280 
10237 3761 6086 5850 
10238 2273 5541 258 
10239 3011 6145 4271 
10240 3340 5516 3061 
10241 3829 6344 5093 
10242 474 5328 5306 
10243 5510 5674 4181 
10244 1485 5786 1487 
10245 2479 5863 2056 
10246 2735 4064 3368 
10247 2581 5429 2155 
10248 1015 5916 5404 
10249 5888 6099 4650 
10250 496 5583 1970 
10251 939 5392 924 
10252 1837 5524 1839 
10253 5917 6318 4103 
10254 947 1011 946 
10255 2459 5431 3344 
10256 2471 5806 2472 
10257 2975 5442 1887 
10258 2477 5748 3497 
10259 4524 5627 4369 
10260 4120 6513 3722 
10261 3034 3665 2723 
10262 448 5368 507 
10263 2346 5524 1837 
10264 3213 3231 3207 
10265 5227 6154 2747 
10266 5013 5694 5483 
10267 3744 3745 3386 
10268 1993 5400 863 
10269 2158 5292 2157 
10270 3947 6491 5897 
10271 2005 5613 5358 
10272 717 6274 589 
10273 1235 1236 1234 
10274 207 5653 206 
10275 837 5312 880 
10276 3113 5499 4103 
10277 4167 5366 3929 
10278 740 5369 5356 
10279 645 5430 643 
10280 1544 5382 1483 
10281 2174 5396 1770 
10282 2721 2723 2241 
10283 768 5883 1769 
10284 1235 5314 1347 
10285 4919 6417 4918 
10286 4491 6290 3705 
10287 2462 5669 2303 
10288 4878 6472 1885 
10289 4266 5406 3108 
10290 880 946 879 
10291 1783 5909 575 
10292 3964 6072 3554 
10293 322 5054 139 
10294 5363 5627 4524 
10295 2319 5350 1556 
10296 3933 5589 5095 
10297 4539 6019 1924 
10298 1554 5350 1922 
10299 3721 6453 5268 
10300 4178 6350 2662 
10301 4947 5589 4948 
10302 957 5392 1994 
10303 3690 5538 3049 
10304 4073 6347 3576 
10305 1483 5382 1548 
10306 5358 5613 3541 
10307 1074 5592 997 
10308 1967 4106 124 
10309 3079 6219 4558 
10310 5483 5694 3268 
10311 1209 5338 5337 
10312 4744 6359 585 
10313 5277 5699 3369 
10314 603 6135 599 
10315 2985 5681 5078 
10316 2117 6388 4230 
10317 3461 5977 3462 
10318 3897 6017 2162 
10319 1386 5136 1564 
10320 4695 5584 4694 
10321 3031 6085 3285 
10322 3618 5492 3270 
10323 2082 2338 2081 
10324 368 5679 4587 
10325 649 5528 647 
10326 752 6040 1113 
10327 3927 5366 4997 
10328 4719 5532 4966 
10329 4604 5643 3383 
10330 391 5714 5273 
10331 1009 5459 975 
10332 4431 6125 5804 
10333 4294 5682 4328 
10334 3227 5841 3445 
10335 288 6080 287 
10336 5805 5975 4776 
10337 3404 5638 3039 
10338 964 5480 867 
10339 2258 5576 2256 
10340 3805 5526 3795 
10341 2092 6424 4661 
10342 1915 5390 1912 
10343 2502 5722 2501 
10344 4865 5982 3459 
10345 4776 5975 3103 
10346 3341 5553 3080 
10347 3376 5586 4050 
10348 3728 6108 5437 
10349 4642 6011 4648 
10350 1909 5391 1697 
10351 2369 5728 5275 
10352 364 6100 4832 
10353 5156 5521 1293 
10354 6021 6301 3682 
10355 3228 5956 3449 
10356 927 6025 959 
10357 65 4978 340 
10358 4722 5386 2716 
10359 1641 5550 1639 
10360 1016 5583 498 
10361 1921 5354 1341 
10362 507 5399 446 
10363 2808 5343 2722 
10364 5487 5545 3258 
10365 3258 5545 3771 
10366 443 5604 445 
10367 2948 5620 5274 
10368 4769 5732 5504 
10369 3593 6335 4034 
10370 3417 4255 3415 
10371 4645 5536 4649 
10372 3616 5416 2731 
10373 3665 5293 2723 
10374 1352 5481 2484 
10375 3948 5897 130 
10376 2201 5362 2438 
10377 696 5479 697 
10378 3221 3326 3239 
10379 3323 5521 5156 
10380 5351 5553 1664 
10381 3303 5350 2319 
10382 1887 5442 1648 
10383 1011 2532 1198 
10384 3354 5841 3226 
10385 3936 6423 6140 
10386 5391 5434 1380 
10387 3021 5385 3739 
10388 643 5430 2407 
10389 931 5818 919 
10390 4724 5971 2802 
10391 1639 5550 1929 
10392 5253 6011 4644 
10393 711 5479 696 
10394 552 5676 544 
10395 1233 1235 1234 
10396 4377 5852 1251 
10397 2173 5550 1641 
10398 3076 6465 2720 
10399 387 6212 5635 
10400 3656 5562 3956 
10401 3647 6357 3646 
10402 1481 1727 1726 
10403 1357 5326 1363 
10404 1113 5574 781 
10405 432 5455 430 
10406 2484 5326 1355 
10407 2589 5571 3307 
10408 3704 6246 4312 
10409 2605 5843 2255 
10410 5354 5662 1207 
10411 1914 5410 1915 
10412 5649 6226 3663 
10413 1706 5362 2201 
10414 3370 3437 3358 
10415 2870 5549 4035 
10416 2057 2479 2056 
10417 486 6422 484 
10418 3018 5619 4221 
10419 2186 5511 4169 
10420 1868 5726 2040 
10421 3847 6053 3846 
10422 3479 5580 3480 
10423 3664 5530 5175 
10424 5119 6474 1508 
10425 944 5592 2011 
10426 2654 4324 2264 
10427 4569 6051 3600 
10428 5380 5548 2571 
10429 5646 5759 4720 
10430 1212 6110 4347 
10431 1045 5447 1047 
10432 2616 5929 2191 
10433 4207 6128 3450 
10434 222 5942 4275 
10435 2592 5431 2459 
10436 2465 4627 4626 
10437 408 6152 5406 
10438 1047 5447 2007 
10439 5385 6074 3739 
10440 4808 6339 3897 
10441 2000 5767 5472 
10442 5208 5521 5076 
10443 773 5588 763 
10444 5222 5523 3310 
10445 2285 5569 5038 
10446 5341 5633 3035 
10447 1725 3547 2057 
10448 1283 5657 5259 
10449 5883 5982 1769 
10450 2073 6217 2310 
10451 1593 5725 1589 
10452 5 6248 256 
10453 3141 5572 3143 
10454 3430 6001 2531 
10455 332 5653 207 
10456 2494 5423 2135 
10457 2608 5672 2609 
10458 879 2065 836 
10459 1004 5426 1076 
10460 2327 5916 973 
10461 4777 5752 4180 
10462 1202 5447 1045 
10463 1648 5442 1976 
10464 758 5696 531 
10465 5493 6424 3858 
10466 2432 5776 2081 
10467 2639 5539 5077 
10468 1212 5430 645 
10469 5077 5539 5261 
10470 954 5835 4614 
10471 257 6248 5 
10472 3961 5883 5323 
10473 5448 5716 4710 
10474 5360 5515 2621 
10475 2392 5740 3291 
10476 943 6362 4130 
10477 358 5605 3767 
10478 4641 5687 3377 
10479 2473 5762 5221 
10480 1378 6384 4157 
10481 1017 6360 4124 
10482 1967 5525 4107 
10483 298 5984 297 
10484 4876 5715 5014 
10485 4627 5242 4628 
10486 2040 5536 5320 
10487 5626 6454 2510 
10488 444 5399 1992 
10489 1082 5551 1006 
10490 2578 5416 2805 
10491 3700 6436 3723 
10492 995 5469 1018 
10493 4244 5819 2841 
10494 1929 5550 5247 
10495 2549 5557 2085 
10496 837 879 836 
10497 2485 5989 3346 
10498 2721 3034 2723 
10499 1379 5434 1507 
10500 5438 5587 5059 
10501 1368 5552 5464 
10502 2731 5416 2578 
10503 691 5440 663 
10504 2023 5409 2025 
10505 5587 5680 3533 
10506 577 5909 907 
10507 3582 5801 5545 
10508 1476 5476 1780 
10509 3125 6157 3126 
10510 2552 5410 2128 
10511 4813 6018 4986 
10512 558 5503 5034 
10513 5095 5589 2856 
10514 3576 5919 5695 
10515 811 6010 4508 
10516 2394 5758 2711 
10517 2096 5606 805 
10518 1458 5646 5427 
10519 2359 5567 5425 
10520 1472 5552 1368 
10521 1727 2081 1726 
10522 3396 5754 5191 
10523 4024 6184 390 
10524 3373 6027 2836 
10525 647 5528 1212 
10526 5065 5642 3212 
10527 5362 5607 3653 
10528 2585 5773 3375 
10529 1435 5453 1388 
10530 731 5622 729 
10531 4246 5702 4153 
10532 822 5480 2096 
10533 5396 5625 2317 
10534 3111 5543 2931 
10535 1839 5524 5388 
10536 714 5604 5603 
10537 4745 6262 716 
10538 4694 5584 2889 
10539 3087 5484 3089 
10540 4448 5822 3325 
10541 4784 6057 3690 
10542 5008 5558 5466 
10543 5019 6209 6046 
10544 3375 5554 2894 
10545 3422 5779 3341 
10546 1845 5644 1847 
10547 4502 5788 4501 
10548 592 6242 1231 
10549 3669 6455 6315 
10550 1877 5531 5240 
10551 2085 5557 2690 
10552 5664 6292 4910 
10553 2220 5571 2589 
10554 3575 5354 1921 
10555 3581 5686 4134 
10556 4714 5960 3465 
10557 2894 5554 5452 
10558 2799 6093 4774 
10559 5640 6377 4190 
10560 1018 5469 1072 
10561 3924 5659 331 
10562 2480 3385 2479 
10563 1312 5814 5397 
10564 5450 5551 1082 
10565 5202 5575 1383 
10566 4639 6094 3684 
10567 4229 5641 3288 
10568 4504 5594 4917 
10569 3458 5865 2987 
10570 4856 6282 3604 
10571 5278 5559 1956 
10572 4066 6506 5731 
10573 4174 6210 1023 
10574 498 5583 496 
10575 4967 6396 1259 
10576 4743 6340 5093 
10577 1838 5614 1836 
10578 4261 5790 2971 
10579 3100 5578 3479 
10580 3415 3747 3414 
10581 3371 5998 5833 
10582 3715 5760 2675 
10583 3404 5851 5638 
10584 2982 5908 3491 
10585 1797 5471 2263 
10586 5645 5993 3381 
10587 3714 6009 3583 
10588 1920 5788 5166 
10589 3121 5608 3123 
10590 4685 5648 1546 
10591 4531 5747 3522 
10592 3691 6189 5944 
10593 1051 5652 1053 
10594 5504 5732 3211 
10595 2463 2507 2462 
10596 1548 5471 1797 
10597 1011 1197 946 
10598 5468 6426 2962 
10599 4587 5679 2071 
10600 3743 3744 3386 
10601 3405 5880 5677 
10602 415 6100 265 
10603 5205 5511 2186 
10604 3344 5713 2457 
10605 3487 5934 5764 
10606 5902 6179 3106 
10607 2043 5479 711 
10608 2805 5416 4265 
10609 836 5500 786 
10610 3744 3936 3745 
10611 6176 6442 3245 
10612 3739 5429 2581 
10613 3445 5946 3253 
10614 1152 6412 1199 
10615 4082 5560 4081 
10616 356 6404 4067 
10617 4628 6199 4626 
10618 3080 5553 5351 
10619 554 6236 552 
10620 2147 5517 3016 
10621 2697 6348 2539 
10622 3999 5717 4290 
10623 5179 5469 995 
10624 783 5489 757 
10625 264 6100 364 
10626 2069 6074 1848 
10627 5705 6170 1817 
10628 3528 5601 5114 
10629 5300 6268 6240 
10630 227 384 226 
10631 1587 5725 5478 
10632 1205 5575 1132 
10633 2107 6259 2108 
10634 5624 5726 4358 
10635 2241 5292 2158 
10636 208 3915 332 
10637 2909 6377 2545 
10638 5768 5769 389 
10639 5466 5558 3538 
10640 2059 6358 2410 
10641 1339 1340 1229 
10642 3800 5491 3801 
10643 886 6133 5055 
10644 2211 5458 3295 
10645 655 5435 436 
10646 3770 5598 5460 
10647 3075 4809 3076 
10648 3270 5492 5344 
10649 1459 5481 1351 
10650 3287 5794 4817 
10651 3455 5854 5673 
10652 440 5711 438 
10653 1664 5553 5176 
10654 384 5494 226 
10655 3444 5411 4051 
10656 1867 5726 1868 
10657 3565 6113 2726 
10658 4009 6420 1980 
10659 1871 5966 692 
10660 3564 5559 5278 
10661 1970 5766 494 
10662 3876 6487 3877 
10663 1275 6155 4826 
10664 4969 6289 5195 
10665 2651 5765 3392 
10666 867 5480 822 
10667 4423 5570 4696 
10668 1833 5774 1835 
10669 2229 5713 2441 
10670 5288 5935 553 
10671 3320 6118 4228 
10672 3271 5625 5396 
10673 2729 5962 3692 
10674 4740 6181 4739 
10675 4763 5623 3308 
10676 1006 5551 1008 
10677 757 5489 2043 
10678 5294 5585 480 
10679 2746 6050 3598 
10680 3712 6372 4090 
10681 5140 5476 1476 
10682 3455 5673 5422 
10683 4872 6299 4873 
10684 5147 5581 4522 
10685 5436 5790 4261 
10686 4741 6000 2625 
10687 3852 5685 3849 
10688 4900 5628 4901 
10689 78 5757 327 
10690 827 5489 783 
10691 1780 5476 2049 
10692 3035 6040 710 
10693 505 5556 466 
10694 2705 5688 5439 
10695 430 5455 656 
10696 2244 6518 4537 
10697 4053 5511 5205 
10698 1725 2057 2056 
10699 3585 6035 3714 
10700 1956 5559 2185 
10701 2926 5343 2808 
10702 3710 6064 3709 
10703 3225 4965 4859 
10704 323 5213 126 
10705 3498 5880 3405 
10706 3491 5983 2699 
10707 3549 6098 3609 
10708 197 369 196 
10709 4613 5936 3454 
10710 5648 5703 1546 
10711 3502 5032 3232 
10712 3678 6256 3679 
10713 3495 6101 4131 
10714 5240 5531 3042 
10715 3802 5565 3799 
10716 1726 5602 1482 
10717 5313 6448 6399 
10718 3422 5866 5779 
10719 1309 5976 1304 
10720 3519 5963 3863 
10721 5053 5862 3707 
10722 2027 5475 2244 
10723 5440 5528 649 
10724 1935 5673 5170 
10725 5170 5673 4681 
10726 3272 5568 3274 
10727 1388 5453 5136 
10728 5519 5520 3373 
10729 3467 5704 3468 
10730 4663 6477 4108 
10731 1482 5602 1519 
10732 3537 5597 4116 
10733 1702 6333 2973 
10734 2770 5514 2768 
10735 3679 6256 5856 
10736 5439 5688 3574 
10737 4567 5954 4563 
10738 4454 5840 4745 
10739 3091 5509 3093 
10740 5470 5988 3685 
10741 3166 5612 5408 
10742 913 5665 2208 
10743 5073 5771 3654 
10744 2480 3386 3385 
10745 3759 6136 3760 
10746 3882 6225 4030 
10747 327 5507 77 
10748 5997 6289 4969 
10749 5680 5816 3535 
10750 803 5606 5377 
10751 5598 5605 3539 
10752 6079 6278 3648 
10753 2446 5957 2265 
10754 3796 6402 3939 
10755 926 6360 1017 
10756 5623 5724 4852 
10757 4587 6077 368 
10758 5858 6075 4511 
10759 5769 6464 3539 
10760 3940 6331 6218 
10761 2810 5709 2926 
10762 4613 6097 603 
10763 2105 5607 1710 
10764 2024 5475 2027 
10765 2025 5475 2024 
10766 434 5435 1995 
10767 2009 6070 2990 
10768 197 5508 369 
10769 4522 5581 4545 
10770 5404 5916 4057 
10771 1069 5459 1009 
10772 3693 5847 5070 
10773 5576 5921 4183 
10774 701 5966 706 
10775 5059 5587 3531 
10776 2822 5742 4326 
10777 5602 5776 3547 
10778 3548 5722 2505 
10779 2130 6006 4979 
10780 943 5665 915 
10781 4236 6186 6029 
10782 3704 5617 3510 
10783 372 5699 5277 
10784 3573 5919 3576 
10785 2303 5669 2302 
10786 2753 5882 3378 
10787 3588 5890 3589 
10788 5343 5513 2722 
10789 5683 5691 1124 
10790 3089 5484 3638 
10791 1872 6066 708 
10792 2639 5681 5539 
10793 3099 5791 3406 
10794 2724 6259 2233 
10795 1 6257 309 
10796 7 6257 1 
10797 2415 5518 3399 
10798 3767 5598 3770 
10799 4550 6220 4549 
10800 5320 5536 4643 
10801 2666 6047 2287 
10802 4789 6204 5331 
10803 4643 5536 4645 
10804 2057 2480 2479 
10805 5451 5867 5128 
10806 2841 5819 5505 
10807 3921 5821 4268 
10808 3575 5662 5354 
10809 1233 1234 1232 
10810 2244 5517 2118 
10811 5456 5715 4896 
10812 4881 6245 5335 
10813 1132 5575 2481 
10814 1198 1233 1232 
10815 1261 5689 5281 
10816 2529 5730 5458 
10817 2356 5656 2295 
10818 3746 5645 3380 
10819 3001 5907 2358 
10820 553 5935 555 
10821 5011 5797 1122 
10822 5090 5961 3210 
10823 6093 6451 4774 
10824 4046 5626 3389 
10825 1710 5607 1708 
10826 1851 5453 1435 
10827 5454 5484 3087 
10828 118 5117 1975 
10829 4316 5654 2814 
10830 4953 5932 4954 
10831 350 5733 4664 
10832 3437 3892 3358 
10833 5382 5471 1548 
10834 3462 6158 2989 
10835 774 5655 785 
10836 3315 3316 2815 
10837 4859 4965 3266 
10838 5114 5601 3605 
10839 2751 5596 2748 
10840 2414 5518 2415 
10841 2883 6015 3548 
10842 4755 5861 5132 
10843 5359 5730 2529 
10844 3643 6315 6112 
10845 4921 6096 3562 
10846 3798 5745 3800 
10847 3039 5638 3040 
10848 3715 5925 5760 
10849 3546 5646 5126 
10850 4416 5947 5765 
10851 3508 5879 4393 
10852 1233 5595 1336 
10853 3672 5692 4965 
10854 4568 6442 3994 
10855 52 5695 51 
10856 13 6121 12 
10857 5427 5646 3546 
10858 5786 6249 4708 
10859 3451 6005 5848 
10860 2723 5293 5292 
10861 6345 6356 5217 
10862 2020 5529 1112 
10863 2964 6108 2668 
10864 5213 5525 1967 
10865 2723 5292 2241 
10866 133 5802 132 
10867 1383 5575 1205 
10868 787 836 786 
10869 5673 5854 4681 
10870 4871 5683 1124 
10871 3500 5978 2388 
10872 367 6213 3738 
10873 714 6186 4236 
10874 1011 1198 1197 
10875 4661 6424 5493 
10876 3640 5844 3303 
10877 656 787 786 
10878 3806 5632 3807 
10879 997 5592 944 
10880 2118 5517 2147 
10881 4223 5544 176 
10882 3820 6502 3821 
10883 3371 5833 3379 
10884 3002 5576 2258 
10885 6305 6427 4589 
10886 4794 6393 1508 
10887 5158 5753 3323 
10888 329 5357 112 
10889 4741 6429 5746 
10890 1774 5751 2336 
10891 3494 5603 3050 
10892 261 6003 383 
10893 5477 5832 410 
10894 1198 1232 1197 
10895 748 6066 831 
10896 3269 5720 3617 
10897 451 6168 453 
10898 3545 5678 3276 
10899 2565 6318 5917 
10900 1519 5602 1725 
10901 5290 5792 4663 
10902 4400 6172 3547 
10903 975 5486 947 
10904 3069 5990 4174 
10905 539 5676 5384 
10906 98 4781 97 
10907 3385 5443 3812 
10908 326 5117 119 
10909 3959 5935 5288 
10910 1124 5691 1077 
10911 3350 5581 5147 
10912 805 5606 803 
10913 3872 5527 2599 
10914 559 5885 572 
10915 324 5898 4717 
10916 3638 5509 3091 
10917 2171 5729 1834 
10918 5570 5672 2608 
10919 3600 6051 2628 
10920 5462 5712 4168 
10921 529 5696 5367 
10922 1775 1776 1611 
10923 2698 6056 2307 
10924 5019 6046 5023 
10925 3536 6028 3067 
10926 4271 6098 1174 
10927 5057 5988 1167 
10928 3930 5637 3931 
10929 5259 5657 4520 
10930 2609 5672 3324 
10931 3522 5747 5660 
10932 4688 6326 4687 
10933 417 5963 4949 
10934 5273 5714 3328 
10935 1708 5607 5362 
10936 3484 6352 5808 
10937 3612 5514 2770 
10938 4821 5991 2882 
10939 3720 6504 3719 
10940 5771 5920 3654 
10941 5838 5968 4785 
10942 3646 6390 3742 
10943 3050 5603 3537 
10944 3767 5605 5598 
10945 4877 5896 4876 
10946 1995 5455 432 
10947 5485 6440 4930 
10948 2721 5513 3034 
10949 5377 5606 3614 
10950 1440 5706 1338 
10951 3207 5612 3171 
10952 753 5833 4440 
10953 5158 5828 5753 
10954 4024 6413 6184 
10955 5408 5612 3662 
10956 2768 5514 4291 
10957 3093 5509 3096 
10958 4355 5736 4360 
10959 3529 5996 5835 
10960 3952 5821 3920 
10961 3257 5642 5065 
10962 1546 5703 4683 
10963 3590 6420 4009 
10964 4540 5707 2875 
10965 3706 6481 4238 
10966 3288 5641 4193 
10967 3729 6097 3532 
10968 1112 5529 1068 
10969 3037 5694 5013 
10970 2282 5613 2005 
10971 4001 6211 3626 
10972 300 6270 6 
10973 6 6270 299 
10974 2599 5527 2338 
10975 4054 5815 5663 
10976 5882 6306 3378 
10977 439 5775 874 
10978 4019 6523 3969 
10979 3558 6233 3844 
10980 1279 5894 5269 
10981 4086 5650 3517 
10982 4170 6387 1070 
10983 3851 5674 3853 
10984 4860 6309 4861 
10985 1068 5529 1069 
10986 3106 5627 5122 
10987 2561 5619 3018 
10988 3966 6376 3965 
10989 909 5860 5347 
10990 587 6359 716 
10991 2925 5721 3430 
10992 3297 5719 5232 
10993 2065 5500 836 
10994 915 5665 913 
10995 1593 5838 5725 
10996 911 5860 909 
10997 5010 6005 3451 
10998 947 5486 1011 
10999 3423 6202 3443 
11000 348 4087 180 
11001 3699 5684 3930 
11002 3171 5612 3166 
11003 4877 5989 5896 
11004 1122 5797 1073 
11005 876 6061 4550 
11006 334 5804 5333 
11007 5786 6345 1487 
11008 4925 6118 3553 
11009 2787 5518 2414 
11010 3279 5660 5008 
11011 5429 5853 4582 
11012 79 5757 78 
11013 3444 6039 5242 
11014 3635 5737 2667 
11015 2320 6197 1987 
11016 3443 5866 3422 
11017 5344 5639 4031 
11018 5084 5664 2510 
11019 1401 5718 2574 
11020 2735 5527 4065 
11021 3348 5826 4242 
11022 3723 6446 2643 
11023 3017 5742 2566 
11024 4579 6253 5758 
11025 3380 5645 3381 
11026 3707 6071 4020 
11027 319 5919 3923 
11028 1800 6385 4959 
11029 1306 5976 5134 
11030 2613 5697 3433 
11031 5478 5725 4957 
11032 3415 4255 3747 
11033 1471 6102 1348 
11034 4892 6308 1783 
11035 120 5582 326 
11036 3412 5709 2812 
11037 3625 6211 4016 
11038 3610 6061 5970 
11039 3323 5753 5521 
11040 5859 5950 3502 
11041 4201 5948 3813 
11042 3607 6090 2766 
11043 5638 5851 4727 
11044 2317 5625 2859 
11045 5492 5762 2473 
11046 3276 5678 3278 
11047 3077 5842 4638 
11048 4502 6112 5788 
11049 2288 6136 5734 
11050 5630 5631 4154 
11051 4275 5428 362 
11052 5521 5753 5076 
11053 3578 5667 3111 
11054 411 5926 5744 
11055 1964 5633 5341 
11056 2437 6180 2436 
11057 2536 5754 5345 
11058 3745 5443 3386 
11059 3447 5928 2596 
11060 4389 5768 4388 
11061 4864 6329 1800 
11062 5269 5657 1283 
11063 3530 6097 4613 
11064 2002 5885 557 
11065 4883 6438 4884 
11066 3078 6023 4004 
11067 1885 6472 1139 
11068 3292 5728 5629 
11069 3506 6514 2543 
11070 1851 6149 5068 
11071 5968 6117 3550 
11072 3946 5693 3950 
11073 3117 5708 4206 
11074 230 5116 229 
11075 2638 6280 2880 
11076 4168 5712 4166 
11077 4670 5811 2910 
11078 3267 5906 4475 
11079 5197 5611 4018 
11080 5188 5698 2784 
11081 6092 6326 4688 
11082 1433 6472 4878 
11083 2129 5979 2130 
11084 2750 5546 2751 
11085 3319 5699 3553 
11086 5568 5868 4199 
11087 3464 5783 3463 
11088 5397 5814 4420 
11089 4005 6384 6015 
11090 5424 6180 3871 
11091 5492 5639 5344 
11092 1272 6155 1275 
11093 3361 5744 3363 
11094 5746 6159 3727 
11095 5603 5604 3537 
11096 224 381 223 
11097 5274 5620 3482 
11098 452 5661 1983 
11099 5303 5629 2695 
11100 3542 5782 3037 
11101 5078 5681 2639 
11102 2748 5596 2747 
11103 4083 5600 4079 
11104 3784 6191 2863 
11105 3922 5815 3952 
11106 4806 5739 1815 
11107 4794 6449 2412 
11108 3970 6314 6185 
11109 3268 5694 3425 
11110 5977 6018 3462 
11111 544 5676 539 
11112 2602 5720 5395 
11113 5987 6183 3842 
11114 1053 5652 1260 
11115 5437 6108 2964 
11116 4612 5867 5451 
11117 4851 6030 5697 
11118 69 5898 324 
11119 1865 6127 1867 
11120 3072 6478 3641 
11121 3330 5724 5234 
11122 1847 5644 2475 
11123 2040 5726 5624 
11124 4710 5716 4711 
11125 5737 5808 2667 
11126 3221 5103 3326 
11127 3654 5920 4996 
11128 2565 6468 4175 
11129 569 6130 1964 
11130 3969 6523 4030 
11131 1988 5992 1012 
11132 3517 5650 5548 
11133 5862 6071 3707 
11134 3111 5667 5543 
11135 4297 6428 507 
11136 3890 5951 3367 
11137 1011 5486 2532 
11138 3609 6223 2756 
11139 3693 6041 5847 
11140 210 5542 209 
11141 5234 5724 1683 
11142 3424 5659 3611 
11143 3537 5604 5597 
11144 5118 6190 2858 
11145 2497 6093 2799 
11146 3338 6216 3478 
11147 3981 5688 2705 
11148 3738 5951 3900 
11149 3394 6002 2670 
11150 6180 6353 3871 
11151 5469 5760 3343 
11152 3355 5723 3354 
11153 5221 5762 5222 
11154 3119 5546 2750 
11155 4736 6138 4465 
11156 4665 6041 3693 
11157 3599 5967 3536 
11158 2338 5527 2735 
11159 1508 6393 871 
11160 3342 6124 3423 
11161 5523 6081 3311 
11162 4851 5767 2000 
11163 3232 5032 3740 
11164 5028 6484 3836 
11165 3498 5990 5880 
11166 3037 5782 5694 
11167 4284 5932 4953 
11168 3853 6200 3852 
11169 4872 6346 6299 
11170 1981 5680 5587 
11171 4909 5816 1619 
11172 826 5670 856 
11173 6049 6267 6215 
11174 3825 6449 3688 
11175 4792 6124 373 
11176 2436 6180 5424 
11177 3686 6161 3837 
11178 2105 5907 5607 
11179 5459 5486 975 
11180 5642 6299 3212 
11181 1167 5988 5470 
11182 3836 6484 3260 
11183 6346 6431 3660 
11184 774 5772 5655 
11185 5333 5804 3332 
11186 1725 5602 3547 
11187 2911 6320 3957 
11188 2435 6311 5878 
11189 2725 5740 2392 
11190 3645 6416 6208 
11191 4749 5845 330 
11192 3797 6452 3857 
11193 4378 6054 3827 
11194 2812 5709 2810 
11195 4003 5664 5084 
11196 1120 5858 5352 
11197 4097 5904 3370 
11198 531 5696 529 
11199 2342 6483 2713 
11200 4865 6092 5982 
11201 3728 6296 6108 
11202 788 5981 767 
11203 1721 5731 2079 
11204 4931 6521 416 
11205 969 5992 1928 
11206 3641 6478 5446 
11207 410 5832 4830 
11208 5002 6205 5181 
11209 3414 3904 3412 
11210 820 5846 4724 
11211 5264 5629 5303 
11212 5044 6156 4567 
11213 2457 5713 2229 
11214 4362 6411 4357 
11215 5014 5715 1126 
11216 5277 5741 4881 
11217 2880 6280 5302 
11218 5281 5689 4818 
11219 5458 5730 3295 
11220 5257 5680 1981 
11221 2672 5755 3477 
11222 4478 5937 2096 
11223 1968 6171 728 
11224 5807 5938 3406 
11225 1964 6130 5253 
11226 5800 5846 820 
11227 4948 6408 419 
11228 3359 5875 3616 
11229 3014 5987 5157 
11230 4453 5840 4454 
11231 5102 6460 967 
11232 360 421 2 
11233 3670 6349 4160 
11234 3386 5443 3385 
11235 5422 5673 1935 
11236 405 6111 4544 
11237 3292 5629 5264 
11238 5402 5651 3331 
11239 3645 6208 5267 
11240 3074 6234 5913 
11241 5263 6235 4166 
11242 1927 5677 5444 
11243 1207 5662 2021 
11244 4230 6389 2117 
11245 1229 5590 1226 
11246 1542 6295 6249 
11247 3482 5620 3575 
11248 793 6024 5152 
11249 5559 5763 2755 
11250 318 5802 133 
11251 5488 5924 1703 
11252 3899 6440 5485 
11253 1828 5785 1826 
11254 5134 5976 3632 
11255 5172 5689 1261 
11256 5252 5771 5334 
11257 3211 5732 5113 
11258 2504 5825 2573 
11259 2313 5748 2477 
11260 5166 5788 2938 
11261 965 5756 967 
11262 33 6287 370 
11263 4398 6301 2189 
11264 4476 5905 510 
11265 3507 5652 5311 
11266 2858 6450 5118 
11267 4159 6129 1326 
11268 3348 6014 5826 
11269 4876 5896 5715 
11270 4299 6443 4867 
11271 3967 6188 3968 
11272 1817 6170 1816 
11273 4897 5800 820 
11274 2662 6350 2222 
11275 1963 6038 5980 
11276 2410 6358 5716 
11277 429 5658 427 
11278 764 5772 774 
11279 317 5003 20 
11280 1824 5798 1822 
11281 5133 5621 3744 
11282 2745 5738 5613 
11283 1589 5725 1587 
11284 3476 6245 2671 
11285 4629 5795 1799 
11286 310 5752 4777 
11287 2505 5722 2502 
11288 730 6171 1980 
11289 4315 6509 407 
11290 6083 6184 3634 
11291 919 5818 881 
11292 1085 5858 1120 
11293 494 5766 491 
11294 5694 5782 3425 
11295 4130 6362 3823 
11296 4647 6241 4646 
11297 2080 5758 2394 
11298 5689 5888 3453 
11299 3968 6165 3966 
11300 2469 5957 5911 
11301 4272 6207 3636 
11302 1922 5844 5024 
11303 706 5746 5056 
11304 3760 6201 3758 
11305 5001 6346 3660 
11306 5276 5889 2714 
11307 2667 5808 2666 
11308 3181 5780 3178 
11309 1167 5761 1166 
11310 3207 5770 5612 
11311 934 5749 5083 
11312 5612 5770 3662 
11313 3443 5962 5866 
11314 5540 5675 4655 
11315 234 6153 5501 
11316 346 5803 5198 
11317 2286 5750 5173 
11318 5407 5863 3075 
11319 5232 5719 3667 
11320 5395 5720 3269 
11321 2215 2216 2072 
11322 451 6230 6168 
11323 3473 6392 5922 
11324 2566 5742 2822 
11325 4332 5727 4330 
11326 3245 6442 4568 
11327 5298 6365 4225 
11328 111 5357 1986 
11329 4216 6267 6049 
11330 3471 5882 2753 
11331 3098 5677 5244 
11332 656 786 429 
11333 2586 5773 2585 
11334 4166 6235 4164 
11335 5244 5677 1927 
11336 5597 5604 443 
11337 900 6393 2412 
11338 3857 5745 3798 
11339 2188 5778 2313 
11340 3387 6088 4809 
11341 1141 6472 1433 
11342 438 5711 655 
11343 4089 5698 5188 
11344 3465 5813 3508 
11345 4451 5974 2311 
11346 5269 5894 3492 
11347 4547 6188 1100 
11348 493 5876 5839 
11349 2652 5765 2651 
11350 3438 6253 4579 
11351 3369 5741 5277 
11352 3744 5621 3936 
11353 2990 6070 5628 
11354 5217 6356 3000 
11355 572 6130 563 
11356 2278 5807 4349 
11357 5342 6081 2078 
11358 2701 5751 1774 
11359 4534 6151 3409 
11360 3065 6503 2633 
11361 2858 6190 2567 
11362 1414 5618 1339 
11363 415 6174 4305 
11364 2682 6059 3545 
11365 3541 5738 4759 
11366 346 5198 3882 
11367 3483 5995 4529 
11368 299 5799 298 
11369 5753 5828 2696 
11370 1481 5593 1727 
11371 2010 6409 1647 
11372 2429 5747 5286 
11373 5851 6020 4807 
11374 1226 5590 4943 
11375 2313 5778 5748 
11376 5471 5777 3352 
11377 1458 5759 5646 
11378 2724 6398 4160 
11379 2273 6365 5298 
11380 493 5839 495 
11381 662 5881 677 
11382 3074 5913 5442 
11383 1916 5855 2550 
11384 5833 5998 4440 
11385 6161 6348 3837 
11386 6005 6078 2783 
11387 3471 5922 5882 
11388 4157 6384 3734 
11389 4210 6414 5368 
11390 2053 6350 2061 
11391 5335 6245 3476 
11392 5854 5936 2343 
11393 1363 5593 1481 
11394 946 5566 879 
11395 104 5964 103 
11396 2881 5831 4716 
11397 3104 6450 2858 
11398 5365 6311 2435 
11399 3355 5952 5723 
11400 3367 6213 3831 
11401 5179 5760 5469 
11402 1542 5786 1485 
11403 6240 6268 3579 
11404 260 5809 259 
11405 5275 5728 3292 
11406 3321 5591 3608 
11407 5625 5901 4334 
11408 5795 5869 1799 
11409 2455 5812 3369 
11410 3525 6008 4909 
11411 3425 5782 3529 
11412 2532 5595 1198 
11413 5097 5759 1458 
11414 3662 5770 3661 
11415 5076 5753 2696 
11416 5989 6046 3346 
11417 3295 5730 3687 
11418 5326 5593 1363 
11419 3408 5790 5436 
11420 5873 5899 457 
11421 3657 5735 3656 
11422 3341 5779 5553 
11423 5677 5880 5444 
11424 2465 5411 4627 
11425 4034 6335 6047 
11426 3473 5922 3471 
11427 5792 6477 4663 
11428 371 5787 5197 
11429 2469 5911 2635 
11430 3710 6319 6064 
11431 5173 5750 5359 
11432 2911 3957 2764 
11433 5669 6527 2302 
11434 1340 5590 1229 
11435 2985 5943 5681 
11436 5446 6478 2324 
11437 3705 5874 3397 
11438 2255 5843 1954 
11439 5379 6526 3763 
11440 5609 6239 2926 
11441 1198 5595 1233 
11442 4675 5803 346 
11443 182 4429 181 
11444 879 5566 2065 
11445 4178 6504 2061 
11446 5039 5789 4096 
11447 1835 5774 2346 
11448 3395 5791 3099 
11449 2472 5806 2893 
11450 967 6460 917 
11451 4465 6138 1074 
11452 1611 5630 1414 
11453 5201 5692 353 
11454 3477 5986 3476 
11455 312 5829 4049 
11456 5299 6024 793 
11457 385 5685 4240 
11458 1023 6210 5938 
11459 5532 5720 2602 
11460 5144 5727 3426 
11461 5913 6234 3883 
11462 3893 6488 3488 
11463 5779 5866 2037 
11464 3564 5763 5559 
11465 392 6055 4073 
11466 1683 5724 5623 
11467 5191 5754 2536 
11468 1133 6499 4548 
11469 5064 6283 6238 
11470 5675 6207 311 
11471 1059 6195 1087 
11472 2747 6154 2689 
11473 4177 6406 3034 
11474 203 5348 202 
11475 5199 5864 3774 
11476 1766 5947 4416 
11477 5334 5771 5073 
11478 1944 5789 5329 
11479 1087 6195 5079 
11480 1348 6007 1236 
11481 4857 5903 3559 
11482 4331 6494 4378 
11483 2691 5920 5771 
11484 3526 5824 3321 
11485 1197 5566 946 
11486 3612 6435 4213 
11487 1735 5857 719 
11488 3671 6114 3513 
11489 5618 5630 4154 
11490 3773 6150 3772 
11491 4369 6179 4370 
11492 3569 6347 6055 
11493 2690 5975 5805 
11494 252 5836 251 
11495 1960 5878 1897 
11496 3614 5937 3615 
11497 1073 5797 1074 
11498 2473 5639 5492 
11499 4839 6455 4815 
11500 70 5898 69 
11501 2662 6515 4178 
11502 3426 6383 3007 
11503 4957 5838 3393 
11504 3231 5770 3207 
11505 3553 6118 3320 
11506 5176 5779 2037 
11507 4646 6241 5633 
11508 1339 5618 1340 
11509 4873 6299 5642 
11510 5601 5835 954 
11511 2480 6172 3743 
11512 3592 6059 2089 
11513 345 6089 5617 
11514 396 5441 4883 
11515 3821 6502 6303 
11516 3844 5889 5276 
11517 3501 5859 3502 
11518 491 5837 488 
11519 5607 5907 3653 
11520 6249 6295 4706 
11521 5553 5779 5176 
11522 4427 6065 4295 
11523 490 5876 493 
11524 3840 6221 3803 
11525 2078 6081 5523 
11526 3296 6325 3737 
11527 3851 5965 5674 
11528 2688 6154 3515 
11529 5829 6381 4049 
11530 3556 6229 4453 
11531 4795 5877 1807 
11532 1260 6123 1055 
11533 4383 6391 1951 
11534 3904 5709 3412 
11535 2675 5760 5179 
11536 4727 5851 2014 
11537 3984 3987 3985 
11538 1852 6149 1851 
11539 179 6306 4055 
11540 3226 5841 3227 
11541 5760 5925 3343 
11542 3325 5822 3527 
11543 4737 6138 4736 
11544 2691 5771 5252 
11545 455 5873 457 
11546 4055 6306 5882 
11547 5739 6158 3462 
11548 5289 5842 3077 
11549 3903 6081 5342 
11550 3437 6153 3892 
11551 3332 5804 5228 
11552 1776 5631 5630 
11553 3975 6126 392 
11554 2620 2814 2293 
11555 5920 6028 4996 
11556 5460 6316 3770 
11557 5732 5952 3355 
11558 2637 5872 2321 
11559 2129 5999 5979 
11560 5887 6485 2474 
11561 2802 5971 4447 
11562 5725 5838 4957 
11563 4065 5793 4064 
11564 5219 6037 3395 
11565 5766 5837 491 
11566 5406 6152 4536 
11567 424 5892 426 
11568 5916 5977 4057 
11569 2507 6016 2462 
11570 3665 5690 5293 
11571 2513 5950 4781 
11572 3513 6114 3824 
11573 3920 5821 3921 
11574 4681 5854 4588 
11575 5551 5871 5280 
11576 3772 6150 5763 
11577 19 1923 18 
11578 4714 6076 5960 
11579 5867 5912 3009 
11580 5329 5789 5039 
11581 3774 5832 3773 
11582 4030 6225 3416 
11583 3516 5924 5488 
11584 175 5544 385 
11585 457 5899 459 
11586 4337 6294 4338 
11587 3987 6088 5948 
11588 3897 6339 6113 
11589 5788 6112 2938 
11590 3814 6330 4201 
11591 5672 6050 3324 
11592 6061 6144 4550 
11593 6329 6385 1800 
11594 5720 5980 3617 
11595 2908 5902 4586 
11596 333 6475 6390 
11597 5056 6429 1872 
11598 3650 6397 3651 
11599 4063 6485 5887 
11600 5715 5896 4896 
11601 5134 5814 1312 
11602 5613 5738 3541 
11603 379 6293 6202 
11604 2400 6023 5160 
11605 3803 5810 3854 
11606 5501 6153 3437 
11607 1944 5861 5789 
11608 2697 6505 6348 
11609 3499 6027 5520 
11610 220 4914 219 
11611 3390 5846 5431 
11612 816 5883 768 
11613 2881 6021 5831 
11614 960 6497 4346 
11615 4091 6082 4094 
11616 3741 6036 5206 
11617 4245 6499 1133 
11618 416 6521 5578 
11619 5450 5871 5551 
11620 2987 5865 2984 
11621 2661 5848 4804 
11622 5280 5871 3741 
11623 1799 5869 4758 
11624 3618 5762 5492 
11625 5148 5787 371 
11626 6046 6209 3346 
11627 3049 5538 3762 
11628 575 5909 577 
11629 1776 5630 1611 
11630 4425 5944 4426 
11631 1619 5816 5257 
11632 5617 6089 3510 
11633 1976 5777 5382 
11634 3075 5863 4809 
11635 3639 6383 4451 
11636 4952 5890 3588 
11637 189 356 188 
11638 3266 5692 5201 
11639 1867 6127 5736 
11640 2696 5828 5336 
11641 3621 6243 2788 
11642 1988 6519 5992 
11643 3470 6381 5829 
11644 204 368 203 
11645 219 4914 2137 
11646 2286 6165 5750 
11647 5116 5441 396 
11648 1626 5941 2004 
11649 4195 6136 2288 
11650 5775 6033 874 
11651 2096 5937 5606 
11652 354 6477 5792 
11653 3271 5901 5625 
11654 4896 5896 2650 
11655 1234 5834 1232 
11656 431 6423 433 
11657 3961 5982 5883 
11658 5567 5763 3564 
11659 3660 6431 3836 
11660 5593 5997 4968 
11661 5382 5777 5471 
11662 5973 6013 465 
11663 4171 5923 3784 
11664 2795 5918 3475 
11665 5482 6258 4409 
11666 5391 5862 5434 
11667 2037 5866 5162 
11668 979 6300 4304 
11669 2690 5805 5324 
11670 1873 6344 6283 
11671 4516 6281 4515 
11672 3478 6216 5755 
11673 5106 5868 5489 
11674 1848 5955 1846 
11675 3879 5940 3903 
11676 5868 6269 4199 
11677 3536 6146 6028 
11678 4378 6494 1856 
11679 381 5942 223 
11680 3002 5921 5576 
11681 3436 5792 5290 
11682 3631 5891 3349 
11683 229 396 228 
11684 4338 6294 5207 
11685 5132 5861 1944 
11686 1812 5939 4667 
11687 5825 6381 3470 
11688 5871 6036 3741 
11689 3883 5870 3359 
11690 71 6083 70 
11691 3595 6212 3594 
11692 5423 5794 3287 
11693 5763 6150 2755 
11694 204 5679 368 
11695 70 6083 5898 
11696 3511 6103 3704 
11697 3728 6436 6296 
11698 2081 5776 1726 
11699 1976 5913 5777 
11700 5163 6334 6232 
11701 5791 5807 3406 
11702 5500 5658 786 
11703 3674 5911 3675 
11704 6133 6238 4450 
11705 5128 5867 3009 
11706 4093 6152 5910 
11707 2356 6397 5656 
11708 6054 6227 3827 
11709 3518 6133 4450 
11710 4548 5949 4547 
11711 4528 6027 3499 
11712 5911 5957 3675 
11713 6300 6467 4304 
11714 3254 5961 5090 
11715 2984 5908 2982 
11716 5049 6510 2168 
11717 3994 6442 3995 
11718 5218 6388 2117 
11719 5637 5729 3931 
11720 973 5916 1015 
11721 5865 5908 2984 
11722 285 5910 284 
11723 4761 6078 4760 
11724 5896 5989 2650 
11725 4440 5998 1759 
11726 5674 5965 2153 
11727 3971 6266 3973 
11728 346 3882 216 
11729 5302 6280 4933 
11730 4288 6421 655 
11731 5889 6220 4550 
11732 5338 5847 5337 
11733 5271 5927 4581 
11734 3623 6116 5794 
11735 5256 5906 3267 
11736 2924 6222 2925 
11737 4115 6489 4676 
11738 5897 6491 359 
11739 5598 6464 5460 
11740 4620 6349 3670 
11741 3629 5959 2634 
11742 5257 5816 5680 
11743 365 6160 235 
11744 463 5973 465 
11745 1928 5842 5289 
11746 1996 5813 5378 
11747 5064 6238 886 
11748 3307 6169 4919 
11749 5892 6140 426 
11750 2714 6144 5291 
11751 3668 6105 3556 
11752 557 5885 559 
11753 5324 5805 5325 
11754 4921 6003 262 
11755 5315 5927 5271 
11756 3944 5953 3943 
11757 2597 6336 4533 
11758 1174 6098 5415 
11759 5660 5747 2429 
11760 1414 5630 5618 
11761 4708 6345 5786 
11762 2625 6000 4858 
11763 4187 5993 4188 
11764 3988 5964 4703 
11765 3623 5794 5423 
11766 3606 6469 6334 
11767 311 6207 4272 
11768 3001 6029 5907 
11769 582 5970 580 
11770 3009 5912 3493 
11771 5409 6485 4666 
11772 1758 6371 574 
11773 6000 6131 4858 
11774 5414 5823 2001 
11775 331 5659 5414 
11776 2072 5830 1775 
11777 336 5000 213 
11778 1487 6209 5019 
11779 2920 5923 4870 
11780 1087 5858 1085 
11781 4653 6008 3525 
11782 4480 6045 4481 
11783 718 6262 1957 
11784 2693 6231 3390 
11785 6058 6067 2517 
11786 4989 6514 3543 
11787 4309 6378 5891 
11788 3598 6050 5672 
11789 3427 6343 3876 
11790 4999 5894 1279 
11791 2208 5860 911 
11792 5097 5893 5759 
11793 4162 6139 3496 
11794 6399 6448 5037 
11795 3810 5864 5199 
11796 5203 6341 3868 
11797 507 6414 4297 
11798 5000 5817 212 
11799 5510 5850 3853 
11800 1775 5830 1776 
11801 3454 5936 3455 
11802 262 6003 261 
11803 3589 5945 3587 
11804 6208 6416 4894 
11805 1688 6058 2517 
11806 5681 5943 5020 
11807 5545 5801 3771 
11808 4965 5692 3266 
11809 5628 6070 4901 
11810 5847 6041 2701 
11811 2992 6016 2507 
11812 3479 6521 5580 
11813 5385 6488 1848 
11814 4242 5827 351 
11815 1140 6062 1138 
11816 3748 6369 5293 
11817 1232 5834 3372 
11818 3246 5956 3228 
11819 4891 6403 394 
11820 6048 6487 31 
11821 3253 5946 3681 
11822 5784 6226 3557 
11823 5449 6322 332 
11824 4855 6030 2556 
11825 2481 6290 5413 
11826 196 4924 195 
11827 2882 5991 4593 
11828 1878 5893 5097 
11829 4614 5996 1781 
11830 465 6013 467 
11831 3957 5616 2764 
11832 1228 6147 5690 
11833 4090 6495 5171 
11834 5325 5805 4987 
11835 3326 3937 3239 
11836 4092 6493 4091 
11837 1996 5879 5813 
11838 286 6082 361 
11839 4804 6005 2783 
11840 3395 6037 5555 
11841 4770 5952 4769 
11842 4050 6014 3686 
11843 6286 6504 3720 
11844 3407 5900 5412 
11845 5152 6024 3955 
11846 5990 6210 4174 
11847 363 6087 5242 
11848 3528 5835 5601 
11849 692 5966 701 
11850 5769 6480 151 
11851 4563 5954 4564 
11852 684 6273 4424 
11853 5562 6374 3447 
11854 3935 6166 2164 
11855 2265 5957 2469 
11856 5337 5847 2701 
11857 5611 5787 4084 
11858 3846 5994 3668 
11859 4057 5977 3461 
11860 5193 6175 5985 
11861 5832 6525 4830 
11862 3824 6094 4639 
11863 2531 6001 2530 
11864 3450 6128 5379 
11865 602 6012 600 
11866 3804 6410 3805 
11867 6073 6514 3506 
11868 385 4240 174 
11869 5866 5962 5162 
11870 2517 6067 4344 
11871 5193 5985 5369 
11872 5197 5787 5611 
11873 2702 6071 5862 
11874 3567 5914 3566 
11875 5460 6464 4389 
11876 192 387 191 
11877 555 5935 2002 
11878 4339 5915 5140 
11879 3563 6370 5155 
11880 4603 6374 2598 
11881 5532 5980 5720 
11882 3848 6392 3473 
11883 5070 5847 5338 
11884 2191 5929 2600 
11885 5020 5943 4701 
11886 3478 6006 3579 
11887 3774 6525 5832 
11888 5172 5888 5689 
11889 3740 5958 3231 
11890 3459 5982 3961 
11891 3315 6255 3316 
11892 3512 5901 3271 
11893 5606 5937 3614 
11894 2650 5989 2485 
11895 218 4675 217 
11896 5654 5796 2814 
11897 297 5984 417 
11898 2692 5920 2691 
11899 2018 6452 5526 
11900 1906 5888 5172 
11901 3656 5735 5562 
11902 5163 6232 3521 
11903 3406 5938 3498 
11904 3886 6430 5032 
11905 3047 6192 1309 
11906 5879 5985 4393 
11907 1593 5968 5838 
11908 3637 6042 3636 
11909 812 6034 849 
11910 4542 6425 3674 
11911 3321 5824 5591 
11912 5489 5868 2043 
11913 4199 6269 4200 
11914 4754 6021 2881 
11915 3225 5933 4965 
11916 2162 6017 3990 
11917 4456 6052 3518 
11918 3692 5963 3519 
11919 5476 5915 2717 
11920 5434 5862 5053 
11921 5770 5958 3661 
11922 453 6168 567 
11923 1304 5976 1306 
11924 2715 6036 5871 
11925 4216 6049 4217 
11926 3902 6448 5313 
11927 136 6039 3444 
11928 1878 5987 5893 
11929 2620 2815 2814 
11930 6106 6492 4788 
11931 5905 6002 3394 
11932 2516 6258 5482 
11933 5848 6005 4804 
11934 972 6025 927 
11935 5880 5990 3068 
11936 5828 6286 3720 
11937 3985 5003 317 
11938 4373 6375 3967 
11939 3857 6452 6007 
11940 279 6004 278 
11941 2699 5983 2698 
11942 2687 6319 4152 
11943 3441 6520 4891 
11944 2727 6032 3565 
11945 5925 6206 2411 
11946 5945 6035 3587 
11947 3054 6308 4892 
11948 2056 5863 5407 
11949 3392 5947 3597 
11950 4789 6106 4788 
11951 3231 5958 5770 
11952 5295 6501 2217 
11953 6052 6133 3518 
11954 2388 5978 2985 
11955 2880 6074 2069 
11956 3850 5965 3851 
11957 2815 4316 2814 
11958 4305 6174 3603 
11959 5293 6369 5292 
11960 3684 6094 5983 
11961 2596 5928 2597 
11962 1783 6308 6072 
11963 4549 6220 1758 
11964 2358 5907 2105 
11965 2990 5988 5057 
11966 5574 6411 4362 
11967 6334 6469 4551 
11968 5662 5887 2474 
11969 2702 5862 5391 
11970 1980 5906 5256 
11971 4644 6011 4642 
11972 507 6428 5399 
11973 3504 6044 3506 
11974 4515 6281 3650 
11975 3382 5931 3746 
11976 3583 6009 3582 
11977 4201 6330 5154 
11978 5959 6191 3784 
11979 4637 6519 4636 
11980 1703 5924 5296 
11981 4986 6018 2327 
11982 5733 5986 3477 
11983 2713 6268 5300 
11984 2421 6079 5927 
11985 5750 6165 3968 
11986 3343 5925 5321 
11987 4537 6518 4535 
11988 5356 5879 1996 
11989 3145 6043 3147 
11990 3603 6174 5421 
11991 4011 6003 4921 
11992 4304 6467 4303 
11993 3547 6172 2057 
11994 5347 5860 4137 
11995 3835 6254 3125 
11996 4542 5921 3002 
11997 375 6080 288 
11998 3350 5845 5581 
11999 2043 5868 5568 
12000 3856 6060 3855 
12001 3543 6073 2793 
12002 3613 6396 4967 
12003 3664 5784 5530 
12004 5663 5815 3922 
12005 3726 6159 4457 
12006 5106 6269 5868 
12007 2417 6095 2418 
12008 5441 5577 3316 
12009 2357 6434 4512 
12010 5350 5844 1922 
12011 3664 6226 5784 
12012 3676 5999 3677 
12013 5918 6031 3475 
12014 3739 5853 5429 
12015 5571 6169 3307 
12016 3561 6283 4538 
12017 5017 6522 3435 
12018 3475 6031 5129 
12019 3577 6148 4460 
12020 5242 6039 363 
12021 3616 5930 5416 
12022 5620 5887 3575 
12023 6206 6333 2411 
12024 3431 6024 5299 
12025 6283 6344 4538 
12026 4223 6392 5544 
12027 5444 5880 3068 
12028 5157 5987 1878 
12029 5140 5915 5476 
12030 5915 6177 2717 
12031 1087 6075 5858 
12032 5162 5962 2729 
12033 5229 5969 4205 
12034 3968 5949 5750 
12035 3032 6085 3031 
12036 3587 6035 3585 
12037 3932 6498 5790 
12038 4463 6214 4461 
12039 2299 6060 4755 
12040 2715 5871 5450 
12041 1012 5992 969 
12042 5835 5996 4614 
12043 3302 6189 5433 
12044 4041 6364 4036 
12045 1343 6263 6175 
12046 767 5981 1343 
12047 4769 5952 5732 
12048 4544 6111 5372 
12049 2635 6228 2636 
12050 5813 5879 3508 
12051 2686 6064 2687 
12052 4036 6196 2992 
12053 3535 6284 3534 
12054 3068 5990 3069 
12055 2421 5927 5315 
12056 3003 6054 3859 
12057 3644 6323 6110 
12058 4062 6077 4587 
12059 786 5658 429 
12060 4297 6414 4210 
12061 348 6187 4087 
12062 3452 6086 3761 
12063 5435 6421 3905 
12064 3691 5998 3371 
12065 4676 6489 3054 
12066 4677 6470 4559 
12067 3303 5844 5350 
12068 4508 6109 4507 
12069 2216 5830 2072 
12070 3345 6010 3754 
12071 3534 6284 3730 
12072 2692 6028 5920 
12073 377 5810 5580 
12074 708 6066 748 
12075 1924 6019 3894 
12076 3901 6416 3645 
12077 3372 6297 5566 
12078 6373 6497 960 
12079 419 6408 6382 
12080 4951 6332 2820 
12081 574 6371 492 
12082 4760 6078 5010 
12083 6043 6176 3147 
12084 3496 6139 3683 
12085 4034 6352 4671 
12086 1906 6099 5888 
12087 5442 5913 1976 
12088 2540 6161 3348 
12089 849 6334 4551 
12090 3554 6072 4114 
12091 4046 6454 5626 
12092 3636 6207 3635 
12093 5272 5968 1593 
12094 5213 6302 5525 
12095 3970 6185 3971 
12096 4535 6237 4534 
12097 6339 6451 2972 
12098 3015 6183 3014 
12099 4003 6292 5664 
12100 5195 6289 5481 
12101 5804 6125 5228 
12102 4178 6515 3721 
12103 2985 5978 5943 
12104 3665 6406 5307 
12105 3653 6029 3494 
12106 2670 6002 3514 
12107 6255 6438 4883 
12108 5645 6466 5993 
12109 2165 6379 3935 
12110 4891 6520 6403 
12111 5308 6443 4299 
12112 5640 6302 323 
12113 2446 6069 5957 
12114 594 6120 596 
12115 2628 6051 3105 
12116 4149 6203 5410 
12117 3521 6232 3689 
12118 2544 6145 3011 
12119 2293 5796 2215 
12120 3097 6470 4677 
12121 710 6040 752 
12122 3563 6463 6370 
12123 12 6121 377 
12124 3147 6176 4772 
12125 3661 5958 3663 
12126 3634 6184 3591 
12127 378 6063 102 
12128 2287 6047 2516 
12129 1951 6395 2632 
12130 6353 6473 3872 
12131 265 6100 264 
12132 5979 5999 3676 
12133 3973 6291 6285 
12134 5955 6488 3893 
12135 4958 6192 3047 
12136 370 6048 32 
12137 2307 6056 2309 
12138 426 6140 428 
12139 5331 6204 4189 
12140 2309 6070 2009 
12141 1662 6102 1471 
12142 5410 6203 1915 
12143 4788 6492 4790 
12144 4493 6327 2284 
12145 2564 6318 2565 
12146 3601 6020 3404 
12147 419 6382 4951 
12148 3435 6522 2654 
12149 427 5884 425 
12150 3878 6276 5522 
12151 4865 6326 6092 
12152 2661 5849 5848 
12153 5300 5979 3676 
12154 3067 6028 2692 
12155 599 6135 715 
12156 5421 6174 4929 
12157 1236 6007 2018 
12158 6104 6487 3876 
12159 2869 6503 6467 
12160 5379 6128 1975 
12161 5416 5930 4265 
12162 3562 6096 3563 
12163 3126 6157 3129 
12164 5023 6046 4877 
12165 4597 6444 2346 
12166 416 6298 4942 
12167 4255 6502 3820 
12168 2612 6193 6167 
12169 3675 6069 4722 
12170 4951 6382 6332 
12171 3345 6109 6010 
12172 2156 6115 5383 
12173 6157 6244 3129 
12174 3852 6200 5895 
12175 2610 6193 2612 
12176 2612 6167 4010 
12177 2369 6132 5728 
12178 4017 6115 3893 
12179 5378 5960 830 
12180 5369 5985 5356 
12181 2299 6142 6060 
12182 5974 6383 3426 
12183 3907 6305 3906 
12184 5599 5972 355 
12185 3871 6353 3872 
12186 2888 6194 3673 
12187 875 5994 5235 
12188 4473 6490 4405 
12189 4626 6199 2356 
12190 275 6137 274 
12191 5525 6302 3889 
12192 4068 6459 5393 
12193 4272 6288 152 
12194 3591 6413 4576 
12195 2766 6090 3302 
12196 3481 6061 3610 
12197 939 6314 5392 
12198 5356 5985 5879 
12199 4850 6142 2299 
12200 4394 6263 4395 
12201 2284 6279 1811 
12202 2726 6113 2972 
12203 4867 6443 1977 
12204 447 6224 449 
12205 5731 6506 2079 
12206 4450 6238 3561 
12207 1259 6236 554 
12208 4393 6175 4394 
12209 4106 6163 123 
12210 3659 6329 4216 
12211 425 2064 423 
12212 3515 6036 2715 
12213 3003 6227 6054 
12214 2668 6108 2979 
12215 3324 6050 3601 
12216 4806 6158 5739 
12217 3617 6038 3618 
12218 2972 6093 2497 
12219 646 6433 648 
12220 3855 6142 4001 
12221 4729 6458 1814 
12222 4213 6435 2406 
12223 3532 6097 3530 
12224 4706 6295 4838 
12225 3575 5887 5662 
12226 4108 6163 4106 
12227 3439 6219 3079 
12228 6238 6283 3561 
12229 3529 6162 5996 
12230 2720 6465 3749 
12231 5736 6127 4360 
12232 4739 6181 4741 
12233 6060 6142 3855 
12234 1074 6138 5592 
12235 3683 6101 3495 
12236 4779 6390 6357 
12237 5518 6251 3680 
12238 5848 5849 3460 
12239 5960 6076 830 
12240 5495 6462 381 
12241 5656 6397 6281 
12242 4858 6131 2332 
12243 5690 6147 3622 
12244 2217 6501 5783 
12245 875 6105 5994 
12246 5809 6365 2273 
12247 5222 6247 4848 
12248 3579 6268 4658 
12249 716 6262 718 
12250 6198 6449 3825 
12251 3510 6089 3509 
12252 3688 6449 4794 
12253 4707 6426 6356 
12254 5542 6338 3915 
12255 4714 6285 6076 
12256 97 4781 398 
12257 5204 6277 3633 
12258 4636 6519 5200 
12259 6269 6461 4200 
12260 283 6182 282 
12261 4811 6315 1105 
12262 4541 6474 3764 
12263 4929 6174 415 
12264 5535 6257 7 
12265 2484 5997 5326 
12266 1873 6283 5064 
12267 5813 5960 5378 
12268 5160 6023 3078 
12269 379 6202 4833 
12270 4861 6241 4647 
12271 5874 6290 2481 
12272 4972 6109 3345 
12273 2089 6059 2682 
12274 644 6445 646 
12275 3051 6180 2437 
12276 590 6274 6242 
12277 3051 6353 6180 
12278 4707 6356 4708 
12279 5985 6175 4393 
12280 211 382 210 
12281 5461 5817 5000 
12282 5189 5933 3225 
12283 3777 6111 5376 
12284 6166 6243 3621 
12285 2938 6112 4811 
12286 4200 6461 4264 
12287 2215 5796 2216 
12288 5326 5997 5593 
12289 589 6274 590 
12290 3652 6265 4855 
12291 5557 5975 2690 
12292 3763 6057 4784 
12293 4115 6037 5219 
12294 1769 6092 5248 
12295 4711 6342 5740 
12296 2632 6372 3712 
12297 3968 6188 5949 
12298 590 6242 592 
12299 5528 6110 1212 
12300 4135 6451 6339 
12301 2989 6158 3458 
12302 3449 6312 5900 
12303 5037 6448 852 
12304 4022 6324 5700 
12305 5701 6173 3747 
12306 6266 6291 3973 
12307 3455 5936 5854 
12308 4773 6451 4135 
12309 3737 6129 3396 
12310 4705 6249 4706 
12311 6010 6109 4508 
12312 3481 6144 6061 
12313 4883 4884 384 
12314 3129 6244 4753 
12315 1966 6208 6117 
12316 4189 6124 3342 
12317 4349 5807 5791 
12318 563 6130 569 
12319 2369 6197 6132 
12320 4791 6204 4789 
12321 3005 6071 2702 
12322 4439 6169 5571 
12323 3290 6285 4714 
12324 4725 6178 3526 
12325 5235 6053 1968 
12326 5982 6092 1769 
12327 4135 6339 4808 
12328 2327 6018 5977 
12329 5891 6378 3349 
12330 4991 6198 3825 
12331 4965 5933 3672 
12332 5824 6087 363 
12333 1271 6155 1272 
12334 1343 6175 5193 
12335 3987 5948 3985 
12336 4049 6381 4098 
12337 6175 6263 4394 
12338 6232 6334 849 
12339 5755 6216 3477 
12340 2895 6456 3970 
12341 2217 6127 1865 
12342 3776 6234 3074 
12343 5790 6498 2971 
12344 5103 6141 3326 
12345 4405 6447 4231 
12346 6033 6473 874 
12347 3787 6254 3701 
12348 4030 6523 6143 
12349 211 5817 382 
12350 5101 6511 3652 
12351 4538 6344 3829 
12352 5376 6111 405 
12353 5992 6519 4637 
12354 5562 6260 3956 
12355 1987 6197 2369 
12356 2272 6426 4707 
12357 6131 6218 2332 
12358 4335 6373 960 
12359 392 6126 6055 
12360 4872 6431 6346 
12361 6184 6413 3591 
12362 4220 6116 3623 
12363 2540 6348 6161 
12364 256 6248 3441 
12365 3626 6211 3625 
12366 5541 6248 257 
12367 6165 6376 3966 
12368 5773 5991 4821 
12369 5182 6099 1906 
12370 3576 6347 3571 
12371 6030 6265 3433 
12372 2755 6150 3275 
12373 3842 6183 4972 
12374 2233 6259 2107 
12375 5520 6027 3373 
12376 3719 6504 4178 
12377 2678 6260 3447 
12378 706 6159 5746 
12379 4719 5980 5532 
12380 3290 6367 6285 
12381 6315 6455 1105 
12382 5401 6437 4734 
12383 728 6171 730 
12384 3875 6396 3613 
12385 3566 6231 2693 
12386 4996 6146 3394 
12387 2302 6527 4402 
12388 5387 6079 2421 
12389 5165 6134 3901 
12390 4734 6437 367 
12391 6168 6230 3718 
12392 4507 6418 4506 
12393 5994 6105 3668 
12394 3782 6170 3781 
12395 3995 6442 6176 
12396 4231 6389 4230 
12397 5656 6281 4516 
12398 6070 6351 4901 
12399 5784 6063 378 
12400 34 6287 33 
12401 3747 6173 3414 
12402 1487 6345 6209 
12403 1966 6117 5272 
12404 2820 6270 300 
12405 5231 6105 875 
12406 2508 6454 2511 
12407 1055 6123 1057 
12408 6188 6375 1100 
12409 2539 6348 2540 
12410 1778 6173 5701 
12411 3937 6471 3239 
12412 3404 6020 5851 
12413 2843 6227 3003 
12414 3604 6282 4306 
12415 347 6366 5700 
12416 3611 6122 3612 
12417 309 6257 2821 
12418 3658 6385 3659 
12419 5962 6293 3692 
12420 3580 6386 3838 
12421 5907 6029 3653 
12422 5728 6132 5467 
12423 5579 6077 4062 
12424 2863 6191 4798 
12425 5783 6501 3463 
12426 3703 6510 5049 
12427 2979 6296 5004 
12428 3566 6400 6231 
12429 4551 6469 1772 
12430 5743 6527 4040 
12431 4708 6356 6345 
12432 3526 6087 5824 
12433 3881 6141 5103 
12434 4886 6363 5537 
12435 4567 6156 5954 
12436 2332 6218 3440 
12437 5870 5875 3359 
12438 4506 6418 5190 
12439 4855 6265 6030 
12440 4194 6335 3593 
12441 3756 6216 3338 
12442 3831 6437 5401 
12443 5291 6144 3481 
12444 6029 6186 3494 
12445 5413 6290 4491 
12446 830 6076 5374 
12447 4028 6233 3558 
12448 5994 6053 5235 
12449 5249 6119 3718 
12450 199 2001 198 
12451 3557 6063 5784 
12452 1872 6429 6181 
12453 2484 6289 5997 
12454 333 6390 4779 
12455 157 6324 4022 
12456 5744 5926 3363 
12457 4579 6506 4578 
12458 5682 6319 3710 
12459 6112 6315 4811 
12460 5495 6394 3819 
12461 5372 6111 3777 
12462 2756 6223 3500 
12463 3949 6482 6479 
12464 5339 6494 4331 
12465 5415 6098 3549 
12466 4830 6525 4831 
12467 5228 6125 3755 
12468 5878 6311 4128 
12469 5592 6138 4737 
12470 5155 6370 2320 
12471 4718 6411 6309 
12472 19 5003 1923 
12473 3934 6322 3435 
12474 4067 6404 5022 
12475 585 6359 587 
12476 2567 6190 3512 
12477 6382 6408 3933 
12478 1975 6128 4208 
12479 2902 6323 3644 
12480 2411 6333 1702 
12481 342 6250 4912 
12482 5633 6241 3035 
12483 4116 6353 3051 
12484 3644 6110 5528 
12485 4160 6398 3671 
12486 3465 5960 5813 
12487 3346 6209 5217 
12488 2655 6424 2092 
12489 2689 6154 2688 
12490 3382 5932 5931 
12491 3881 6419 6141 
12492 3635 6207 5675 
12493 5130 6165 2286 
12494 5948 6088 3813 
12495 4877 6046 5989 
12496 3913 6516 5449 
12497 4402 6527 5743 
12498 1814 6340 4743 
12499 3672 6068 5692 
12500 6201 6317 3758 
12501 5716 6358 4711 
12502 3768 6476 3765 
12503 5017 6516 3913 
12504 3606 6334 5163 
12505 1957 6262 5840 
12506 2814 5796 2293 
12507 1790 6511 5101 
12508 3949 6491 3947 
12509 4923 6432 1595 
12510 2545 6377 2911 
12511 3663 6226 3664 
12512 2603 6358 2059 
12513 2711 6253 3782 
12514 5207 6294 2603 
12515 2751 6103 5596 
12516 3715 6206 5925 
12517 5272 6117 5968 
12518 715 6267 4864 
12519 2717 6177 3592 
12520 412 6277 5204 
12521 1271 6205 6155 
12522 5799 6270 2820 
12523 4825 6415 4824 
12524 6105 6229 3556 
12525 1199 6431 4872 
12526 2412 6198 5533 
12527 3873 6239 5609 
12528 1915 6203 5499 
12529 5742 6492 4326 
12530 2157 6149 1852 
12531 2322 6386 4058 
12532 5313 6399 2549 
12533 3616 6509 5930 
12534 3390 6231 5971 
12535 6135 6215 715 
12536 5931 5932 4284 
12537 3887 6206 3715 
12538 2671 6245 2673 
12539 1154 6412 1152 
12540 5658 5884 427 
12541 3283 6326 4865 
12542 3440 6331 5174 
12543 4180 6261 3843 
12544 4666 6485 4063 
12545 484 6422 1253 
12546 2168 6510 4721 
12547 3433 6265 5035 
12548 1057 6195 1059 
12549 4225 6365 4013 
12550 5502 6402 3796 
12551 5181 6205 1271 
12552 3865 6332 3864 
12553 1814 6458 6340 
12554 4164 6235 4167 
12555 1923 5154 18 
12556 959 6360 926 
12557 3353 6298 5578 
12558 3381 6280 2638 
12559 6332 6382 3864 
12560 5267 6208 1966 
12561 5116 5577 5441 
12562 3843 6222 3878 
12563 5467 6132 3544 
12564 3872 6033 5527 
12565 4370 6179 5902 
12566 4075 6367 3290 
12567 5198 6303 3417 
12568 3557 6226 5649 
12569 2167 6415 5002 
12570 6123 6195 1057 
12571 4718 6309 4860 
12572 4124 6360 5945 
12573 4089 6391 5698 
12574 3718 6230 3717 
12575 5158 6286 5828 
12576 3747 6217 5701 
12577 350 5986 5733 
12578 3846 6053 5994 
12579 4918 6417 1106 
12580 4930 6440 2923 
12581 5980 6038 3617 
12582 5697 6030 3433 
12583 5171 6495 2167 
12584 3682 6301 3578 
12585 1772 6469 5230 
12586 3864 6382 3933 
12587 4901 6398 2724 
12588 6028 6146 4996 
12589 6163 6477 354 
12590 4004 6279 4002 
12591 3447 6260 5562 
12592 4357 6411 4718 
12593 3212 6299 5088 
12594 1957 6229 5231 
12595 6440 6517 2923 
12596 871 6393 900 
12597 1336 6156 5314 
12598 5546 6246 2751 
12599 5967 6146 3536 
12600 6125 6361 3755 
12601 2057 6172 2480 
12602 5533 6198 4991 
12603 4002 6327 4003 
12604 4128 6311 3769 
12605 1433 6252 5182 
12606 4264 6461 5279 
12607 3651 6397 6199 
12608 6370 6463 4306 
12609 5200 6519 1988 
12610 3814 6405 6330 
12611 5580 6221 3480 
12612 362 4914 220 
12613 3435 6516 5017 
12614 4824 6495 4090 
12615 2466 6269 5106 
12616 2398 6436 3728 
12617 5093 6344 1873 
12618 2466 6461 6269 
12619 4558 6470 3097 
12620 3034 6406 3665 
12621 3950 6482 3949 
12622 4228 6403 4227 
12623 5762 6247 5222 
12624 6279 6327 4002 
12625 5373 6164 3977 
12626 4894 6416 2652 
12627 2788 6243 2787 
12628 2167 6495 6415 
12629 5578 6298 416 
12630 5409 6151 2025 
12631 5400 6185 939 
12632 5231 6229 6105 
12633 3770 6316 4128 
12634 3942 6427 3907 
12635 6231 6400 4447 
12636 4065 6033 5775 
12637 2821 6257 5535 
12638 5527 6033 4065 
12639 6064 6107 3709 
12640 2643 6446 3757 
12641 5161 6295 1542 
12642 1139 6472 1141 
12643 4306 6463 4832 
12644 3498 6210 5990 
12645 2701 6041 5751 
12646 5392 6314 3716 
12647 6151 6237 2025 
12648 3824 6114 6056 
12649 3618 6247 5762 
12650 3734 6384 4005 
12651 2284 6327 6279 
12652 5627 6179 4369 
12653 5088 6346 5001 
12654 956 6278 5387 
12655 2061 6286 5158 
12656 1542 6249 5786 
12657 206 2071 205 
12658 2222 6350 2053 
12659 6064 6319 2687 
12660 4090 6372 4088 
12661 5537 6363 322 
12662 5634 5636 356 
12663 6351 6398 4901 
12664 5182 6252 6099 
12665 5808 6352 2666 
12666 6415 6495 4824 
12667 3652 6511 6265 
12668 1309 6192 6044 
12669 2549 6399 5632 
12670 3671 6351 6114 
12671 4779 6357 3783 
12672 6299 6346 5088 
12673 2783 6483 2342 
12674 2543 6514 4989 
12675 3788 6508 6388 
12676 2925 6261 5721 
12677 2923 6517 4980 
12678 3349 6378 3811 
12679 6265 6511 5035 
12680 3880 6419 3881 
12681 4103 6318 4102 
12682 3755 6361 3756 
12683 1993 6291 6266 
12684 3311 6313 5249 
12685 3260 6484 3830 
12686 3984 6407 3987 
12687 3106 6179 5627 
12688 2751 6246 6103 
12689 3239 6471 3243 
12690 4031 6478 3072 
12691 170 6317 313 
12692 3414 6173 3904 
12693 3857 6102 5745 
12694 6403 6520 4227 
12695 3687 6325 3296 
12696 4838 6337 5448 
12697 3671 6398 6351 
12698 1105 6455 4839 
12699 6090 6189 3302 
12700 5930 6509 4315 
12701 2799 6337 5161 
12702 5035 6511 1790 
12703 3494 6186 5603 
12704 3054 6489 6308 
12705 1647 6409 1856 
12706 3441 6248 5541 
12707 5905 5967 510 
12708 4088 6395 4089 
12709 3007 6383 3639 
12710 4036 6364 6196 
12711 3542 6162 5782 
12712 6308 6489 4114 
12713 5519 6366 347 
12714 2071 5679 205 
12715 6218 6331 3440 
12716 4405 6490 6447 
12717 2635 6425 6228 
12718 4114 6489 4115 
12719 2633 6503 2869 
12720 1985 6376 5130 
12721 3608 6457 5054 
12722 5875 6509 3616 
12723 4116 6473 6353 
12724 2926 6239 5343 
12725 6372 6395 4088 
12726 5022 6459 4068 
12727 1993 6266 5400 
12728 5735 6374 5562 
12729 3417 6502 4255 
12730 6017 6401 3990 
12731 3808 6450 3104 
12732 4169 6508 3788 
12733 225 5496 224 
12734 5481 6289 2484 
12735 3526 6178 6087 
12736 917 6460 943 
12737 5279 6461 2466 
12738 2632 6395 6372 
12739 5161 6337 6295 
12740 3788 6388 5218 
12741 228 4882 227 
12742 5374 6291 1993 
12743 5387 6278 6079 
12744 5190 6418 3015 
12745 313 6317 6201 
12746 3421 6187 5686 
12747 229 5116 396 
12748 5296 6501 5295 
12749 6233 6371 1758 
12750 2025 6237 5475 
12751 4152 6319 5682 
12752 6076 6291 5374 
12753 4147 6468 5917 
12754 5856 6256 320 
12755 5957 6069 3675 
12756 5700 6324 347 
12757 4559 6470 4558 
12758 5130 6376 6165 
12759 6243 6251 2787 
12760 4221 6433 4220 
12761 5054 6457 138 
12762 5810 6121 3854 
12763 5249 6313 6119 
12764 2598 6374 5735 
12765 6295 6337 4838 
12766 2346 6444 5524 
12767 6008 6284 3535 
12768 5803 6303 5198 
12769 4476 6002 5905 
12770 3957 5666 5616 
12771 6447 6490 2483 
12772 2157 6369 6149 
12773 2474 6485 5409 
12774 5230 6469 3606 
12775 6038 6247 3618 
12776 4534 6237 6151 
12777 5745 6102 1662 
12778 3986 6407 3984 
12779 4227 6520 5298 
12780 5500 6355 5658 
12781 3659 6385 6329 
12782 5461 6084 382 
12783 382 5817 5461 
12784 2971 6498 5312 
12785 423 6354 421 
12786 6108 6296 2979 
12787 113 6272 329 
12788 2117 6389 5327 
12789 5292 6369 2157 
12790 6032 6401 3565 
12791 224 5496 381 
12792 3565 6401 6017 
12793 377 6121 5810 
12794 6209 6345 5217 
12795 3907 6427 6305 
12796 2137 4675 218 
12797 3985 6275 5003 
12798 6103 6246 3704 
12799 3488 6488 5385 
12800 2787 6251 5518 
12801 3633 6277 5507 
12802 6119 6313 5940 
12803 2652 6524 5765 
12804 3990 6401 6223 
12805 3837 6505 5194 
12806 5400 6266 6185 
12807 5938 6210 3498 
12808 5782 6162 3529 
12809 5449 6516 6322 
12810 5826 5827 4242 
12811 322 6363 5054 
12812 421 6091 2 
12813 5895 6200 357 
12814 6294 6342 2603 
12815 189 5634 356 
12816 5327 6447 2483 
12817 5765 6524 4416 
12818 5692 6068 353 
12819 3689 6232 6034 
12820 3803 6221 5810 
12821 323 6302 5213 
12822 5810 6221 5580 
12823 5603 6186 714 
12824 2064 6402 6354 
12825 4790 6492 5742 
12826 320 6256 3896 
12827 4013 6365 5809 
12828 3933 6408 5589 
12829 5658 6355 5884 
12830 2483 6490 5473 
12831 1977 6443 5308 
12832 128 6320 4307 
12833 2654 6522 4324 
12834 5820 6410 3804 
12835 1986 6380 110 
12836 5983 6094 2698 
12837 6433 6445 4220 
12838 5651 6512 3601 
12839 5368 6414 507 
12840 363 6307 5824 
12841 3843 6261 6222 
12842 5524 6444 4286 
12843 5940 6313 3903 
12844 5198 6225 3882 
12845 421 6354 6091 
12846 206 5653 2071 
12847 214 6143 336 
12848 3705 6290 5874 
12849 6185 6266 3971 
12850 5473 6490 4473 
12851 1856 6494 5339 
12852 425 5884 2064 
12853 3935 6251 6243 
12854 2309 6351 6070 
12855 3316 6255 5441 
12856 3539 6464 5598 
12857 1980 6420 5906 
12858 3348 6161 6014 
12859 4108 6477 6163 
12860 4884 6438 5495 
12861 567 6119 5940 
12862 567 6168 6119 
12863 5589 6408 4948 
12864 2001 5508 198 
12865 6389 6447 5327 
12866 6056 6114 2309 
12867 655 6421 5435 
12868 5003 6275 1923 
12869 5850 6200 3853 
12870 299 6270 5799 
12871 6096 6463 3563 
12872 3883 6234 5870 
12873 3539 6480 5769 
12874 3629 6191 5959 
12875 5824 6307 5591 
12876 646 6445 6433 
12877 5578 6521 3479 
12878 6297 6410 5820 
12879 3243 6471 5599 
12880 2686 6107 6064 
12881 5840 6262 4745 
12882 5949 6188 4547 
12883 6006 6240 3579 
12884 2065 6297 5820 
12885 310 6343 5752 
12886 6251 6379 3680 
12887 3896 6321 4974 
12888 6014 6161 3686 
12889 5566 6297 2065 
12890 5944 6189 4426 
12891 5972 6471 3937 
12892 3844 6220 5889 
12893 5475 6518 2244 
12894 381 6462 5942 
12895 5954 6156 1336 
12896 6222 6261 2925 
12897 326 6526 5117 
12898 4231 6447 6389 
12899 366 6091 5502 
12900 6044 6192 3506 
12901 4098 6381 5825 
12902 5864 6525 3774 
12903 5740 6342 4337 
12904 6119 6168 3718 
12905 3967 6375 6188 
12906 6114 6351 2309 
12907 3674 6425 5911 
12908 5746 6429 5056 
12909 367 6437 6213 
12910 6049 6215 3730 
12911 5979 6240 2130 
12912 5300 6240 5979 
12913 5948 6275 3985 
12914 2130 6240 6006 
12915 6348 6505 3837 
12916 6153 6160 3892 
12917 5621 6423 3936 
12918 387 5635 191 
12919 3935 6243 6166 
12920 389 6288 6042 
12921 5971 6231 4447 
12922 3443 6293 5962 
12923 4535 6518 6237 
12924 5494 5496 225 
12925 6236 6396 3875 
12926 4416 6524 6134 
12927 5917 6468 2565 
12928 1848 6488 5955 
12929 6237 6518 5475 
12930 368 6077 5348 
12931 5900 6312 1986 
12932 5526 6452 3797 
12933 5441 6255 4883 
12934 2064 6354 423 
12935 5981 6263 1343 
12936 6034 6232 849 
12937 3872 6473 6033 
12938 4426 6189 6090 
12939 407 6509 5875 
12940 6325 6499 4245 
12941 5591 6307 137 
12942 6215 6267 715 
12943 1123 6466 5645 
12944 6047 6335 2516 
12945 6213 6437 3831 
12946 1952 4429 182 
12947 5591 6457 3608 
12948 382 5542 210 
12949 3500 6401 6032 
12950 3418 6338 6084 
12951 4653 6284 6008 
12952 4451 6383 5974 
12953 2320 6370 6282 
12954 6007 6452 2018 
12955 6078 6483 2783 
12956 5911 6425 2635 
12957 5928 6336 2597 
12958 396 4882 228 
12959 382 6084 5542 
12960 4216 6329 6267 
12961 4201 6275 5948 
12962 5914 6400 3566 
12963 4831 6525 5864 
12964 5942 6462 3822 
12965 6202 6293 3443 
12966 2972 6451 6093 
12967 6055 6347 4073 
12968 3821 6303 5803 
12969 4761 6483 6078 
12970 6072 6308 4114 
12971 5599 6471 5972 
12972 3543 6514 6073 
12973 5934 6500 5764 
12974 5636 6404 356 
12975 6223 6401 3500 
12976 3601 6512 6020 
12977 6113 6339 2972 
12978 3935 6379 6251 
12979 6354 6402 5502 
12980 3657 6500 5934 
12981 329 6272 6271 
12982 368 5348 203 
12983 6057 6526 326 
12984 6084 6338 5542 
12985 6267 6329 4864 
12986 3372 6410 6297 
12987 6281 6397 3650 
12988 4000 6380 6312 
12989 5993 6466 4188 
12990 5495 6438 6394 
12991 3742 6475 6305 
12992 4028 6371 6233 
12993 4882 4883 384 
12994 3970 6456 6314 
12995 6122 6435 3612 
12996 369 4924 196 
12997 4220 6445 6116 
12998 6199 6397 2356 
12999 3763 6526 6057 
13000 4337 6342 6294 
13001 4162 6434 6139 
13002 369 6500 4924 
13003 6282 6370 4306 
13004 2412 6449 6198 
13005 3877 6487 6048 
13006 1259 6396 6236 
13007 6181 6429 4741 
13008 2713 6439 6268 
13009 6134 6524 3901 
13010 5508 5764 369 
13011 3749 6465 6328 
13012 6139 6434 2357 
13013 6330 6405 360 
13014 5764 6500 369 
13015 6268 6439 4658 
13016 6143 6523 336 
13017 3315 6438 6255 
13018 6312 6380 1986 
13019 227 4882 384 
13020 6314 6456 3716 
13021 6328 6465 3986 
13022 4914 5710 2137 
13023 6305 6475 3906 
13024 6271 6272 3869 
13025 2061 6504 6286 
13026 3687 6499 6325 
13027 31 6487 6104 
13028 6322 6516 3435 
13029 6091 6354 5502 
13030 4884 5496 5494 
13031 359 6491 6479 
13032 6303 6502 3417 
13033 6479 6491 3949 
13034 6394 6438 3315 
13035 100 3885 3 
13036 2 6091 366 
13037 4 5116 230 
13038 231 5577 4 
13039 4 5577 5116 
13040 108 3937 107 
13041 116 353 115 
13042 116 5886 353 
13043 123 354 122 
13044 123 6163 354 
13045 130 359 129 
13046 130 5897 359 
13047 363 6039 136 
13048 136 6307 363 
13049 166 351 165 
13050 166 5573 351 
13051 173 357 172 
13052 5605 6480 3539 
$EndElements
